id,district,lor,street,month,hour,weekday,injury,collision,movement,light_conditions,bicycle,car,pedestrian,motorbike,truck,other_vehicle,road_conditions,longitude,latitude,Combo_type
50222,Tempelhof-Schöneberg,7050502,Fritz-Werner-Straße,September,16,Friday,minor,5,Turning,Daylight,1,0,0,0,0,1,Dry,13.37923,52.43628,bicycle + other
50224,Tempelhof-Schöneberg,7040405,Rathaus Tempelhof,June,0,Friday,serious,3,Stationary Traffic,Night,0,1,0,0,0,0,Dry,13.39507,52.46712,car + 
50225,Tempelhof-Schöneberg,7030303,Grazer Platz,August,9,Wednesday,minor,0,Turning,Daylight,0,1,0,0,0,1,Dry,13.35444,52.4788,car + other
50226,Pankow,3061131,Falkplatz,May,16,Tuesday,minor,1,Paralle Traffic,Daylight,1,0,0,0,0,1,Dry,13.41376,52.54875,bicycle + other
50227,Mitte,1011303,Alexanderplatzviertel,June,20,Friday,minor,2,Stationary Traffic,Daylight,0,1,0,1,0,0,Dry,13.4111,52.5187,car + motorbike + 
50228,Mitte,1011303,Alexanderplatzviertel,September,15,Friday,minor,2,Stationary Traffic,Daylight,0,1,0,1,0,0,Dry,13.409,52.5166,car + motorbike + 
50229,Mitte,1011102,Großer Tiergarten,December,12,Friday,minor,2,Stationary Traffic,Daylight,0,1,0,0,0,0,Dry,13.34405,52.51402,car + 
50230,Tempelhof-Schöneberg,7050502,Fritz-Werner-Straße,June,13,Friday,minor,2,Stationary Traffic,Daylight,0,1,0,0,0,0,Dry,13.38207,52.43931,car + 
50231,Charlottenburg-Wilmersdorf,4041134,Bismarckallee,August,14,Wednesday,minor,2,Stationary Traffic,Daylight,0,1,0,0,0,0,Dry,13.28587,52.49468,car + 
50232,Mitte,1011303,Alexanderplatzviertel,November,17,Saturday,minor,5,Turning,Night,0,1,0,0,0,0,Wet,13.40905,52.51709,car + 
50233,Mitte,1011303,Alexanderplatzviertel,August,12,Wednesday,minor,0,Driving,Daylight,0,1,0,1,0,0,Dry,13.40684,52.52094,car + motorbike + 
50234,Spandau,5020629,Börnicker Straße,May,17,Tuesday,minor,2,Stationary Traffic,Daylight,0,1,0,0,0,0,Dry,13.20536,52.51134,car + 
50235,Friedrichshain-Kreuzberg,2050802,Boxhagener Platz,October,17,Friday,minor,3,Stationary Traffic,Daylight,1,1,0,0,0,0,Wet,13.4534,52.51376,bicycle + car + 
50236,Treptow-Köpenick,9010101,Elsenstraße,September,14,Friday,minor,2,Stationary Traffic,Daylight,0,1,0,0,0,0,Dry,13.46227,52.49538,car + 
50238,Reinickendorf,12214125,Waldidyll/Flughafensee,June,15,Friday,minor,2,Stationary Traffic,Daylight,0,1,0,0,0,0,Dry,13.31069,52.55939,car + 
50239,Tempelhof-Schöneberg,7050502,Fritz-Werner-Straße,August,7,Wednesday,minor,6,Overtaking,Daylight,0,1,1,0,0,0,Dry,13.38894,52.43638,car + pedestrian + 
50240,Tempelhof-Schöneberg,7050502,Fritz-Werner-Straße,May,17,Tuesday,minor,2,Stationary Traffic,Daylight,0,1,0,0,0,1,Dry,13.37775,52.43368,car + other
50241,Friedrichshain-Kreuzberg,2050602,Samariterviertel,November,23,Monday,minor,0,Driving,Night,0,0,0,1,0,0,Wet,13.45338,52.51697,motorbike + 
50242,Pankow,3071639,Bötzowstraße,June,16,Monday,serious,2,Other,Daylight,1,1,0,0,0,0,Dry,13.42406,52.5283,bicycle + car + 
50243,Pankow,3061434,Anton-Saefkow-Park,September,13,Friday,serious,5,Turning,Daylight,0,1,0,0,0,0,Dry,13.43329,52.53623,car + 
50244,Lichtenberg,11010101,Dorf Malchow,December,15,Friday,serious,5,Crossing,Dawn,0,1,0,0,0,0,Wet,13.48327,52.58295,car + 
50245,Charlottenburg-Wilmersdorf,4030622,Richard-Wagner-Straße,August,18,Tuesday,minor,6,Stationary Traffic,Daylight,1,0,1,0,0,0,Dry,13.31126,52.51199,bicycle + pedestrian + 
50246,Tempelhof-Schöneberg,7050502,Fritz-Werner-Straße,May,15,Tuesday,minor,5,Turning,Daylight,0,1,0,1,0,0,Dry,13.3889,52.43645,car + motorbike + 
50247,Reinickendorf,12304314,Ziekowstraße/Freie Scholle,October,11,Monday,minor,2,Stationary Traffic,Dawn,0,1,0,0,0,1,Dry,13.29106,52.58721,car + other
50248,Friedrichshain-Kreuzberg,2050602,Samariterviertel,September,7,Friday,minor,3,Stationary Traffic,Daylight,1,0,0,0,0,0,Dry,13.46172,52.51509,bicycle + 
50249,Pankow,3061435,Conrad-Blenkle-Straße,August,10,Tuesday,minor,5,Crossing,Daylight,1,0,0,0,0,0,Dry,13.44399,52.52961,bicycle + 
50250,Pankow,3040818,Pankow Süd,May,9,Tuesday,minor,2,Stationary Traffic,Daylight,0,1,0,1,0,0,Dry,13.42891,52.55778,car + motorbike + 
50251,Pankow,3061434,Anton-Saefkow-Park,October,17,Saturday,minor,0,Crossing,Daylight,1,1,0,0,0,0,Dry,13.43458,52.53562,bicycle + car + 
50252,Pankow,3061435,Conrad-Blenkle-Straße,June,19,Friday,minor,0,Driving,Daylight,1,0,0,0,0,0,Dry,13.444,52.52961,bicycle + 
50253,Mitte,1011303,Alexanderplatzviertel,September,12,Friday,minor,5,Turning,Daylight,1,0,0,0,0,1,Dry,13.40482,52.52014,bicycle + other
50255,Friedrichshain-Kreuzberg,2050602,Samariterviertel,June,11,Friday,minor,5,Turning,Daylight,1,0,0,0,0,0,Dry,13.45821,52.51546,bicycle + 
50256,Friedrichshain-Kreuzberg,2050602,Samariterviertel,August,14,Tuesday,minor,5,Crossing,Daylight,1,1,0,0,0,0,Dry,13.45362,52.51849,bicycle + car + 
50257,Treptow-Köpenick,9010201,Am Treptower Park Süd,May,8,Tuesday,minor,3,Stationary Traffic,Daylight,0,1,0,1,0,0,Dry,13.46701,52.48538,car + motorbike + 
50258,Marzahn-Hellersdorf,10010204,Wuhletalstraße,October,7,Saturday,minor,5,Crossing,Daylight,0,1,0,0,0,0,Dry,13.55829,52.56289,car + 
50259,Pankow,3061126,Arnimplatz,September,13,Friday,minor,2,Stationary Traffic,Daylight,0,1,0,1,0,0,Dry,13.41409,52.55068,car + motorbike + 
50261,Charlottenburg-Wilmersdorf,4041133,Güterbahnhof Grunewald,June,11,Friday,serious,3,Stationary Traffic,Daylight,0,1,0,0,0,1,Dry,13.28213,52.49785,car + other
50262,Friedrichshain-Kreuzberg,2040701,Andreasviertel,August,7,Tuesday,minor,5,Turning,Daylight,1,1,0,0,0,0,Dry,13.43635,52.51751,bicycle + car + 
50263,Charlottenburg-Wilmersdorf,4030621,Spreestadt,May,8,Tuesday,minor,3,Stationary Traffic,Daylight,1,1,0,0,0,0,Dry,13.33371,52.5133,bicycle + car + 
50264,Pankow,3061332,Helmholtzplatz,November,18,Monday,minor,6,Turning,Night,0,1,1,0,0,0,Dry,13.42442,52.53899,car + pedestrian + 
50265,Tempelhof-Schöneberg,7050501,Rathausstraße,June,11,Tuesday,minor,5,Crossing,Daylight,1,1,0,0,0,0,Dry,13.38503,52.44928,bicycle + car + 
50266,Tempelhof-Schöneberg,7040405,Rathaus Tempelhof,September,9,Friday,minor,2,Stationary Traffic,Daylight,0,1,0,0,0,0,Dry,13.39523,52.46721,car + 
50267,Mitte,1011303,Alexanderplatzviertel,December,17,Friday,minor,5,Crossing,Night,1,1,0,0,0,0,Wet,13.40514,52.52007,bicycle + car + 
50268,Pankow,3020209,Niederschönhausen,August,6,Tuesday,minor,5,Crossing,Daylight,1,1,0,0,0,0,Dry,13.40398,52.58098,bicycle + car + 
50269,Pankow,3050925,Komponistenviertel Weißensee,October,8,Tuesday,minor,5,Turning,Daylight,1,1,0,0,0,0,Dry,13.44808,52.54693,bicycle + car + 
50270,Lichtenberg,11030721,Rüdigerstraße,September,17,Thursday,serious,5,Crossing,Daylight,1,1,0,0,0,0,Dry,13.47672,52.51344,bicycle + car + 
50271,Charlottenburg-Wilmersdorf,4041239,Stadion Wilmersdorf,August,9,Tuesday,minor,2,Stationary Traffic,Daylight,0,1,0,0,0,0,Dry,13.30702,52.48179,car + 
50272,Pankow,3061131,Falkplatz,May,16,Monday,minor,5,Crossing,Daylight,1,0,0,0,0,1,Dry,13.41232,52.54109,bicycle + other
50273,Marzahn-Hellersdorf,10010204,Wuhletalstraße,October,10,Sunday,minor,9,Driving,Daylight,0,1,0,0,0,0,Dry,13.55806,52.56259,car + 
50274,Pankow,3020209,Niederschönhausen,June,12,Sunday,minor,4,Stationary Traffic,Daylight,0,1,0,0,0,0,Dry,13.40175,52.58769,car + 
50275,Charlottenburg-Wilmersdorf,4041137,Flinsberger Platz,September,16,Thursday,minor,2,Stationary Traffic,Daylight,0,1,0,0,0,0,Dry,13.29792,52.48943,car + 
50277,Mitte,1011304,Karl-Marx-Allee,June,15,Friday,serious,0,Stationary Traffic,Daylight,1,0,0,0,0,0,Dry,13.42236,52.52009,bicycle + 
50278,Mitte,1011102,Großer Tiergarten,May,22,Monday,minor,5,Turning,Night,0,1,0,0,0,0,Dry,13.36985,52.51583,car + 
50279,Tempelhof-Schöneberg,7040402,Lindenhofsiedlung,November,17,Wednesday,minor,2,Stationary Traffic,Night,0,1,0,0,0,0,Dry,13.36715,52.47203,car + 
50280,Friedrichshain-Kreuzberg,2050602,Samariterviertel,June,15,Friday,minor,0,Other,Daylight,0,0,0,1,0,1,Wet,13.46597,52.51452,motorbike + other
50281,Tempelhof-Schöneberg,7050502,Fritz-Werner-Straße,December,11,Monday,serious,6,Other,Daylight,0,1,1,0,0,0,Wet,13.38975,52.43497,car + pedestrian + 
50282,Steglitz-Zehlendorf,6030503,Zehlendorf Mitte,August,8,Tuesday,minor,6,Turning,Daylight,0,1,1,0,0,0,Dry,13.28248,52.44169,car + pedestrian + 
50283,Tempelhof-Schöneberg,7020202,Volkspark (Rudolf-Wilde-Park),May,18,Monday,minor,2,Stationary Traffic,Daylight,0,1,0,0,0,0,Wet,13.34135,52.47863,car + 
50284,Mitte,1011303,Alexanderplatzviertel,October,8,Tuesday,minor,5,Turning,Daylight,0,0,0,0,1,0,Dry,13.40895,52.517,truck + 
50285,Pankow,3020209,Niederschönhausen,September,9,Thursday,minor,0,Driving,Daylight,1,0,0,0,0,0,Dry,13.40301,52.59639,bicycle + 
50287,Marzahn-Hellersdorf,10010308,Marzahner Chaussee,August,17,Monday,minor,5,Crossing,Daylight,1,0,0,0,0,0,Dry,13.53986,52.51002,bicycle + 
50288,Lichtenberg,11030721,Rüdigerstraße,May,7,Monday,minor,5,Turning,Daylight,1,1,0,0,0,0,Dry,13.48172,52.51307,bicycle + car + 
50289,Tempelhof-Schöneberg,7030303,Grazer Platz,September,16,Saturday,minor,2,Stationary Traffic,Dawn,0,1,0,0,0,0,Wet,13.34896,52.47295,car + 
50290,Friedrichshain-Kreuzberg,2010101,Askanischer Platz,June,11,Tuesday,minor,5,Crossing,Daylight,1,1,0,0,0,0,Dry,13.38867,52.49816,bicycle + car + 
50291,Friedrichshain-Kreuzberg,2050802,Boxhagener Platz,September,17,Thursday,minor,3,Other,Daylight,1,1,0,0,0,0,Dry,13.45117,52.50886,bicycle + car + 
50292,Marzahn-Hellersdorf,10030726,Alt-Biesdorf,December,7,Friday,minor,3,Stationary Traffic,Night,0,1,0,0,0,0,Wet,13.55032,52.5093,car + 
50293,Treptow-Köpenick,9010201,Am Treptower Park Süd,June,14,Friday,minor,6,Overtaking,Daylight,0,1,1,0,0,0,Dry,13.46474,52.48691,car + pedestrian + 
50294,Lichtenberg,11030721,Rüdigerstraße,August,12,Monday,minor,2,Stationary Traffic,Daylight,0,1,0,1,0,0,Dry,13.47766,52.51349,car + motorbike + 
50295,Mitte,1044201,Reinickendorfer Straße,May,10,Monday,minor,3,Stationary Traffic,Daylight,1,0,0,0,0,0,Dry,13.36752,52.55141,bicycle + 
50296,Steglitz-Zehlendorf,6030503,Zehlendorf Mitte,November,17,Thursday,minor,2,Stationary Traffic,Night,0,1,0,0,0,0,Dry,13.26391,52.43518,car + 
50297,Tempelhof-Schöneberg,7060603,Marienfelde Nordost,November,14,Monday,minor,6,Overtaking,Daylight,0,1,1,0,0,0,Dry,13.3746,52.4272,car + pedestrian + 
50298,Charlottenburg-Wilmersdorf,4041239,Stadion Wilmersdorf,August,13,Sunday,minor,2,Stationary Traffic,Daylight,0,1,0,0,0,0,Dry,13.30406,52.4851,car + 
50299,Tempelhof-Schöneberg,7040403,Manteuffelstraße,May,14,Sunday,minor,0,Other,Daylight,0,1,0,1,0,0,Dry,13.38416,52.45506,car + motorbike + 
50300,Mitte,1011102,Großer Tiergarten,October,15,Wednesday,minor,4,Stationary Traffic,Daylight,1,0,0,0,0,1,Wet,13.36817,52.51561,bicycle + other
50301,Tempelhof-Schöneberg,7010104,Dennewitzplatz,September,17,Thursday,serious,6,Overtaking,Daylight,0,1,1,0,0,0,Dry,13.36082,52.49166,car + pedestrian + 
50303,Pankow,3061429,Greifswalder Straße,June,14,Friday,serious,6,Overtaking,Daylight,0,1,1,0,0,0,Dry,13.43886,52.54097,car + pedestrian + 
50304,Charlottenburg-Wilmersdorf,4020310,Park Ruhwald,August,13,Sunday,minor,2,Stationary Traffic,Daylight,0,1,0,0,0,0,Dry,13.28282,52.5284,car + 
50305,Reinickendorf,12103219,Schäfersee,May,19,Sunday,minor,1,Paralle Traffic,Daylight,0,1,0,0,0,0,Dry,13.36364,52.56493,car + 
50306,Spandau,5020629,Börnicker Straße,June,5,Thursday,minor,2,Stationary Traffic,Daylight,0,1,0,0,0,0,Dry,13.20786,52.51084,car + 
50307,Lichtenberg,11010101,Dorf Malchow,September,17,Thursday,minor,0,Turning,Daylight,1,1,0,0,0,0,Dry,13.48304,52.57848,bicycle + car + 
50308,Tempelhof-Schöneberg,7040403,Manteuffelstraße,December,7,Thursday,minor,2,Stationary Traffic,Dawn,0,1,0,0,0,0,Wet,13.37134,52.47087,car + 
50309,Reinickendorf,12103219,Schäfersee,June,7,Thursday,minor,3,Stationary Traffic,Daylight,1,0,0,0,1,0,Dry,13.36394,52.56472,bicycle + truck + 
50310,Friedrichshain-Kreuzberg,2050602,Samariterviertel,August,9,Saturday,minor,2,Stationary Traffic,Daylight,0,1,0,0,0,0,Dry,13.46363,52.51476,car + 
50311,Friedrichshain-Kreuzberg,2020202,Rathaus Yorckstraße,November,15,Friday,minor,2,Stationary Traffic,Daylight,1,0,0,0,0,0,Dry,13.38903,52.49734,bicycle + 
50312,Mitte,1033203,Humboldthain Nordwest,August,17,Saturday,minor,5,Turning,Daylight,0,1,0,0,0,0,Dry,13.3684,52.54107,car + 
50313,Tempelhof-Schöneberg,7030303,Grazer Platz,September,8,Friday,minor,0,Driving,Daylight,1,0,0,0,0,0,Wet,13.35409,52.47905,bicycle + 
50314,Reinickendorf,12103115,Breitkopfbecken,May,8,Sunday,serious,5,Turning,Daylight,0,1,0,0,0,0,Dry,13.35903,52.57339,car + 
50315,Treptow-Köpenick,9010101,Elsenstraße,October,17,Thursday,minor,2,Stationary Traffic,Daylight,0,1,0,0,0,0,Wet,13.45795,52.49204,car + 
50316,Mitte,1011204,Leipziger Straße,September,19,Thursday,minor,3,Stationary Traffic,Night,0,1,0,1,0,0,Dry,13.39958,52.51102,car + motorbike + 
50318,Charlottenburg-Wilmersdorf,4020208,Kranzallee,June,19,Thursday,minor,5,Other,Dawn,0,1,0,0,0,0,Wet,13.25394,52.50825,car + 
50319,Reinickendorf,12214527,Alt-Tegel,August,14,Saturday,minor,2,Stationary Traffic,Daylight,0,1,0,0,0,0,Dry,13.29164,52.58627,car + 
50320,Tempelhof-Schöneberg,7020203,Kaiser-Wilhelm-Platz,May,16,Sunday,minor,2,Stationary Traffic,Daylight,1,1,0,0,0,1,Dry,13.35949,52.48972,bicycle + car + other
50321,Tempelhof-Schöneberg,7050506,Birnhornweg,November,8,Monday,minor,6,Overtaking,Daylight,0,1,1,0,0,0,Wet,13.39674,52.42266,car + pedestrian + 
50322,Reinickendorf,12103218,Teichstraße,June,15,Saturday,minor,5,Turning,Daylight,0,1,0,0,0,0,Dry,13.34772,52.57427,car + 
50323,Pankow,3061131,Falkplatz,September,9,Thursday,minor,4,Stationary Traffic,Daylight,1,0,0,0,0,0,Dry,13.4125,52.54497,bicycle + 
50324,Friedrichshain-Kreuzberg,2050803,Stralauer Kiez,December,21,Thursday,minor,2,Stationary Traffic,Night,0,1,0,0,0,0,Dry,13.45512,52.50044,car + 
50325,Charlottenburg-Wilmersdorf,4020313,Königin-Elisabeth-Straße,August,14,Saturday,minor,2,Stationary Traffic,Daylight,0,1,0,1,0,0,Dry,13.28292,52.50779,car + motorbike + 
50326,Tempelhof-Schöneberg,7050502,Fritz-Werner-Straße,September,14,Thursday,minor,2,Stationary Traffic,Daylight,0,1,0,0,0,0,Dry,13.37956,52.43671,car + 
50327,Reinickendorf,12214125,Waldidyll/Flughafensee,May,15,Saturday,minor,0,Driving,Night,0,1,0,0,0,0,Dry,13.3104,52.56389,car + 
50328,Tempelhof-Schöneberg,7040401,Neu-Tempelhof,October,9,Saturday,minor,5,Crossing,Daylight,0,1,0,0,0,0,Dry,13.38606,52.48339,car + 
50329,Charlottenburg-Wilmersdorf,4010101,Jungfernheide,September,19,Thursday,minor,2,Stationary Traffic,Dawn,0,1,0,0,0,0,Dry,13.29529,52.54009,car + 
50330,Mitte,1011102,Großer Tiergarten,August,22,Saturday,minor,6,Other,Night,1,0,1,0,0,0,Dry,13.37406,52.51611,bicycle + pedestrian + 
50331,Mitte,1044201,Reinickendorfer Straße,May,17,Friday,minor,5,Turning,Daylight,0,1,0,0,0,0,Dry,13.36924,52.54814,car + 
50332,Charlottenburg-Wilmersdorf,4010101,Jungfernheide,October,15,Thursday,serious,9,Driving,Daylight,0,0,0,1,0,0,Dry,13.28612,52.53337,motorbike + 
50333,Pankow,3010101,Bucher Forst,June,11,Friday,minor,8,Driving,Daylight,0,1,0,0,0,0,Dry,13.47834,52.62767,car + 
50334,Tempelhof-Schöneberg,7050502,Fritz-Werner-Straße,September,7,Thursday,minor,5,Crossing,Daylight,1,1,0,0,0,0,Dry,13.38265,52.4394,bicycle + car + 
50335,Steglitz-Zehlendorf,6040703,Nikolassee,December,13,Tuesday,minor,5,Crossing,Daylight,0,1,0,0,0,0,Dry,13.2023,52.42307,car + 
50336,Tempelhof-Schöneberg,7020202,Volkspark (Rudolf-Wilde-Park),June,21,Thursday,minor,6,Overtaking,Dawn,0,1,1,0,0,0,Wet,13.34844,52.48171,car + pedestrian + 
50337,Marzahn-Hellersdorf,10030726,Alt-Biesdorf,May,7,Friday,minor,2,Stationary Traffic,Daylight,0,1,0,0,0,0,Dry,13.55161,52.50938,car + 
50338,Lichtenberg,11030721,Rüdigerstraße,November,15,Monday,minor,2,Stationary Traffic,Daylight,0,1,0,0,0,1,Dry,13.49071,52.51198,car + other
50339,Treptow-Köpenick,9010101,Elsenstraße,June,16,Thursday,minor,5,Turning,Daylight,1,1,0,0,0,0,Wet,13.45944,52.49288,bicycle + car + 
50340,Tempelhof-Schöneberg,7040401,Neu-Tempelhof,November,21,Saturday,minor,1,Paralle Traffic,Night,0,1,0,0,0,0,Dry,13.38587,52.47487,car + 
50341,Tempelhof-Schöneberg,7040401,Neu-Tempelhof,August,20,Friday,serious,0,Driving,Night,1,0,0,0,0,0,Dry,13.38597,52.47992,bicycle + 
50342,Tempelhof-Schöneberg,7030303,Grazer Platz,May,2,Friday,serious,9,Driving,Night,0,1,0,0,0,0,Dry,13.36171,52.47409,car + 
50343,Pankow,3061131,Falkplatz,October,17,Monday,minor,2,Stationary Traffic,Dawn,0,1,0,0,0,1,Dry,13.41311,52.54723,car + other
50344,Mitte,1033203,Humboldthain Nordwest,September,6,Thursday,minor,5,Turning,Daylight,1,1,0,0,0,0,Dry,13.37016,52.53997,bicycle + car + 
50346,Tempelhof-Schöneberg,7020203,Kaiser-Wilhelm-Platz,June,11,Thursday,minor,1,Paralle Traffic,Daylight,0,1,0,0,0,1,Dry,13.35951,52.48944,car + other
50347,Steglitz-Zehlendorf,6040701,Wannsee,August,19,Friday,serious,0,Driving,Daylight,1,0,0,0,0,0,Dry,13.15661,52.41917,bicycle + 
50348,Treptow-Köpenick,9010101,Elsenstraße,May,8,Friday,minor,0,Turning,Daylight,0,1,0,0,0,1,Dry,13.45774,52.49166,car + other
50349,Friedrichshain-Kreuzberg,2050602,Samariterviertel,June,9,Monday,minor,5,Turning,Daylight,1,1,0,0,0,0,Dry,13.46029,52.51524,bicycle + car + 
50350,Tempelhof-Schöneberg,7050502,Fritz-Werner-Straße,September,16,Wednesday,minor,5,Turning,Daylight,1,1,0,0,0,0,Dry,13.38761,52.439,bicycle + car + 
50351,Tempelhof-Schöneberg,7030303,Grazer Platz,December,7,Tuesday,minor,2,Stationary Traffic,Daylight,0,1,0,0,0,0,Wet,13.35434,52.47334,car + 
50352,Mitte,1033203,Humboldthain Nordwest,June,16,Thursday,minor,5,Turning,Daylight,0,1,0,0,0,0,Wet,13.37029,52.5399,car + 
50353,Mitte,1044201,Reinickendorfer Straße,August,20,Friday,minor,2,Stationary Traffic,Daylight,0,1,0,0,0,0,Dry,13.36733,52.55173,car + 
50354,Steglitz-Zehlendorf,6030605,Botanischer Garten,May,13,Thursday,minor,2,Stationary Traffic,Daylight,0,1,0,0,0,0,Dry,13.30348,52.44917,car + 
50355,Pankow,3071639,Bötzowstraße,November,18,Tuesday,minor,3,Stationary Traffic,Night,0,1,0,1,0,0,Wet,13.43255,52.53557,car + motorbike + 
50356,Pankow,3061332,Helmholtzplatz,November,3,Saturday,minor,5,Crossing,Night,1,1,0,0,0,0,Dry,13.41424,52.5408,bicycle + car + 
50357,Tempelhof-Schöneberg,7030303,Grazer Platz,August,20,Friday,minor,0,Driving,Daylight,0,0,0,1,0,0,Dry,13.34873,52.47318,motorbike + 
50358,Tempelhof-Schöneberg,7030303,Grazer Platz,May,13,Thursday,minor,5,Turning,Daylight,0,1,0,0,0,1,Dry,13.35414,52.47902,car + other
50359,Tempelhof-Schöneberg,7050502,Fritz-Werner-Straße,May,13,Thursday,serious,3,Stationary Traffic,Daylight,0,1,0,0,1,0,Dry,13.38629,52.44001,car + truck + 
50360,Tempelhof-Schöneberg,7070701,Kettinger Straße/Schillerstraße,November,17,Tuesday,serious,2,Stationary Traffic,Night,0,1,0,0,0,1,Dry,13.40007,52.41619,car + other
50361,Steglitz-Zehlendorf,6040703,Nikolassee,June,14,Wednesday,minor,2,Stationary Traffic,Daylight,0,1,0,0,0,0,Dry,13.19584,52.42228,car + 
50362,Mitte,1011303,Alexanderplatzviertel,December,1,Sunday,serious,0,Driving,Night,0,0,0,0,0,1,Dry,13.41472,52.52036,other
50363,Friedrichshain-Kreuzberg,2020203,Viktoriapark,August,23,Friday,minor,0,Other,Night,1,0,0,0,0,0,Dry,13.38625,52.48864,bicycle + 
50364,Steglitz-Zehlendorf,6040703,Nikolassee,May,16,Thursday,serious,2,Stationary Traffic,Daylight,0,1,0,0,0,1,Dry,13.20997,52.42637,car + other
50365,Pankow,3040818,Pankow Süd,October,17,Tuesday,serious,5,Crossing,Daylight,1,1,0,0,0,0,Dry,13.42876,52.55833,bicycle + car + 
50366,Reinickendorf,12103115,Breitkopfbecken,September,13,Wednesday,minor,2,Stationary Traffic,Daylight,0,1,0,0,0,0,Dry,13.36048,52.57099,car + 
50368,Tempelhof-Schöneberg,7050502,Fritz-Werner-Straße,August,12,Friday,minor,0,Other,Daylight,0,1,0,0,0,0,Dry,13.38859,52.4364,car + 
50369,Pankow,3020209,Niederschönhausen,May,11,Thursday,minor,0,Other,Daylight,1,0,0,0,0,0,Dry,13.40231,52.59148,bicycle + 
50370,Charlottenburg-Wilmersdorf,4030417,Schloßstraße,September,14,Saturday,minor,5,Turning,Daylight,1,1,0,0,0,0,Wet,13.2932,52.51063,bicycle + car + 
50371,Mitte,1033203,Humboldthain Nordwest,June,7,Tuesday,minor,5,Turning,Daylight,1,1,0,0,0,0,Dry,13.36855,52.54121,bicycle + car + 
50372,Pankow,3061228,Erich-Weinert-Straße,September,10,Tuesday,minor,6,Stationary Traffic,Daylight,1,0,1,0,0,0,Dry,13.42748,52.5446,bicycle + pedestrian + 
50373,Friedrichshain-Kreuzberg,2020202,Rathaus Yorckstraße,December,18,Wednesday,minor,3,Stationary Traffic,Night,0,1,0,1,0,0,Dry,13.3835,52.49868,car + motorbike + 
50374,Charlottenburg-Wilmersdorf,4020310,Park Ruhwald,June,9,Wednesday,minor,3,Stationary Traffic,Daylight,0,1,0,0,0,0,Dry,13.28291,52.52856,car + 
50375,Spandau,5020524,Weinmeisterhornweg,August,9,Friday,minor,6,Overtaking,Daylight,0,1,1,0,0,0,Dry,13.17824,52.51614,car + pedestrian + 
50376,Reinickendorf,12103117,Letteplatz,May,12,Thursday,minor,5,Crossing,Daylight,1,1,0,0,0,0,Dry,13.36485,52.56144,bicycle + car + 
50377,Mitte,1011204,Leipziger Straße,November,18,Wednesday,serious,6,Overtaking,Night,0,1,1,0,0,0,Wet,13.39557,52.51076,car + pedestrian + 
50378,Neukölln,8010510,Gewerbegebiet Köllnische Heide,November,13,Saturday,minor,2,Turning,Daylight,0,1,0,0,0,0,Dry,13.45593,52.46456,car + 
50379,Charlottenburg-Wilmersdorf,4030417,Schloßstraße,August,8,Friday,minor,6,Overtaking,Daylight,0,1,1,0,0,0,Dry,13.29472,52.51072,car + pedestrian + 
50380,Tempelhof-Schöneberg,7030303,Grazer Platz,May,12,Thursday,minor,5,Turning,Daylight,0,1,0,1,0,0,Dry,13.35409,52.47905,car + motorbike + 
50381,Friedrichshain-Kreuzberg,2050602,Samariterviertel,October,10,Wednesday,minor,6,Overtaking,Daylight,0,1,1,0,0,0,Wet,13.45678,52.51545,car + pedestrian + 
50382,Mitte,1011303,Alexanderplatzviertel,September,9,Tuesday,minor,6,Overtaking,Daylight,0,1,1,0,0,0,Wet,13.42,52.525,car + pedestrian + 
50384,Mitte,1044201,Reinickendorfer Straße,June,15,Wednesday,minor,1,Paralle Traffic,Daylight,1,0,0,0,0,1,Dry,13.36923,52.54676,bicycle + other
50385,Charlottenburg-Wilmersdorf,4020208,Kranzallee,August,15,Friday,serious,5,Crossing,Daylight,1,1,0,0,0,0,Dry,13.25827,52.50852,bicycle + car + 
50386,Pankow,3050925,Komponistenviertel Weißensee,May,10,Thursday,minor,0,Driving,Daylight,1,0,0,0,0,0,Dry,13.46286,52.55088,bicycle + 
50387,Reinickendorf,12103218,Teichstraße,November,12,Friday,minor,5,Turning,Daylight,1,1,0,0,0,0,Dry,13.34668,52.57928,bicycle + car + 
50388,Tempelhof-Schöneberg,7040405,Rathaus Tempelhof,June,5,Thursday,minor,2,Stationary Traffic,Daylight,0,1,0,0,0,0,Dry,13.39095,52.46897,car + 
50389,Treptow-Köpenick,9010101,Elsenstraße,September,18,Tuesday,serious,6,Overtaking,Daylight,1,0,1,0,0,0,Wet,13.45828,52.49229,bicycle + pedestrian + 
50390,Treptow-Köpenick,9010101,Elsenstraße,December,12,Tuesday,minor,2,Stationary Traffic,Daylight,0,1,0,0,1,0,Dry,13.46208,52.49522,car + truck + 
50391,Lichtenberg,11030721,Rüdigerstraße,June,16,Tuesday,minor,3,Stationary Traffic,Daylight,0,1,0,0,0,0,Dry,13.49343,52.51172,car + 
50392,Tempelhof-Schöneberg,7040403,Manteuffelstraße,August,14,Friday,minor,2,Stationary Traffic,Daylight,0,1,0,0,0,0,Dry,13.38478,52.46018,car + 
50393,Charlottenburg-Wilmersdorf,4020208,Kranzallee,October,16,Thursday,minor,2,Stationary Traffic,Night,0,1,0,0,0,0,Dry,13.24074,52.50743,car + 
50394,Pankow,3020209,Niederschönhausen,August,13,Friday,minor,2,Stationary Traffic,Daylight,0,1,0,0,0,0,Dry,13.39906,52.57523,car + 