id,district,lor,street,month,hour,weekday,injury,collision,movement,light_conditions,bicycle,car,pedestrian,motorbike,truck,other_vehicle,road_conditions,longitude,latitude,Combo_type
50395,Tempelhof-Schöneberg,7020203,Kaiser-Wilhelm-Platz,September,13,Friday,minor,0,Turning,Daylight,0,1,0,0,0,1,Wet,13.35708,52.48678,car + other
50396,Mitte,1011303,Alexanderplatzviertel,May,8,Thursday,minor,1,Paralle Traffic,Daylight,1,0,0,0,0,1,Dry,13.40814,52.52181,bicycle + other
50397,Charlottenburg-Wilmersdorf,4041134,Bismarckallee,October,22,Wednesday,minor,3,Stationary Traffic,Night,0,1,0,0,0,1,Wet,13.28694,52.49435,car + other
50398,Friedrichshain-Kreuzberg,2050602,Samariterviertel,September,14,Tuesday,minor,6,Overtaking,Daylight,0,1,1,0,0,0,Wet,13.46125,52.515,car + pedestrian + 
50400,Tempelhof-Schöneberg,7040403,Manteuffelstraße,June,10,Tuesday,minor,6,Other,Daylight,0,0,1,0,0,1,Dry,13.38468,52.46053,pedestrian + other
50401,Friedrichshain-Kreuzberg,2020202,Rathaus Yorckstraße,August,17,Thursday,minor,5,Turning,Daylight,1,1,0,0,0,0,Dry,13.38926,52.49749,bicycle + car + 
50402,Friedrichshain-Kreuzberg,2050602,Samariterviertel,May,22,Wednesday,minor,0,Stationary Traffic,Night,1,0,1,0,0,0,Dry,13.45253,52.51858,bicycle + pedestrian + 
50403,Steglitz-Zehlendorf,6030503,Zehlendorf Mitte,November,17,Saturday,minor,6,Turning,Night,0,1,1,0,0,0,Dry,13.28296,52.44184,car + pedestrian + 
50404,Pankow,3020209,Niederschönhausen,June,19,Saturday,serious,5,Crossing,Daylight,0,1,0,1,0,0,Dry,13.40279,52.59316,car + motorbike + 
50405,Pankow,3071633,Thälmannpark,December,8,Wednesday,minor,0,Overtaking,Daylight,0,0,1,0,0,1,Dry,13.42475,52.54033,pedestrian + other
50406,Pankow,3061126,Arnimplatz,August,17,Thursday,minor,5,Turning,Daylight,1,0,0,0,0,1,Dry,13.4146,52.55632,bicycle + other
50407,Pankow,3040818,Pankow Süd,May,18,Wednesday,serious,5,Crossing,Daylight,1,1,0,0,0,0,Dry,13.42748,52.56337,bicycle + car + 
50408,Mitte,1011303,Alexanderplatzviertel,October,13,Saturday,minor,3,Stationary Traffic,Daylight,1,0,0,0,0,0,Dry,13.41895,52.52458,bicycle + 
50409,Lichtenberg,11030721,Rüdigerstraße,September,14,Tuesday,minor,5,Crossing,Daylight,1,1,0,0,0,0,Wet,13.48181,52.51307,bicycle + car + 
50410,Pankow,3020203,Blankenfelde,August,16,Thursday,minor,5,Turning,Daylight,1,1,0,0,0,0,Dry,13.38133,52.63245,bicycle + car + 
50411,Charlottenburg-Wilmersdorf,4030417,Schloßstraße,May,17,Wednesday,minor,2,Other,Daylight,1,1,0,0,0,0,Dry,13.30056,52.5111,bicycle + car + 
50412,Charlottenburg-Wilmersdorf,4041137,Flinsberger Platz,October,10,Wednesday,minor,2,Stationary Traffic,Daylight,0,1,0,0,0,0,Wet,13.29294,52.49274,car + 
50413,Charlottenburg-Wilmersdorf,4020310,Park Ruhwald,June,7,Thursday,minor,3,Stationary Traffic,Daylight,0,1,0,0,1,0,Wet,13.28257,52.52837,car + truck + 
50414,Charlottenburg-Wilmersdorf,4041239,Stadion Wilmersdorf,September,9,Tuesday,minor,2,Stationary Traffic,Daylight,0,1,0,0,0,0,Dry,13.3013,52.48715,car + 
50415,Steglitz-Zehlendorf,6030501,Berlepschstraße,December,8,Friday,minor,5,Crossing,Daylight,1,1,0,0,0,0,Dry,13.24023,52.43322,bicycle + car + 
50416,Friedrichshain-Kreuzberg,2050602,Samariterviertel,June,15,Tuesday,minor,5,Turning,Daylight,1,1,0,0,0,0,Dry,13.45373,52.51596,bicycle + car + 
50417,Mitte,1011303,Alexanderplatzviertel,May,5,Wednesday,minor,0,Driving,Dawn,0,1,0,0,0,1,Wet,13.40303,52.51912,car + other
50418,Mitte,1011202,Unter den Linden Nord,November,10,Sunday,minor,0,Stationary Traffic,Daylight,1,0,0,0,0,1,Dry,13.39704,52.51758,bicycle + other
50419,Charlottenburg-Wilmersdorf,4020209,Eichkamp,June,16,Tuesday,minor,2,Stationary Traffic,Daylight,0,1,0,0,0,0,Dry,13.25858,52.50854,car + 
50420,Reinickendorf,12302212,Rollbergesiedlung,November,19,Thursday,minor,5,Crossing,Night,0,1,0,0,0,1,Wet,13.32463,52.60703,car + other
50421,Reinickendorf,12214125,Waldidyll/Flughafensee,August,15,Thursday,minor,2,Stationary Traffic,Daylight,0,1,0,0,0,0,Dry,13.31101,52.56023,car + 
50422,Charlottenburg-Wilmersdorf,4020311,Reichsstraße,May,15,Wednesday,minor,2,Stationary Traffic,Daylight,0,1,0,0,0,0,Dry,13.2616,52.50871,car + 
50423,Mitte,1044203,Leopoldplatz,October,20,Sunday,minor,2,Stationary Traffic,Night,0,1,0,0,0,0,Dry,13.36712,52.55177,car + 
50424,Lichtenberg,11030721,Rüdigerstraße,September,7,Tuesday,minor,5,Turning,Daylight,1,1,0,1,0,0,Dry,13.49401,52.51184,bicycle + car + motorbike + 
50426,Friedrichshain-Kreuzberg,2040503,Richard-Sorge-Viertel,June,8,Tuesday,serious,3,Stationary Traffic,Daylight,1,0,0,0,0,0,Dry,13.44975,52.51631,bicycle + 
50427,Pankow,3050923,Weißenseer Spitze,August,15,Thursday,minor,2,Stationary Traffic,Daylight,0,1,0,1,0,0,Dry,13.42991,52.55398,car + motorbike + 
50428,Tempelhof-Schöneberg,7040401,Neu-Tempelhof,May,15,Wednesday,minor,3,Stationary Traffic,Daylight,0,1,0,1,0,0,Dry,13.38583,52.48344,car + motorbike + 
50429,Charlottenburg-Wilmersdorf,4030622,Richard-Wagner-Straße,June,18,Sunday,minor,6,Turning,Daylight,0,1,1,0,0,0,Dry,13.30506,52.51158,car + pedestrian + 
50430,Charlottenburg-Wilmersdorf,4030417,Schloßstraße,September,15,Tuesday,minor,6,Overtaking,Daylight,0,1,1,0,0,0,Wet,13.29873,52.51098,car + pedestrian + 
50431,Tempelhof-Schöneberg,7050502,Fritz-Werner-Straße,December,17,Monday,minor,5,Turning,Night,0,1,0,0,0,0,Wet,13.37638,52.43078,car + 
50432,Tempelhof-Schöneberg,7070701,Kettinger Straße/Schillerstraße,June,9,Tuesday,serious,1,Paralle Traffic,Daylight,0,1,0,0,0,0,Dry,13.39977,52.4173,car + 
50433,Mitte,1011105,Nördlicher Landwehrkanal,August,15,Thursday,minor,5,Turning,Daylight,1,1,0,0,0,0,Dry,13.36836,52.50634,bicycle + car + 
50434,Mitte,1011105,Nördlicher Landwehrkanal,April,18,Tuesday,minor,2,Stationary Traffic,Daylight,0,1,0,0,0,0,Dry,13.3737,52.50918,car + 
50435,Mitte,1011204,Leipziger Straße,November,15,Monday,minor,0,Stationary Traffic,Daylight,1,0,0,0,1,1,Wet,13.38835,52.51026,bicycle + truck + other
50436,Tempelhof-Schöneberg,7010104,Dennewitzplatz,August,11,Thursday,minor,3,Stationary Traffic,Daylight,0,1,0,1,0,0,Dry,13.36132,52.49613,car + motorbike + 
50437,Treptow-Köpenick,9010202,Köpenicker Landstraße,April,13,Tuesday,minor,5,Crossing,Daylight,1,1,0,0,0,0,Dry,13.47943,52.4845,bicycle + car + 
50438,Steglitz-Zehlendorf,6040703,Nikolassee,October,3,Monday,minor,0,Other,Night,0,1,0,0,0,0,Dry,13.22562,52.46065,car + 
50439,Reinickendorf,12304314,Ziekowstraße/Freie Scholle,September,8,Monday,minor,2,Stationary Traffic,Daylight,0,1,0,0,0,0,Dry,13.28414,52.59678,car + 
50441,Friedrichshain-Kreuzberg,2050602,Samariterviertel,June,8,Tuesday,minor,5,Turning,Daylight,1,0,0,0,0,1,Dry,13.45372,52.51874,bicycle + other
50442,Charlottenburg-Wilmersdorf,4020310,Park Ruhwald,August,10,Thursday,minor,2,Stationary Traffic,Daylight,0,1,0,0,0,0,Dry,13.28238,52.52007,car + 
50443,Charlottenburg-Wilmersdorf,4010102,Plötzensee,April,7,Tuesday,minor,2,Stationary Traffic,Daylight,0,1,0,0,0,0,Dry,13.31868,52.537,car + 
50444,Friedrichshain-Kreuzberg,2050602,Samariterviertel,November,15,Wednesday,minor,5,Turning,Dawn,1,1,0,0,0,1,Wet,13.46009,52.51511,bicycle + car + other
50445,Lichtenberg,11030721,Rüdigerstraße,June,15,Wednesday,serious,5,Turning,Daylight,1,0,0,0,1,0,Dry,13.47704,52.51341,bicycle + truck + 
50446,Reinickendorf,12103219,Schäfersee,September,21,Monday,serious,6,Overtaking,Night,0,1,1,0,0,0,Dry,13.36427,52.56335,car + pedestrian + 
50447,Tempelhof-Schöneberg,7020202,Volkspark (Rudolf-Wilde-Park),December,8,Monday,minor,2,Stationary Traffic,Daylight,0,1,0,0,1,1,Dry,13.34147,52.47863,car + truck + other
50448,Reinickendorf,12103115,Breitkopfbecken,August,8,Thursday,minor,5,Turning,Daylight,0,1,0,1,0,0,Dry,13.35998,52.57196,car + motorbike + 
50449,Steglitz-Zehlendorf,6030605,Botanischer Garten,October,12,Wednesday,minor,2,Stationary Traffic,Daylight,0,1,0,0,0,0,Dry,13.30885,52.45117,car + 
50450,Lichtenberg,11030721,Rüdigerstraße,September,20,Monday,serious,0,Driving,Night,0,0,0,1,0,0,Dry,13.47673,52.51344,motorbike + 
50451,Friedrichshain-Kreuzberg,2050602,Samariterviertel,August,7,Thursday,minor,5,Crossing,Daylight,1,1,0,0,0,0,Dry,13.46581,52.51468,bicycle + car + 
50452,Friedrichshain-Kreuzberg,2020203,Viktoriapark,April,7,Tuesday,minor,0,Turning,Daylight,1,1,0,0,0,0,Dry,13.38605,52.48585,bicycle + car + 
50453,Steglitz-Zehlendorf,6030605,Botanischer Garten,October,13,Tuesday,minor,2,Stationary Traffic,Daylight,0,1,0,0,1,0,Wet,13.28324,52.44213,car + truck + 
50454,Pankow,2040501,Barnimkiez,September,16,Monday,minor,3,Stationary Traffic,Daylight,1,1,0,0,0,0,Dry,13.42302,52.52748,bicycle + car + 
50456,Reinickendorf,12103218,Teichstraße,June,19,Tuesday,minor,5,Crossing,Dawn,0,1,0,0,0,0,Dry,13.3469,52.579,car + 
50457,Pankow,3061332,Helmholtzplatz,August,19,Wednesday,serious,6,Overtaking,Daylight,1,0,1,0,0,0,Dry,13.42371,52.53915,bicycle + pedestrian + 
50458,Pankow,3061435,Conrad-Blenkle-Straße,April,17,Tuesday,minor,5,Turning,Daylight,1,1,0,0,0,0,Dry,13.44576,52.52839,bicycle + car + 
50459,Marzahn-Hellersdorf,10010204,Wuhletalstraße,November,5,Friday,serious,5,Crossing,Night,0,1,0,0,0,0,Dry,13.55818,52.56276,car + 
50460,Charlottenburg-Wilmersdorf,4041134,Bismarckallee,October,11,Tuesday,serious,0,Driving,Daylight,0,0,0,1,0,0,Dry,13.28747,52.49427,motorbike + 
50461,Tempelhof-Schöneberg,7070701,Kettinger Straße/Schillerstraße,September,16,Monday,serious,5,Crossing,Daylight,0,1,0,1,0,0,Wet,13.40627,52.40522,car + motorbike + 
50463,Charlottenburg-Wilmersdorf,4020208,Kranzallee,June,7,Monday,minor,2,Stationary Traffic,Daylight,0,1,0,0,0,0,Dry,13.24947,52.50798,car + 
50464,Tempelhof-Schöneberg,7070701,Kettinger Straße/Schillerstraße,August,14,Wednesday,minor,2,Stationary Traffic,Daylight,0,1,0,0,0,0,Wet,13.40066,52.41516,car + 
50465,Spandau,5020628,Graetschelsteig,April,19,Tuesday,minor,2,Other,Daylight,1,1,0,0,0,0,Dry,13.18659,52.51513,bicycle + car + 
50466,Friedrichshain-Kreuzberg,2050602,Samariterviertel,November,17,Wednesday,minor,6,Overtaking,Night,0,1,1,0,0,0,Wet,13.46161,52.51496,car + pedestrian + 
50467,Mitte,1022202,Heidestraße,June,9,Thursday,minor,2,Driving,Daylight,0,1,0,0,0,0,Dry,13.36906,52.52878,car + 
50468,Charlottenburg-Wilmersdorf,4020313,Königin-Elisabeth-Straße,September,10,Monday,minor,5,Turning,Daylight,1,0,0,0,1,0,Dry,13.28162,52.50991,bicycle + truck + 
50469,Tempelhof-Schöneberg,7020203,Kaiser-Wilhelm-Platz,December,18,Monday,minor,5,Crossing,Night,1,1,0,0,0,0,Wet,13.35721,52.48693,bicycle + car + 
50470,Mitte,1011202,Unter den Linden Nord,August,9,Wednesday,minor,3,Turning,Daylight,0,1,0,1,0,0,Dry,13.37667,52.51626,car + motorbike + 
50471,Marzahn-Hellersdorf,10010207,Marzahner Promenade,October,19,Wednesday,minor,2,Other,Night,0,1,0,0,0,0,Dry,13.54245,52.54369,car + 
50472,Neukölln,8020619,Buschkrugallee Nord,August,6,Wednesday,minor,3,Stationary Traffic,Dawn,0,1,0,1,0,0,Dry,13.45041,52.46397,car + motorbike + 
50473,Pankow,3061332,Helmholtzplatz,September,18,Friday,minor,2,Stationary Traffic,Daylight,0,1,0,0,0,0,Wet,13.42347,52.53919,car + 
50474,Tempelhof-Schöneberg,7030303,Grazer Platz,April,20,Monday,minor,3,Stationary Traffic,Dawn,0,1,0,0,0,0,Dry,13.34928,52.47487,car + 
50475,Lichtenberg,11030721,Rüdigerstraße,October,17,Tuesday,minor,3,Stationary Traffic,Dawn,0,1,0,0,1,0,Wet,13.48541,52.51257,car + truck + 
50476,Charlottenburg-Wilmersdorf,4010101,Jungfernheide,September,13,Monday,minor,8,Driving,Daylight,0,1,0,0,0,0,Dry,13.29067,52.53314,car + 
50478,Mitte,1011104,Körnerstraße,June,21,Monday,minor,0,Driving,Night,1,0,0,0,0,0,Dry,13.36545,52.50281,bicycle + 
50479,Mitte,1011105,Nördlicher Landwehrkanal,August,15,Wednesday,minor,5,Turning,Daylight,1,1,0,0,0,0,Dry,13.36835,52.50632,bicycle + car + 
50480,Pankow,3050923,Weißenseer Spitze,April,18,Monday,minor,6,Overtaking,Daylight,1,0,1,0,0,0,Dry,13.4302,52.55216,bicycle + pedestrian + 
50481,Friedrichshain-Kreuzberg,2050602,Samariterviertel,November,1,Saturday,minor,5,Crossing,Night,0,1,0,0,0,0,Dry,13.45378,52.51578,car + 
50482,Spandau,5020524,Weinmeisterhornweg,June,19,Monday,minor,2,Stationary Traffic,Daylight,0,1,0,0,0,0,Dry,13.15825,52.50194,car + 
50483,Mitte,1011102,Großer Tiergarten,September,9,Monday,serious,5,Turning,Daylight,1,1,0,0,0,0,Wet,13.36974,52.51582,bicycle + car + 
50484,Charlottenburg-Wilmersdorf,4010102,Plötzensee,December,15,Wednesday,minor,2,Stationary Traffic,Daylight,0,1,0,0,0,0,Dry,13.32783,52.53857,car + 
50485,Tempelhof-Schöneberg,7040401,Neu-Tempelhof,August,12,Tuesday,minor,2,Stationary Traffic,Daylight,0,1,0,0,0,1,Dry,13.38552,52.47047,car + other
50486,Pankow,3061332,Helmholtzplatz,April,9,Monday,minor,0,Turning,Daylight,0,1,0,0,0,1,Wet,13.42406,52.53909,car + other
50487,Tempelhof-Schöneberg,7040402,Lindenhofsiedlung,October,19,Friday,minor,2,Stationary Traffic,Night,0,1,0,0,0,0,Dry,13.36578,52.47266,car + 
50488,Marzahn-Hellersdorf,10010309,Springpfuhl,September,11,Sunday,minor,3,Stationary Traffic,Daylight,1,1,0,0,0,0,Dry,13.5367,52.53263,bicycle + car + 
50489,Friedrichshain-Kreuzberg,2040701,Andreasviertel,August,9,Tuesday,minor,3,Turning,Daylight,0,0,0,1,1,0,Dry,13.4291,52.51863,motorbike + truck + 
50490,Mitte,1011303,Alexanderplatzviertel,April,11,Monday,minor,5,Crossing,Daylight,1,0,0,0,1,0,Wet,13.40926,52.51681,bicycle + truck + 
50491,Tempelhof-Schöneberg,7030303,Grazer Platz,October,13,Tuesday,minor,5,Other,Daylight,0,1,0,0,0,0,Wet,13.35467,52.47844,car + 
50492,Friedrichshain-Kreuzberg,2050602,Samariterviertel,June,17,Wednesday,serious,3,Stationary Traffic,Daylight,1,0,0,0,0,0,Dry,13.47165,52.51395,bicycle + 
50493,Charlottenburg-Wilmersdorf,4020209,Eichkamp,September,16,Sunday,minor,2,Stationary Traffic,Daylight,0,1,0,0,0,0,Dry,13.26889,52.49563,car + 
50494,Mitte,1033203,Humboldthain Nordwest,December,22,Wednesday,minor,6,Overtaking,Night,0,1,1,0,0,0,Dry,13.37055,52.53999,car + pedestrian + 
50495,Pankow,3061429,Greifswalder Straße,June,23,Monday,minor,5,Crossing,Night,1,1,0,0,0,0,Wet,13.43871,52.54126,bicycle + car + 
50496,Neukölln,8020619,Buschkrugallee Nord,April,11,Monday,minor,3,Stationary Traffic,Daylight,0,1,0,0,0,1,Wet,13.44862,52.46353,car + other
50497,Friedrichshain-Kreuzberg,2020202,Rathaus Yorckstraße,November,15,Saturday,minor,3,Stationary Traffic,Daylight,0,1,0,1,0,0,Wet,13.38905,52.4949,car + motorbike + 
50498,Friedrichshain-Kreuzberg,2050602,Samariterviertel,June,13,Monday,serious,6,Overtaking,Daylight,1,0,1,0,0,0,Dry,13.46391,52.51487,bicycle + pedestrian + 
50499,Mitte,1011102,Großer Tiergarten,November,18,Wednesday,minor,5,Crossing,Night,1,0,0,1,0,0,Wet,13.36009,52.51509,bicycle + motorbike + 
50500,Tempelhof-Schöneberg,7060601,Marienfelder Allee Nordwest,August,7,Tuesday,minor,5,Crossing,Daylight,1,1,0,0,0,0,Dry,13.36684,52.41785,bicycle + car + 
50501,Reinickendorf,12103218,Teichstraße,April,22,Saturday,serious,5,Turning,Night,0,1,0,1,0,0,Dry,13.34765,52.57438,car + motorbike + 
50502,Pankow,3061126,Arnimplatz,October,18,Saturday,serious,5,Turning,Night,0,1,0,1,0,0,Dry,13.41374,52.55064,car + motorbike + 
50503,Tempelhof-Schöneberg,7040401,Neu-Tempelhof,September,14,Sunday,minor,3,Stationary Traffic,Daylight,0,1,0,0,0,0,Dry,13.38569,52.47699,car + 
50505,Reinickendorf,12103115,Breitkopfbecken,June,16,Monday,minor,1,Paralle Traffic,Daylight,1,1,0,0,0,1,Dry,13.35952,52.57309,bicycle + car + other
50506,Pankow,3061429,Greifswalder Straße,August,15,Tuesday,minor,5,Crossing,Daylight,1,1,0,0,0,0,Dry,13.44226,52.5439,bicycle + car + 
50507,Tempelhof-Schöneberg,7070701,Kettinger Straße/Schillerstraße,April,17,Saturday,minor,2,Stationary Traffic,Daylight,0,1,0,0,0,0,Dry,13.40356,52.41003,car + 
50508,Pankow,3061131,Falkplatz,June,15,Saturday,minor,0,Driving,Daylight,1,0,0,0,0,0,Dry,13.4134,52.54706,bicycle + 
50509,Mitte,1011304,Karl-Marx-Allee,September,23,Sunday,minor,6,Overtaking,Night,0,1,1,0,0,0,Wet,13.42283,52.52021,car + pedestrian + 
50510,Charlottenburg-Wilmersdorf,4010101,Jungfernheide,December,12,Sunday,serious,2,Stationary Traffic,Daylight,0,1,0,0,0,0,Wet,13.2892,52.53284,car + 
50511,Charlottenburg-Wilmersdorf,4020311,Reichsstraße,June,9,Monday,serious,5,Crossing,Daylight,1,0,0,0,1,0,Dry,13.27105,52.50928,bicycle + truck + 
50512,Charlottenburg-Wilmersdorf,4020313,Königin-Elisabeth-Straße,August,15,Tuesday,minor,5,Turning,Daylight,0,1,0,0,0,0,Dry,13.28178,52.51009,car + 
50513,Charlottenburg-Wilmersdorf,4030622,Richard-Wagner-Straße,November,10,Monday,minor,6,Other,Daylight,0,1,1,0,0,0,Wet,13.30477,52.51156,car + pedestrian + 
50514,Lichtenberg,11030721,Rüdigerstraße,August,15,Tuesday,minor,5,Turning,Daylight,1,0,0,0,1,0,Dry,13.47698,52.51356,bicycle + truck + 
50515,Pankow,3040818,Pankow Süd,April,11,Friday,minor,5,Crossing,Daylight,1,1,0,0,0,0,Dry,13.41357,52.5586,bicycle + car + 
50516,Marzahn-Hellersdorf,10010204,Wuhletalstraße,October,11,Sunday,serious,5,Crossing,Daylight,0,1,0,0,0,1,Dry,13.55829,52.56289,car + other
50517,Charlottenburg-Wilmersdorf,4020310,Park Ruhwald,September,14,Saturday,minor,2,Stationary Traffic,Daylight,0,1,0,0,0,0,Dry,13.2813,52.52375,car + 
50519,Friedrichshain-Kreuzberg,2050601,Hausburgviertel,June,8,Monday,minor,5,Turning,Daylight,1,0,0,0,1,0,Dry,13.44737,52.52647,bicycle + truck + 
50520,Tempelhof-Schöneberg,7040401,Neu-Tempelhof,August,15,Monday,minor,0,Other,Daylight,1,0,0,0,0,0,Dry,13.38605,52.4831,bicycle + 
50521,Charlottenburg-Wilmersdorf,4020311,Reichsstraße,April,19,Friday,serious,6,Overtaking,Daylight,1,0,1,0,0,0,Dry,13.27188,52.50897,bicycle + pedestrian + 
50522,Friedrichshain-Kreuzberg,2050602,Samariterviertel,November,10,Tuesday,minor,5,Turning,Daylight,1,1,0,0,0,0,Dry,13.46026,52.51524,bicycle + car + 
50523,Mitte,1011202,Unter den Linden Nord,June,18,Tuesday,minor,0,Stationary Traffic,Daylight,1,0,0,0,0,1,Dry,13.38154,52.51668,bicycle + other
50524,Pankow,3071639,Bötzowstraße,September,12,Saturday,minor,2,Stationary Traffic,Daylight,0,1,0,0,0,1,Dry,13.43046,52.53415,car + other
50525,Friedrichshain-Kreuzberg,2010101,Askanischer Platz,December,1,Saturday,minor,2,Stationary Traffic,Night,0,1,0,0,0,0,Wet,13.37767,52.50103,car + 
50526,Tempelhof-Schöneberg,7020203,Kaiser-Wilhelm-Platz,August,19,Monday,minor,0,Stationary Traffic,Daylight,0,1,0,1,0,0,Dry,13.3551,52.48545,car + motorbike + 
50527,Friedrichshain-Kreuzberg,2020202,Rathaus Yorckstraße,October,10,Tuesday,minor,2,Turning,Daylight,1,0,0,0,0,1,Dry,13.38927,52.49745,bicycle + other
50528,Charlottenburg-Wilmersdorf,4020310,Park Ruhwald,September,12,Saturday,serious,2,Stationary Traffic,Daylight,0,1,0,0,0,0,Dry,13.28303,52.52874,car + 
50529,Mitte,1033203,Humboldthain Nordwest,August,15,Monday,minor,5,Turning,Daylight,1,1,0,0,0,0,Dry,13.3699,52.5418,bicycle + car + 
50530,Friedrichshain-Kreuzberg,2020202,Rathaus Yorckstraße,April,20,Friday,minor,3,Stationary Traffic,Dawn,0,1,0,0,0,0,Dry,13.38921,52.49668,car + 
50531,Charlottenburg-Wilmersdorf,4041133,Güterbahnhof Grunewald,October,12,Monday,minor,2,Stationary Traffic,Daylight,0,1,0,0,0,1,Dry,13.28108,52.49929,car + other
50532,Pankow,3071639,Bötzowstraße,June,22,Sunday,minor,0,Other,Night,1,0,0,0,0,0,Dry,13.42518,52.52925,bicycle + 
50533,Pankow,3061332,Helmholtzplatz,September,20,Saturday,minor,0,Stationary Traffic,Dawn,0,1,0,1,0,0,Dry,13.41596,52.54057,car + motorbike + 
50535,Marzahn-Hellersdorf,10040933,Mahlsdorf Süd,June,13,Monday,minor,5,Crossing,Daylight,1,1,0,0,0,0,Dry,13.61762,52.50467,bicycle + car + 
50536,Steglitz-Zehlendorf,6040701,Wannsee,April,12,Friday,minor,0,Paralle Traffic,Daylight,1,1,0,0,0,0,Dry,13.16088,52.41965,bicycle + car + 
50537,Charlottenburg-Wilmersdorf,4020310,Park Ruhwald,November,13,Thursday,serious,2,Stationary Traffic,Daylight,0,1,0,0,0,0,Dry,13.28294,52.5286,car + 
50538,Treptow-Köpenick,9010101,Elsenstraße,June,12,Sunday,minor,5,Turning,Daylight,1,1,0,0,0,0,Dry,13.45776,52.49165,bicycle + car + 
50539,Charlottenburg-Wilmersdorf,4010101,Jungfernheide,December,15,Monday,minor,2,Stationary Traffic,Dawn,0,1,0,0,1,0,Wet,13.29587,52.54117,car + truck + 
50540,Marzahn-Hellersdorf,10010204,Wuhletalstraße,August,12,Monday,minor,5,Crossing,Daylight,0,1,0,0,0,0,Dry,13.55832,52.56293,car + 
50541,Mitte,1011102,Großer Tiergarten,April,10,Thursday,serious,5,Turning,Daylight,1,0,0,1,0,0,Dry,13.37164,52.51948,bicycle + motorbike + 
50542,Tempelhof-Schöneberg,6010209,Feuerbachstraße,October,14,Wednesday,serious,0,Stationary Traffic,Daylight,0,1,0,0,0,0,Dry,13.33537,52.46522,car + 
50543,Marzahn-Hellersdorf,10030726,Alt-Biesdorf,September,12,Saturday,minor,2,Stationary Traffic,Daylight,0,1,0,0,0,0,Dry,13.55842,52.50871,car + 
50545,Tempelhof-Schöneberg,7050502,Fritz-Werner-Straße,August,12,Monday,minor,3,Stationary Traffic,Daylight,0,1,0,0,1,0,Dry,13.38007,52.43739,car + truck + 
50546,Charlottenburg-Wilmersdorf,4051551,Brabanter Platz,April,18,Thursday,minor,3,Stationary Traffic,Daylight,0,1,0,0,1,0,Dry,13.30921,52.48206,car + truck + 
50547,Mitte,1011303,Alexanderplatzviertel,September,4,Sunday,minor,5,Crossing,Night,0,1,0,0,0,1,Wet,13.41989,52.52491,car + other
50548,Mitte,1011202,Unter den Linden Nord,June,9,Wednesday,minor,3,Turning,Daylight,0,1,0,1,1,0,Dry,13.3767,52.51615,car + motorbike + truck + 
50549,Tempelhof-Schöneberg,7040401,Neu-Tempelhof,September,0,Saturday,minor,0,Other,Night,0,0,0,0,0,1,Dry,13.38604,52.48207,other
50550,Pankow,3040614,Pankow Zentrum,December,9,Friday,minor,1,Paralle Traffic,Daylight,0,1,0,0,1,0,Dry,13.40689,52.56491,car + truck + 
50551,Steglitz-Zehlendorf,6040701,Wannsee,June,15,Sunday,minor,1,Paralle Traffic,Daylight,1,1,0,0,0,0,Dry,13.16784,52.4206,bicycle + car + 
50552,Mitte,1011303,Alexanderplatzviertel,August,11,Sunday,minor,1,Paralle Traffic,Daylight,1,1,0,0,0,0,Dry,13.40346,52.51939,bicycle + car + 
50553,Pankow,3050925,Komponistenviertel Weißensee,April,17,Thursday,minor,1,Paralle Traffic,Daylight,1,1,0,0,0,0,Dry,13.45565,52.54939,bicycle + car + 
50554,Mitte,1011303,Alexanderplatzviertel,November,23,Friday,minor,5,Other,Night,0,1,0,0,0,1,Wet,13.40324,52.51925,car + other
50555,Pankow,3040818,Pankow Süd,September,19,Saturday,minor,5,Crossing,Dawn,1,1,0,0,0,0,Dry,13.40784,52.564,bicycle + car + 
50556,Tempelhof-Schöneberg,7060601,Marienfelder Allee Nordwest,November,12,Tuesday,minor,2,Turning,Daylight,0,1,0,0,0,0,Dry,13.36194,52.41361,car + 
50557,Mitte,1044201,Reinickendorfer Straße,August,15,Saturday,minor,5,Turning,Daylight,0,1,0,0,0,0,Dry,13.36737,52.55166,car + 
50558,Mitte,1011105,Nördlicher Landwehrkanal,April,17,Thursday,minor,5,Turning,Daylight,0,1,0,1,0,0,Dry,13.36914,52.50714,car + motorbike + 
50559,Lichtenberg,11040926,Weitlingstraße,October,7,Thursday,minor,0,Other,Dawn,1,1,0,0,0,0,Wet,13.51635,52.51002,bicycle + car + 
50560,Charlottenburg-Wilmersdorf,4030622,Richard-Wagner-Straße,September,16,Saturday,minor,5,Turning,Daylight,0,1,0,0,0,1,Dry,13.30772,52.51176,car + other
50562,Charlottenburg-Wilmersdorf,4030623,Ernst-Reuter-Platz,June,15,Sunday,serious,3,Stationary Traffic,Daylight,0,1,0,1,0,0,Dry,13.32314,52.51253,car + motorbike + 
50563,Charlottenburg-Wilmersdorf,4030417,Schloßstraße,June,14,Sunday,minor,3,Stationary Traffic,Daylight,1,0,0,0,0,0,Dry,13.29835,52.51114,bicycle + 
50564,Tempelhof-Schöneberg,7030303,Grazer Platz,December,20,Tuesday,minor,2,Stationary Traffic,Night,0,1,0,0,0,0,Wet,13.35569,52.47774,car + 