id,district,lor,street,month,hour,weekday,injury,collision,movement,light_conditions,bicycle,car,pedestrian,motorbike,truck,other_vehicle,road_conditions,longitude,latitude,Combo_type
50565,Pankow,3071639,Bötzowstraße,August,21,Saturday,minor,0,Other,Dawn,0,0,0,1,0,0,Wet,13.4244,52.52892,motorbike + 
50566,Friedrichshain-Kreuzberg,2020202,Rathaus Yorckstraße,April,15,Thursday,minor,5,Turning,Daylight,1,1,0,0,0,0,Dry,13.38927,52.49747,bicycle + car + 
50567,Tempelhof-Schöneberg,7070701,Kettinger Straße/Schillerstraße,October,17,Thursday,serious,6,Other,Daylight,0,1,1,0,0,0,Dry,13.40049,52.41603,car + pedestrian + 
50568,Charlottenburg-Wilmersdorf,4030417,Schloßstraße,September,15,Saturday,minor,6,Overtaking,Daylight,1,0,1,0,0,0,Dry,13.30134,52.51134,bicycle + pedestrian + 
50570,Friedrichshain-Kreuzberg,2040703,Wriezener Bahnhof/Entwicklungsgebiet,August,3,Saturday,serious,0,Overtaking,Night,0,0,1,1,0,0,Wet,13.44873,52.50523,pedestrian + motorbike + 
50571,Charlottenburg-Wilmersdorf,4030622,Richard-Wagner-Straße,April,16,Thursday,serious,5,Turning,Daylight,1,1,0,0,0,0,Dry,13.31463,52.51202,bicycle + car + 
50572,Friedrichshain-Kreuzberg,2050802,Boxhagener Platz,September,18,Monday,minor,3,Stationary Traffic,Dawn,1,0,0,0,0,0,Dry,13.45132,52.50918,bicycle + 
50573,Mitte,1011105,Nördlicher Landwehrkanal,June,9,Wednesday,minor,5,Crossing,Daylight,1,1,0,0,0,0,Dry,13.37387,52.5092,bicycle + car + 
50574,Steglitz-Zehlendorf,6030503,Zehlendorf Mitte,September,16,Friday,minor,0,Turning,Daylight,1,1,0,0,0,0,Dry,13.26058,52.43498,bicycle + car + 
50575,Pankow,3040818,Pankow Süd,December,12,Saturday,minor,3,Stationary Traffic,Daylight,0,0,0,0,1,1,Dry,13.42848,52.57036,truck + other
50576,Steglitz-Zehlendorf,6030503,Zehlendorf Mitte,June,0,Sunday,minor,1,Driving,Night,0,1,0,0,0,0,Dry,13.26285,52.43492,car + 
50577,Pankow,3061131,Falkplatz,April,15,Thursday,minor,6,Overtaking,Daylight,1,0,1,0,0,0,Dry,13.41304,52.5457,bicycle + pedestrian + 
50578,Friedrichshain-Kreuzberg,2050602,Samariterviertel,November,23,Friday,minor,5,Turning,Night,1,1,0,0,0,0,Wet,13.45377,52.51572,bicycle + car + 
50579,Pankow,3071639,Bötzowstraße,November,17,Tuesday,minor,2,Stationary Traffic,Night,0,1,0,0,0,0,Dry,13.43226,52.53532,car + 
50580,Tempelhof-Schöneberg,7030303,Grazer Platz,August,15,Friday,minor,5,Turning,Daylight,0,1,0,0,0,0,Dry,13.35417,52.47899,car + 
50581,Marzahn-Hellersdorf,10010207,Marzahner Promenade,April,9,Thursday,minor,6,Overtaking,Daylight,0,1,1,0,0,0,Dry,13.54808,52.55067,car + pedestrian + 
50582,Mitte,1011202,Unter den Linden Nord,October,16,Thursday,minor,4,Other,Daylight,1,0,0,0,0,1,Dry,13.39561,52.51749,bicycle + other
50583,Charlottenburg-Wilmersdorf,4030417,Schloßstraße,September,14,Friday,minor,5,Crossing,Daylight,0,1,0,0,0,0,Dry,13.29993,52.51125,car + 
50585,Pankow,3071633,Thälmannpark,June,12,Sunday,serious,5,Other,Daylight,0,1,0,0,0,1,Dry,13.42664,52.53852,car + other
50586,Lichtenberg,11030721,Rüdigerstraße,August,18,Thursday,minor,6,Overtaking,Daylight,0,1,1,0,0,0,Dry,13.47752,52.51351,car + pedestrian + 
50587,Friedrichshain-Kreuzberg,2010101,Askanischer Platz,April,14,Wednesday,minor,0,Turning,Daylight,0,1,1,0,0,0,Dry,13.38864,52.49816,car + pedestrian + 
50588,Charlottenburg-Wilmersdorf,4030623,Ernst-Reuter-Platz,June,12,Friday,minor,6,Other,Daylight,0,1,1,0,0,0,Dry,13.31814,52.51225,car + pedestrian + 
50589,Spandau,5020629,Börnicker Straße,September,14,Friday,minor,2,Stationary Traffic,Daylight,0,1,0,0,0,1,Dry,13.20304,52.51181,car + other
50590,Lichtenberg,11030721,Rüdigerstraße,December,21,Saturday,minor,2,Stationary Traffic,Night,0,1,0,0,0,0,Wet,13.48764,52.51248,car + 
50591,Tempelhof-Schöneberg,7020203,Kaiser-Wilhelm-Platz,June,19,Saturday,minor,1,Paralle Traffic,Daylight,1,0,0,0,0,1,Dry,13.35763,52.48738,bicycle + other
50592,Tempelhof-Schöneberg,7040403,Manteuffelstraße,August,17,Thursday,minor,0,Stationary Traffic,Daylight,0,1,0,0,0,1,Dry,13.385,52.46193,car + other
50593,Friedrichshain-Kreuzberg,2050601,Hausburgviertel,April,18,Wednesday,minor,5,Crossing,Daylight,1,1,0,0,0,0,Dry,13.44776,52.52655,bicycle + car + 
50594,Charlottenburg-Wilmersdorf,4030622,Richard-Wagner-Straße,November,13,Sunday,minor,2,Stationary Traffic,Daylight,0,1,0,0,0,1,Wet,13.30848,52.51161,car + other
50595,Friedrichshain-Kreuzberg,2040703,Wriezener Bahnhof/Entwicklungsgebiet,August,15,Thursday,minor,0,Stationary Traffic,Daylight,1,0,1,0,0,0,Dry,13.4474,52.5034,bicycle + pedestrian + 
50596,Steglitz-Zehlendorf,6040703,Nikolassee,April,18,Wednesday,minor,5,Crossing,Daylight,1,1,0,0,0,0,Dry,13.2023,52.42307,bicycle + car + 
50597,Charlottenburg-Wilmersdorf,4041134,Bismarckallee,October,11,Friday,minor,2,Stationary Traffic,Daylight,0,1,0,0,0,1,Dry,13.28376,52.49654,car + other
50598,Reinickendorf,12231101,Hermsdorf,September,8,Friday,minor,5,Crossing,Daylight,1,1,0,0,0,0,Dry,13.31334,52.62088,bicycle + car + 
50600,Tempelhof-Schöneberg,7040401,Neu-Tempelhof,June,13,Saturday,minor,2,Stationary Traffic,Daylight,0,1,0,0,0,0,Dry,13.38553,52.47072,car + 
50601,Mitte,1011105,Nördlicher Landwehrkanal,August,15,Thursday,minor,5,Crossing,Daylight,1,1,0,0,0,0,Dry,13.36883,52.50719,bicycle + car + 
50602,Pankow,3010104,Lietzengraben,April,17,Wednesday,minor,2,Stationary Traffic,Daylight,0,1,0,0,0,0,Dry,13.44841,52.61107,car + 
50603,Marzahn-Hellersdorf,10010309,Springpfuhl,November,15,Monday,minor,1,Paralle Traffic,Dawn,0,1,0,1,0,0,Wet,13.5367,52.53259,car + motorbike + 
50604,Tempelhof-Schöneberg,7040401,Neu-Tempelhof,June,20,Tuesday,minor,1,Paralle Traffic,Daylight,1,1,0,0,0,0,Dry,13.38562,52.47442,bicycle + car + 
50605,Lichtenberg,11041027,Tierpark,September,16,Friday,minor,3,Stationary Traffic,Daylight,0,1,0,1,0,0,Dry,13.53166,52.51035,car + motorbike + 
50606,Reinickendorf,12103219,Schäfersee,December,19,Friday,minor,6,Turning,Night,0,1,1,0,0,0,Wet,13.3642,52.56369,car + pedestrian + 
50607,Mitte,1033203,Humboldthain Nordwest,August,8,Thursday,minor,2,Turning,Daylight,0,1,0,0,0,0,Dry,13.36989,52.54179,car + 
50608,Tempelhof-Schöneberg,7040403,Manteuffelstraße,April,14,Wednesday,minor,6,Overtaking,Daylight,0,1,1,0,0,0,Dry,13.38397,52.45495,car + pedestrian + 
50609,Friedrichshain-Kreuzberg,2050602,Samariterviertel,October,17,Monday,minor,6,Overtaking,Night,0,1,1,0,0,0,Wet,13.47494,52.51361,car + pedestrian + 
50610,Tempelhof-Schöneberg,7040406,Germaniagarten,September,6,Thursday,minor,3,Stationary Traffic,Night,0,1,0,0,1,0,Dry,13.41191,52.46095,car + truck + 
50611,Tempelhof-Schöneberg,7050502,Fritz-Werner-Straße,August,10,Thursday,minor,5,Crossing,Daylight,1,1,0,0,0,0,Dry,13.37767,52.43352,bicycle + car + 
50612,Marzahn-Hellersdorf,10010102,Havemannstraße,April,15,Wednesday,serious,6,Overtaking,Daylight,0,1,1,0,0,0,Dry,13.56726,52.57252,car + pedestrian + 
50613,Steglitz-Zehlendorf,6030605,Botanischer Garten,October,18,Saturday,minor,2,Stationary Traffic,Dawn,0,1,0,0,0,0,Dry,13.30496,52.44976,car + 
50614,Tempelhof-Schöneberg,7040405,Rathaus Tempelhof,June,23,Saturday,minor,3,Stationary Traffic,Night,0,1,0,0,0,0,Dry,13.39797,52.46618,car + 
50615,Tempelhof-Schöneberg,7020202,Volkspark (Rudolf-Wilde-Park),September,16,Thursday,minor,2,Stationary Traffic,Daylight,0,1,0,0,0,0,Dry,13.34837,52.48174,car + 
50617,Mitte,1022202,Heidestraße,June,21,Saturday,minor,2,Stationary Traffic,Dawn,0,1,0,0,0,0,Dry,13.36364,52.53521,car + 
50618,Steglitz-Zehlendorf,6040701,Wannsee,April,9,Wednesday,minor,5,Turning,Daylight,0,1,0,0,0,0,Dry,13.1754,52.41997,car + 
50619,Mitte,1022202,Heidestraße,November,7,Wednesday,minor,2,Stationary Traffic,Daylight,0,1,0,0,0,0,Dry,13.3693,52.52878,car + 
50620,Reinickendorf,12214125,Waldidyll/Flughafensee,June,12,Saturday,minor,0,Other,Daylight,0,1,0,0,0,0,Dry,13.30488,52.55295,car + 
50621,Charlottenburg-Wilmersdorf,4020310,Park Ruhwald,December,18,Sunday,minor,3,Stationary Traffic,Night,0,1,0,0,1,0,Dry,13.28248,52.52822,car + truck + 
50622,Friedrichshain-Kreuzberg,2040701,Andreasviertel,August,7,Thursday,minor,1,Stationary Traffic,Daylight,0,1,0,0,0,0,Dry,13.42753,52.51868,car + 
50623,Friedrichshain-Kreuzberg,2050602,Samariterviertel,April,8,Wednesday,serious,0,Turning,Daylight,1,1,0,0,0,0,Dry,13.46093,52.51517,bicycle + car + 
50624,Tempelhof-Schöneberg,7030303,Grazer Platz,October,8,Tuesday,minor,2,Stationary Traffic,Daylight,0,1,0,1,0,0,Dry,13.34735,52.47633,car + motorbike + 
50625,Mitte,1011303,Alexanderplatzviertel,September,15,Thursday,minor,3,Stationary Traffic,Daylight,0,1,0,0,0,0,Dry,13.41246,52.51924,car + 
50627,Friedrichshain-Kreuzberg,2040502,Friedenstraße,July,11,Wednesday,serious,0,Other,Daylight,1,0,0,0,0,0,Dry,13.43849,52.51744,bicycle + 
50628,Tempelhof-Schöneberg,7030303,Grazer Platz,April,11,Tuesday,serious,2,Stationary Traffic,Daylight,0,1,0,0,1,0,Dry,13.35192,52.47408,car + truck + 
50629,Charlottenburg-Wilmersdorf,4051551,Brabanter Platz,September,14,Saturday,minor,2,Stationary Traffic,Daylight,0,1,0,0,0,0,Wet,13.31421,52.47934,car + 
50630,Pankow,3050925,Komponistenviertel Weißensee,June,9,Tuesday,minor,3,Stationary Traffic,Daylight,1,0,0,0,0,1,Dry,13.44928,52.54766,bicycle + other
50631,Steglitz-Zehlendorf,6030605,Botanischer Garten,September,13,Thursday,serious,0,Other,Daylight,1,0,0,0,0,0,Dry,13.28608,52.44299,bicycle + 
50632,Treptow-Köpenick,9010301,Baumschulenstraße,December,14,Friday,minor,3,Stationary Traffic,Daylight,0,1,0,0,0,1,Wet,13.48535,52.47303,car + other
50633,Mitte,1011204,Leipziger Straße,June,1,Saturday,minor,2,Stationary Traffic,Night,0,1,0,0,0,0,Dry,13.40437,52.51298,car + 
50634,Mitte,1011105,Nördlicher Landwehrkanal,July,22,Wednesday,minor,5,Turning,Night,1,1,0,0,0,0,Wet,13.36835,52.50632,bicycle + car + 
50635,Charlottenburg-Wilmersdorf,4041239,Stadion Wilmersdorf,April,10,Tuesday,minor,2,Stationary Traffic,Daylight,0,1,0,0,0,0,Dry,13.30455,52.48451,car + 
50636,Lichtenberg,11030721,Rüdigerstraße,November,7,Wednesday,serious,5,Turning,Daylight,1,1,0,0,0,0,Wet,13.49411,52.51183,bicycle + car + 
50637,Spandau,5020524,Weinmeisterhornweg,November,14,Sunday,minor,5,Crossing,Daylight,0,1,0,1,0,0,Dry,13.18009,52.51644,car + motorbike + 
50638,Friedrichshain-Kreuzberg,2050602,Samariterviertel,July,14,Wednesday,minor,0,Stationary Traffic,Daylight,1,0,0,0,0,0,Dry,13.47056,52.51406,bicycle + 
50639,Pankow,2040501,Barnimkiez,April,5,Tuesday,serious,6,Other,Daylight,0,1,0,0,0,1,Dry,13.42207,52.52673,car + other
50640,Friedrichshain-Kreuzberg,2050602,Samariterviertel,October,10,Wednesday,minor,6,Other,Daylight,0,0,1,0,0,1,Wet,13.47404,52.51385,pedestrian + other
50641,Friedrichshain-Kreuzberg,2040503,Richard-Sorge-Viertel,September,9,Thursday,minor,3,Stationary Traffic,Daylight,1,0,0,0,0,0,Dry,13.4432,52.51697,bicycle + 
50643,Tempelhof-Schöneberg,7050502,Fritz-Werner-Straße,May,6,Friday,minor,5,Crossing,Daylight,0,1,0,0,0,0,Dry,13.38732,52.44017,car + 
50644,Charlottenburg-Wilmersdorf,4020313,Königin-Elisabeth-Straße,July,13,Wednesday,minor,5,Turning,Daylight,1,0,0,0,1,0,Dry,13.282,52.50994,bicycle + truck + 
50645,Steglitz-Zehlendorf,6030503,Zehlendorf Mitte,April,11,Tuesday,minor,5,Other,Daylight,1,1,0,0,0,0,Dry,13.26394,52.43518,bicycle + car + 
50646,Treptow-Köpenick,9010101,Elsenstraße,June,20,Thursday,minor,6,Overtaking,Daylight,1,0,1,0,0,0,Dry,13.45841,52.49238,bicycle + pedestrian + 
50647,Tempelhof-Schöneberg,7040406,Germaniagarten,September,6,Thursday,minor,2,Stationary Traffic,Daylight,0,1,0,0,0,1,Wet,13.4151,52.46077,car + other
50648,Pankow,3071639,Bötzowstraße,December,7,Wednesday,minor,6,Turning,Daylight,0,1,1,0,0,0,Dry,13.42918,52.53305,car + pedestrian + 
50649,Charlottenburg-Wilmersdorf,4030622,Richard-Wagner-Straße,May,13,Friday,minor,5,Turning,Daylight,1,1,0,0,0,0,Dry,13.31153,52.51181,bicycle + car + 
50650,Mitte,1011303,Alexanderplatzviertel,July,18,Tuesday,minor,6,Stationary Traffic,Daylight,0,0,1,0,0,1,Dry,13.41687,52.52217,pedestrian + other
50651,Charlottenburg-Wilmersdorf,4051551,Brabanter Platz,November,5,Friday,minor,5,Turning,Night,0,1,0,0,0,0,Dry,13.3191,52.4782,car + 
50652,Mitte,1011105,Nördlicher Landwehrkanal,July,23,Tuesday,minor,5,Crossing,Night,1,0,0,0,0,1,Dry,13.37367,52.50918,bicycle + other
50653,Mitte,1044203,Leopoldplatz,September,17,Friday,minor,2,Stationary Traffic,Daylight,0,1,0,0,0,0,Wet,13.36574,52.5556,car + 
50654,Mitte,1011105,Nördlicher Landwehrkanal,April,11,Tuesday,minor,2,Stationary Traffic,Daylight,0,1,0,1,0,0,Dry,13.37229,52.50501,car + motorbike + 
50655,Charlottenburg-Wilmersdorf,4030417,Schloßstraße,October,0,Thursday,minor,5,Crossing,Night,0,1,0,0,0,0,Wet,13.30149,52.51135,car + 
50656,Lichtenberg,11041022,Rosenfelder Ring,September,5,Thursday,minor,2,Stationary Traffic,Night,0,1,0,0,1,0,Wet,13.50519,52.51073,car + truck + 
50658,Pankow,3040818,Pankow Süd,May,19,Friday,serious,1,Paralle Traffic,Dawn,1,1,0,0,0,0,Wet,13.41206,52.55983,bicycle + car + 
50659,Pankow,3040614,Pankow Zentrum,July,22,Tuesday,minor,3,Turning,Night,0,1,0,1,0,0,Dry,13.40336,52.56938,car + motorbike + 
50660,Mitte,1022202,Heidestraße,April,14,Tuesday,minor,2,Stationary Traffic,Daylight,0,1,0,0,0,1,Dry,13.36553,52.53328,car + other
50661,Tempelhof-Schöneberg,7040403,Manteuffelstraße,November,11,Sunday,minor,2,Turning,Daylight,0,1,0,0,0,0,Wet,13.3855,52.46942,car + 
50662,Reinickendorf,12103218,Teichstraße,June,23,Saturday,minor,2,Other,Night,0,0,0,0,0,1,Dry,13.35357,52.57368,other
50663,Tempelhof-Schöneberg,7050501,Rathausstraße,September,11,Wednesday,minor,2,Other,Daylight,0,1,0,1,0,0,Dry,13.38129,52.43879,car + motorbike + 
50664,Mitte,1044201,Reinickendorfer Straße,December,17,Thursday,minor,2,Stationary Traffic,Night,0,1,0,0,0,1,Dry,13.36736,52.55141,car + other
50665,Pankow,3061131,Falkplatz,July,10,Tuesday,minor,5,Turning,Daylight,1,1,0,0,0,0,Dry,13.41232,52.5411,bicycle + car + 
50666,Pankow,3020209,Niederschönhausen,April,15,Tuesday,minor,5,Turning,Daylight,1,1,0,0,0,0,Dry,13.40257,52.59237,bicycle + car + 
50667,Reinickendorf,12103115,Breitkopfbecken,July,12,Tuesday,minor,9,Driving,Daylight,0,1,0,0,0,0,Dry,13.35923,52.57314,car + 
50668,Tempelhof-Schöneberg,7070701,Kettinger Straße/Schillerstraße,April,16,Tuesday,minor,6,Overtaking,Daylight,0,1,1,0,0,0,Dry,13.40026,52.41644,car + pedestrian + 
50669,Mitte,1011102,Großer Tiergarten,June,16,Thursday,minor,2,Stationary Traffic,Daylight,0,1,0,1,0,0,Dry,13.36349,52.51542,car + motorbike + 
50670,Tempelhof-Schöneberg,7050501,Rathausstraße,September,9,Wednesday,minor,3,Stationary Traffic,Daylight,0,1,0,0,1,0,Dry,13.38474,52.45075,car + truck + 
50671,Friedrichshain-Kreuzberg,2040701,Andreasviertel,December,6,Friday,minor,2,Turning,Night,1,1,0,0,0,0,Frozen,13.43651,52.51764,bicycle + car + 
50672,Reinickendorf,12103115,Breitkopfbecken,May,19,Friday,serious,9,Driving,Daylight,0,1,0,0,0,0,Wet,13.35918,52.57316,car + 
50673,Pankow,3050925,Komponistenviertel Weißensee,July,22,Monday,minor,1,Paralle Traffic,Night,1,1,0,0,0,0,Wet,13.45146,52.54833,bicycle + car + 
50674,Treptow-Köpenick,9010302,Späthsfelde,November,19,Friday,serious,3,Stationary Traffic,Night,0,1,0,0,1,0,Wet,13.47633,52.4442,car + truck + 
50675,Mitte,1011303,Alexanderplatzviertel,July,19,Monday,minor,0,Stationary Traffic,Daylight,1,1,0,0,0,0,Wet,13.41591,52.52221,bicycle + car + 
50676,Charlottenburg-Wilmersdorf,4010101,Jungfernheide,April,16,Tuesday,minor,2,Stationary Traffic,Daylight,0,1,0,0,0,0,Dry,13.28441,52.53051,car + 
50677,Tempelhof-Schöneberg,7050502,Fritz-Werner-Straße,October,1,Friday,serious,5,Crossing,Night,0,1,0,0,0,0,Wet,13.3761,52.43019,car + 
50678,Tempelhof-Schöneberg,7040402,Lindenhofsiedlung,September,8,Wednesday,minor,2,Stationary Traffic,Daylight,0,1,0,0,0,0,Dry,13.36655,52.4723,car + 
50680,Friedrichshain-Kreuzberg,2050602,Samariterviertel,May,12,Friday,minor,5,Turning,Daylight,1,1,0,0,0,0,Dry,13.46754,52.51451,bicycle + car + 
50681,Mitte,1033203,Humboldthain Nordwest,July,19,Monday,minor,5,Turning,Daylight,1,1,0,0,0,0,Wet,13.36982,52.54322,bicycle + car + 
50682,Treptow-Köpenick,9010402,Johannisthal Ost,April,3,Monday,minor,9,Driving,Night,0,1,0,0,0,0,Dry,13.50513,52.43023,car + 
50683,Tempelhof-Schöneberg,7040405,Rathaus Tempelhof,November,18,Monday,minor,2,Stationary Traffic,Night,0,1,0,0,0,0,Wet,13.39526,52.46704,car + 
50684,Treptow-Köpenick,9020601,Schnellerstraße,June,16,Sunday,minor,2,Stationary Traffic,Daylight,0,0,0,1,0,0,Dry,13.51175,52.45508,motorbike + 
50685,Mitte,1011204,Leipziger Straße,September,7,Wednesday,minor,2,Stationary Traffic,Daylight,0,0,0,1,1,0,Dry,13.40191,52.51158,motorbike + truck + 
50686,Tempelhof-Schöneberg,7030303,Grazer Platz,December,7,Friday,minor,2,Stationary Traffic,Dawn,0,1,0,0,0,0,Wet,13.35399,52.47913,car + 
50687,Tempelhof-Schöneberg,7030303,Grazer Platz,July,19,Monday,minor,5,Crossing,Daylight,0,1,0,0,0,1,Wet,13.34703,52.4766,car + other
50688,Pankow,3040614,Pankow Zentrum,April,10,Saturday,minor,0,Turning,Daylight,0,1,0,0,0,1,Dry,13.40338,52.56939,car + other
50689,Tempelhof-Schöneberg,7050502,Fritz-Werner-Straße,October,6,Monday,minor,0,Crossing,Dawn,1,0,0,0,0,0,Wet,13.37719,52.4325,bicycle + 
50690,Treptow-Köpenick,9010101,Elsenstraße,September,8,Tuesday,minor,2,Stationary Traffic,Daylight,0,1,0,0,0,0,Dry,13.45911,52.49289,car + 
50691,Steglitz-Zehlendorf,6030503,Zehlendorf Mitte,July,16,Monday,minor,0,Paralle Traffic,Daylight,1,1,0,0,0,0,Dry,13.25773,52.43565,bicycle + car + 
50692,Friedrichshain-Kreuzberg,2050602,Samariterviertel,April,12,Friday,minor,6,Stationary Traffic,Daylight,1,0,1,0,0,0,Dry,13.45716,52.51557,bicycle + pedestrian + 
50693,Tempelhof-Schöneberg,7050502,Fritz-Werner-Straße,October,17,Friday,minor,5,Crossing,Dawn,0,1,0,0,0,0,Wet,13.3783,52.43483,car + 
50694,Charlottenburg-Wilmersdorf,4020311,Reichsstraße,June,15,Friday,minor,5,Turning,Daylight,0,1,0,0,0,0,Dry,13.27139,52.50942,car + 
50695,Pankow,3040818,Pankow Süd,September,16,Tuesday,minor,5,Turning,Daylight,1,1,0,0,0,0,Dry,13.41374,52.55769,bicycle + car + 
50697,Charlottenburg-Wilmersdorf,4020311,Reichsstraße,May,14,Thursday,minor,2,Stationary Traffic,Daylight,0,1,0,0,0,0,Dry,13.26021,52.50863,car + 
50698,Charlottenburg-Wilmersdorf,4020313,Königin-Elisabeth-Straße,April,10,Friday,minor,2,Stationary Traffic,Daylight,0,0,0,1,0,0,Dry,13.28165,52.51008,motorbike + 
50699,Mitte,1011204,Leipziger Straße,November,22,Monday,minor,3,Stationary Traffic,Night,0,1,0,0,0,0,Dry,13.38847,52.51027,car + 
50700,Mitte,1011303,Alexanderplatzviertel,May,4,Thursday,minor,5,Crossing,Dawn,1,1,0,0,0,0,Dry,13.41988,52.5249,bicycle + car + 
50701,Reinickendorf,12304314,Ziekowstraße/Freie Scholle,November,12,Saturday,minor,2,Stationary Traffic,Daylight,0,1,0,0,0,0,Dry,13.28709,52.59247,car + 
50702,Charlottenburg-Wilmersdorf,4020310,Park Ruhwald,July,14,Monday,minor,3,Stationary Traffic,Daylight,0,1,0,0,0,0,Dry,13.28178,52.5219,car + 
50703,Tempelhof-Schöneberg,7050502,Fritz-Werner-Straße,April,14,Friday,minor,2,Turning,Daylight,0,0,0,0,0,1,Dry,13.37831,52.43485,other
50704,Tempelhof-Schöneberg,7060601,Marienfelder Allee Nordwest,October,16,Tuesday,serious,1,Paralle Traffic,Daylight,0,1,0,1,0,0,Dry,13.36393,52.41421,car + motorbike + 
50705,Mitte,1011105,Nördlicher Landwehrkanal,September,15,Tuesday,minor,2,Turning,Daylight,0,0,0,1,1,0,Dry,13.37305,52.50913,motorbike + truck + 
50707,Treptow-Köpenick,9020601,Schnellerstraße,July,13,Monday,minor,2,Stationary Traffic,Daylight,0,1,0,1,0,0,Dry,13.50308,52.46124,car + motorbike + 
50708,Spandau,5020629,Börnicker Straße,April,15,Friday,minor,0,Driving,Daylight,0,0,0,1,0,0,Dry,13.21195,52.51002,motorbike + 
50709,Mitte,1011303,Alexanderplatzviertel,September,17,Friday,serious,6,Other,Daylight,0,0,1,0,0,1,Dry,13.40351,52.51925,pedestrian + other
50710,Friedrichshain-Kreuzberg,2050802,Boxhagener Platz,June,19,Monday,minor,1,Paralle Traffic,Daylight,1,1,0,0,0,0,Dry,13.45189,52.51145,bicycle + car + 
50711,Marzahn-Hellersdorf,10040830,Kaulsdorf Süd,September,11,Tuesday,minor,0,Other,Daylight,0,1,0,0,0,0,Dry,13.58903,52.50499,car + 
50712,Friedrichshain-Kreuzberg,2050802,Boxhagener Platz,December,19,Tuesday,minor,1,Paralle Traffic,Night,1,1,0,0,0,1,Dry,13.45257,52.51191,bicycle + car + other
50713,Lichtenberg,11041022,Rosenfelder Ring,May,20,Wednesday,minor,2,Other,Daylight,0,1,0,0,0,1,Dry,13.50284,52.51093,car + other
50714,Mitte,1011303,Alexanderplatzviertel,July,10,Monday,minor,5,Crossing,Daylight,0,1,0,0,0,1,Dry,13.41123,52.51879,car + other
50715,Tempelhof-Schöneberg,7030303,Grazer Platz,April,10,Thursday,minor,3,Stationary Traffic,Daylight,0,1,0,0,0,0,Dry,13.35317,52.47629,car + 
50716,Mitte,1011105,Nördlicher Landwehrkanal,November,12,Wednesday,minor,5,Other,Daylight,0,1,0,0,0,0,Wet,13.3692,52.50725,car + 
50717,Tempelhof-Schöneberg,7050502,Fritz-Werner-Straße,November,13,Saturday,serious,6,Other,Daylight,0,1,1,0,0,0,Dry,13.39236,52.42978,car + pedestrian + 
50718,Steglitz-Zehlendorf,6010209,Feuerbachstraße,July,11,Monday,serious,2,Other,Daylight,0,1,0,0,0,0,Dry,13.32846,52.46058,car + 
50719,Pankow,3061126,Arnimplatz,April,20,Thursday,minor,0,Stationary Traffic,Daylight,0,0,0,0,0,1,Dry,13.41369,52.55039,other
50720,Lichtenberg,11041022,Rosenfelder Ring,October,9,Tuesday,minor,6,Turning,Daylight,0,1,1,0,0,0,Dry,13.50446,52.51065,car + pedestrian + 
50721,Reinickendorf,12103219,Schäfersee,September,9,Tuesday,minor,1,Other,Daylight,0,1,1,0,0,1,Dry,13.36406,52.56449,car + pedestrian + other
50723,Friedrichshain-Kreuzberg,2050602,Samariterviertel,May,22,Wednesday,minor,3,Stationary Traffic,Night,0,1,0,1,0,0,Dry,13.45923,52.5152,car + motorbike + 
50724,Tempelhof-Schöneberg,7040401,Neu-Tempelhof,July,8,Monday,minor,0,Other,Daylight,1,0,0,0,0,0,Dry,13.38587,52.47485,bicycle + 
50725,Friedrichshain-Kreuzberg,2050601,Hausburgviertel,April,22,Thursday,minor,5,Turning,Night,0,1,0,0,0,1,Dry,13.44748,52.52635,car + other
50726,Tempelhof-Schöneberg,7070703,John-Locke-Straße,November,18,Thursday,minor,3,Stationary Traffic,Night,0,1,0,0,0,0,Wet,13.40733,52.39015,car + 
50727,Tempelhof-Schöneberg,7040405,Rathaus Tempelhof,June,14,Thursday,minor,2,Stationary Traffic,Daylight,0,1,0,0,0,0,Dry,13.38613,52.46968,car + 
50728,Charlottenburg-Wilmersdorf,4020311,Reichsstraße,September,12,Tuesday,minor,0,Crossing,Daylight,1,1,0,0,0,0,Dry,13.27777,52.50967,bicycle + car + 
50729,Charlottenburg-Wilmersdorf,4030622,Richard-Wagner-Straße,December,20,Tuesday,minor,5,Crossing,Night,1,1,0,0,0,0,Wet,13.30744,52.51174,bicycle + car + 
50730,Marzahn-Hellersdorf,10010204,Wuhletalstraße,July,8,Sunday,serious,9,Driving,Daylight,0,1,0,0,0,0,Dry,13.558,52.56251,car + 
50731,Friedrichshain-Kreuzberg,2020203,Viktoriapark,October,4,Thursday,minor,8,Driving,Night,0,1,0,0,0,0,Dry,13.38609,52.48663,car + 
50732,Steglitz-Zehlendorf,6010103,Markelstraße,July,23,Sunday,minor,0,Other,Night,0,1,0,0,0,0,Dry,13.31231,52.46589,car + 
50733,Friedrichshain-Kreuzberg,2020203,Viktoriapark,September,15,Friday,minor,2,Stationary Traffic,Daylight,0,1,0,0,0,0,Wet,13.38607,52.48637,car + 
50734,Steglitz-Zehlendorf,6030503,Zehlendorf Mitte,April,18,Thursday,minor,0,Driving,Daylight,0,0,0,1,0,0,Dry,13.24182,52.43355,motorbike + 
50735,Charlottenburg-Wilmersdorf,4041133,Güterbahnhof Grunewald,October,9,Wednesday,minor,2,Stationary Traffic,Daylight,0,1,0,0,0,0,Dry,13.28146,52.49884,car + 