id,district,lor,street,month,hour,weekday,injury,collision,movement,light_conditions,bicycle,car,pedestrian,motorbike,truck,other_vehicle,road_conditions,longitude,latitude,Combo_type
50736,Charlottenburg-Wilmersdorf,4020311,Reichsstraße,September,12,Tuesday,minor,0,Crossing,Daylight,1,1,0,0,0,0,Dry,13.27776,52.50966,bicycle + car + 
50738,Mitte,1044203,Leopoldplatz,May,21,Wednesday,minor,2,Stationary Traffic,Daylight,0,1,0,0,0,1,Dry,13.36575,52.55552,car + other
50739,Friedrichshain-Kreuzberg,2050602,Samariterviertel,July,19,Sunday,minor,5,Turning,Daylight,0,1,0,0,0,0,Dry,13.45423,52.5157,car + 
50740,Friedrichshain-Kreuzberg,2050601,Hausburgviertel,April,10,Thursday,minor,6,Overtaking,Daylight,1,0,1,0,0,0,Dry,13.45004,52.5226,bicycle + pedestrian + 
50741,Mitte,1011105,Nördlicher Landwehrkanal,November,16,Saturday,serious,0,Crossing,Dawn,1,0,0,0,0,1,Dry,13.37057,52.50877,bicycle + other
50742,Treptow-Köpenick,9010102,Am Treptower Park Nord,June,18,Saturday,serious,3,Stationary Traffic,Daylight,0,1,0,0,0,0,Dry,13.47423,52.48838,car + 
50743,Reinickendorf,12103117,Letteplatz,December,11,Wednesday,minor,3,Stationary Traffic,Daylight,0,1,0,1,0,0,Dry,13.36487,52.56132,car + motorbike + 
50744,Spandau,5040936,Jägerallee,July,18,Sunday,serious,5,Crossing,Daylight,1,1,0,0,0,0,Dry,13.12628,52.47857,bicycle + car + 
50745,Friedrichshain-Kreuzberg,2020202,Rathaus Yorckstraße,April,9,Thursday,minor,1,Paralle Traffic,Daylight,0,1,0,0,0,1,Dry,13.38447,52.4986,car + other
50746,Tempelhof-Schöneberg,7050502,Fritz-Werner-Straße,October,17,Friday,minor,5,Crossing,Daylight,0,1,0,0,0,0,Dry,13.37552,52.42896,car + 
50747,Mitte,1011104,Körnerstraße,September,15,Monday,minor,0,Other,Daylight,1,0,0,0,0,0,Wet,13.36671,52.5042,bicycle + 
50748,Charlottenburg-Wilmersdorf,4020208,Kranzallee,July,23,Saturday,minor,5,Turning,Night,0,1,0,1,0,0,Dry,13.25815,52.50851,car + motorbike + 
50749,Treptow-Köpenick,9020601,Schnellerstraße,April,10,Thursday,serious,5,Crossing,Daylight,1,1,0,0,0,0,Dry,13.51311,52.45416,bicycle + car + 
50750,Pankow,3020209,Niederschönhausen,October,8,Wednesday,minor,2,Other,Dawn,1,1,0,0,0,0,Wet,13.40252,52.586,bicycle + car + 
50751,Marzahn-Hellersdorf,10030726,Alt-Biesdorf,June,7,Thursday,serious,5,Turning,Daylight,1,1,0,0,0,0,Dry,13.55339,52.50935,bicycle + car + 
50752,Mitte,1033203,Humboldthain Nordwest,September,11,Monday,minor,5,Turning,Daylight,0,1,0,0,0,0,Wet,13.36838,52.54108,car + 
50753,Tempelhof-Schöneberg,7070703,John-Locke-Straße,December,14,Thursday,minor,1,Paralle Traffic,Daylight,0,1,0,0,0,1,Wet,13.40736,52.38951,car + other
50754,Friedrichshain-Kreuzberg,2050602,Samariterviertel,May,10,Wednesday,minor,2,Stationary Traffic,Daylight,0,1,0,1,0,0,Dry,13.47378,52.51387,car + motorbike + 
50755,Mitte,1044102,Schillerpark,April,17,Thursday,minor,2,Stationary Traffic,Daylight,0,1,0,0,0,0,Dry,13.36551,52.55795,car + 
50756,Mitte,1022202,Heidestraße,November,5,Sunday,minor,8,Driving,Night,0,1,0,0,0,1,Wet,13.36443,52.5344,car + other
50757,Charlottenburg-Wilmersdorf,4030623,Ernst-Reuter-Platz,May,11,Wednesday,minor,5,Other,Daylight,1,1,0,0,0,0,Dry,13.32569,52.51293,bicycle + car + 
50758,Pankow,3040614,Pankow Zentrum,November,18,Thursday,minor,5,Turning,Night,1,1,0,0,0,0,Wet,13.40338,52.56939,bicycle + car + 
50759,Charlottenburg-Wilmersdorf,4030417,Schloßstraße,July,22,Saturday,serious,0,Driving,Night,1,0,0,0,0,0,Dry,13.29922,52.5112,bicycle + 
50760,Marzahn-Hellersdorf,10010308,Marzahner Chaussee,April,7,Wednesday,serious,5,Turning,Daylight,0,1,0,1,0,1,Dry,13.54028,52.51,car + motorbike + other
50761,Pankow,3020209,Niederschönhausen,October,14,Sunday,minor,5,Turning,Daylight,1,1,0,0,0,0,Dry,13.40169,52.58995,bicycle + car + 
50762,Charlottenburg-Wilmersdorf,4020314,Messegelände,September,23,Monday,minor,9,Driving,Night,0,1,0,0,0,0,Wet,13.28029,52.50167,car + 
50764,Charlottenburg-Wilmersdorf,4020313,Königin-Elisabeth-Straße,May,17,Wednesday,minor,3,Stationary Traffic,Daylight,0,1,0,0,0,0,Dry,13.27853,52.50988,car + 
50765,Friedrichshain-Kreuzberg,2040503,Richard-Sorge-Viertel,July,10,Saturday,minor,3,Stationary Traffic,Daylight,1,1,0,0,0,0,Dry,13.45196,52.51609,bicycle + car + 
50766,Spandau,5020524,Weinmeisterhornweg,April,11,Wednesday,minor,2,Stationary Traffic,Daylight,0,1,0,0,0,1,Dry,13.18175,52.5161,car + other
50767,Friedrichshain-Kreuzberg,2020202,Rathaus Yorckstraße,October,20,Saturday,minor,0,Other,Night,0,0,0,1,0,0,Dry,13.38792,52.49347,motorbike + 
50768,Tempelhof-Schöneberg,7030303,Grazer Platz,September,21,Monday,minor,5,Crossing,Night,0,1,0,0,1,0,Wet,13.35911,52.47434,car + truck + 
50769,Pankow,3061126,Arnimplatz,July,10,Saturday,minor,2,Stationary Traffic,Daylight,0,1,0,1,0,0,Dry,13.41373,52.55057,car + motorbike + 
50770,Charlottenburg-Wilmersdorf,4020208,Kranzallee,April,12,Wednesday,minor,2,Stationary Traffic,Daylight,0,1,0,0,0,0,Dry,13.24538,52.50772,car + 
50771,Mitte,1033203,Humboldthain Nordwest,October,6,Wednesday,minor,2,Stationary Traffic,Night,0,1,0,0,0,1,Wet,13.36889,52.53906,car + other
50772,Mitte,1033203,Humboldthain Nordwest,June,8,Friday,minor,5,Turning,Daylight,1,1,0,0,0,0,Dry,13.37019,52.53996,bicycle + car + 
50773,Charlottenburg-Wilmersdorf,4020313,Königin-Elisabeth-Straße,September,19,Monday,minor,5,Crossing,Night,0,1,0,0,1,0,Wet,13.28512,52.51097,car + truck + 
50774,Pankow,3020209,Niederschönhausen,December,7,Saturday,minor,4,Stationary Traffic,Daylight,0,1,0,0,0,0,Dry,13.40181,52.58696,car + 
50775,Pankow,3040818,Pankow Süd,May,13,Wednesday,minor,5,Turning,Daylight,0,1,0,0,0,1,Dry,13.41346,52.55867,car + other
50776,Tempelhof-Schöneberg,7040405,Rathaus Tempelhof,April,13,Wednesday,minor,3,Stationary Traffic,Daylight,0,1,0,0,1,0,Dry,13.40675,52.46202,car + truck + 
50777,Reinickendorf,12224230,Heiligensee,November,14,Sunday,minor,2,Stationary Traffic,Daylight,0,1,0,0,0,0,Dry,13.24801,52.61438,car + 
50778,Tempelhof-Schöneberg,7040405,Rathaus Tempelhof,May,15,Wednesday,serious,9,Driving,Daylight,0,0,0,1,0,0,Dry,13.41052,52.46003,motorbike + 
50779,Tempelhof-Schöneberg,7040403,Manteuffelstraße,November,13,Saturday,serious,0,Driving,Daylight,0,0,0,1,0,0,Wet,13.38343,52.46963,motorbike + 
50780,Treptow-Köpenick,9020601,Schnellerstraße,July,0,Saturday,serious,5,Crossing,Night,1,0,0,1,0,0,Dry,13.51318,52.45411,bicycle + motorbike + 
50781,Reinickendorf,12103219,Schäfersee,April,14,Wednesday,minor,0,Turning,Daylight,1,0,0,0,0,1,Dry,13.36442,52.56373,bicycle + other
50782,Charlottenburg-Wilmersdorf,4030417,Schloßstraße,October,13,Monday,minor,2,Stationary Traffic,Daylight,1,1,0,0,0,0,Dry,13.29446,52.51089,bicycle + car + 
50783,Charlottenburg-Wilmersdorf,4020311,Reichsstraße,September,15,Monday,minor,4,Driving,Daylight,0,1,0,0,0,0,Wet,13.26002,52.50862,car + 
50785,Tempelhof-Schöneberg,7050502,Fritz-Werner-Straße,May,7,Wednesday,minor,5,Crossing,Daylight,1,0,0,0,0,0,Dry,13.39271,52.42977,bicycle + 
50786,Mitte,1011303,Alexanderplatzviertel,July,23,Friday,serious,0,Other,Night,0,0,0,1,0,1,Dry,13.40291,52.51896,motorbike + other
50787,Mitte,1011105,Nördlicher Landwehrkanal,April,15,Wednesday,minor,2,Stationary Traffic,Daylight,0,1,0,0,0,1,Dry,13.37228,52.50501,car + other
50788,Pankow,3020209,Niederschönhausen,June,14,Monday,serious,0,Crossing,Daylight,0,0,0,1,1,0,Dry,13.39831,52.5793,motorbike + truck + 
50789,Friedrichshain-Kreuzberg,2010101,Askanischer Platz,September,9,Monday,minor,2,Stationary Traffic,Daylight,0,1,0,0,0,0,Wet,13.38914,52.49801,car + 
50790,Mitte,1011204,Leipziger Straße,December,19,Monday,minor,5,Crossing,Night,1,1,0,0,0,0,Wet,13.40459,52.51313,bicycle + car + 
50791,Friedrichshain-Kreuzberg,2050602,Samariterviertel,May,9,Wednesday,minor,5,Turning,Daylight,1,0,0,0,0,1,Dry,13.45422,52.51583,bicycle + other
50792,Tempelhof-Schöneberg,7040401,Neu-Tempelhof,July,12,Friday,minor,1,Paralle Traffic,Daylight,0,1,0,0,0,1,Dry,13.38589,52.47594,car + other
50793,Charlottenburg-Wilmersdorf,4030622,Richard-Wagner-Straße,April,17,Tuesday,minor,3,Stationary Traffic,Daylight,0,1,0,1,0,0,Dry,13.31217,52.51186,car + motorbike + 
50794,Steglitz-Zehlendorf,6030605,Botanischer Garten,November,14,Tuesday,minor,2,Stationary Traffic,Daylight,0,1,0,0,0,0,Wet,13.3031,52.44903,car + 
50795,Mitte,1033203,Humboldthain Nordwest,November,13,Friday,serious,5,Crossing,Daylight,0,1,0,0,0,0,Dry,13.37057,52.53997,car + 
50796,Charlottenburg-Wilmersdorf,4030417,Schloßstraße,July,12,Friday,minor,2,Stationary Traffic,Daylight,0,1,0,0,0,0,Dry,13.30116,52.51114,car + 
50797,Charlottenburg-Wilmersdorf,7030301,Friedenau,April,21,Tuesday,minor,2,Stationary Traffic,Night,0,1,0,0,0,0,Dry,13.33724,52.47817,car + 
50798,Steglitz-Zehlendorf,6010101,Fichtenberg,October,15,Monday,minor,5,Other,Daylight,0,1,0,0,0,0,Dry,13.31431,52.45308,car + 
50799,Treptow-Köpenick,9010101,Elsenstraße,September,8,Monday,minor,3,Stationary Traffic,Daylight,0,1,0,0,0,1,Wet,13.46081,52.49393,car + other
50801,Charlottenburg-Wilmersdorf,4020208,Kranzallee,May,7,Wednesday,serious,5,Other,Daylight,0,1,0,1,0,0,Dry,13.22889,52.50673,car + motorbike + 
50802,Charlottenburg-Wilmersdorf,4020208,Kranzallee,July,18,Friday,minor,2,Stationary Traffic,Daylight,0,1,0,0,0,0,Dry,13.22634,52.50712,car + 
50803,Lichtenberg,11030721,Rüdigerstraße,April,20,Tuesday,minor,1,Paralle Traffic,Night,0,1,0,1,0,0,Dry,13.48103,52.51314,car + motorbike + 
50804,Friedrichshain-Kreuzberg,2040502,Friedenstraße,November,21,Wednesday,minor,3,Stationary Traffic,Night,0,1,0,0,0,1,Dry,13.43886,52.51726,car + other
50805,Charlottenburg-Wilmersdorf,4020311,Reichsstraße,June,13,Wednesday,minor,5,Turning,Daylight,0,1,0,0,0,0,Dry,13.27783,52.50984,car + 
50806,Tempelhof-Schöneberg,7050502,Fritz-Werner-Straße,September,14,Monday,minor,2,Stationary Traffic,Daylight,0,1,0,1,0,0,Wet,13.38811,52.43763,car + motorbike + 
50807,Charlottenburg-Wilmersdorf,4041239,Stadion Wilmersdorf,December,17,Monday,minor,2,Stationary Traffic,Night,0,1,0,0,0,0,Wet,13.30305,52.48567,car + 
50808,Mitte,1011303,Alexanderplatzviertel,July,20,Friday,minor,0,Driving,Dawn,0,0,0,0,0,1,Dry,13.41246,52.51947,other
50809,Treptow-Köpenick,9010302,Späthsfelde,October,18,Wednesday,minor,2,Stationary Traffic,Night,0,1,0,0,0,0,Dry,13.47026,52.44733,car + 
50810,Friedrichshain-Kreuzberg,2050602,Samariterviertel,September,0,Sunday,minor,9,Driving,Night,0,1,0,0,0,0,Dry,13.45263,52.51824,car + 
50811,Charlottenburg-Wilmersdorf,4010101,Jungfernheide,July,9,Friday,minor,2,Stationary Traffic,Daylight,0,1,0,0,0,0,Dry,13.28515,52.53141,car + 
50812,Pankow,3050920,Weißer See,April,19,Tuesday,minor,5,Crossing,Daylight,0,1,0,0,0,0,Dry,13.4675,52.55519,car + 
50813,Spandau,5020524,Weinmeisterhornweg,October,11,Tuesday,minor,2,Stationary Traffic,Daylight,0,1,0,0,0,0,Wet,13.17879,52.51646,car + 
50814,Tempelhof-Schöneberg,7050506,Birnhornweg,September,4,Sunday,minor,1,Driving,Daylight,0,1,0,0,0,0,Dry,13.39472,52.42559,car + 
50816,Charlottenburg-Wilmersdorf,4010103,Paul-Hertz-Siedlung,May,8,Wednesday,minor,8,Driving,Daylight,0,0,0,1,0,0,Dry,13.29932,52.53398,motorbike + 
50817,Friedrichshain-Kreuzberg,2040503,Richard-Sorge-Viertel,July,2,Friday,minor,3,Stationary Traffic,Night,0,0,0,0,0,1,Dry,13.44983,52.5163,other
50818,Charlottenburg-Wilmersdorf,4030622,Richard-Wagner-Straße,April,18,Tuesday,minor,5,Crossing,Daylight,1,1,0,0,0,0,Dry,13.31494,52.51223,bicycle + car + 
50819,Mitte,1011303,Alexanderplatzviertel,November,4,Saturday,minor,0,Crossing,Night,0,0,0,0,0,1,Wet,13.4109,52.52333,other
50820,Mitte,1033203,Humboldthain Nordwest,May,9,Tuesday,minor,5,Turning,Daylight,1,1,0,0,0,0,Dry,13.36834,52.54111,bicycle + car + 
50821,Friedrichshain-Kreuzberg,2050602,Samariterviertel,December,7,Tuesday,minor,5,Turning,Dawn,1,1,0,0,0,0,Dry,13.46023,52.51524,bicycle + car + 
50822,Marzahn-Hellersdorf,10010204,Wuhletalstraße,July,11,Thursday,minor,5,Crossing,Daylight,0,1,0,0,0,1,Dry,13.55828,52.56289,car + other
50823,Treptow-Köpenick,9010101,Elsenstraße,April,17,Tuesday,minor,4,Other,Daylight,1,1,0,0,0,0,Dry,13.46153,52.49477,bicycle + car + 
50824,Friedrichshain-Kreuzberg,2050602,Samariterviertel,October,11,Friday,minor,5,Turning,Daylight,1,0,0,0,0,1,Dry,13.45373,52.51598,bicycle + other
50825,Friedrichshain-Kreuzberg,2050602,Samariterviertel,September,20,Saturday,serious,6,Overtaking,Night,0,1,1,0,0,0,Dry,13.45988,52.51514,car + pedestrian + 
50826,Charlottenburg-Wilmersdorf,4010102,Plötzensee,July,23,Thursday,serious,3,Driving,Night,0,1,0,0,0,0,Dry,13.3095,52.53569,car + 
50827,Pankow,3040513,Schönholz,April,7,Tuesday,minor,5,Turning,Daylight,1,1,0,0,0,0,Dry,13.39815,52.57118,bicycle + car + 
50828,Mitte,1011303,Alexanderplatzviertel,October,9,Tuesday,minor,5,Turning,Daylight,1,1,0,0,0,0,Wet,13.41676,52.52208,bicycle + car + 
50829,Charlottenburg-Wilmersdorf,4020313,Königin-Elisabeth-Straße,June,18,Wednesday,minor,2,Stationary Traffic,Daylight,0,1,0,0,0,0,Dry,13.28391,52.51726,car + 
50830,Tempelhof-Schöneberg,7020202,Volkspark (Rudolf-Wilde-Park),September,12,Saturday,minor,3,Stationary Traffic,Daylight,0,1,0,0,0,0,Dry,13.34061,52.47875,car + 
50831,Mitte,1044201,Reinickendorfer Straße,December,16,Monday,minor,6,Turning,Night,0,1,1,0,0,0,Dry,13.36727,52.55154,car + pedestrian + 
50832,Mitte,1033203,Humboldthain Nordwest,May,8,Tuesday,minor,5,Turning,Daylight,1,0,0,0,1,0,Dry,13.36834,52.54111,bicycle + truck + 
50833,Friedrichshain-Kreuzberg,2040701,Andreasviertel,April,17,Tuesday,serious,6,Overtaking,Daylight,1,0,1,0,0,0,Dry,13.43644,52.5175,bicycle + pedestrian + 
50834,Steglitz-Zehlendorf,6030503,Zehlendorf Mitte,November,10,Saturday,minor,0,Turning,Daylight,1,1,0,0,0,0,Wet,13.28246,52.44169,bicycle + car + 
50835,Mitte,1011303,Alexanderplatzviertel,May,8,Tuesday,minor,2,Turning,Daylight,1,0,0,0,0,1,Dry,13.41638,52.522,bicycle + other
50836,Tempelhof-Schöneberg,7040403,Manteuffelstraße,November,17,Wednesday,minor,2,Stationary Traffic,Night,0,1,0,0,0,0,Wet,13.37886,52.46994,car + 
50837,Pankow,3061435,Conrad-Blenkle-Straße,July,16,Thursday,minor,3,Stationary Traffic,Daylight,1,1,0,0,0,0,Dry,13.44665,52.52757,bicycle + car + 
50838,Tempelhof-Schöneberg,7030303,Grazer Platz,April,17,Tuesday,minor,5,Turning,Daylight,0,1,0,1,0,0,Dry,13.35415,52.47901,car + motorbike + 
50839,Reinickendorf,12301205,Waidmannslust,October,9,Friday,minor,5,Crossing,Daylight,0,1,0,1,0,0,Dry,13.319,52.61075,car + motorbike + 
50840,Tempelhof-Schöneberg,7010104,Dennewitzplatz,September,12,Saturday,minor,5,Crossing,Daylight,0,1,0,1,0,0,Dry,13.36099,52.49346,car + motorbike + 
50842,Mitte,1044203,Leopoldplatz,May,17,Tuesday,minor,6,Overtaking,Daylight,1,1,1,0,0,0,Dry,13.36613,52.55461,bicycle + car + pedestrian + 
50843,Pankow,3040614,Pankow Zentrum,July,13,Thursday,minor,2,Stationary Traffic,Daylight,0,1,0,0,0,0,Dry,13.40369,52.56909,car + 
50844,Tempelhof-Schöneberg,7050501,Rathausstraße,April,12,Monday,minor,5,Turning,Daylight,0,1,0,0,0,0,Dry,13.38438,52.45266,car + 
50845,Spandau,5040935,Groß-Glienicker Weg,June,12,Saturday,minor,4,Stationary Traffic,Daylight,1,0,0,0,0,0,Dry,13.14164,52.49002,bicycle + 
50846,Friedrichshain-Kreuzberg,2020203,Viktoriapark,September,11,Saturday,minor,2,Stationary Traffic,Daylight,0,1,0,0,0,0,Dry,13.38657,52.49073,car + 
50847,Tempelhof-Schöneberg,7040403,Manteuffelstraße,December,3,Sunday,minor,5,Crossing,Night,0,1,0,0,0,0,Wet,13.3855,52.46939,car + 
50848,Pankow,3061332,Helmholtzplatz,May,11,Tuesday,serious,0,Turning,Daylight,0,1,0,1,0,0,Dry,13.42419,52.5393,car + motorbike + 
50849,Tempelhof-Schöneberg,7020202,Volkspark (Rudolf-Wilde-Park),July,8,Thursday,minor,2,Turning,Daylight,1,1,0,0,0,0,Dry,13.3484,52.48193,bicycle + car + 
50850,Reinickendorf,12103219,Schäfersee,November,0,Sunday,serious,1,Driving,Night,0,1,0,0,0,0,Wet,13.36368,52.56522,car + 
50851,Friedrichshain-Kreuzberg,2050602,Samariterviertel,July,6,Thursday,minor,5,Turning,Daylight,0,1,0,0,0,0,Dry,13.45376,52.51587,car + 
50852,Reinickendorf,12103219,Schäfersee,April,22,Monday,minor,0,Crossing,Night,0,1,0,1,0,0,Dry,13.36375,52.56508,car + motorbike + 
50853,Tempelhof-Schöneberg,7050502,Fritz-Werner-Straße,October,13,Saturday,minor,5,Crossing,Daylight,1,1,0,0,0,0,Dry,13.38732,52.44017,bicycle + car + 
50854,Charlottenburg-Wilmersdorf,4030417,Schloßstraße,September,20,Friday,minor,0,Driving,Night,1,1,0,0,0,0,Dry,13.28676,52.51024,bicycle + car + 
50856,Tempelhof-Schöneberg,7060604,Marienfelde Süd,May,10,Monday,serious,0,Other,Daylight,1,0,0,0,0,0,Dry,13.3587,52.40836,bicycle + 
50857,Reinickendorf,12103115,Breitkopfbecken,July,17,Wednesday,minor,1,Paralle Traffic,Daylight,1,1,0,0,0,0,Dry,13.36001,52.5719,bicycle + car + 
50858,Mitte,1011303,Alexanderplatzviertel,April,18,Monday,minor,0,Paralle Traffic,Daylight,1,0,0,0,0,1,Dry,13.4064,52.52071,bicycle + other
50859,Spandau,5020629,Börnicker Straße,November,17,Tuesday,fatal,6,Overtaking,Dawn,0,1,1,0,0,1,Wet,13.20597,52.51122,car + pedestrian + other
50860,Mitte,1011303,Alexanderplatzviertel,June,11,Tuesday,minor,5,Turning,Daylight,1,1,0,0,0,0,Dry,13.41951,52.5251,bicycle + car + 
50861,Steglitz-Zehlendorf,6040703,Nikolassee,September,6,Friday,minor,3,Stationary Traffic,Daylight,0,1,0,0,0,0,Dry,13.20809,52.44678,car + 
50862,Charlottenburg-Wilmersdorf,4020310,Park Ruhwald,December,18,Friday,serious,2,Stationary Traffic,Night,0,1,0,0,0,0,Wet,13.28296,52.52862,car + 
50863,Friedrichshain-Kreuzberg,2050601,Hausburgviertel,July,15,Wednesday,minor,0,Driving,Daylight,1,0,0,0,0,0,Dry,13.45237,52.51917,bicycle + 
50864,Treptow-Köpenick,9020601,Schnellerstraße,October,13,Tuesday,minor,2,Stationary Traffic,Daylight,0,1,0,0,0,0,Dry,13.51361,52.45401,car + 
50865,Charlottenburg-Wilmersdorf,4020314,Messegelände,September,13,Friday,minor,3,Stationary Traffic,Daylight,0,1,0,0,0,1,Dry,13.28007,52.5017,car + other
50866,Reinickendorf,12214125,Waldidyll/Flughafensee,June,15,Saturday,minor,2,Stationary Traffic,Daylight,0,1,0,0,0,0,Dry,13.30863,52.55694,car + 
50867,Reinickendorf,4010101,Jungfernheide,September,13,Friday,minor,0,Stationary Traffic,Daylight,0,0,0,0,0,1,Dry,13.30078,52.54842,other
50868,Reinickendorf,12103219,Schäfersee,December,13,Monday,minor,3,Stationary Traffic,Daylight,0,1,0,0,1,0,Dry,13.36417,52.56384,car + truck + 
50869,Friedrichshain-Kreuzberg,2020203,Viktoriapark,May,9,Monday,minor,3,Stationary Traffic,Daylight,1,1,0,0,0,0,Dry,13.38606,52.48596,bicycle + car + 
50870,Pankow,3020307,Buchholz,July,19,Wednesday,serious,2,Other,Daylight,0,1,0,0,0,0,Dry,13.44916,52.60544,car + 
50871,Spandau,5020524,Weinmeisterhornweg,April,15,Monday,minor,0,Other,Daylight,0,1,0,0,0,1,Dry,13.17598,52.51461,car + other
50872,Tempelhof-Schöneberg,7050502,Fritz-Werner-Straße,November,12,Monday,minor,0,Stationary Traffic,Daylight,0,1,0,1,0,0,Wet,13.38774,52.43877,car + motorbike + 
50873,Tempelhof-Schöneberg,7050501,Rathausstraße,July,7,Wednesday,minor,2,Stationary Traffic,Daylight,0,1,0,0,0,1,Dry,13.38654,52.44262,car + other
50874,Charlottenburg-Wilmersdorf,4030417,Schloßstraße,April,8,Monday,minor,5,Turning,Daylight,1,1,0,0,0,0,Dry,13.29141,52.51053,bicycle + car + 
50875,Tempelhof-Schöneberg,7040403,Manteuffelstraße,October,17,Sunday,minor,0,Other,Daylight,1,1,0,0,0,0,Dry,13.38546,52.4632,bicycle + car + 
50876,Reinickendorf,12103115,Breitkopfbecken,September,12,Friday,minor,6,Other,Daylight,0,0,1,0,1,0,Dry,13.361,52.56997,pedestrian + truck + 
50878,Charlottenburg-Wilmersdorf,4030623,Ernst-Reuter-Platz,May,15,Sunday,minor,6,Overtaking,Daylight,1,0,1,0,0,0,Dry,13.31506,52.51224,bicycle + pedestrian + 
50879,Charlottenburg-Wilmersdorf,4051551,Brabanter Platz,July,15,Wednesday,minor,2,Stationary Traffic,Daylight,0,1,0,0,1,0,Dry,13.31812,52.47835,car + truck + 
50880,Friedrichshain-Kreuzberg,2050602,Samariterviertel,April,8,Monday,minor,5,Crossing,Daylight,1,1,0,0,0,0,Dry,13.47072,52.51419,bicycle + car + 
50881,Pankow,3020209,Niederschönhausen,November,22,Tuesday,minor,0,Crossing,Night,1,1,0,0,0,0,Wet,13.40279,52.59316,bicycle + car + 
50882,Pankow,3061131,Falkplatz,June,7,Wednesday,serious,5,Crossing,Daylight,1,0,0,0,0,0,Dry,13.41251,52.54338,bicycle + 
50883,Charlottenburg-Wilmersdorf,4041133,Güterbahnhof Grunewald,September,12,Friday,minor,2,Stationary Traffic,Daylight,0,1,0,0,0,0,Dry,13.28126,52.49908,car + 
50884,Friedrichshain-Kreuzberg,2050802,Boxhagener Platz,December,13,Saturday,minor,1,Paralle Traffic,Daylight,1,1,0,0,0,1,Dry,13.45158,52.50973,bicycle + car + other
50885,Treptow-Köpenick,9010201,Am Treptower Park Süd,July,16,Wednesday,minor,5,Turning,Daylight,0,1,0,0,0,0,Dry,13.46511,52.48667,car + 
50886,Reinickendorf,12103115,Breitkopfbecken,October,9,Wednesday,minor,3,Stationary Traffic,Daylight,0,1,0,0,0,0,Dry,13.36033,52.57129,car + 
50887,Tempelhof-Schöneberg,7060601,Marienfelder Allee Nordwest,September,15,Friday,minor,8,Other,Daylight,0,1,0,0,0,0,Dry,13.36189,52.41374,car + 
50888,Tempelhof-Schöneberg,7040401,Neu-Tempelhof,July,14,Wednesday,minor,3,Stationary Traffic,Daylight,0,1,0,1,0,1,Dry,13.38575,52.47974,car + motorbike + other
50889,Reinickendorf,12302212,Rollbergesiedlung,April,0,Sunday,minor,5,Turning,Night,1,1,0,0,0,0,Dry,13.3239,52.60778,bicycle + car + 
50890,Charlottenburg-Wilmersdorf,4030417,Schloßstraße,October,0,Tuesday,minor,5,Turning,Night,0,1,0,0,0,0,Dry,13.28924,52.51039,car + 
50891,Charlottenburg-Wilmersdorf,4020314,Messegelände,June,13,Monday,minor,2,Stationary Traffic,Daylight,0,1,0,0,1,0,Dry,13.28153,52.50518,car + truck + 
50892,Lichtenberg,11030721,Rüdigerstraße,September,20,Thursday,minor,5,Turning,Night,1,1,0,0,0,0,Dry,13.49349,52.51171,bicycle + car + 
50894,Marzahn-Hellersdorf,10010204,Wuhletalstraße,May,2,Sunday,minor,6,Overtaking,Night,0,0,1,0,0,1,Dry,13.55489,52.55856,pedestrian + other
50895,Marzahn-Hellersdorf,10030726,Alt-Biesdorf,July,19,Wednesday,minor,2,Stationary Traffic,Daylight,0,1,0,0,0,0,Dry,13.56108,52.50863,car + 
50896,Charlottenburg-Wilmersdorf,4041239,Stadion Wilmersdorf,April,13,Saturday,minor,2,Stationary Traffic,Daylight,0,1,0,0,0,0,Dry,13.30578,52.48353,car + 
50897,Spandau,5040936,Jägerallee,November,7,Thursday,serious,4,Stationary Traffic,Dawn,1,0,0,0,0,0,Dry,13.12891,52.48011,bicycle + 
50898,Charlottenburg-Wilmersdorf,4010101,Jungfernheide,May,17,Sunday,minor,2,Stationary Traffic,Daylight,0,1,0,0,0,0,Dry,13.29599,52.54139,car + 
50899,Charlottenburg-Wilmersdorf,4030417,Schloßstraße,December,16,Tuesday,minor,5,Turning,Night,1,1,0,0,0,0,Wet,13.2893,52.5104,bicycle + car + 
50900,Friedrichshain-Kreuzberg,2040503,Richard-Sorge-Viertel,July,20,Tuesday,minor,2,Stationary Traffic,Daylight,0,1,0,0,0,1,Dry,13.45098,52.51619,car + other
50901,Charlottenburg-Wilmersdorf,4030417,Schloßstraße,April,1,Saturday,minor,5,Crossing,Night,0,1,0,0,0,0,Dry,13.30159,52.51117,car + 
50902,Friedrichshain-Kreuzberg,2050602,Samariterviertel,October,8,Thursday,serious,0,Turning,Daylight,1,1,0,0,0,0,Wet,13.46022,52.51525,bicycle + car + 
50903,Pankow,3061126,Arnimplatz,September,6,Thursday,minor,5,Turning,Dawn,1,0,0,0,1,0,Dry,13.41376,52.55077,bicycle + truck + 
50905,Pankow,3061332,Helmholtzplatz,July,18,Tuesday,minor,1,Paralle Traffic,Daylight,1,1,0,0,0,1,Dry,13.41346,52.54081,bicycle + car + other
50906,Friedrichshain-Kreuzberg,2050602,Samariterviertel,April,0,Saturday,minor,6,Overtaking,Night,0,1,1,0,0,0,Dry,13.46017,52.51525,car + pedestrian + 