id,district,lor,street,month,hour,weekday,injury,collision,movement,light_conditions,bicycle,car,pedestrian,motorbike,truck,other_vehicle,road_conditions,longitude,latitude,Combo_type
50907,Charlottenburg-Wilmersdorf,4041342,Schlangenbader Straße,September,17,Monday,minor,8,Driving,Daylight,0,1,0,0,0,0,Wet,13.30711,52.47603,car + 
50908,Friedrichshain-Kreuzberg,2040503,Richard-Sorge-Viertel,June,5,Wednesday,minor,2,Stationary Traffic,Daylight,0,1,0,0,0,0,Dry,13.44512,52.51677,car + 
50909,Charlottenburg-Wilmersdorf,4030417,Schloßstraße,September,11,Thursday,minor,5,Turning,Daylight,1,1,0,0,0,0,Dry,13.28923,52.51056,bicycle + car + 
50910,Mitte,1011304,Karl-Marx-Allee,December,17,Friday,minor,2,Stationary Traffic,Night,1,0,0,0,0,0,Dry,13.42482,52.51933,bicycle + 
50911,Charlottenburg-Wilmersdorf,4020313,Königin-Elisabeth-Straße,May,0,Sunday,minor,0,Driving,Night,1,0,0,0,0,0,Dry,13.28122,52.50989,bicycle + 
50912,Reinickendorf,12103218,Teichstraße,July,16,Tuesday,minor,5,Crossing,Daylight,1,1,0,0,0,0,Dry,13.34595,52.58023,bicycle + car + 
50913,Friedrichshain-Kreuzberg,2050602,Samariterviertel,April,11,Saturday,serious,5,Crossing,Daylight,0,1,0,0,0,1,Dry,13.45423,52.51576,car + other
50914,Friedrichshain-Kreuzberg,2050602,Samariterviertel,November,9,Friday,minor,6,Other,Daylight,1,0,1,0,0,0,Dry,13.4658,52.51469,bicycle + pedestrian + 
50915,Mitte,1011105,Nördlicher Landwehrkanal,September,6,Thursday,minor,5,Turning,Daylight,1,1,0,0,0,0,Wet,13.37054,52.50875,bicycle + car + 
50916,Pankow,3061332,Helmholtzplatz,November,16,Tuesday,minor,2,Turning,Night,0,1,0,0,0,0,Dry,13.42437,52.53926,car + 
50917,Reinickendorf,12301203,Wittenau Süd,July,14,Tuesday,minor,5,Crossing,Daylight,0,1,0,0,0,0,Dry,13.34193,52.58547,car + 
50918,Pankow,3040818,Pankow Süd,April,15,Friday,minor,5,Turning,Daylight,0,1,0,0,0,1,Dry,13.41369,52.55777,car + other
50919,Mitte,1011102,Großer Tiergarten,October,17,Thursday,minor,6,Overtaking,Daylight,1,0,1,0,0,0,Dry,13.36336,52.51541,bicycle + pedestrian + 
50920,Treptow-Köpenick,9010102,Am Treptower Park Nord,September,16,Wednesday,minor,6,Other,Daylight,0,0,1,0,0,1,Dry,13.45958,52.49276,pedestrian + other
50922,Mitte,1044102,Schillerpark,May,11,Saturday,minor,5,Crossing,Daylight,0,1,0,1,0,0,Dry,13.3655,52.55797,car + motorbike + 
50923,Reinickendorf,12103219,Schäfersee,July,14,Tuesday,minor,6,Overtaking,Daylight,1,0,1,0,0,0,Dry,13.36241,52.56727,bicycle + pedestrian + 
50924,Marzahn-Hellersdorf,10010309,Springpfuhl,April,9,Friday,minor,1,Stationary Traffic,Daylight,0,1,0,0,0,1,Dry,13.53693,52.53414,car + other
50925,Reinickendorf,12301203,Wittenau Süd,June,11,Friday,minor,2,Stationary Traffic,Daylight,0,1,0,0,0,1,Dry,13.34071,52.58705,car + other
50926,Tempelhof-Schöneberg,7040405,Rathaus Tempelhof,September,10,Wednesday,minor,2,Stationary Traffic,Daylight,0,1,0,0,0,0,Dry,13.39558,52.46706,car + 
50927,Steglitz-Zehlendorf,6040701,Wannsee,December,17,Friday,minor,0,Turning,Night,1,1,0,0,0,0,Dry,13.16797,52.42053,bicycle + car + 
50928,Pankow,3040818,Pankow Süd,May,11,Saturday,minor,6,Stationary Traffic,Daylight,1,0,1,0,0,0,Dry,13.41319,52.5586,bicycle + pedestrian + 
50929,Pankow,3050925,Komponistenviertel Weißensee,July,12,Tuesday,minor,3,Stationary Traffic,Daylight,1,1,0,0,0,0,Dry,13.45537,52.54933,bicycle + car + 
50930,Reinickendorf,12103218,Teichstraße,November,0,Saturday,minor,3,Turning,Night,0,1,0,0,0,0,Wet,13.34784,52.57428,car + 
50931,Mitte,1011202,Unter den Linden Nord,July,7,Tuesday,serious,6,Overtaking,Daylight,0,0,1,0,1,0,Dry,13.39719,52.51758,pedestrian + truck + 
50932,Treptow-Köpenick,9010202,Köpenicker Landstraße,April,12,Friday,minor,2,Turning,Daylight,0,1,0,0,0,0,Dry,13.47946,52.48451,car + 
50933,Pankow,3010104,Lietzengraben,October,7,Friday,minor,0,Other,Daylight,0,1,0,0,0,1,Dry,13.42766,52.62805,car + other
50934,Friedrichshain-Kreuzberg,2050602,Samariterviertel,September,9,Wednesday,minor,1,Paralle Traffic,Daylight,0,1,0,1,0,0,Dry,13.46551,52.51457,car + motorbike + 
50936,Mitte,1044203,Leopoldplatz,May,3,Saturday,minor,2,Stationary Traffic,Night,1,1,0,0,0,0,Dry,13.36598,52.55435,bicycle + car + 
50937,Treptow-Köpenick,9020601,Schnellerstraße,July,10,Tuesday,minor,0,Driving,Daylight,1,0,0,0,0,0,Dry,13.49644,52.46555,bicycle + 
50938,Pankow,3071639,Bötzowstraße,April,23,Friday,minor,1,Paralle Traffic,Night,1,1,0,0,0,1,Dry,13.42637,52.53027,bicycle + car + other
50939,Pankow,3061332,Helmholtzplatz,November,14,Monday,minor,1,Paralle Traffic,Daylight,1,1,0,0,0,0,Wet,13.41685,52.54044,bicycle + car + 
50940,Reinickendorf,12304314,Ziekowstraße/Freie Scholle,June,6,Tuesday,minor,2,Stationary Traffic,Daylight,0,1,0,0,0,0,Dry,13.28614,52.59383,car + 
50941,Reinickendorf,12103219,Schäfersee,September,14,Wednesday,minor,5,Turning,Daylight,1,1,0,0,0,0,Wet,13.36411,52.5644,bicycle + car + 
50942,Pankow,3071639,Bötzowstraße,December,15,Friday,minor,1,Paralle Traffic,Dawn,1,1,0,0,0,1,Wet,13.4272,52.53098,bicycle + car + other
50943,Mitte,1044102,Schillerpark,July,16,Tuesday,minor,0,Overtaking,Daylight,1,0,1,0,0,0,Dry,13.36552,52.5579,bicycle + pedestrian + 
50944,Pankow,3040818,Pankow Süd,April,16,Friday,minor,5,Crossing,Daylight,1,1,0,0,0,0,Dry,13.4279,52.56154,bicycle + car + 
50945,Mitte,1011204,Leipziger Straße,October,11,Monday,minor,3,Stationary Traffic,Daylight,0,1,0,1,0,0,Dry,13.38867,52.51028,car + motorbike + 
50946,Steglitz-Zehlendorf,6010209,Feuerbachstraße,September,14,Tuesday,serious,0,Driving,Daylight,0,0,0,1,0,0,Dry,13.33269,52.46401,motorbike + 
50947,Charlottenburg-Wilmersdorf,4020310,Park Ruhwald,July,10,Tuesday,minor,2,Stationary Traffic,Daylight,0,1,0,0,0,0,Dry,13.28279,52.52872,car + 
50948,Pankow,3050923,Weißenseer Spitze,April,7,Friday,minor,2,Stationary Traffic,Daylight,0,1,0,0,0,0,Dry,13.4297,52.55408,car + 
50949,Mitte,1044102,Schillerpark,October,20,Saturday,minor,5,Crossing,Night,1,0,0,0,0,1,Dry,13.36548,52.55808,bicycle + other
50950,Friedrichshain-Kreuzberg,2050602,Samariterviertel,June,7,Saturday,minor,5,Turning,Daylight,0,1,0,0,0,0,Dry,13.46008,52.51512,car + 
50951,Steglitz-Zehlendorf,6040701,Wannsee,September,17,Tuesday,minor,5,Turning,Daylight,1,1,0,0,0,0,Dry,13.17714,52.41939,bicycle + car + 
50953,Friedrichshain-Kreuzberg,2020202,Rathaus Yorckstraße,May,14,Saturday,serious,6,Overtaking,Daylight,0,1,1,0,0,0,Dry,13.38816,52.49382,car + pedestrian + 
50954,Marzahn-Hellersdorf,10010204,Wuhletalstraße,April,9,Thursday,serious,5,Crossing,Daylight,0,1,0,0,0,1,Dry,13.55817,52.56274,car + other
50955,Treptow-Köpenick,9010102,Am Treptower Park Nord,November,16,Tuesday,serious,4,Stationary Traffic,Dawn,1,0,0,0,0,0,Dry,13.4602,52.49258,bicycle + 
50956,Pankow,3061126,Arnimplatz,May,23,Friday,minor,5,Crossing,Night,1,1,0,0,0,0,Dry,13.41462,52.5562,bicycle + car + 
50957,Tempelhof-Schöneberg,7020203,Kaiser-Wilhelm-Platz,December,3,Sunday,minor,3,Stationary Traffic,Night,0,1,0,0,0,0,Dry,13.35146,52.48355,car + 
50958,Pankow,3020209,Niederschönhausen,July,8,Tuesday,minor,2,Stationary Traffic,Daylight,0,1,0,0,1,0,Dry,13.39847,52.57632,car + truck + 
50959,Tempelhof-Schöneberg,7030303,Grazer Platz,April,8,Thursday,minor,2,Stationary Traffic,Daylight,0,1,0,0,0,0,Dry,13.3572,52.47379,car + 
50960,Tempelhof-Schöneberg,7020203,Kaiser-Wilhelm-Platz,October,17,Tuesday,serious,1,Paralle Traffic,Dawn,1,1,0,0,0,0,Dry,13.35696,52.48691,bicycle + car + 
50961,Reinickendorf,12214125,Waldidyll/Flughafensee,September,17,Tuesday,minor,9,Driving,Daylight,0,1,0,0,0,0,Dry,13.30355,52.55145,car + 
50963,Pankow,3061332,Helmholtzplatz,July,8,Tuesday,minor,1,Paralle Traffic,Daylight,1,1,0,0,0,0,Dry,13.41586,52.54039,bicycle + car + 
50964,Reinickendorf,12103218,Teichstraße,April,17,Thursday,serious,6,Turning,Daylight,0,1,1,0,0,0,Dry,13.34784,52.57447,car + pedestrian + 
50965,Tempelhof-Schöneberg,7030303,Grazer Platz,September,14,Saturday,minor,2,Stationary Traffic,Daylight,0,1,0,0,0,0,Dry,13.35568,52.47373,car + 
50966,Tempelhof-Schöneberg,7040405,Rathaus Tempelhof,June,7,Tuesday,serious,0,Driving,Daylight,0,0,0,1,0,0,Dry,13.3952,52.46706,motorbike + 
50967,Pankow,3020209,Niederschönhausen,September,9,Tuesday,minor,5,Turning,Daylight,1,0,0,1,0,0,Dry,13.39826,52.57765,bicycle + motorbike + 
50968,Tempelhof-Schöneberg,7040402,Lindenhofsiedlung,December,15,Wednesday,minor,2,Stationary Traffic,Dawn,0,0,0,1,0,1,Dry,13.36655,52.47226,motorbike + other
50969,Friedrichshain-Kreuzberg,2040503,Richard-Sorge-Viertel,May,19,Friday,serious,6,Overtaking,Daylight,0,1,1,0,0,0,Dry,13.44751,52.51639,car + pedestrian + 
50970,Friedrichshain-Kreuzberg,2050602,Samariterviertel,July,8,Tuesday,minor,2,Stationary Traffic,Daylight,0,1,0,0,0,0,Dry,13.4575,52.51553,car + 
50971,Friedrichshain-Kreuzberg,2050602,Samariterviertel,July,19,Tuesday,minor,3,Stationary Traffic,Daylight,0,1,0,0,0,0,Dry,13.45512,52.51562,car + 
50972,Tempelhof-Schöneberg,7050502,Fritz-Werner-Straße,April,17,Thursday,minor,6,Overtaking,Daylight,0,1,1,0,0,0,Dry,13.37664,52.43133,car + pedestrian + 
50973,Charlottenburg-Wilmersdorf,4041137,Flinsberger Platz,October,16,Sunday,minor,0,Driving,Daylight,0,1,0,0,0,0,Dry,13.29587,52.49087,car + 
50974,Pankow,3040513,Schönholz,June,17,Sunday,minor,1,Paralle Traffic,Daylight,1,1,0,0,0,0,Dry,13.39886,52.57305,bicycle + car + 
50975,Friedrichshain-Kreuzberg,2050802,Boxhagener Platz,September,9,Tuesday,minor,5,Turning,Daylight,1,1,0,0,0,0,Dry,13.45245,52.51164,bicycle + car + 
50977,Reinickendorf,12214527,Alt-Tegel,May,11,Friday,minor,2,Stationary Traffic,Daylight,0,1,0,0,0,0,Dry,13.29224,52.58537,car + 
50978,Mitte,1011104,Körnerstraße,April,10,Wednesday,minor,3,Stationary Traffic,Daylight,0,1,0,0,0,0,Dry,13.36398,52.5011,car + 
50979,Charlottenburg-Wilmersdorf,4020314,Messegelände,November,18,Wednesday,minor,2,Stationary Traffic,Night,0,1,0,0,0,0,Dry,13.28147,52.5046,car + 
50980,Pankow,3020209,Niederschönhausen,May,7,Friday,serious,6,Overtaking,Daylight,0,1,1,0,0,0,Dry,13.40171,52.58889,car + pedestrian + 
50981,Lichtenberg,11030721,Rüdigerstraße,December,18,Monday,serious,6,Overtaking,Night,0,1,1,0,0,0,Wet,13.48425,52.51282,car + pedestrian + 
50982,Reinickendorf,12103219,Schäfersee,July,16,Monday,minor,5,Turning,Daylight,1,1,0,0,0,0,Wet,13.36441,52.56376,bicycle + car + 
50983,Mitte,1022202,Heidestraße,April,13,Wednesday,minor,3,Stationary Traffic,Daylight,0,0,0,1,0,1,Dry,13.36834,52.53043,motorbike + other
50984,Reinickendorf,12103218,Teichstraße,October,9,Wednesday,minor,0,Turning,Daylight,0,0,0,1,1,0,Dry,13.34697,52.57892,motorbike + truck + 
50985,Friedrichshain-Kreuzberg,2020202,Rathaus Yorckstraße,September,16,Tuesday,minor,1,Paralle Traffic,Daylight,0,1,0,0,0,1,Dry,13.38825,52.49394,car + other
50987,Pankow,3020307,Buchholz,July,16,Monday,minor,2,Other,Daylight,0,0,0,1,1,0,Wet,13.43048,52.6227,motorbike + truck + 
50988,Reinickendorf,12301205,Waidmannslust,April,11,Wednesday,minor,0,Stationary Traffic,Daylight,1,0,1,0,0,0,Dry,13.31655,52.61211,bicycle + pedestrian + 
50989,Charlottenburg-Wilmersdorf,4020208,Kranzallee,September,6,Sunday,serious,0,Driving,Dawn,1,0,0,0,0,0,Wet,13.25327,52.50821,bicycle + 
50990,Pankow,3061429,Greifswalder Straße,June,7,Tuesday,serious,5,Turning,Daylight,1,1,0,0,0,0,Dry,13.44459,52.54534,bicycle + car + 
50991,Tempelhof-Schöneberg,7040401,Neu-Tempelhof,September,10,Monday,minor,6,Other,Daylight,0,0,1,1,0,0,Dry,13.38565,52.47535,pedestrian + motorbike + 
50992,Mitte,1011201,Wilhelmstraße,December,8,Friday,minor,3,Stationary Traffic,Daylight,0,1,0,0,0,1,Dry,13.38623,52.51014,car + other
50993,Marzahn-Hellersdorf,10030726,Alt-Biesdorf,May,8,Friday,serious,2,Stationary Traffic,Daylight,0,1,0,0,0,0,Dry,13.5491,52.50953,car + 
50994,Friedrichshain-Kreuzberg,2020202,Rathaus Yorckstraße,July,14,Monday,minor,6,Overtaking,Daylight,1,0,1,0,0,0,Dry,13.38787,52.4934,bicycle + pedestrian + 
50995,Pankow,3061126,Arnimplatz,April,10,Wednesday,minor,5,Crossing,Daylight,1,1,0,0,0,0,Dry,13.41478,52.5551,bicycle + car + 
50996,Charlottenburg-Wilmersdorf,4041134,Bismarckallee,November,21,Thursday,minor,5,Crossing,Night,0,1,0,0,0,0,Wet,13.29074,52.49373,car + 
50997,Charlottenburg-Wilmersdorf,4020313,Königin-Elisabeth-Straße,September,20,Monday,minor,5,Turning,Night,0,1,0,1,0,0,Dry,13.2837,52.51022,car + motorbike + 
50998,Tempelhof-Schöneberg,7040403,Manteuffelstraße,November,16,Monday,minor,2,Stationary Traffic,Night,0,1,0,0,0,0,Dry,13.37679,52.47016,car + 
50999,Tempelhof-Schöneberg,7050502,Fritz-Werner-Straße,July,19,Monday,minor,2,Stationary Traffic,Daylight,0,1,0,0,1,0,Dry,13.38024,52.43767,car + truck + 
51000,Mitte,1011303,Alexanderplatzviertel,April,14,Wednesday,minor,0,Overtaking,Daylight,0,0,1,0,0,1,Dry,13.41102,52.52316,pedestrian + other
51001,Pankow,3050923,Weißenseer Spitze,October,16,Wednesday,minor,2,Stationary Traffic,Daylight,0,1,0,0,0,0,Wet,13.42987,52.5541,car + 
51002,Friedrichshain-Kreuzberg,2020202,Rathaus Yorckstraße,September,19,Monday,minor,3,Stationary Traffic,Dawn,0,1,0,1,0,0,Dry,13.38915,52.495,car + motorbike + 
51004,Tempelhof-Schöneberg,7060601,Marienfelder Allee Nordwest,May,13,Friday,serious,0,Crossing,Daylight,0,1,0,0,0,1,Dry,13.36201,52.41374,car + other
51005,Lichtenberg,11030721,Rüdigerstraße,July,15,Monday,minor,0,Turning,Daylight,1,1,0,0,0,0,Wet,13.48832,52.51241,bicycle + car + 
51006,Mitte,1011202,Unter den Linden Nord,April,8,Wednesday,serious,1,Paralle Traffic,Daylight,1,1,0,0,0,0,Dry,13.39307,52.51738,bicycle + car + 
51007,Treptow-Köpenick,9020601,Schnellerstraße,June,15,Thursday,minor,2,Stationary Traffic,Daylight,0,1,0,0,0,0,Dry,13.51543,52.45278,car + 
51008,Mitte,1011102,Großer Tiergarten,September,18,Monday,minor,6,Overtaking,Daylight,1,0,1,0,0,0,Dry,13.36624,52.5156,bicycle + pedestrian + 
51009,Mitte,1011303,Alexanderplatzviertel,December,21,Thursday,minor,5,Other,Night,0,1,0,0,0,0,Wet,13.40899,52.51704,car + 
51010,Pankow,3061332,Helmholtzplatz,May,13,Friday,minor,0,Other,Daylight,1,1,0,0,0,0,Dry,13.42159,52.5395,bicycle + car + 
51011,Tempelhof-Schöneberg,7040406,Germaniagarten,July,13,Monday,minor,0,Driving,Daylight,0,1,0,0,0,0,Dry,13.41255,52.46031,car + 
51012,Pankow,3020209,Niederschönhausen,November,17,Friday,minor,0,Stationary Traffic,Night,0,1,0,0,0,1,Dry,13.3984,52.57841,car + other
51013,Charlottenburg-Wilmersdorf,4010101,Jungfernheide,July,0,Monday,minor,3,Stationary Traffic,Night,0,1,0,0,0,0,Dry,13.29426,52.5382,car + 
51014,Marzahn-Hellersdorf,11041023,Gensinger Straße,September,9,Friday,serious,2,Stationary Traffic,Daylight,0,1,0,0,1,0,Wet,13.53747,52.51001,car + truck + 
51015,Treptow-Köpenick,9010102,Am Treptower Park Nord,April,21,Wednesday,minor,5,Crossing,Night,1,0,0,0,0,0,Dry,13.46093,52.49237,bicycle + 
51016,Tempelhof-Schöneberg,7040402,Lindenhofsiedlung,October,17,Thursday,minor,2,Stationary Traffic,Daylight,0,1,0,0,0,0,Wet,13.36659,52.47228,car + 
51017,Steglitz-Zehlendorf,6030501,Berlepschstraße,September,18,Monday,minor,5,Crossing,Daylight,1,1,0,0,0,0,Dry,13.23552,52.43234,bicycle + car + 
51019,Tempelhof-Schöneberg,7040402,Lindenhofsiedlung,May,15,Friday,minor,2,Stationary Traffic,Daylight,0,1,0,0,0,0,Dry,13.36511,52.47296,car + 
51020,Friedrichshain-Kreuzberg,2040703,Wriezener Bahnhof/Entwicklungsgebiet,July,17,Sunday,minor,3,Other,Daylight,0,1,0,1,0,0,Dry,13.44776,52.50383,car + motorbike + 
51021,Reinickendorf,12103219,Schäfersee,April,15,Wednesday,minor,5,Other,Daylight,0,1,0,1,0,0,Dry,13.36353,52.56513,car + motorbike + 
51022,Charlottenburg-Wilmersdorf,4051656,Hildegardstraße,November,6,Monday,minor,2,Stationary Traffic,Night,0,1,0,0,0,0,Wet,13.32765,52.47793,car + 
51023,Tempelhof-Schöneberg,7050501,Rathausstraße,June,15,Saturday,minor,2,Stationary Traffic,Daylight,0,1,0,0,0,0,Dry,13.38478,52.45057,car + 
51024,Mitte,1033203,Humboldthain Nordwest,September,17,Monday,minor,5,Turning,Daylight,1,1,0,0,0,0,Dry,13.36989,52.54179,bicycle + car + 
51025,Tempelhof-Schöneberg,7050502,Fritz-Werner-Straße,December,9,Thursday,minor,0,Stationary Traffic,Daylight,0,1,0,1,0,0,Dry,13.37617,52.43034,car + motorbike + 
51026,Mitte,1011102,Großer Tiergarten,July,13,Sunday,minor,0,Other,Daylight,1,0,0,0,0,0,Dry,13.3637,52.51532,bicycle + 
51027,Pankow,3071633,Thälmannpark,April,8,Wednesday,minor,0,Stationary Traffic,Daylight,1,0,0,0,0,0,Dry,13.42472,52.54028,bicycle + 
51028,Charlottenburg-Wilmersdorf,4010101,Jungfernheide,October,18,Sunday,minor,2,Stationary Traffic,Night,0,1,0,0,0,0,Dry,13.2858,52.53187,car + 
51029,Tempelhof-Schöneberg,7040402,Lindenhofsiedlung,September,9,Monday,minor,2,Stationary Traffic,Daylight,0,1,0,0,0,0,Dry,13.36687,52.47216,car + 
51030,Reinickendorf,12103218,Teichstraße,July,0,Sunday,minor,2,Other,Night,0,1,0,0,0,1,Wet,13.35074,52.57396,car + other
51031,Friedrichshain-Kreuzberg,2050803,Stralauer Kiez,April,6,Wednesday,serious,1,Driving,Daylight,0,1,0,0,1,1,Dry,13.44769,52.50248,car + truck + other
51032,Pankow,3061429,Greifswalder Straße,October,0,Friday,minor,0,Driving,Night,0,0,0,0,0,1,Dry,13.44068,52.54254,other
51033,Pankow,3010102,Buch,June,14,Friday,minor,2,Stationary Traffic,Daylight,0,1,0,0,0,0,Dry,13.49883,52.62135,car + 
51034,Friedrichshain-Kreuzberg,2050602,Samariterviertel,September,8,Monday,minor,2,Stationary Traffic,Daylight,0,1,0,0,1,0,Dry,13.47388,52.51386,car + truck + 
51036,Mitte,1011102,Großer Tiergarten,May,16,Friday,minor,5,Turning,Daylight,0,1,0,0,0,1,Dry,13.36982,52.51583,car + other
51037,Charlottenburg-Wilmersdorf,4030623,Ernst-Reuter-Platz,April,17,Tuesday,minor,5,Turning,Daylight,1,1,0,0,0,0,Dry,13.3199,52.51256,bicycle + car + 
51038,Mitte,1011202,Unter den Linden Nord,November,5,Monday,minor,8,Driving,Daylight,1,0,0,0,0,0,Dry,13.39166,52.51732,bicycle + 
51039,Tempelhof-Schöneberg,7030303,Grazer Platz,May,17,Friday,minor,2,Stationary Traffic,Daylight,0,1,0,1,0,0,Dry,13.35158,52.47422,car + motorbike + 
51040,Charlottenburg-Wilmersdorf,4030417,Schloßstraße,November,5,Saturday,minor,0,Crossing,Night,0,1,0,0,0,1,Dry,13.29743,52.51108,car + other
51041,Friedrichshain-Kreuzberg,3061435,Conrad-Blenkle-Straße,July,23,Saturday,minor,2,Stationary Traffic,Night,0,1,0,1,0,0,Wet,13.44756,52.52673,car + motorbike + 
51042,Mitte,1022202,Heidestraße,April,8,Tuesday,minor,2,Stationary Traffic,Daylight,0,1,0,0,0,0,Dry,13.36705,52.53175,car + 
51043,Treptow-Köpenick,9010101,Elsenstraße,October,17,Monday,minor,3,Stationary Traffic,Night,0,1,0,1,0,0,Dry,13.45794,52.49203,car + motorbike + 
51044,Charlottenburg-Wilmersdorf,4030622,Richard-Wagner-Straße,September,11,Monday,minor,2,Other,Daylight,0,1,0,1,0,0,Dry,13.30453,52.51136,car + motorbike + 
51046,Lichtenberg,11030721,Rüdigerstraße,July,22,Saturday,minor,5,Turning,Night,1,1,0,0,0,0,Wet,13.48425,52.51269,bicycle + car + 
51047,Neukölln,8020619,Buschkrugallee Nord,April,10,Tuesday,minor,3,Stationary Traffic,Daylight,0,1,0,0,1,0,Dry,13.44572,52.46307,car + truck + 
51048,Mitte,1011202,Unter den Linden Nord,June,17,Monday,minor,5,Crossing,Daylight,1,1,0,0,0,0,Dry,13.39453,52.51731,bicycle + car + 
51049,Tempelhof-Schöneberg,7050501,Rathausstraße,September,11,Monday,minor,5,Turning,Daylight,0,1,0,0,1,0,Dry,13.38053,52.438,car + truck + 
51050,Pankow,3020307,Buchholz,December,4,Tuesday,minor,8,Driving,Night,0,0,0,0,0,1,Wet,13.44926,52.60727,other
51051,Tempelhof-Schöneberg,7040403,Manteuffelstraße,May,13,Thursday,minor,2,Stationary Traffic,Daylight,0,1,0,0,0,0,Dry,13.37154,52.4707,car + 
51052,Charlottenburg-Wilmersdorf,4030417,Schloßstraße,July,19,Saturday,minor,6,Overtaking,Daylight,1,0,1,0,0,0,Dry,13.2949,52.51073,bicycle + pedestrian + 
51053,Reinickendorf,12103218,Teichstraße,April,11,Tuesday,minor,2,Stationary Traffic,Daylight,0,1,0,0,0,0,Dry,13.34772,52.57548,car + 
51054,Mitte,1011204,Leipziger Straße,November,10,Tuesday,minor,3,Stationary Traffic,Daylight,0,1,0,0,0,0,Wet,13.40197,52.51161,car + 
51055,Reinickendorf,12302212,Rollbergesiedlung,November,18,Saturday,minor,2,Turning,Night,0,1,0,0,0,0,Dry,13.32392,52.60776,car + 
51056,Treptow-Köpenick,9010401,Johannisthal West,July,18,Saturday,minor,2,Stationary Traffic,Daylight,0,1,0,0,0,0,Dry,13.49792,52.43397,car + 
51057,Pankow,3061126,Arnimplatz,April,19,Tuesday,serious,5,Turning,Dawn,1,1,0,0,0,0,Dry,13.41464,52.55607,bicycle + car + 
51058,Charlottenburg-Wilmersdorf,4020313,Königin-Elisabeth-Straße,October,11,Tuesday,serious,5,Turning,Daylight,1,1,0,0,0,0,Dry,13.28159,52.51008,bicycle + car + 
51059,Pankow,3061434,Anton-Saefkow-Park,September,8,Monday,minor,6,Other,Daylight,1,0,1,0,0,0,Dry,13.43594,52.53467,bicycle + pedestrian + 
51061,Pankow,3071639,Bötzowstraße,May,11,Thursday,serious,2,Stationary Traffic,Daylight,0,1,0,0,0,0,Dry,13.43255,52.53557,car + 
51062,Friedrichshain-Kreuzberg,2050602,Samariterviertel,July,15,Saturday,serious,0,Driving,Daylight,1,0,0,0,0,0,Dry,13.45418,52.51595,bicycle + 
51063,Lichtenberg,11030721,Rüdigerstraße,April,11,Tuesday,serious,2,Stationary Traffic,Daylight,0,1,0,0,0,0,Dry,13.47795,52.51346,car + 
51064,Lichtenberg,11041022,Rosenfelder Ring,November,18,Thursday,serious,2,Stationary Traffic,Night,0,1,0,0,0,1,Wet,13.51082,52.51039,car + other
51065,Pankow,3061434,Anton-Saefkow-Park,June,8,Thursday,minor,5,Crossing,Daylight,1,1,0,0,0,0,Dry,13.43376,52.537,bicycle + car + 
51066,Charlottenburg-Wilmersdorf,4030622,Richard-Wagner-Straße,September,8,Monday,minor,6,Overtaking,Daylight,0,1,1,0,0,0,Dry,13.31278,52.5119,car + pedestrian + 
51067,Reinickendorf,12302212,Rollbergesiedlung,December,8,Tuesday,serious,6,Turning,Daylight,0,1,1,0,0,0,Dry,13.32384,52.60784,car + pedestrian + 
51068,Reinickendorf,12103219,Schäfersee,July,13,Saturday,minor,2,Turning,Daylight,0,1,0,0,0,0,Dry,13.36437,52.56391,car + 
51069,Pankow,3061131,Falkplatz,October,18,Thursday,minor,3,Stationary Traffic,Night,0,1,0,0,0,0,Dry,13.41199,52.54137,car + 
51070,Tempelhof-Schöneberg,7020203,Kaiser-Wilhelm-Platz,July,9,Saturday,minor,1,Paralle Traffic,Daylight,1,0,0,0,1,0,Dry,13.34873,52.48198,bicycle + truck + 
51071,Mitte,1033203,Humboldthain Nordwest,September,8,Friday,minor,5,Crossing,Daylight,1,1,0,0,0,0,Dry,13.36846,52.54103,bicycle + car + 
51072,Charlottenburg-Wilmersdorf,4041133,Güterbahnhof Grunewald,April,7,Tuesday,serious,2,Stationary Traffic,Daylight,0,1,0,1,0,0,Dry,13.28066,52.49952,car + motorbike + 
51073,Mitte,1011202,Unter den Linden Nord,April,16,Tuesday,minor,1,Paralle Traffic,Daylight,1,1,0,0,0,0,Dry,13.38704,52.51675,bicycle + car + 
51074,Lichtenberg,11030721,Rüdigerstraße,November,4,Wednesday,serious,6,Overtaking,Night,0,0,1,1,0,0,Wet,13.47682,52.51343,pedestrian + motorbike + 
51075,Charlottenburg-Wilmersdorf,4051656,Hildegardstraße,November,23,Sunday,minor,3,Stationary Traffic,Night,0,1,0,0,0,0,Dry,13.32321,52.47796,car + 
51076,Friedrichshain-Kreuzberg,2050803,Stralauer Kiez,July,16,Friday,minor,5,Crossing,Daylight,1,0,0,0,0,0,Dry,13.45313,52.501,bicycle + 
51077,Friedrichshain-Kreuzberg,2050602,Samariterviertel,April,14,Tuesday,minor,2,Turning,Daylight,1,1,0,0,0,0,Dry,13.46751,52.51451,bicycle + car + 
51078,Tempelhof-Schöneberg,7030303,Grazer Platz,October,17,Wednesday,minor,2,Stationary Traffic,Daylight,0,1,0,0,0,1,Wet,13.35743,52.47397,car + other
51079,Charlottenburg-Wilmersdorf,4020208,Kranzallee,September,1,Sunday,serious,1,Paralle Traffic,Night,1,1,0,0,0,0,Dry,13.22577,52.50723,bicycle + car + 