id,district,lor,street,month,hour,weekday,injury,collision,movement,light_conditions,bicycle,car,pedestrian,motorbike,truck,other_vehicle,road_conditions,longitude,latitude,Combo_type
51081,Pankow,3040818,Pankow Süd,May,19,Thursday,minor,1,Crossing,Daylight,1,1,0,0,0,1,Dry,13.41035,52.56195,bicycle + car + other
51082,Charlottenburg-Wilmersdorf,4020314,Messegelände,July,17,Friday,serious,3,Stationary Traffic,Daylight,0,0,0,1,0,1,Dry,13.28078,52.50058,motorbike + other
51083,Tempelhof-Schöneberg,7030303,Grazer Platz,April,14,Tuesday,minor,0,Stationary Traffic,Daylight,0,1,0,1,0,0,Dry,13.3473,52.4766,car + motorbike + 
51084,Friedrichshain-Kreuzberg,2050602,Samariterviertel,June,15,Thursday,minor,2,Stationary Traffic,Daylight,0,1,0,0,0,0,Dry,13.46879,52.51423,car + 
51085,Tempelhof-Schöneberg,7050501,Rathausstraße,September,6,Sunday,minor,9,Driving,Daylight,0,1,0,0,0,0,Dry,13.38524,52.44895,car + 
51086,Friedrichshain-Kreuzberg,2050602,Samariterviertel,December,13,Tuesday,minor,5,Turning,Daylight,1,1,0,0,0,0,Dry,13.46004,52.51512,bicycle + car + 
51087,Charlottenburg-Wilmersdorf,4030417,Schloßstraße,May,18,Thursday,minor,5,Turning,Daylight,1,1,0,0,0,0,Dry,13.29225,52.51075,bicycle + car + 
51088,Friedrichshain-Kreuzberg,2050602,Samariterviertel,July,9,Friday,minor,5,Crossing,Daylight,1,1,0,0,0,0,Dry,13.46004,52.51526,bicycle + car + 
51089,Tempelhof-Schöneberg,7060601,Marienfelder Allee Nordwest,October,17,Thursday,minor,5,Crossing,Night,0,1,0,1,0,0,Dry,13.36921,52.42065,car + motorbike + 
51090,Reinickendorf,12103115,Breitkopfbecken,July,19,Thursday,minor,1,Driving,Daylight,1,1,0,0,0,0,Dry,13.36024,52.57178,bicycle + car + 
51091,Friedrichshain-Kreuzberg,2020202,Rathaus Yorckstraße,September,0,Friday,minor,5,Crossing,Night,1,1,0,0,0,0,Dry,13.38875,52.49765,bicycle + car + 
51092,Pankow,3050923,Weißenseer Spitze,April,14,Tuesday,minor,2,Stationary Traffic,Daylight,0,1,0,0,0,1,Dry,13.43015,52.55233,car + other
51093,Pankow,3040818,Pankow Süd,October,18,Wednesday,minor,3,Stationary Traffic,Dawn,0,1,0,1,0,0,Wet,13.41367,52.5585,car + motorbike + 
51094,Friedrichshain-Kreuzberg,2050602,Samariterviertel,August,22,Saturday,serious,6,Other,Night,0,1,1,0,0,0,Dry,13.45988,52.51514,car + pedestrian + 
51096,Friedrichshain-Kreuzberg,2040503,Richard-Sorge-Viertel,May,17,Thursday,minor,5,Turning,Daylight,1,1,0,0,0,0,Dry,13.45041,52.51624,bicycle + car + 
51097,Mitte,1011102,Großer Tiergarten,July,13,Thursday,minor,0,Other,Daylight,1,0,0,0,0,0,Dry,13.35442,52.51484,bicycle + 
51098,Friedrichshain-Kreuzberg,2050601,Hausburgviertel,April,20,Monday,minor,5,Paralle Traffic,Dawn,1,1,0,0,0,0,Dry,13.44947,52.52408,bicycle + car + 
51099,Friedrichshain-Kreuzberg,2050803,Stralauer Kiez,November,10,Sunday,minor,0,Other,Daylight,0,0,0,0,0,1,Wet,13.44737,52.50258,other
51100,Reinickendorf,12103219,Schäfersee,June,21,Saturday,minor,0,Stationary Traffic,Dawn,0,1,0,1,0,0,Dry,13.36417,52.56383,car + motorbike + 
51101,Pankow,3061126,Arnimplatz,December,13,Thursday,minor,0,Other,Daylight,0,1,0,0,0,0,Dry,13.41486,52.55456,car + 
51102,Mitte,1011303,Alexanderplatzviertel,July,9,Thursday,minor,6,Overtaking,Daylight,0,0,1,0,0,1,Dry,13.40302,52.51911,pedestrian + other
51103,Mitte,1044102,Schillerpark,April,17,Monday,serious,5,Crossing,Daylight,1,1,0,0,0,0,Dry,13.36549,52.55802,bicycle + car + 
51104,Reinickendorf,12231101,Hermsdorf,October,11,Saturday,minor,2,Stationary Traffic,Daylight,0,1,0,0,0,1,Dry,13.31669,52.61681,car + other
51105,Tempelhof-Schöneberg,7040403,Manteuffelstraße,August,19,Saturday,minor,5,Other,Night,0,1,0,0,0,0,Dry,13.38445,52.45339,car + 
51106,Steglitz-Zehlendorf,6010209,Feuerbachstraße,July,11,Thursday,minor,5,Turning,Daylight,0,1,0,0,0,0,Dry,13.32769,52.46044,car + 
51107,Friedrichshain-Kreuzberg,2020202,Rathaus Yorckstraße,April,17,Monday,minor,5,Turning,Daylight,1,1,0,0,0,0,Dry,13.38904,52.49731,bicycle + car + 
51108,Steglitz-Zehlendorf,6030503,Zehlendorf Mitte,October,14,Wednesday,minor,2,Stationary Traffic,Daylight,0,1,0,0,0,0,Dry,13.27253,52.43879,car + 
51109,Charlottenburg-Wilmersdorf,4030622,Richard-Wagner-Straße,June,17,Thursday,minor,2,Turning,Daylight,1,1,0,0,0,0,Dry,13.30923,52.51166,bicycle + car + 
51110,Friedrichshain-Kreuzberg,2050602,Samariterviertel,August,20,Saturday,minor,5,Crossing,Night,0,1,0,0,0,0,Dry,13.46324,52.5148,car + 
51111,Marzahn-Hellersdorf,10030726,Alt-Biesdorf,December,11,Friday,minor,5,Turning,Daylight,1,1,0,0,0,0,Dry,13.55336,52.50935,bicycle + car + 
51112,Pankow,3020209,Niederschönhausen,May,7,Thursday,minor,3,Stationary Traffic,Daylight,0,1,0,1,0,0,Dry,13.40256,52.59234,car + motorbike + 
51113,Charlottenburg-Wilmersdorf,4010101,Jungfernheide,April,9,Monday,serious,3,Stationary Traffic,Daylight,0,1,0,0,0,0,Dry,13.28959,52.53292,car + 
51114,Tempelhof-Schöneberg,7050502,Fritz-Werner-Straße,November,11,Sunday,minor,5,Crossing,Daylight,0,1,0,0,0,0,Dry,13.38753,52.43898,car + 
51115,Mitte,1011303,Alexanderplatzviertel,May,11,Thursday,minor,5,Crossing,Daylight,0,1,0,1,0,0,Dry,13.42016,52.52514,car + motorbike + 
51116,Charlottenburg-Wilmersdorf,4030623,Ernst-Reuter-Platz,November,14,Friday,minor,3,Stationary Traffic,Daylight,0,1,0,0,0,0,Dry,13.3266,52.51284,car + 
51117,Steglitz-Zehlendorf,6010209,Feuerbachstraße,July,10,Thursday,serious,0,Driving,Daylight,0,1,0,1,0,0,Dry,13.33161,52.46335,car + motorbike + 
51118,Mitte,1044201,Reinickendorfer Straße,April,15,Monday,minor,2,Stationary Traffic,Daylight,0,1,0,0,0,0,Dry,13.36869,52.54914,car + 
51119,Reinickendorf,12103117,Letteplatz,October,20,Monday,serious,3,Stationary Traffic,Night,0,1,0,1,0,0,Dry,13.36546,52.55825,car + motorbike + 
51120,Steglitz-Zehlendorf,6030605,Botanischer Garten,August,17,Saturday,serious,2,Stationary Traffic,Daylight,0,1,0,1,0,0,Dry,13.2944,52.44581,car + motorbike + 
51122,Neukölln,9010302,Späthsfelde,May,15,Thursday,serious,0,Driving,Daylight,0,1,0,0,0,0,Dry,13.45928,52.45709,car + 
51123,Charlottenburg-Wilmersdorf,4041134,Bismarckallee,July,11,Thursday,minor,3,Stationary Traffic,Daylight,0,1,0,0,0,0,Dry,13.28299,52.49737,car + 
51124,Pankow,3020209,Niederschönhausen,April,16,Monday,minor,5,Crossing,Daylight,0,0,0,1,0,1,Dry,13.40279,52.59317,motorbike + other
51125,Mitte,1033203,Humboldthain Nordwest,June,21,Sunday,minor,2,Stationary Traffic,Dawn,0,1,0,0,0,0,Dry,13.37009,52.53974,car + 
51126,Charlottenburg-Wilmersdorf,4020311,Reichsstraße,August,13,Saturday,serious,2,Stationary Traffic,Daylight,0,1,0,0,0,0,Dry,13.26179,52.50872,car + 
51127,Pankow,3061228,Erich-Weinert-Straße,December,5,Monday,minor,5,Turning,Night,1,1,0,0,0,0,Dry,13.42819,52.54644,bicycle + car + 
51128,Tempelhof-Schöneberg,7040403,Manteuffelstraße,May,7,Thursday,minor,2,Stationary Traffic,Daylight,0,1,0,0,0,0,Dry,13.3803,52.46988,car + 
51129,Friedrichshain-Kreuzberg,2020203,Viktoriapark,July,16,Wednesday,minor,2,Stationary Traffic,Daylight,0,1,0,0,0,0,Dry,13.38586,52.48644,car + 
51130,Tempelhof-Schöneberg,7050502,Fritz-Werner-Straße,April,16,Monday,minor,5,Turning,Daylight,0,1,0,1,0,0,Dry,13.37828,52.43479,car + motorbike + 
51131,Charlottenburg-Wilmersdorf,4020314,Messegelände,November,5,Monday,minor,2,Stationary Traffic,Night,0,1,0,0,0,0,Wet,13.28165,52.50539,car + 
51132,Mitte,1044201,Reinickendorfer Straße,July,23,Wednesday,serious,5,Turning,Night,0,1,0,0,0,0,Dry,13.3673,52.5515,car + 
51133,Tempelhof-Schöneberg,7070701,Kettinger Straße/Schillerstraße,April,14,Sunday,minor,2,Stationary Traffic,Daylight,0,1,0,0,0,0,Dry,13.40336,52.41094,car + 
51134,Charlottenburg-Wilmersdorf,4041239,Stadion Wilmersdorf,October,6,Monday,minor,2,Stationary Traffic,Night,0,1,0,0,0,0,Dry,13.30262,52.48618,car + 
51135,Marzahn-Hellersdorf,10010308,Marzahner Chaussee,August,23,Friday,serious,0,Other,Night,1,0,0,0,0,0,Dry,13.54129,52.50998,bicycle + 
51137,Tempelhof-Schöneberg,7040405,Rathaus Tempelhof,May,7,Thursday,serious,3,Stationary Traffic,Daylight,0,1,0,1,0,1,Dry,13.39519,52.46723,car + motorbike + other
51138,Tempelhof-Schöneberg,7010104,Dennewitzplatz,July,21,Wednesday,minor,5,Turning,Dawn,0,1,0,1,0,0,Dry,13.36115,52.49526,car + motorbike + 
51139,Pankow,3061126,Arnimplatz,April,14,Sunday,minor,6,Overtaking,Daylight,1,0,1,0,0,0,Dry,13.41411,52.55077,bicycle + pedestrian + 
51140,Treptow-Köpenick,9010302,Späthsfelde,November,8,Wednesday,minor,3,Stationary Traffic,Daylight,0,1,0,0,1,0,Wet,13.45861,52.45825,car + truck + 
51141,Mitte,1011104,Körnerstraße,June,13,Wednesday,minor,5,Turning,Daylight,0,1,0,1,0,0,Dry,13.36403,52.50116,car + motorbike + 
51142,Tempelhof-Schöneberg,7030303,Grazer Platz,August,18,Friday,minor,2,Stationary Traffic,Daylight,0,1,0,0,0,0,Dry,13.35575,52.4735,car + 
51143,Charlottenburg-Wilmersdorf,4030417,Schloßstraße,December,11,Monday,minor,3,Stationary Traffic,Daylight,0,1,0,0,0,0,Dry,13.29722,52.51088,car + 
51144,Tempelhof-Schöneberg,7030303,Grazer Platz,July,17,Wednesday,minor,2,Stationary Traffic,Daylight,0,1,0,1,0,0,Dry,13.35583,52.47784,car + motorbike + 
51145,Marzahn-Hellersdorf,10040933,Mahlsdorf Süd,October,14,Wednesday,minor,2,Stationary Traffic,Daylight,0,1,0,0,0,0,Dry,13.60967,52.5048,car + 
51146,Mitte,1011104,Körnerstraße,August,17,Friday,minor,4,Stationary Traffic,Daylight,1,0,0,0,0,1,Dry,13.36756,52.50483,bicycle + other
51147,Tempelhof-Schöneberg,7020203,Kaiser-Wilhelm-Platz,July,19,Tuesday,minor,1,Paralle Traffic,Daylight,1,1,0,0,0,0,Dry,13.3579,52.48767,bicycle + car + 
51148,Charlottenburg-Wilmersdorf,4020314,Messegelände,April,11,Sunday,minor,3,Stationary Traffic,Daylight,0,1,0,0,0,0,Dry,13.28091,52.50305,car + 
51149,Mitte,1011303,Alexanderplatzviertel,October,14,Tuesday,minor,6,Overtaking,Daylight,1,0,1,0,0,0,Wet,13.41949,52.52508,bicycle + pedestrian + 
51150,Pankow,3050925,Komponistenviertel Weißensee,August,9,Friday,minor,2,Stationary Traffic,Daylight,0,0,0,0,1,1,Dry,13.45768,52.54969,truck + other
51152,Reinickendorf,12301205,Waidmannslust,May,17,Wednesday,minor,2,Stationary Traffic,Daylight,0,1,0,0,0,0,Wet,13.31711,52.61185,car + 
51153,Mitte,1011303,Alexanderplatzviertel,July,17,Tuesday,minor,5,Turning,Daylight,1,1,0,0,0,0,Dry,13.40894,52.51699,bicycle + car + 
51154,Friedrichshain-Kreuzberg,2050803,Stralauer Kiez,April,18,Sunday,minor,0,Driving,Daylight,0,0,0,1,0,0,Dry,13.45544,52.50035,motorbike + 
51155,Tempelhof-Schöneberg,7060603,Marienfelde Nordost,November,7,Friday,minor,2,Other,Dawn,0,1,0,0,0,0,Dry,13.37464,52.42733,car + 
51156,Tempelhof-Schöneberg,7040403,Manteuffelstraße,May,17,Wednesday,minor,2,Stationary Traffic,Daylight,0,1,0,0,0,0,Dry,13.37129,52.47075,car + 
51157,Tempelhof-Schöneberg,7040401,Neu-Tempelhof,December,17,Tuesday,minor,1,Paralle Traffic,Night,0,1,0,0,0,0,Wet,13.38582,52.47296,car + 
51158,Reinickendorf,12103117,Letteplatz,July,17,Tuesday,minor,0,Turning,Daylight,1,1,0,0,0,0,Dry,13.36544,52.55833,bicycle + car + 
51159,Charlottenburg-Wilmersdorf,4030621,Spreestadt,April,18,Sunday,minor,0,Overtaking,Daylight,1,0,1,0,0,0,Dry,13.33321,52.51343,bicycle + pedestrian + 
51160,Reinickendorf,12214125,Waldidyll/Flughafensee,October,7,Friday,minor,2,Stationary Traffic,Dawn,0,1,0,1,0,0,Dry,13.30122,52.54894,car + motorbike + 
51161,Mitte,1044102,Schillerpark,August,14,Friday,minor,3,Stationary Traffic,Daylight,1,1,0,0,0,1,Dry,13.36552,52.55789,bicycle + car + other
51163,Reinickendorf,12214125,Waldidyll/Flughafensee,July,10,Tuesday,minor,2,Stationary Traffic,Daylight,0,1,0,0,0,0,Dry,13.29825,52.57789,car + 
51164,Charlottenburg-Wilmersdorf,4041133,Güterbahnhof Grunewald,April,18,Sunday,minor,2,Stationary Traffic,Daylight,0,1,0,0,0,0,Dry,13.28087,52.49925,car + 
51165,Pankow,3061332,Helmholtzplatz,October,11,Tuesday,minor,6,Overtaking,Daylight,0,0,1,0,0,1,Wet,13.4242,52.5393,pedestrian + other
51166,Tempelhof-Schöneberg,7040403,Manteuffelstraße,June,22,Wednesday,minor,2,Stationary Traffic,Night,0,1,0,0,0,0,Dry,13.3855,52.46672,car + 
51167,Lichtenberg,11030721,Rüdigerstraße,August,12,Friday,minor,5,Turning,Daylight,1,1,0,0,0,0,Dry,13.47669,52.51344,bicycle + car + 
51168,Treptow-Köpenick,9010101,Elsenstraße,December,19,Saturday,minor,2,Stationary Traffic,Night,0,1,0,0,0,0,Dry,13.45936,52.49308,car + 
51169,Steglitz-Zehlendorf,6030503,Zehlendorf Mitte,May,10,Wednesday,minor,5,Turning,Daylight,1,1,0,0,0,0,Wet,13.26068,52.4351,bicycle + car + 
51170,Tempelhof-Schöneberg,7050502,Fritz-Werner-Straße,April,16,Sunday,minor,6,Other,Daylight,1,0,1,0,0,0,Dry,13.38801,52.43791,bicycle + pedestrian + 
51171,Treptow-Köpenick,9020601,Schnellerstraße,November,18,Saturday,serious,5,Crossing,Night,1,1,0,0,0,0,Wet,13.5056,52.45934,bicycle + car + 
51172,Steglitz-Zehlendorf,6040703,Nikolassee,October,9,Tuesday,minor,5,Turning,Daylight,1,0,0,0,0,1,Wet,13.21794,52.42807,bicycle + other
51173,Pankow,3061332,Helmholtzplatz,August,11,Friday,minor,3,Stationary Traffic,Daylight,1,1,0,0,0,0,Dry,13.42396,52.53911,bicycle + car + 
51175,Charlottenburg-Wilmersdorf,4030417,Schloßstraße,May,12,Wednesday,minor,2,Stationary Traffic,Daylight,0,1,0,1,0,0,Wet,13.29696,52.51086,car + motorbike + 
51176,Tempelhof-Schöneberg,7040401,Neu-Tempelhof,July,9,Tuesday,minor,2,Stationary Traffic,Daylight,0,1,0,0,0,0,Dry,13.38581,52.47255,car + 
51177,Lichtenberg,11041022,Rosenfelder Ring,April,15,Sunday,minor,0,Turning,Daylight,0,1,0,1,0,0,Dry,13.50528,52.51072,car + motorbike + 
51178,Reinickendorf,12103218,Teichstraße,November,14,Saturday,minor,5,Crossing,Daylight,0,1,0,0,0,0,Wet,13.34681,52.57912,car + 
51179,Friedrichshain-Kreuzberg,2050602,Samariterviertel,May,12,Wednesday,minor,2,Turning,Daylight,0,1,0,0,0,0,Dry,13.47295,52.51382,car + 
51180,Friedrichshain-Kreuzberg,2050602,Samariterviertel,August,10,Friday,minor,6,Overtaking,Daylight,1,0,1,0,0,0,Dry,13.46738,52.51453,bicycle + pedestrian + 
51181,Charlottenburg-Wilmersdorf,4010101,Jungfernheide,December,6,Wednesday,minor,2,Stationary Traffic,Night,0,1,0,0,0,0,Dry,13.29786,52.54473,car + 
51182,Lichtenberg,2050602,Samariterviertel,July,9,Tuesday,minor,3,Stationary Traffic,Daylight,0,1,0,0,1,0,Dry,13.47524,52.51372,car + truck + 
51183,Charlottenburg-Wilmersdorf,4020313,Königin-Elisabeth-Straße,April,12,Saturday,serious,6,Overtaking,Daylight,1,0,1,0,0,0,Dry,13.28077,52.50986,bicycle + pedestrian + 
51184,Tempelhof-Schöneberg,7030303,Grazer Platz,October,20,Friday,minor,2,Stationary Traffic,Night,0,1,0,0,0,0,Dry,13.34002,52.46876,car + 
51185,Lichtenberg,11030721,Rüdigerstraße,August,9,Friday,minor,5,Turning,Daylight,1,0,0,0,0,1,Dry,13.48443,52.5128,bicycle + other
51186,Tempelhof-Schöneberg,7040401,Neu-Tempelhof,July,8,Tuesday,serious,3,Stationary Traffic,Daylight,1,1,0,0,1,0,Dry,13.38583,52.48386,bicycle + car + truck + 
51187,Charlottenburg-Wilmersdorf,4020313,Königin-Elisabeth-Straße,April,12,Saturday,serious,6,Overtaking,Daylight,1,0,1,0,0,0,Dry,13.28077,52.50986,bicycle + pedestrian + 
51188,Charlottenburg-Wilmersdorf,4030724,Lietzensee,October,15,Tuesday,minor,2,Stationary Traffic,Daylight,0,1,0,0,0,0,Wet,13.28478,52.50889,car + 
51189,Tempelhof-Schöneberg,7040403,Manteuffelstraße,June,16,Thursday,minor,2,Stationary Traffic,Daylight,0,1,0,0,0,1,Wet,13.37113,52.47078,car + other
51190,Pankow,3071639,Bötzowstraße,August,6,Thursday,minor,3,Stationary Traffic,Dawn,1,0,0,0,0,0,Dry,13.43136,52.53492,bicycle + 
51191,Pankow,3061429,Greifswalder Straße,December,21,Thursday,minor,0,Crossing,Night,1,0,0,0,0,1,Wet,13.43921,52.54127,bicycle + other
51192,Mitte,1011105,Nördlicher Landwehrkanal,May,13,Wednesday,minor,6,Overtaking,Daylight,0,1,1,0,0,0,Dry,13.37364,52.50918,car + pedestrian + 
51193,Tempelhof-Schöneberg,7040403,Manteuffelstraße,April,23,Saturday,minor,2,Stationary Traffic,Night,0,1,0,0,0,0,Dry,13.37109,52.47079,car + 
51194,Pankow,3061131,Falkplatz,November,0,Sunday,minor,6,Other,Night,1,0,1,0,0,0,Dry,13.413,52.54555,bicycle + pedestrian + 
51195,Marzahn-Hellersdorf,10010204,Wuhletalstraße,May,14,Tuesday,minor,5,Crossing,Daylight,0,1,0,0,1,0,Dry,13.55818,52.56276,car + truck + 
51196,Reinickendorf,12301203,Wittenau Süd,November,8,Thursday,minor,0,Turning,Daylight,1,1,0,0,0,0,Wet,13.34188,52.58554,bicycle + car + 
51197,Steglitz-Zehlendorf,6010101,Fichtenberg,July,18,Tuesday,minor,8,Driving,Daylight,0,1,0,0,0,0,Dry,13.31497,52.45329,car + 
51198,Mitte,1011201,Wilhelmstraße,April,23,Saturday,minor,2,Stationary Traffic,Night,0,1,0,0,0,0,Dry,13.38699,52.51018,car + 
51199,Tempelhof-Schöneberg,7070701,Kettinger Straße/Schillerstraße,October,18,Saturday,serious,2,Stationary Traffic,Night,0,1,0,1,0,0,Dry,13.40433,52.40867,car + motorbike + 
51200,Mitte,1011201,Wilhelmstraße,August,22,Thursday,minor,5,Turning,Night,1,0,0,1,0,0,Dry,13.37672,52.50942,bicycle + motorbike + 
51202,Friedrichshain-Kreuzberg,2050602,Samariterviertel,May,18,Tuesday,serious,6,Other,Daylight,1,0,1,0,0,0,Dry,13.45776,52.51535,bicycle + pedestrian + 
51203,Friedrichshain-Kreuzberg,2040703,Wriezener Bahnhof/Entwicklungsgebiet,July,3,Tuesday,minor,6,Other,Night,0,0,1,0,0,1,Dry,13.44917,52.50594,pedestrian + other
51204,Pankow,3061332,Helmholtzplatz,April,13,Saturday,minor,3,Stationary Traffic,Daylight,0,1,0,1,0,0,Dry,13.4127,52.54093,car + motorbike + 
51205,Mitte,1011105,Nördlicher Landwehrkanal,June,15,Saturday,serious,5,Crossing,Daylight,0,1,0,1,0,0,Dry,13.36861,52.50624,car + motorbike + 
51206,Reinickendorf,12301205,Waidmannslust,August,20,Thursday,minor,0,Driving,Night,1,0,0,0,0,0,Dry,13.32281,52.60845,bicycle + 
51207,Tempelhof-Schöneberg,7050502,Fritz-Werner-Straße,December,12,Sunday,minor,5,Turning,Daylight,0,1,0,0,0,0,Wet,13.38265,52.4394,car + 
51208,Charlottenburg-Wilmersdorf,4010101,Jungfernheide,May,21,Tuesday,serious,8,Driving,Night,0,0,0,1,0,0,Wet,13.2909,52.53321,motorbike + 
51209,Pankow,3020209,Niederschönhausen,July,15,Tuesday,minor,0,Driving,Daylight,1,0,0,0,0,0,Dry,13.39824,52.57926,bicycle + 
51210,Charlottenburg-Wilmersdorf,4030622,Richard-Wagner-Straße,November,10,Monday,minor,5,Turning,Daylight,1,1,0,0,0,0,Wet,13.31457,52.51201,bicycle + car + 
51211,Marzahn-Hellersdorf,10040933,Mahlsdorf Süd,July,15,Tuesday,minor,2,Stationary Traffic,Daylight,0,1,0,1,0,0,Dry,13.60878,52.5048,car + motorbike + 
51212,Pankow,3061131,Falkplatz,April,0,Saturday,minor,4,Stationary Traffic,Night,1,0,0,0,0,0,Dry,13.41316,52.54741,bicycle + 
51213,Charlottenburg-Wilmersdorf,4030622,Richard-Wagner-Straße,October,13,Sunday,minor,2,Turning,Daylight,0,1,0,0,0,0,Dry,13.30532,52.51141,car + 
51214,Charlottenburg-Wilmersdorf,4020313,Königin-Elisabeth-Straße,August,17,Thursday,minor,3,Stationary Traffic,Daylight,0,1,0,1,0,0,Dry,13.28275,52.51015,car + motorbike + 
51216,Pankow,3061126,Arnimplatz,May,10,Tuesday,minor,5,Turning,Daylight,1,1,0,0,0,0,Dry,13.41376,52.55077,bicycle + car + 
51217,Steglitz-Zehlendorf,6030605,Botanischer Garten,July,2,Tuesday,minor,3,Stationary Traffic,Night,0,1,0,0,0,1,Dry,13.31156,52.45217,car + other
51218,Steglitz-Zehlendorf,6040701,Wannsee,April,15,Saturday,serious,5,Other,Daylight,0,1,0,1,0,0,Dry,13.14504,52.41798,car + motorbike + 
51219,Charlottenburg-Wilmersdorf,4020313,Königin-Elisabeth-Straße,November,13,Tuesday,minor,2,Stationary Traffic,Daylight,0,1,0,0,0,0,Dry,13.28176,52.50992,car + 
51220,Mitte,1011304,Karl-Marx-Allee,June,8,Wednesday,minor,6,Overtaking,Daylight,0,0,1,1,0,0,Dry,13.42286,52.5202,pedestrian + motorbike + 
51221,Mitte,1011304,Karl-Marx-Allee,August,15,Thursday,minor,0,Other,Daylight,1,0,0,0,0,0,Dry,13.41949,52.52096,bicycle + 
51222,Pankow,3020209,Niederschönhausen,December,21,Saturday,minor,0,Stationary Traffic,Night,0,1,0,0,0,0,Wet,13.40416,52.58111,car + 
51223,Friedrichshain-Kreuzberg,2050602,Samariterviertel,July,14,Monday,minor,3,Turning,Daylight,0,1,0,1,0,0,Dry,13.47349,52.51391,car + motorbike + 
51224,Pankow,3061435,Conrad-Blenkle-Straße,October,16,Tuesday,minor,2,Stationary Traffic,Dawn,0,1,0,0,0,0,Dry,13.44411,52.5295,car + 
51225,Charlottenburg-Wilmersdorf,4051655,Babelsberger Straße,August,13,Thursday,minor,2,Stationary Traffic,Daylight,0,1,0,0,0,0,Dry,13.33064,52.47783,car + 
51226,Friedrichshain-Kreuzberg,2050602,Samariterviertel,July,15,Monday,minor,2,Turning,Daylight,1,0,0,0,0,0,Dry,13.46283,52.51484,bicycle + 
51227,Mitte,1011303,Alexanderplatzviertel,April,11,Saturday,minor,2,Stationary Traffic,Daylight,0,1,0,0,0,0,Dry,13.41134,52.51852,car + 
51228,Tempelhof-Schöneberg,7040403,Manteuffelstraße,October,12,Monday,minor,2,Stationary Traffic,Daylight,0,1,0,0,0,0,Dry,13.37884,52.47005,car + 
51229,Lichtenberg,11041027,Tierpark,June,9,Monday,minor,6,Stationary Traffic,Daylight,1,0,1,0,0,0,Dry,13.52418,52.51,bicycle + pedestrian + 
51230,Tempelhof-Schöneberg,7070701,Kettinger Straße/Schillerstraße,August,12,Thursday,minor,1,Paralle Traffic,Daylight,0,1,0,0,0,1,Dry,13.40139,52.41384,car + other
51232,Charlottenburg-Wilmersdorf,4020314,Messegelände,May,6,Tuesday,minor,2,Stationary Traffic,Daylight,0,1,0,0,0,0,Dry,13.2778,52.50207,car + 
51233,Charlottenburg-Wilmersdorf,4041134,Bismarckallee,April,13,Saturday,minor,2,Stationary Traffic,Daylight,0,1,0,0,0,1,Dry,13.28407,52.49613,car + other
51234,Mitte,1011201,Wilhelmstraße,November,17,Thursday,minor,5,Turning,Night,1,1,0,0,0,0,Dry,13.38733,52.5102,bicycle + car + 
51235,Marzahn-Hellersdorf,10040933,Mahlsdorf Süd,May,18,Monday,minor,5,Other,Daylight,0,1,0,0,0,0,Wet,13.62063,52.50433,car + 
51236,Pankow,3040513,Schönholz,December,21,Tuesday,minor,2,Stationary Traffic,Night,0,1,0,0,0,1,Wet,13.39821,52.57131,car + other
51237,Charlottenburg-Wilmersdorf,4020208,Kranzallee,July,23,Sunday,minor,6,Overtaking,Night,0,1,1,0,0,0,Dry,13.24283,52.50756,car + pedestrian + 
51238,Charlottenburg-Wilmersdorf,4030417,Schloßstraße,April,15,Friday,minor,3,Stationary Traffic,Daylight,0,1,0,1,0,0,Dry,13.28592,52.5107,car + motorbike + 
51239,Steglitz-Zehlendorf,6040703,Nikolassee,October,10,Wednesday,minor,5,Crossing,Daylight,0,1,0,0,0,0,Dry,13.21476,52.42733,car + 
51240,Charlottenburg-Wilmersdorf,4020209,Eichkamp,August,17,Thursday,serious,2,Stationary Traffic,Daylight,0,1,0,0,0,0,Dry,13.27015,52.49661,car + 
51242,Treptow-Köpenick,9010101,Elsenstraße,July,21,Sunday,serious,5,Turning,Night,0,1,0,1,0,0,Dry,13.45921,52.49296,car + motorbike + 
51243,Tempelhof-Schöneberg,7050501,Rathausstraße,April,12,Friday,serious,6,Turning,Daylight,0,1,1,0,0,0,Dry,13.38188,52.43927,car + pedestrian + 
51244,Charlottenburg-Wilmersdorf,4041134,Bismarckallee,September,5,Monday,minor,3,Stationary Traffic,Night,0,1,0,0,0,0,Wet,13.28408,52.49612,car + 
51245,Lichtenberg,11030721,Rüdigerstraße,June,11,Wednesday,minor,2,Stationary Traffic,Daylight,0,1,0,0,0,0,Dry,13.48161,52.51295,car + 
51246,Tempelhof-Schöneberg,7040402,Lindenhofsiedlung,August,12,Thursday,serious,2,Stationary Traffic,Daylight,0,1,0,0,0,1,Dry,13.37077,52.47085,car + other
51247,Charlottenburg-Wilmersdorf,7030303,Grazer Platz,December,17,Friday,minor,2,Stationary Traffic,Night,0,1,0,0,0,0,Wet,13.34665,52.47694,car + 
51248,Charlottenburg-Wilmersdorf,4041133,Güterbahnhof Grunewald,May,17,Monday,minor,2,Stationary Traffic,Daylight,0,1,0,0,0,0,Wet,13.28122,52.4988,car + 
51249,Pankow,3061332,Helmholtzplatz,July,22,Saturday,minor,5,Turning,Night,0,1,0,0,0,0,Wet,13.42426,52.53905,car + 
51250,Reinickendorf,12103219,Schäfersee,April,9,Friday,minor,0,Driving,Daylight,0,0,0,1,0,0,Dry,13.36366,52.5649,motorbike + 