id,district,lor,street,month,hour,weekday,injury,collision,movement,light_conditions,bicycle,car,pedestrian,motorbike,truck,other_vehicle,road_conditions,longitude,latitude,Combo_type
51251,Treptow-Köpenick,9020601,Schnellerstraße,November,8,Friday,serious,5,Turning,Daylight,1,0,0,0,0,0,Dry,13.50909,52.45709,bicycle + 
51252,Tempelhof-Schöneberg,7020203,Kaiser-Wilhelm-Platz,August,11,Thursday,minor,1,Paralle Traffic,Daylight,1,0,0,0,0,1,Dry,13.34961,52.48282,bicycle + other
51253,Tempelhof-Schöneberg,7050501,Rathausstraße,November,13,Tuesday,minor,1,Paralle Traffic,Daylight,0,1,0,0,0,0,Dry,13.38626,52.44293,car + 
51254,Tempelhof-Schöneberg,7040401,Neu-Tempelhof,July,18,Saturday,minor,2,Stationary Traffic,Daylight,0,1,0,0,0,0,Dry,13.38605,52.48304,car + 
51255,Mitte,1011303,Alexanderplatzviertel,April,9,Friday,minor,0,Other,Daylight,1,0,0,0,1,0,Dry,13.41257,52.51953,bicycle + truck + 
51256,Charlottenburg-Wilmersdorf,4041137,Flinsberger Platz,October,13,Thursday,minor,2,Stationary Traffic,Daylight,0,1,0,0,1,0,Dry,13.298,52.48955,car + truck + 
51257,Tempelhof-Schöneberg,7020202,Volkspark (Rudolf-Wilde-Park),August,16,Wednesday,minor,6,Overtaking,Daylight,0,0,1,1,0,0,Dry,13.34995,52.48103,pedestrian + motorbike + 
51259,Steglitz-Zehlendorf,6040701,Wannsee,May,21,Monday,serious,5,Turning,Dawn,1,1,0,0,0,0,Wet,13.1754,52.41981,bicycle + car + 
51260,Mitte,1022202,Heidestraße,July,15,Saturday,minor,2,Stationary Traffic,Daylight,0,1,0,1,0,0,Wet,13.36335,52.5355,car + motorbike + 
51261,Tempelhof-Schöneberg,7040401,Neu-Tempelhof,April,20,Friday,minor,1,Paralle Traffic,Dawn,0,1,0,0,0,0,Dry,13.38564,52.47507,car + 
51262,Charlottenburg-Wilmersdorf,4030417,Schloßstraße,June,18,Friday,minor,0,Driving,Daylight,1,0,0,0,0,0,Dry,13.29902,52.511,bicycle + 
51263,Lichtenberg,11030721,Rüdigerstraße,August,16,Wednesday,minor,5,Turning,Daylight,0,1,1,0,0,0,Dry,13.47673,52.51358,car + pedestrian + 
51264,Tempelhof-Schöneberg,7040405,Rathaus Tempelhof,December,10,Friday,minor,2,Stationary Traffic,Daylight,0,1,0,0,1,0,Dry,13.39007,52.46904,car + truck + 
51265,Charlottenburg-Wilmersdorf,4041137,Flinsberger Platz,May,19,Monday,serious,0,Driving,Daylight,0,0,0,1,0,0,Wet,13.29106,52.4936,motorbike + 
51266,Charlottenburg-Wilmersdorf,4020209,Eichkamp,July,14,Saturday,minor,2,Stationary Traffic,Daylight,0,1,0,0,0,0,Dry,13.27192,52.49784,car + 
51267,Pankow,3061434,Anton-Saefkow-Park,November,21,Friday,serious,6,Overtaking,Night,0,1,1,0,0,0,Wet,13.43742,52.53396,car + pedestrian + 
51268,Pankow,3061332,Helmholtzplatz,July,18,Friday,minor,6,Other,Daylight,0,0,1,0,0,1,Dry,13.41308,52.54087,pedestrian + other
51269,Friedrichshain-Kreuzberg,2050602,Samariterviertel,April,21,Friday,serious,6,Overtaking,Night,0,1,1,0,0,0,Dry,13.46457,52.51481,car + pedestrian + 
51270,Tempelhof-Schöneberg,7040405,Rathaus Tempelhof,October,16,Friday,minor,2,Stationary Traffic,Daylight,0,1,0,0,0,0,Dry,13.39539,52.46714,car + 
51271,Pankow,3071633,Thälmannpark,August,8,Wednesday,minor,5,Crossing,Daylight,1,0,0,0,0,0,Dry,13.42881,52.53777,bicycle + 
51273,Marzahn-Hellersdorf,10010206,Ringkolonnaden,May,15,Monday,serious,5,Crossing,Daylight,1,1,0,0,0,0,Dry,13.5529,52.55594,bicycle + car + 
51274,Mitte,1011303,Alexanderplatzviertel,August,17,Tuesday,minor,3,Turning,Daylight,1,1,0,0,0,0,Dry,13.41949,52.52508,bicycle + car + 
51275,Mitte,1033203,Humboldthain Nordwest,November,9,Wednesday,minor,5,Crossing,Daylight,1,1,0,0,0,0,Dry,13.36854,52.5412,bicycle + car + 
51276,Steglitz-Zehlendorf,6030503,Zehlendorf Mitte,July,9,Friday,serious,0,Overtaking,Daylight,1,0,1,0,0,0,Dry,13.25491,52.43549,bicycle + pedestrian + 
51277,Pankow,3020209,Niederschönhausen,April,21,Thursday,minor,2,Stationary Traffic,Night,0,1,0,0,0,0,Dry,13.39838,52.57918,car + 
51278,Charlottenburg-Wilmersdorf,4020313,Königin-Elisabeth-Straße,October,14,Friday,minor,2,Stationary Traffic,Daylight,0,1,0,1,0,0,Dry,13.28381,52.51006,car + motorbike + 
51279,Pankow,3040818,Pankow Süd,August,17,Tuesday,minor,2,Stationary Traffic,Daylight,0,1,0,0,0,0,Dry,13.42829,52.57055,car + 
51281,Charlottenburg-Wilmersdorf,4010101,Jungfernheide,May,7,Monday,minor,2,Stationary Traffic,Daylight,0,1,0,0,1,0,Dry,13.28622,52.5321,car + truck + 
51282,Mitte,1033203,Humboldthain Nordwest,July,21,Friday,minor,5,Crossing,Dawn,0,1,0,0,0,0,Dry,13.36908,52.53917,car + 
51283,Pankow,3061131,Falkplatz,April,18,Thursday,minor,3,Stationary Traffic,Daylight,1,0,0,0,0,0,Dry,13.41254,52.54375,bicycle + 
51284,Tempelhof-Schöneberg,7050501,Rathausstraße,June,13,Friday,minor,6,Other,Daylight,0,1,1,0,0,0,Dry,13.38466,52.4512,car + pedestrian + 
51285,Friedrichshain-Kreuzberg,2040703,Wriezener Bahnhof/Entwicklungsgebiet,August,15,Tuesday,minor,3,Stationary Traffic,Daylight,1,0,0,0,0,1,Dry,13.44795,52.50408,bicycle + other
51286,Pankow,3061332,Helmholtzplatz,December,2,Saturday,minor,0,Driving,Night,0,0,0,1,0,0,Wet,13.41364,52.54079,motorbike + 
51287,Treptow-Köpenick,9010302,Späthsfelde,May,7,Monday,minor,0,Other,Daylight,0,0,0,0,0,1,Dry,13.46253,52.45268,other
51288,Tempelhof-Schöneberg,7020203,Kaiser-Wilhelm-Platz,July,20,Friday,minor,0,Other,Dawn,1,1,0,0,0,0,Dry,13.35896,52.48883,bicycle + car + 
51289,Pankow,3071638,Winsstraße,April,15,Thursday,serious,2,Turning,Daylight,1,0,0,1,0,0,Dry,13.4238,52.52809,bicycle + motorbike + 
51290,Charlottenburg-Wilmersdorf,4041137,Flinsberger Platz,November,12,Sunday,minor,0,Other,Daylight,0,0,0,1,0,0,Wet,13.29333,52.49251,motorbike + 
51291,Mitte,1011201,Wilhelmstraße,July,18,Friday,minor,4,Other,Daylight,1,0,0,0,0,1,Dry,13.37646,52.50958,bicycle + other
51292,Mitte,1011102,Großer Tiergarten,April,15,Thursday,minor,0,Driving,Daylight,1,0,0,0,0,0,Dry,13.34021,52.51376,bicycle + 
51293,Steglitz-Zehlendorf,6030503,Zehlendorf Mitte,October,0,Saturday,serious,5,Turning,Night,1,1,0,0,0,0,Dry,13.28286,52.44181,bicycle + car + 
51294,Pankow,3061429,Greifswalder Straße,August,13,Tuesday,minor,6,Overtaking,Daylight,1,0,1,0,0,0,Dry,13.43886,52.54097,bicycle + pedestrian + 
51296,Mitte,1033203,Humboldthain Nordwest,May,9,Monday,minor,2,Stationary Traffic,Daylight,0,1,0,1,0,0,Dry,13.36872,52.54129,car + motorbike + 
51297,Charlottenburg-Wilmersdorf,4051656,Hildegardstraße,July,13,Friday,minor,2,Stationary Traffic,Daylight,0,1,0,0,0,0,Dry,13.32483,52.47795,car + 
51298,Charlottenburg-Wilmersdorf,4020314,Messegelände,April,10,Thursday,minor,3,Stationary Traffic,Daylight,0,1,0,0,0,0,Dry,13.28107,52.50256,car + 
51299,Marzahn-Hellersdorf,10040933,Mahlsdorf Süd,November,16,Monday,minor,6,Turning,Dawn,0,1,1,0,0,0,Wet,13.62051,52.50435,car + pedestrian + 
51300,Steglitz-Zehlendorf,6030605,Botanischer Garten,June,18,Tuesday,minor,2,Stationary Traffic,Daylight,0,1,0,1,0,0,Dry,13.28955,52.44406,car + motorbike + 
51301,Charlottenburg-Wilmersdorf,4030417,Schloßstraße,August,8,Tuesday,minor,6,Overtaking,Daylight,0,0,1,0,0,1,Dry,13.29219,52.51074,pedestrian + other
51302,Charlottenburg-Wilmersdorf,4041239,Stadion Wilmersdorf,December,21,Friday,minor,3,Stationary Traffic,Night,0,1,0,0,1,0,Wet,13.30573,52.48376,car + truck + 
51303,Neukölln,8010510,Gewerbegebiet Köllnische Heide,July,13,Friday,minor,2,Stationary Traffic,Daylight,0,1,0,1,0,0,Wet,13.45634,52.4607,car + motorbike + 
51304,Steglitz-Zehlendorf,6040701,Wannsee,April,17,Wednesday,minor,5,Other,Daylight,0,1,0,1,0,0,Dry,13.15772,52.41929,car + motorbike + 
51305,Tempelhof-Schöneberg,7020203,Kaiser-Wilhelm-Platz,October,22,Monday,minor,1,Paralle Traffic,Night,1,1,0,0,0,0,Dry,13.35429,52.48504,bicycle + car + 
51306,Treptow-Köpenick,9020601,Schnellerstraße,August,8,Tuesday,minor,5,Turning,Daylight,1,0,0,0,1,0,Dry,13.51526,52.4529,bicycle + truck + 
51307,Charlottenburg-Wilmersdorf,4030622,Richard-Wagner-Straße,July,12,Friday,minor,0,Stationary Traffic,Daylight,0,1,0,1,0,0,Wet,13.30825,52.51179,car + motorbike + 
51308,Treptow-Köpenick,9010402,Johannisthal Ost,April,16,Wednesday,minor,2,Stationary Traffic,Daylight,0,1,0,0,0,0,Dry,13.5053,52.43015,car + 
51309,Charlottenburg-Wilmersdorf,4041137,Flinsberger Platz,October,7,Sunday,minor,2,Stationary Traffic,Daylight,0,1,0,0,0,0,Dry,13.29514,52.4913,car + 
51310,Spandau,5040936,Jägerallee,June,10,Saturday,minor,0,Crossing,Daylight,1,1,0,0,0,0,Dry,13.1263,52.47858,bicycle + car + 
51311,Tempelhof-Schöneberg,7030303,Grazer Platz,August,19,Tuesday,serious,0,Stationary Traffic,Daylight,0,1,0,1,0,0,Dry,13.34864,52.47466,car + motorbike + 
51313,Pankow,3061126,Arnimplatz,May,9,Monday,minor,5,Turning,Daylight,1,1,0,0,0,0,Dry,13.41376,52.55076,bicycle + car + 
51314,Mitte,1022202,Heidestraße,April,16,Wednesday,minor,2,Stationary Traffic,Daylight,0,1,0,0,0,0,Dry,13.3674,52.5314,car + 
51315,Mitte,1011304,Karl-Marx-Allee,November,9,Wednesday,minor,5,Crossing,Daylight,1,1,0,0,0,0,Dry,13.4228,52.52022,bicycle + car + 
51316,Friedrichshain-Kreuzberg,2050602,Samariterviertel,May,13,Sunday,minor,5,Crossing,Daylight,0,1,0,1,0,0,Dry,13.45422,52.51566,car + motorbike + 
51317,Lichtenberg,11041022,Rosenfelder Ring,December,8,Monday,minor,2,Stationary Traffic,Dawn,0,1,0,0,0,1,Dry,13.51329,52.51023,car + other
51318,Mitte,1011303,Alexanderplatzviertel,July,16,Friday,minor,1,Paralle Traffic,Daylight,1,1,0,0,0,0,Dry,13.41756,52.52332,bicycle + car + 
51319,Pankow,3071638,Winsstraße,April,8,Wednesday,minor,5,Turning,Daylight,1,1,0,0,0,0,Dry,13.4237,52.52831,bicycle + car + 
51320,Charlottenburg-Wilmersdorf,4041134,Bismarckallee,October,19,Tuesday,minor,9,Driving,Night,0,1,0,0,0,0,Dry,13.28702,52.49418,car + 
51321,Mitte,1011303,Alexanderplatzviertel,August,12,Tuesday,minor,2,Turning,Daylight,1,0,0,0,1,0,Dry,13.41612,52.52212,bicycle + truck + 
51323,Mitte,1011202,Unter den Linden Nord,July,9,Friday,minor,0,Other,Daylight,0,1,0,1,0,0,Wet,13.37687,52.5161,car + motorbike + 
51324,Pankow,3020209,Niederschönhausen,April,8,Wednesday,minor,5,Crossing,Daylight,0,1,0,0,0,0,Dry,13.40279,52.59315,car + 
51325,Charlottenburg-Wilmersdorf,4041342,Schlangenbader Straße,September,16,Saturday,minor,0,Stationary Traffic,Daylight,0,0,0,1,1,0,Wet,13.30713,52.47611,motorbike + truck + 
51326,Friedrichshain-Kreuzberg,2050602,Samariterviertel,June,16,Tuesday,minor,2,Stationary Traffic,Daylight,1,1,0,0,0,0,Dry,13.46873,52.51424,bicycle + car + 
51327,Treptow-Köpenick,9020601,Schnellerstraße,August,15,Monday,minor,3,Stationary Traffic,Daylight,0,1,0,0,0,0,Dry,13.51454,52.45319,car + 
51328,Pankow,3040513,Schönholz,December,16,Friday,minor,5,Crossing,Night,0,1,0,0,0,1,Wet,13.39898,52.57341,car + other
51329,Charlottenburg-Wilmersdorf,4030622,Richard-Wagner-Straße,May,11,Sunday,serious,1,Paralle Traffic,Daylight,1,1,0,0,0,0,Dry,13.31157,52.51182,bicycle + car + 
51330,Pankow,3051017,Rennbahnstraße,July,8,Friday,minor,2,Stationary Traffic,Daylight,0,1,0,0,0,0,Wet,13.46793,52.56136,car + 
51331,Steglitz-Zehlendorf,6040701,Wannsee,April,17,Tuesday,serious,5,Other,Daylight,0,1,0,1,0,0,Dry,13.17405,52.4204,car + motorbike + 
51332,Marzahn-Hellersdorf,10040933,Mahlsdorf Süd,November,8,Thursday,minor,2,Stationary Traffic,Daylight,0,1,0,0,0,0,Wet,13.61648,52.50475,car + 
51333,Spandau,5020629,Börnicker Straße,November,7,Monday,minor,2,Stationary Traffic,Daylight,0,1,0,0,0,0,Wet,13.20552,52.51131,car + 
51334,Charlottenburg-Wilmersdorf,4020311,Reichsstraße,July,7,Friday,minor,5,Turning,Daylight,1,0,0,0,0,1,Wet,13.27658,52.50958,bicycle + other
51335,Charlottenburg-Wilmersdorf,4010101,Jungfernheide,April,20,Tuesday,minor,2,Stationary Traffic,Night,0,1,0,0,0,0,Dry,13.29427,52.53787,car + 
51336,Mitte,1011303,Alexanderplatzviertel,October,12,Wednesday,minor,5,Paralle Traffic,Daylight,0,1,0,0,0,0,Wet,13.41075,52.51848,car + 
51337,Mitte,1011201,Wilhelmstraße,August,15,Monday,minor,2,Stationary Traffic,Daylight,1,0,0,0,0,0,Dry,13.37981,52.50973,bicycle + 
51339,Tempelhof-Schöneberg,7050501,Rathausstraße,May,5,Sunday,serious,1,Paralle Traffic,Daylight,0,1,0,0,0,0,Dry,13.38499,52.44948,car + 
51340,Friedrichshain-Kreuzberg,2050601,Hausburgviertel,July,7,Friday,minor,5,Turning,Daylight,1,1,0,0,0,0,Wet,13.44796,52.5263,bicycle + car + 
51341,Marzahn-Hellersdorf,10030726,Alt-Biesdorf,April,12,Tuesday,minor,2,Stationary Traffic,Daylight,0,1,0,0,1,0,Dry,13.55899,52.50869,car + truck + 
51342,Friedrichshain-Kreuzberg,2050801,Traveplatz,June,1,Thursday,minor,5,Turning,Night,1,1,0,0,0,0,Wet,13.45347,52.51499,bicycle + car + 
51343,Mitte,1033203,Humboldthain Nordwest,August,11,Monday,minor,5,Crossing,Daylight,1,0,0,0,0,1,Dry,13.36971,52.54161,bicycle + other
51344,Mitte,1044201,Reinickendorfer Straße,December,5,Thursday,minor,6,Turning,Night,0,1,1,0,0,0,Wet,13.36731,52.55176,car + pedestrian + 
51345,Pankow,3061434,Anton-Saefkow-Park,May,11,Saturday,minor,5,Turning,Daylight,1,1,0,0,0,0,Dry,13.43294,52.53634,bicycle + car + 
51346,Tempelhof-Schöneberg,7070706,Horstwalder Straße/Paplitzer Straße,July,7,Friday,minor,5,Crossing,Daylight,1,1,0,0,0,0,Wet,13.41655,52.37812,bicycle + car + 
51347,Reinickendorf,12103218,Teichstraße,November,5,Friday,minor,4,Stationary Traffic,Night,1,0,0,0,0,0,Wet,13.34766,52.57457,bicycle + 
51348,Mitte,1011303,Alexanderplatzviertel,July,8,Thursday,minor,2,Stationary Traffic,Daylight,0,1,0,1,0,0,Dry,13.41114,52.51873,car + motorbike + 
51349,Treptow-Köpenick,9020601,Schnellerstraße,September,9,Thursday,minor,5,Crossing,Daylight,0,1,0,0,0,1,Dry,13.51216,52.4548,car + other
51350,Tempelhof-Schöneberg,7050502,Fritz-Werner-Straße,April,13,Tuesday,serious,6,Stationary Traffic,Daylight,1,0,1,0,0,0,Dry,13.39258,52.42939,bicycle + pedestrian + 
51351,Friedrichshain-Kreuzberg,2040703,Wriezener Bahnhof/Entwicklungsgebiet,October,16,Thursday,minor,2,Other,Daylight,0,1,0,0,0,0,Wet,13.44753,52.50355,car + 
51352,Pankow,3040614,Pankow Zentrum,August,14,Sunday,minor,2,Stationary Traffic,Daylight,0,1,0,0,0,0,Dry,13.4037,52.56908,car + 
51354,Lichtenberg,11030721,Rüdigerstraße,May,8,Saturday,minor,2,Stationary Traffic,Daylight,0,1,0,0,0,1,Dry,13.47789,52.51347,car + other
51355,Mitte,1044203,Leopoldplatz,July,15,Thursday,minor,1,Paralle Traffic,Daylight,0,1,0,1,0,0,Dry,13.36594,52.55566,car + motorbike + 
51356,Treptow-Köpenick,9010102,Am Treptower Park Nord,April,13,Tuesday,minor,6,Overtaking,Daylight,0,1,1,0,0,0,Dry,13.45958,52.49276,car + pedestrian + 
51357,Pankow,3010104,Lietzengraben,November,17,Sunday,minor,2,Stationary Traffic,Night,0,1,0,0,0,0,Wet,13.43611,52.61998,car + 
51358,Friedrichshain-Kreuzberg,2050602,Samariterviertel,June,8,Saturday,minor,6,Overtaking,Daylight,0,1,1,0,0,0,Dry,13.45373,52.51596,car + pedestrian + 
51359,Tempelhof-Schöneberg,7040405,Rathaus Tempelhof,December,18,Thursday,minor,3,Stationary Traffic,Night,0,1,0,0,0,0,Dry,13.39506,52.46712,car + 
51360,Charlottenburg-Wilmersdorf,4020314,Messegelände,July,12,Thursday,serious,0,Driving,Daylight,0,0,0,1,0,0,Dry,13.27795,52.50207,motorbike + 
51361,Charlottenburg-Wilmersdorf,4041239,Stadion Wilmersdorf,April,14,Tuesday,minor,2,Stationary Traffic,Daylight,0,1,0,0,0,0,Dry,13.30185,52.48675,car + 
51362,Charlottenburg-Wilmersdorf,4020311,Reichsstraße,October,14,Saturday,serious,0,Other,Daylight,0,1,0,0,0,1,Dry,13.27597,52.50954,car + other
51363,Pankow,3010104,Lietzengraben,August,13,Sunday,minor,2,Stationary Traffic,Daylight,0,1,0,0,0,0,Dry,13.44687,52.61307,car + 
51364,Reinickendorf,12304314,Ziekowstraße/Freie Scholle,July,17,Wednesday,minor,8,Other,Daylight,0,1,0,0,0,0,Dry,13.28473,52.59675,car + 
51365,Charlottenburg-Wilmersdorf,4051549,Rathaus Wilmersdorf,April,15,Tuesday,minor,2,Stationary Traffic,Daylight,0,1,0,0,0,0,Dry,13.30711,52.48462,car + 
51366,Mitte,1011303,Alexanderplatzviertel,October,6,Wednesday,minor,2,Other,Night,0,1,0,0,0,0,Wet,13.40677,52.51504,car + 
51367,Spandau,5020628,Graetschelsteig,June,9,Friday,minor,0,Turning,Daylight,1,1,0,0,0,0,Dry,13.18653,52.51514,bicycle + car + 
51368,Tempelhof-Schöneberg,7030303,Grazer Platz,August,18,Sunday,serious,8,Driving,Daylight,0,1,0,0,0,0,Dry,13.3473,52.4766,car + 
51369,Charlottenburg-Wilmersdorf,4041137,Flinsberger Platz,December,19,Saturday,minor,9,Driving,Night,0,1,0,0,0,0,Dry,13.29115,52.49386,car + 
51370,Charlottenburg-Wilmersdorf,4041137,Flinsberger Platz,May,19,Saturday,minor,2,Stationary Traffic,Daylight,0,1,0,0,0,0,Dry,13.29431,52.49179,car + 
51371,Neukölln,8020619,Buschkrugallee Nord,April,15,Tuesday,minor,2,Stationary Traffic,Daylight,0,1,0,0,0,0,Dry,13.44647,52.46303,car + 
51372,Charlottenburg-Wilmersdorf,4020310,Park Ruhwald,November,12,Monday,minor,2,Stationary Traffic,Daylight,0,1,0,0,0,0,Dry,13.2831,52.52883,car + 
51373,Reinickendorf,12214125,Waldidyll/Flughafensee,May,12,Saturday,minor,2,Stationary Traffic,Daylight,0,1,0,0,0,0,Dry,13.30304,52.55087,car + 
51374,Treptow-Köpenick,9010301,Baumschulenstraße,November,18,Saturday,serious,6,Overtaking,Night,0,1,1,0,0,0,Dry,13.48504,52.47345,car + pedestrian + 
51375,Charlottenburg-Wilmersdorf,4041239,Stadion Wilmersdorf,July,14,Wednesday,minor,2,Stationary Traffic,Daylight,0,1,0,0,0,0,Dry,13.30384,52.48526,car + 
51376,Tempelhof-Schöneberg,7060604,Marienfelde Süd,April,7,Tuesday,minor,6,Other,Daylight,0,1,1,0,0,0,Dry,13.35867,52.40831,car + pedestrian + 
51377,Charlottenburg-Wilmersdorf,4051656,Hildegardstraße,July,17,Wednesday,minor,2,Stationary Traffic,Daylight,0,1,0,0,0,0,Dry,13.32649,52.47782,car + 
51378,Treptow-Köpenick,9010101,Elsenstraße,April,7,Tuesday,minor,6,Overtaking,Daylight,0,0,1,1,0,0,Dry,13.46077,52.49389,pedestrian + motorbike + 
51379,Reinickendorf,12103115,Breitkopfbecken,November,20,Monday,minor,5,Turning,Night,0,1,0,0,0,0,Wet,13.35903,52.57339,car + 
51380,Tempelhof-Schöneberg,7030303,Grazer Platz,June,11,Monday,serious,0,Driving,Daylight,0,0,0,1,0,0,Dry,13.36141,52.47413,motorbike + 
51381,Charlottenburg-Wilmersdorf,4010103,Paul-Hertz-Siedlung,August,16,Saturday,minor,2,Stationary Traffic,Daylight,0,1,0,0,0,0,Dry,13.29306,52.53359,car + 
51382,Reinickendorf,4010101,Jungfernheide,December,14,Friday,minor,2,Stationary Traffic,Daylight,0,1,0,0,0,0,Wet,13.29998,52.54744,car + 
51383,Pankow,3020209,Niederschönhausen,July,6,Wednesday,minor,5,Turning,Daylight,1,0,0,0,0,1,Dry,13.4028,52.58463,bicycle + other
51384,Pankow,3061434,Anton-Saefkow-Park,April,7,Monday,minor,0,Turning,Daylight,1,1,0,0,0,1,Wet,13.43334,52.53621,bicycle + car + other
51385,Lichtenberg,11030721,Rüdigerstraße,October,7,Monday,minor,0,Turning,Daylight,1,1,0,0,0,0,Dry,13.47743,52.51352,bicycle + car + 
51386,Marzahn-Hellersdorf,10030726,Alt-Biesdorf,August,14,Saturday,minor,2,Stationary Traffic,Daylight,0,1,0,0,0,0,Dry,13.56206,52.50858,car + 
51387,Mitte,1011102,Großer Tiergarten,July,6,Wednesday,minor,3,Stationary Traffic,Daylight,0,1,0,0,1,0,Dry,13.37156,52.51582,car + truck + 
51388,Neukölln,8020619,Buschkrugallee Nord,April,6,Monday,minor,5,Crossing,Night,0,1,0,0,1,0,Dry,13.44119,52.46294,car + truck + 
51389,Charlottenburg-Wilmersdorf,4041134,Bismarckallee,October,23,Friday,serious,8,Driving,Night,0,1,0,0,0,0,Wet,13.28538,52.4948,car + 
51390,Mitte,1011303,Alexanderplatzviertel,June,16,Friday,minor,5,Crossing,Daylight,1,0,0,0,0,1,Dry,13.40585,52.52066,bicycle + other
51391,Reinickendorf,12103219,Schäfersee,August,13,Saturday,minor,5,Turning,Daylight,1,1,0,0,0,0,Dry,13.36328,52.5656,bicycle + car + 
51393,Tempelhof-Schöneberg,7050502,Fritz-Werner-Straße,May,12,Saturday,minor,4,Stationary Traffic,Daylight,1,0,0,0,0,0,Dry,13.37784,52.43387,bicycle + 
51394,Pankow,3061434,Anton-Saefkow-Park,April,5,Monday,minor,5,Crossing,Night,0,1,0,0,0,0,Dry,13.43305,52.53631,car + 
51395,Pankow,3061332,Helmholtzplatz,November,15,Tuesday,minor,6,Turning,Daylight,0,1,1,0,0,0,Dry,13.42443,52.53925,car + pedestrian + 
51396,Marzahn-Hellersdorf,10040933,Mahlsdorf Süd,May,14,Saturday,minor,2,Stationary Traffic,Daylight,0,1,0,0,0,0,Dry,13.62105,52.50428,car + 
51397,Reinickendorf,12214422,Klixstraße,November,12,Saturday,minor,5,Crossing,Daylight,0,1,0,0,0,0,Dry,13.31125,52.56698,car + 
51398,Steglitz-Zehlendorf,6040703,Nikolassee,July,10,Tuesday,minor,1,Paralle Traffic,Daylight,0,1,0,0,0,0,Dry,13.20364,52.42361,car + 
51399,Charlottenburg-Wilmersdorf,4020310,Park Ruhwald,April,16,Monday,minor,2,Stationary Traffic,Daylight,0,1,0,0,1,0,Dry,13.28296,52.52864,car + truck + 
51400,Steglitz-Zehlendorf,6040701,Wannsee,October,16,Tuesday,serious,5,Turning,Daylight,1,1,0,0,0,0,Dry,13.15868,52.4195,bicycle + car + 
51401,Pankow,3050925,Komponistenviertel Weißensee,August,11,Saturday,minor,1,Paralle Traffic,Daylight,0,1,0,0,0,0,Dry,13.45726,52.54975,car + 
51403,Mitte,1011105,Nördlicher Landwehrkanal,July,17,Tuesday,minor,2,Stationary Traffic,Daylight,0,1,0,0,0,0,Dry,13.36898,52.5075,car + 
51404,Treptow-Köpenick,9010101,Elsenstraße,April,14,Monday,minor,2,Stationary Traffic,Daylight,0,1,0,0,0,0,Dry,13.46007,52.49361,car + 
51405,Mitte,1044201,Reinickendorfer Straße,September,0,Saturday,minor,5,Crossing,Night,0,1,0,0,0,0,Dry,13.36731,52.55148,car + 
51406,Charlottenburg-Wilmersdorf,4041137,Flinsberger Platz,June,20,Monday,minor,2,Stationary Traffic,Daylight,0,1,0,0,0,1,Dry,13.29443,52.49187,car + other
51407,Marzahn-Hellersdorf,10040933,Mahlsdorf Süd,August,7,Saturday,minor,2,Stationary Traffic,Daylight,0,1,0,0,0,0,Dry,13.6202,52.50426,car + 
51408,Charlottenburg-Wilmersdorf,4010101,Jungfernheide,December,13,Wednesday,minor,2,Stationary Traffic,Daylight,0,1,0,0,0,0,Dry,13.29381,52.53739,car + 
51409,Charlottenburg-Wilmersdorf,4041137,Flinsberger Platz,May,14,Saturday,serious,2,Stationary Traffic,Daylight,0,1,0,0,0,0,Dry,13.29974,52.48828,car + 
51410,Charlottenburg-Wilmersdorf,4020310,Park Ruhwald,July,9,Tuesday,minor,2,Stationary Traffic,Daylight,0,1,0,0,0,1,Dry,13.28154,52.52257,car + other
51411,Tempelhof-Schöneberg,7070701,Kettinger Straße/Schillerstraße,April,13,Monday,minor,1,Driving,Daylight,0,1,0,0,0,0,Dry,13.40632,52.39717,car + 
51412,Charlottenburg-Wilmersdorf,4041137,Flinsberger Platz,November,20,Wednesday,minor,5,Crossing,Night,0,1,0,0,0,0,Wet,13.29563,52.49121,car + 
51413,Friedrichshain-Kreuzberg,2010101,Askanischer Platz,November,18,Saturday,minor,5,Crossing,Night,0,1,0,0,0,0,Dry,13.38914,52.498,car + 
51414,Friedrichshain-Kreuzberg,2020201,Gleisdreieck/Entwicklungsgebiet,July,22,Tuesday,minor,5,Crossing,Night,1,1,0,0,0,0,Dry,13.37718,52.50039,bicycle + car + 
51415,Treptow-Köpenick,9010101,Elsenstraße,April,10,Monday,minor,5,Turning,Daylight,1,1,0,0,0,0,Dry,13.46198,52.49514,bicycle + car + 
51416,Charlottenburg-Wilmersdorf,4030417,Schloßstraße,October,10,Tuesday,minor,3,Stationary Traffic,Daylight,0,1,0,0,0,1,Dry,13.29692,52.51105,car + other
51417,Charlottenburg-Wilmersdorf,4020310,Park Ruhwald,August,12,Friday,serious,2,Stationary Traffic,Daylight,0,1,0,0,0,0,Dry,13.28298,52.51877,car + 
51419,Tempelhof-Schöneberg,7050501,Rathausstraße,May,16,Saturday,minor,2,Turning,Daylight,0,1,0,1,0,0,Dry,13.38057,52.43803,car + motorbike + 
51420,Tempelhof-Schöneberg,7050502,Fritz-Werner-Straße,July,19,Tuesday,minor,5,Crossing,Daylight,0,0,0,1,0,1,Dry,13.38757,52.43899,motorbike + other
51421,Pankow,3071639,Bötzowstraße,April,9,Monday,minor,3,Stationary Traffic,Daylight,1,1,0,0,0,0,Dry,13.42648,52.53073,bicycle + car + 
51422,Charlottenburg-Wilmersdorf,4010101,Jungfernheide,November,11,Friday,minor,2,Stationary Traffic,Daylight,0,1,0,0,0,0,Dry,13.29515,52.53982,car + 