id,district,lor,street,month,hour,weekday,injury,collision,movement,light_conditions,bicycle,car,pedestrian,motorbike,truck,other_vehicle,road_conditions,longitude,latitude,Combo_type
51423,Friedrichshain-Kreuzberg,2050802,Boxhagener Platz,June,7,Thursday,minor,3,Stationary Traffic,Daylight,0,1,0,1,0,0,Wet,13.45218,52.51209,car + motorbike + 
51424,Tempelhof-Schöneberg,7040403,Manteuffelstraße,August,18,Friday,minor,1,Paralle Traffic,Daylight,1,1,0,0,0,0,Dry,13.38422,52.45858,bicycle + car + 
51425,Lichtenberg,11030721,Rüdigerstraße,December,8,Tuesday,minor,5,Turning,Daylight,1,1,0,0,0,0,Wet,13.47669,52.51344,bicycle + car + 
51426,Pankow,3061332,Helmholtzplatz,May,23,Friday,serious,6,Overtaking,Night,0,1,1,0,0,0,Dry,13.4243,52.53928,car + pedestrian + 
51427,Friedrichshain-Kreuzberg,2020202,Rathaus Yorckstraße,July,19,Monday,minor,2,Stationary Traffic,Daylight,0,1,0,0,0,0,Dry,13.38863,52.49767,car + 
51428,Steglitz-Zehlendorf,6040701,Wannsee,October,14,Thursday,minor,5,Paralle Traffic,Daylight,0,1,0,0,0,0,Dry,13.09684,52.41325,car + 
51429,Steglitz-Zehlendorf,6030605,Botanischer Garten,July,22,Monday,minor,0,Driving,Night,1,0,0,0,0,0,Dry,13.29532,52.44644,bicycle + 
51430,Tempelhof-Schöneberg,7020203,Kaiser-Wilhelm-Platz,September,20,Thursday,minor,2,Stationary Traffic,Night,0,1,0,1,0,0,Dry,13.35892,52.48911,car + motorbike + 
51431,Charlottenburg-Wilmersdorf,4030417,Schloßstraße,April,9,Monday,minor,5,Crossing,Daylight,0,1,0,1,0,0,Dry,13.30171,52.51117,car + motorbike + 
51432,Mitte,1011204,Leipziger Straße,October,22,Wednesday,minor,2,Stationary Traffic,Night,0,1,0,0,0,0,Dry,13.40502,52.51365,car + 
51433,Tempelhof-Schöneberg,7040401,Neu-Tempelhof,August,18,Friday,minor,0,Other,Daylight,1,0,0,0,0,0,Dry,13.38578,52.481,bicycle + 
51435,Friedrichshain-Kreuzberg,2050803,Stralauer Kiez,May,23,Friday,minor,2,Stationary Traffic,Night,0,1,0,0,0,0,Dry,13.46285,52.498,car + 
51436,Tempelhof-Schöneberg,7020202,Volkspark (Rudolf-Wilde-Park),July,14,Monday,serious,0,Driving,Daylight,0,0,0,1,0,0,Wet,13.34001,52.47874,motorbike + 
51437,Mitte,1033203,Humboldthain Nordwest,April,8,Monday,minor,5,Crossing,Daylight,1,1,0,0,0,0,Dry,13.36848,52.54102,bicycle + car + 
51438,Tempelhof-Schöneberg,7060604,Marienfelde Süd,November,16,Saturday,minor,0,Crossing,Dawn,1,1,0,0,0,0,Dry,13.35846,52.40805,bicycle + car + 
51439,Charlottenburg-Wilmersdorf,4030622,Richard-Wagner-Straße,June,19,Saturday,minor,2,Stationary Traffic,Daylight,0,1,0,0,0,0,Dry,13.30551,52.51142,car + 
51440,Mitte,1022202,Heidestraße,December,11,Wednesday,minor,5,Crossing,Daylight,0,1,0,0,0,0,Dry,13.36313,52.53572,car + 
51441,Friedrichshain-Kreuzberg,2020202,Rathaus Yorckstraße,July,19,Sunday,minor,0,Turning,Daylight,1,1,0,0,0,0,Dry,13.38927,52.49747,bicycle + car + 
51442,Pankow,3020209,Niederschönhausen,April,7,Monday,serious,0,Other,Daylight,0,1,0,0,0,0,Dry,13.39838,52.57917,car + 
51443,Tempelhof-Schöneberg,7040402,Lindenhofsiedlung,October,19,Friday,minor,2,Stationary Traffic,Night,0,1,0,1,0,0,Dry,13.36643,52.47235,car + motorbike + 
51444,Treptow-Köpenick,9020601,Schnellerstraße,August,17,Friday,serious,5,Crossing,Daylight,1,1,0,0,0,0,Dry,13.5123,52.45471,bicycle + car + 
51445,Tempelhof-Schöneberg,7010104,Dennewitzplatz,July,23,Sunday,minor,0,Stationary Traffic,Night,0,1,0,0,0,1,Dry,13.36092,52.49273,car + other
51446,Friedrichshain-Kreuzberg,2050602,Samariterviertel,March,16,Sunday,minor,5,Crossing,Daylight,1,0,0,1,0,0,Dry,13.47325,52.51393,bicycle + motorbike + 
51447,Mitte,1011303,Alexanderplatzviertel,October,8,Wednesday,serious,5,Turning,Daylight,0,1,0,0,0,0,Wet,13.4202,52.52517,car + 
51448,Tempelhof-Schöneberg,7040403,Manteuffelstraße,June,19,Thursday,minor,2,Stationary Traffic,Daylight,0,1,0,0,0,0,Dry,13.38422,52.45347,car + 
51449,Friedrichshain-Kreuzberg,2020203,Viktoriapark,August,23,Friday,minor,1,Paralle Traffic,Night,1,1,0,0,0,1,Dry,13.38643,52.49033,bicycle + car + other
51450,Friedrichshain-Kreuzberg,2050601,Hausburgviertel,December,19,Friday,minor,6,Overtaking,Dawn,0,1,1,0,0,0,Wet,13.45286,52.51912,car + pedestrian + 
51451,Mitte,1022202,Heidestraße,May,17,Friday,minor,2,Stationary Traffic,Daylight,0,1,0,0,0,0,Dry,13.3655,52.53332,car + 
51452,Reinickendorf,12231101,Hermsdorf,March,19,Sunday,minor,0,Driving,Dawn,0,0,0,1,0,0,Dry,13.31537,52.61309,motorbike + 
51453,Friedrichshain-Kreuzberg,2050602,Samariterviertel,November,6,Sunday,minor,9,Driving,Night,0,1,0,0,0,0,Dry,13.45347,52.51826,car + 
51454,Pankow,3020209,Niederschönhausen,May,10,Friday,minor,3,Driving,Daylight,1,1,0,0,0,0,Dry,13.40306,52.59439,bicycle + car + 
51455,Pankow,3050925,Komponistenviertel Weißensee,November,18,Thursday,minor,6,Turning,Night,0,1,1,0,0,0,Wet,13.44793,52.54708,car + pedestrian + 
51456,Mitte,1044201,Reinickendorfer Straße,July,6,Sunday,minor,5,Turning,Daylight,0,1,0,0,0,0,Dry,13.36731,52.55149,car + 
51457,Charlottenburg-Wilmersdorf,4010102,Plötzensee,March,16,Sunday,serious,3,Stationary Traffic,Daylight,0,1,0,1,0,0,Dry,13.3276,52.5387,car + motorbike + 
51458,Mitte,1033203,Humboldthain Nordwest,October,1,Sunday,serious,5,Turning,Night,0,1,0,0,0,0,Dry,13.36837,52.54113,car + 
51459,Tempelhof-Schöneberg,7040403,Manteuffelstraße,August,16,Friday,minor,2,Stationary Traffic,Daylight,0,1,0,0,0,0,Dry,13.38045,52.46988,car + 
51461,Charlottenburg-Wilmersdorf,4020314,Messegelände,May,16,Friday,minor,3,Stationary Traffic,Daylight,0,1,0,0,0,0,Dry,13.28033,52.50034,car + 
51462,Treptow-Köpenick,9020601,Schnellerstraße,July,23,Saturday,minor,0,Overtaking,Night,0,0,1,1,0,0,Wet,13.51425,52.45338,pedestrian + motorbike + 
51463,Mitte,1011303,Alexanderplatzviertel,March,12,Saturday,minor,6,Overtaking,Daylight,0,1,1,0,0,0,Dry,13.42017,52.52514,car + pedestrian + 
51464,Tempelhof-Schöneberg,7020203,Kaiser-Wilhelm-Platz,June,23,Saturday,minor,1,Paralle Traffic,Night,1,1,0,0,0,0,Dry,13.35373,52.485,bicycle + car + 
51465,Pankow,3061126,Arnimplatz,August,15,Friday,serious,5,Turning,Daylight,1,0,0,0,0,1,Dry,13.41464,52.55607,bicycle + other
51466,Steglitz-Zehlendorf,6040703,Nikolassee,December,13,Monday,minor,5,Turning,Daylight,0,1,0,0,0,0,Wet,13.21469,52.42753,car + 
51467,Mitte,1011303,Alexanderplatzviertel,May,9,Friday,minor,5,Turning,Daylight,1,1,0,0,0,0,Dry,13.41952,52.52511,bicycle + car + 
51468,Tempelhof-Schöneberg,7060604,Marienfelde Süd,July,16,Saturday,serious,5,Crossing,Daylight,0,1,0,0,0,0,Dry,13.35868,52.40832,car + 
51469,Pankow,3010104,Lietzengraben,March,10,Friday,minor,2,Stationary Traffic,Daylight,0,1,0,0,0,0,Dry,13.42696,52.63524,car + 
51470,Treptow-Köpenick,9010402,Johannisthal Ost,November,17,Monday,minor,2,Stationary Traffic,Night,0,1,0,0,1,0,Dry,13.51063,52.42851,car + truck + 
51471,Reinickendorf,12231101,Hermsdorf,July,15,Saturday,minor,5,Crossing,Daylight,1,1,0,0,0,0,Dry,13.31331,52.621,bicycle + car + 
51472,Pankow,3010102,Buch,March,16,Friday,serious,2,Stationary Traffic,Daylight,0,1,0,0,0,0,Dry,13.49916,52.62112,car + 
51473,Pankow,3061332,Helmholtzplatz,October,19,Sunday,minor,5,Other,Night,1,0,0,0,0,1,Wet,13.41621,52.54054,bicycle + other
51474,Neukölln,8020619,Buschkrugallee Nord,August,15,Friday,minor,2,Stationary Traffic,Daylight,0,1,0,0,0,0,Dry,13.4413,52.46264,car + 
51476,Tempelhof-Schöneberg,7040401,Neu-Tempelhof,May,12,Friday,minor,2,Other,Daylight,0,1,0,0,0,0,Dry,13.38606,52.48392,car + 
51477,Tempelhof-Schöneberg,7050502,Fritz-Werner-Straße,July,13,Saturday,minor,2,Turning,Daylight,0,1,0,1,0,0,Dry,13.37778,52.43374,car + motorbike + 
51478,Charlottenburg-Wilmersdorf,4030621,Spreestadt,March,19,Friday,minor,0,Driving,Night,1,0,0,0,0,0,Dry,13.33487,52.51354,bicycle + 
51479,Reinickendorf,12231101,Hermsdorf,November,13,Wednesday,serious,6,Turning,Daylight,0,1,1,0,0,0,Dry,13.31541,52.61318,car + pedestrian + 
51480,Pankow,3071633,Thälmannpark,October,14,Monday,minor,6,Overtaking,Daylight,1,0,1,0,0,0,Dry,13.42458,52.54004,bicycle + pedestrian + 
51481,Lichtenberg,11010101,Dorf Malchow,August,11,Friday,minor,5,Crossing,Daylight,1,1,0,0,0,0,Dry,13.48291,52.58095,bicycle + car + 
51483,Tempelhof-Schöneberg,7040403,Manteuffelstraße,May,9,Friday,serious,0,Other,Daylight,0,1,0,0,0,0,Dry,13.37925,52.47004,car + 
51484,Tempelhof-Schöneberg,7050502,Fritz-Werner-Straße,July,12,Saturday,minor,2,Crossing,Daylight,0,1,0,0,0,0,Dry,13.3778,52.4338,car + 
51485,Treptow-Köpenick,9010101,Elsenstraße,March,11,Thursday,minor,5,Crossing,Daylight,0,1,0,0,0,1,Wet,13.45773,52.49176,car + other
51486,Steglitz-Zehlendorf,6030605,Botanischer Garten,June,12,Monday,minor,5,Turning,Daylight,0,0,0,1,0,0,Dry,13.30417,52.4496,motorbike + 
51487,Charlottenburg-Wilmersdorf,4030623,Ernst-Reuter-Platz,August,12,Friday,minor,2,Stationary Traffic,Daylight,0,1,0,1,0,0,Dry,13.32084,52.5127,car + motorbike + 
51488,Reinickendorf,12301205,Waidmannslust,December,17,Monday,minor,6,Turning,Night,0,0,1,0,0,1,Dry,13.32366,52.60795,pedestrian + other
51489,Tempelhof-Schöneberg,7020202,Volkspark (Rudolf-Wilde-Park),May,12,Thursday,minor,0,Other,Daylight,1,0,0,0,0,1,Wet,13.35236,52.48,bicycle + other
51490,Mitte,1044201,Reinickendorfer Straße,July,9,Friday,serious,5,Turning,Daylight,1,0,0,0,1,0,Dry,13.36738,52.55137,bicycle + truck + 
51491,Charlottenburg-Wilmersdorf,4041137,Flinsberger Platz,March,15,Thursday,minor,2,Stationary Traffic,Daylight,0,1,0,0,0,1,Dry,13.29531,52.49136,car + other
51492,Tempelhof-Schöneberg,7050502,Fritz-Werner-Straße,November,16,Tuesday,minor,0,Stationary Traffic,Dawn,0,1,0,0,0,1,Dry,13.37815,52.43453,car + other
51493,Pankow,3061434,Anton-Saefkow-Park,November,18,Friday,minor,2,Stationary Traffic,Night,0,1,0,0,0,0,Dry,13.4367,52.53459,car + 
51494,Tempelhof-Schöneberg,7040403,Manteuffelstraße,July,21,Friday,minor,5,Turning,Night,0,1,0,1,0,0,Dry,13.38552,52.4703,car + motorbike + 
51495,Charlottenburg-Wilmersdorf,4020313,Königin-Elisabeth-Straße,March,19,Thursday,minor,3,Stationary Traffic,Night,0,1,0,0,0,0,Wet,13.28378,52.51005,car + 
51496,Mitte,1011303,Alexanderplatzviertel,October,20,Monday,minor,3,Turning,Night,1,1,0,0,0,0,Dry,13.41612,52.52212,bicycle + car + 
51497,Pankow,3061126,Arnimplatz,August,7,Friday,minor,3,Stationary Traffic,Daylight,0,1,0,1,0,0,Dry,13.4148,52.55498,car + motorbike + 
51499,Reinickendorf,12103218,Teichstraße,May,10,Thursday,minor,0,Crossing,Daylight,1,1,0,0,0,0,Wet,13.34578,52.58045,bicycle + car + 
51500,Friedrichshain-Kreuzberg,2040701,Andreasviertel,July,18,Friday,minor,3,Turning,Daylight,0,1,0,1,0,0,Dry,13.42809,52.51893,car + motorbike + 
51501,Mitte,1033203,Humboldthain Nordwest,March,8,Wednesday,minor,5,Turning,Daylight,1,1,0,0,0,0,Dry,13.36849,52.54101,bicycle + car + 
51502,Charlottenburg-Wilmersdorf,4030417,Schloßstraße,November,16,Wednesday,minor,6,Overtaking,Night,0,1,1,0,0,0,Dry,13.30133,52.51134,car + pedestrian + 
51503,Marzahn-Hellersdorf,10040830,Kaulsdorf Süd,June,16,Wednesday,serious,2,Stationary Traffic,Daylight,0,0,0,1,0,1,Dry,13.59144,52.50496,motorbike + other
51504,Mitte,1011303,Alexanderplatzviertel,August,0,Friday,minor,0,Other,Night,0,0,0,0,0,1,Dry,13.4047,52.51985,other
51505,Pankow,3071633,Thälmannpark,December,5,Monday,minor,5,Crossing,Night,1,1,0,0,0,0,Dry,13.4285,52.53788,bicycle + car + 
51506,Reinickendorf,12103218,Teichstraße,July,12,Friday,minor,0,Turning,Daylight,1,1,0,0,0,0,Dry,13.34784,52.57444,bicycle + car + 
51507,Charlottenburg-Wilmersdorf,4020313,Königin-Elisabeth-Straße,September,17,Thursday,minor,0,Paralle Traffic,Daylight,0,1,0,1,0,0,Dry,13.2787,52.50973,car + motorbike + 
51508,Marzahn-Hellersdorf,10010204,Wuhletalstraße,October,22,Wednesday,minor,2,Stationary Traffic,Night,0,1,0,0,0,0,Dry,13.55858,52.56277,car + 
51509,Charlottenburg-Wilmersdorf,4030417,Schloßstraße,August,18,Thursday,serious,5,Turning,Daylight,1,1,0,0,0,0,Dry,13.30141,52.51115,bicycle + car + 
51510,Charlottenburg-Wilmersdorf,4041137,Flinsberger Platz,July,10,Friday,minor,0,Other,Daylight,0,0,0,1,0,0,Wet,13.30034,52.488,motorbike + 
51511,Steglitz-Zehlendorf,6030503,Zehlendorf Mitte,September,19,Thursday,minor,5,Turning,Night,1,1,0,0,0,0,Dry,13.26057,52.43498,bicycle + car + 
51512,Charlottenburg-Wilmersdorf,4020313,Königin-Elisabeth-Straße,March,15,Wednesday,minor,2,Stationary Traffic,Daylight,0,1,0,0,0,0,Dry,13.28484,52.51537,car + 
51513,Charlottenburg-Wilmersdorf,4051551,Brabanter Platz,October,16,Tuesday,minor,2,Stationary Traffic,Daylight,0,1,0,0,0,0,Dry,13.31588,52.47877,car + 
51514,Charlottenburg-Wilmersdorf,4041137,Flinsberger Platz,August,16,Thursday,minor,2,Stationary Traffic,Daylight,0,1,0,0,0,1,Dry,13.29568,52.49114,car + other
51516,Pankow,3010101,Bucher Forst,May,18,Thursday,serious,5,Crossing,Daylight,1,1,0,0,0,0,Wet,13.44428,52.63904,bicycle + car + 
51517,Pankow,3020203,Blankenfelde,July,6,Friday,minor,6,Turning,Daylight,0,0,1,0,1,0,Dry,13.39039,52.61853,pedestrian + truck + 
51518,Tempelhof-Schöneberg,7020203,Kaiser-Wilhelm-Platz,March,23,Wednesday,serious,9,Driving,Night,0,1,0,1,0,0,Wet,13.3569,52.48683,car + motorbike + 
51519,Mitte,1044102,Schillerpark,November,9,Saturday,minor,5,Crossing,Daylight,0,1,0,0,0,0,Wet,13.36526,52.55809,car + 
51520,Tempelhof-Schöneberg,7020203,Kaiser-Wilhelm-Platz,May,13,Thursday,minor,0,Other,Daylight,0,0,0,1,0,0,Wet,13.35541,52.48579,motorbike + 
51521,Mitte,1011102,Großer Tiergarten,August,16,Thursday,minor,5,Other,Daylight,0,1,0,0,0,0,Dry,13.34012,52.51375,car + 
51522,Marzahn-Hellersdorf,10010309,Springpfuhl,December,13,Wednesday,minor,2,Stationary Traffic,Daylight,0,1,0,0,1,1,Dry,13.53709,52.53373,car + truck + other
51523,Charlottenburg-Wilmersdorf,4041137,Flinsberger Platz,July,9,Friday,minor,2,Stationary Traffic,Daylight,0,1,0,0,0,0,Dry,13.30044,52.48793,car + 
51524,Spandau,5020524,Weinmeisterhornweg,March,8,Wednesday,minor,2,Stationary Traffic,Daylight,0,1,0,0,0,0,Wet,13.17083,52.5103,car + 
51525,Charlottenburg-Wilmersdorf,4030622,Richard-Wagner-Straße,October,13,Friday,minor,2,Stationary Traffic,Daylight,0,1,0,1,0,0,Dry,13.3054,52.51142,car + motorbike + 
51526,Reinickendorf,12103117,Letteplatz,August,16,Thursday,minor,5,Other,Daylight,1,1,0,0,0,0,Dry,13.36473,52.56082,bicycle + car + 
51527,Marzahn-Hellersdorf,10010204,Wuhletalstraße,July,4,Friday,serious,5,Crossing,Dawn,0,1,0,0,0,1,Dry,13.55831,52.56292,car + other
51528,Pankow,3061429,Greifswalder Straße,March,7,Wednesday,serious,6,Overtaking,Daylight,0,1,1,0,0,0,Dry,13.44566,52.54609,car + pedestrian + 
51529,Marzahn-Hellersdorf,10030727,Biesdorf Süd,October,11,Tuesday,minor,0,Driving,Daylight,0,0,0,1,0,0,Wet,13.57355,52.50522,motorbike + 
51530,Pankow,3040818,Pankow Süd,June,17,Wednesday,minor,6,Crossing,Daylight,0,1,1,0,0,0,Dry,13.42784,52.56788,car + pedestrian + 
51531,Reinickendorf,12214424,Scharnweberstraße,August,15,Thursday,serious,9,Driving,Daylight,0,0,0,1,0,0,Dry,13.32171,52.56122,motorbike + 
51532,Mitte,1033203,Humboldthain Nordwest,December,21,Wednesday,minor,2,Stationary Traffic,Night,0,1,0,0,0,0,Wet,13.36996,52.54208,car + 
51533,Friedrichshain-Kreuzberg,2050602,Samariterviertel,May,9,Thursday,minor,2,Stationary Traffic,Daylight,0,1,0,0,0,0,Wet,13.46714,52.5144,car + 
51534,Tempelhof-Schöneberg,7040406,Germaniagarten,March,5,Wednesday,minor,0,Other,Daylight,0,1,0,0,0,0,Dry,13.42146,52.46152,car + 
51535,Steglitz-Zehlendorf,6030503,Zehlendorf Mitte,November,19,Saturday,serious,5,Crossing,Night,0,1,0,0,0,0,Wet,13.28129,52.44152,car + 
51536,Lichtenberg,11030721,Rüdigerstraße,May,7,Thursday,minor,6,Other,Daylight,0,1,1,0,0,0,Wet,13.48424,52.51282,car + pedestrian + 
51537,Mitte,1011204,Leipziger Straße,November,17,Wednesday,minor,3,Stationary Traffic,Night,1,1,0,0,0,0,Wet,13.39472,52.5107,bicycle + car + 
51538,Charlottenburg-Wilmersdorf,4030724,Lietzensee,July,14,Thursday,minor,2,Stationary Traffic,Daylight,0,1,0,0,0,0,Dry,13.28544,52.50987,car + 
51539,Tempelhof-Schöneberg,7060601,Marienfelder Allee Nordwest,March,17,Wednesday,minor,6,Other,Dawn,1,0,1,0,0,0,Wet,13.3703,52.42196,bicycle + pedestrian + 
51540,Neukölln,8010510,Gewerbegebiet Köllnische Heide,October,14,Saturday,minor,2,Stationary Traffic,Daylight,0,1,0,0,0,0,Dry,13.45601,52.46139,car + 
51541,Reinickendorf,12103115,Breitkopfbecken,August,18,Thursday,serious,0,Stationary Traffic,Daylight,0,0,0,1,0,1,Dry,13.35957,52.57273,motorbike + other
51543,Charlottenburg-Wilmersdorf,4051656,Hildegardstraße,May,7,Thursday,serious,2,Stationary Traffic,Daylight,0,1,0,0,0,1,Wet,13.32667,52.47794,car + other
51544,Reinickendorf,12302211,Lübarser Straße,September,13,Thursday,minor,5,Other,Daylight,0,1,0,0,0,1,Dry,13.3304,52.60138,car + other
51545,Friedrichshain-Kreuzberg,2050803,Stralauer Kiez,July,21,Thursday,serious,5,Turning,Dawn,1,1,0,0,0,0,Dry,13.45062,52.50169,bicycle + car + 
51546,Pankow,3061131,Falkplatz,March,15,Tuesday,minor,6,Overtaking,Daylight,0,1,1,0,0,0,Dry,13.41197,52.54113,car + pedestrian + 
51547,Mitte,1011104,Körnerstraße,June,20,Saturday,minor,2,Stationary Traffic,Daylight,0,1,0,0,0,0,Dry,13.36638,52.50386,car + 
51548,Pankow,3071639,Bötzowstraße,August,11,Thursday,minor,0,Overtaking,Daylight,1,0,1,0,0,0,Dry,13.42831,52.53231,bicycle + pedestrian + 
51549,Friedrichshain-Kreuzberg,2020202,Rathaus Yorckstraße,December,12,Sunday,minor,1,Driving,Daylight,0,1,0,0,0,0,Dry,13.38903,52.49458,car + 
51550,Reinickendorf,12103219,Schäfersee,May,17,Thursday,minor,4,Stationary Traffic,Daylight,1,0,0,0,0,0,Dry,13.36352,52.56552,bicycle + 
51551,Steglitz-Zehlendorf,6030503,Zehlendorf Mitte,July,16,Thursday,minor,2,Turning,Daylight,1,0,0,0,0,1,Dry,13.26025,52.43504,bicycle + other
51552,Friedrichshain-Kreuzberg,2020202,Rathaus Yorckstraße,November,3,Sunday,serious,6,Overtaking,Night,0,1,1,0,0,0,Wet,13.38925,52.49753,car + pedestrian + 
51553,Charlottenburg-Wilmersdorf,4030417,Schloßstraße,July,14,Thursday,minor,5,Turning,Daylight,1,1,0,0,0,0,Dry,13.28926,52.51056,bicycle + car + 
51554,Tempelhof-Schöneberg,7030303,Grazer Platz,March,9,Tuesday,minor,2,Stationary Traffic,Daylight,0,1,0,0,0,0,Dry,13.34776,52.47621,car + 
51555,Charlottenburg-Wilmersdorf,4041133,Güterbahnhof Grunewald,October,19,Sunday,minor,2,Stationary Traffic,Night,0,1,0,0,0,0,Dry,13.28096,52.49912,car + 
51556,Mitte,1011303,Alexanderplatzviertel,August,11,Thursday,minor,6,Other,Daylight,0,0,1,1,0,0,Dry,13.40705,52.52126,pedestrian + motorbike + 
51558,Tempelhof-Schöneberg,7070701,Kettinger Straße/Schillerstraße,May,15,Wednesday,minor,2,Stationary Traffic,Daylight,0,1,0,0,0,0,Dry,13.40655,52.39944,car + 
51559,Pankow,3071638,Winsstraße,July,14,Thursday,minor,5,Turning,Daylight,1,1,0,0,0,0,Dry,13.42404,52.52828,bicycle + car + 
51560,Charlottenburg-Wilmersdorf,4030417,Schloßstraße,March,10,Tuesday,minor,2,Stationary Traffic,Daylight,0,1,0,0,0,0,Dry,13.28937,52.51057,car + 
51561,Charlottenburg-Wilmersdorf,4020313,Königin-Elisabeth-Straße,November,15,Tuesday,minor,2,Stationary Traffic,Daylight,0,1,0,0,0,1,Dry,13.28243,52.51013,car + other
51562,Mitte,1011303,Alexanderplatzviertel,June,13,Tuesday,minor,2,Stationary Traffic,Daylight,0,1,0,0,0,0,Dry,13.4114,52.51891,car + 
51563,Pankow,3061429,Greifswalder Straße,August,11,Thursday,serious,5,Turning,Daylight,1,1,0,0,0,0,Dry,13.44498,52.54552,bicycle + car + 
51564,Mitte,1033203,Humboldthain Nordwest,December,19,Saturday,minor,2,Stationary Traffic,Night,0,1,0,0,0,0,Wet,13.36849,52.53883,car + 
51565,Friedrichshain-Kreuzberg,2040703,Wriezener Bahnhof/Entwicklungsgebiet,July,14,Thursday,serious,1,Paralle Traffic,Daylight,1,0,0,1,0,0,Dry,13.44873,52.50524,bicycle + motorbike + 
51566,Pankow,3061131,Falkplatz,October,13,Tuesday,minor,2,Stationary Traffic,Daylight,0,1,0,0,0,0,Dry,13.41335,52.54832,car + 
51567,Steglitz-Zehlendorf,6030503,Zehlendorf Mitte,August,9,Thursday,minor,5,Turning,Daylight,1,1,0,0,0,0,Dry,13.26031,52.43516,bicycle + car + 
51568,Marzahn-Hellersdorf,10010204,Wuhletalstraße,July,19,Wednesday,minor,5,Crossing,Daylight,0,1,0,0,0,0,Dry,13.55832,52.56292,car + 
51569,Charlottenburg-Wilmersdorf,4020208,Kranzallee,March,18,Monday,minor,5,Crossing,Dawn,0,1,0,0,0,0,Dry,13.2319,52.50689,car + 
51570,Reinickendorf,12214422,Klixstraße,October,6,Monday,minor,3,Stationary Traffic,Night,0,1,0,0,1,0,Dry,13.30464,52.57372,car + truck + 
51571,Pankow,3020209,Niederschönhausen,June,11,Sunday,minor,5,Turning,Daylight,1,1,0,0,0,0,Dry,13.40169,52.58996,bicycle + car + 
51572,Friedrichshain-Kreuzberg,2040701,Andreasviertel,August,19,Thursday,minor,6,Other,Daylight,0,0,1,0,0,1,Dry,13.43161,52.51801,pedestrian + other
51574,Reinickendorf,12214125,Waldidyll/Flughafensee,May,12,Wednesday,minor,3,Stationary Traffic,Daylight,0,1,0,1,0,0,Dry,13.30988,52.55849,car + motorbike + 
51575,Marzahn-Hellersdorf,10030726,Alt-Biesdorf,March,11,Monday,minor,5,Turning,Daylight,0,1,0,0,0,0,Wet,13.55319,52.50904,car + 
51576,Steglitz-Zehlendorf,6030503,Zehlendorf Mitte,November,20,Wednesday,minor,5,Turning,Night,0,1,0,0,0,0,Wet,13.26042,52.43501,car + 
51577,Charlottenburg-Wilmersdorf,4041134,Bismarckallee,May,9,Wednesday,serious,2,Stationary Traffic,Daylight,0,1,0,1,0,0,Dry,13.29003,52.49395,car + motorbike + 
51578,Tempelhof-Schöneberg,7010104,Dennewitzplatz,December,14,Monday,minor,6,Overtaking,Daylight,0,1,1,0,0,0,Dry,13.36248,52.49888,car + pedestrian + 
51579,Pankow,3061228,Erich-Weinert-Straße,July,19,Wednesday,minor,1,Paralle Traffic,Daylight,1,0,0,0,0,1,Dry,13.42953,52.55003,bicycle + other
51580,Tempelhof-Schöneberg,7040402,Lindenhofsiedlung,March,14,Monday,serious,2,Stationary Traffic,Daylight,0,1,0,0,0,0,Wet,13.36519,52.47293,car + 
51581,Steglitz-Zehlendorf,6040703,Nikolassee,October,17,Wednesday,serious,9,Driving,Night,0,1,0,0,0,0,Dry,13.20308,52.42338,car + 
51582,Reinickendorf,12301204,Wittenau Nord,August,17,Wednesday,minor,5,Crossing,Daylight,0,1,0,0,0,0,Dry,13.33295,52.59611,car + 
51584,Reinickendorf,12302212,Rollbergesiedlung,June,10,Wednesday,minor,5,Crossing,Daylight,1,1,0,0,0,0,Dry,13.32465,52.60701,bicycle + car + 
51585,Steglitz-Zehlendorf,6040703,Nikolassee,August,17,Wednesday,serious,0,Other,Daylight,1,0,0,0,0,0,Dry,13.21233,52.42699,bicycle + 
51586,Friedrichshain-Kreuzberg,2040703,Wriezener Bahnhof/Entwicklungsgebiet,December,19,Sunday,minor,6,Stationary Traffic,Night,1,0,1,0,0,0,Wet,13.44805,52.50423,bicycle + pedestrian + 
51587,Pankow,3040818,Pankow Süd,July,16,Wednesday,minor,5,Crossing,Daylight,1,1,0,0,0,0,Dry,13.42791,52.5682,bicycle + car + 
51588,Steglitz-Zehlendorf,6040701,Wannsee,September,17,Wednesday,minor,1,Driving,Daylight,0,1,0,0,0,0,Wet,13.10016,52.41386,car + 
51589,Tempelhof-Schöneberg,7050501,Rathausstraße,October,11,Wednesday,minor,1,Paralle Traffic,Daylight,1,1,0,0,0,0,Dry,13.38551,52.44752,bicycle + car + 
51590,Charlottenburg-Wilmersdorf,4051656,Hildegardstraße,August,7,Wednesday,serious,2,Stationary Traffic,Daylight,0,0,0,1,0,1,Dry,13.32496,52.47795,motorbike + other
51591,Mitte,1011202,Unter den Linden Nord,July,13,Wednesday,minor,3,Stationary Traffic,Daylight,0,1,0,1,0,0,Dry,13.39564,52.51739,car + motorbike + 
51592,Charlottenburg-Wilmersdorf,4051655,Babelsberger Straße,March,15,Monday,minor,2,Stationary Traffic,Daylight,0,1,0,0,0,0,Dry,13.32939,52.47782,car + 
51593,Reinickendorf,12103218,Teichstraße,October,13,Tuesday,minor,2,Stationary Traffic,Daylight,0,1,0,0,1,0,Wet,13.34812,52.57436,car + truck + 