id,district,lor,street,month,hour,weekday,injury,collision,movement,light_conditions,bicycle,car,pedestrian,motorbike,truck,other_vehicle,road_conditions,longitude,latitude,Combo_type
51594,Charlottenburg-Wilmersdorf,4020310,Park Ruhwald,August,5,Wednesday,minor,3,Stationary Traffic,Dawn,0,1,0,0,0,0,Dry,13.28293,52.52858,car + 
51596,Pankow,3061434,Anton-Saefkow-Park,May,9,Wednesday,minor,2,Stationary Traffic,Daylight,0,1,0,1,0,0,Dry,13.43397,52.53718,car + motorbike + 
51597,Friedrichshain-Kreuzberg,2050601,Hausburgviertel,July,10,Wednesday,minor,0,Paralle Traffic,Daylight,1,0,0,0,0,1,Dry,13.45251,52.51896,bicycle + other
51598,Steglitz-Zehlendorf,6030503,Zehlendorf Mitte,March,13,Monday,serious,5,Crossing,Daylight,0,1,0,0,0,0,Wet,13.28131,52.44153,car + 
51599,Friedrichshain-Kreuzberg,2050602,Samariterviertel,November,9,Thursday,minor,5,Crossing,Daylight,1,1,0,0,0,0,Dry,13.45362,52.51849,bicycle + car + 
51600,Friedrichshain-Kreuzberg,2050602,Samariterviertel,May,8,Wednesday,minor,5,Crossing,Daylight,1,1,0,0,0,0,Dry,13.46004,52.51526,bicycle + car + 
51601,Mitte,1033203,Humboldthain Nordwest,December,18,Tuesday,minor,2,Stationary Traffic,Night,0,1,0,0,0,0,Wet,13.36953,52.53943,car + 
51602,Charlottenburg-Wilmersdorf,4051551,Brabanter Platz,July,15,Wednesday,minor,2,Stationary Traffic,Daylight,0,1,0,1,0,0,Dry,13.31848,52.47829,car + motorbike + 
51603,Lichtenberg,11010101,Dorf Malchow,March,10,Sunday,minor,5,Turning,Daylight,1,1,0,0,0,0,Dry,13.48331,52.58306,bicycle + car + 
51604,Reinickendorf,12103117,Letteplatz,October,19,Thursday,minor,2,Stationary Traffic,Night,0,1,0,1,0,0,Dry,13.36506,52.55911,car + motorbike + 
51605,Mitte,1011303,Alexanderplatzviertel,August,15,Wednesday,minor,6,Stationary Traffic,Daylight,0,0,1,0,0,1,Dry,13.4162,52.52208,pedestrian + other
51607,Marzahn-Hellersdorf,10010309,Springpfuhl,July,20,Tuesday,minor,5,Crossing,Daylight,0,1,0,0,0,0,Dry,13.53691,52.53008,car + 
51608,Pankow,3061126,Arnimplatz,March,18,Sunday,minor,3,Stationary Traffic,Dawn,0,1,0,1,0,0,Dry,13.41455,52.55305,car + motorbike + 
51609,Reinickendorf,12103218,Teichstraße,September,14,Monday,minor,5,Turning,Daylight,1,0,0,0,1,0,Dry,13.34784,52.57445,bicycle + truck + 
51610,Treptow-Köpenick,9010301,Baumschulenstraße,June,7,Wednesday,minor,5,Turning,Daylight,0,1,0,1,0,0,Dry,13.49331,52.46789,car + motorbike + 
51611,Lichtenberg,11030721,Rüdigerstraße,August,12,Wednesday,minor,6,Overtaking,Daylight,1,0,1,0,0,0,Dry,13.47673,52.51358,bicycle + pedestrian + 
51612,Treptow-Köpenick,9010101,Elsenstraße,December,10,Saturday,minor,3,Stationary Traffic,Daylight,0,1,0,0,0,0,Wet,13.46189,52.49507,car + 
51613,Marzahn-Hellersdorf,10010308,Marzahner Chaussee,May,22,Wednesday,serious,0,Driving,Night,1,0,0,0,0,0,Dry,13.54252,52.51012,bicycle + 
51614,Reinickendorf,12103219,Schäfersee,July,12,Tuesday,minor,6,Overtaking,Daylight,1,0,1,0,0,0,Dry,13.36427,52.56333,bicycle + pedestrian + 
51615,Charlottenburg-Wilmersdorf,4030622,Richard-Wagner-Straße,March,11,Saturday,minor,2,Stationary Traffic,Daylight,0,1,0,0,0,0,Dry,13.30288,52.51125,car + 
51616,Pankow,3061332,Helmholtzplatz,November,22,Friday,serious,6,Other,Night,0,1,1,0,0,0,Wet,13.41329,52.54093,car + pedestrian + 
51617,Tempelhof-Schöneberg,7010104,Dennewitzplatz,November,16,Tuesday,minor,3,Stationary Traffic,Night,0,1,0,1,0,0,Dry,13.36068,52.49112,car + motorbike + 
51618,Mitte,1011102,Großer Tiergarten,July,18,Tuesday,minor,5,Turning,Daylight,1,1,0,0,0,0,Dry,13.36972,52.51582,bicycle + car + 
51619,Charlottenburg-Wilmersdorf,4010101,Jungfernheide,March,14,Saturday,serious,2,Stationary Traffic,Daylight,0,1,0,0,0,0,Dry,13.28379,52.53006,car + 
51620,Charlottenburg-Wilmersdorf,4010101,Jungfernheide,October,20,Thursday,minor,2,Stationary Traffic,Night,0,1,0,0,0,0,Dry,13.28574,52.53164,car + 
51621,Marzahn-Hellersdorf,10040933,Mahlsdorf Süd,August,10,Wednesday,minor,2,Stationary Traffic,Daylight,0,0,0,0,1,1,Dry,13.62023,52.50425,truck + other
51623,Friedrichshain-Kreuzberg,2050601,Hausburgviertel,May,18,Wednesday,minor,5,Turning,Daylight,1,1,0,0,0,0,Dry,13.44795,52.52632,bicycle + car + 
51624,Steglitz-Zehlendorf,6040703,Nikolassee,September,16,Wednesday,minor,0,Other,Daylight,0,1,0,0,0,0,Wet,13.1979,52.43872,car + 
51625,Friedrichshain-Kreuzberg,2040703,Wriezener Bahnhof/Entwicklungsgebiet,July,1,Tuesday,minor,6,Overtaking,Night,0,1,1,0,0,0,Dry,13.44793,52.50405,car + pedestrian + 
51626,Marzahn-Hellersdorf,10010310,Alt-Marzahn,March,16,Saturday,minor,2,Overtaking,Daylight,0,1,1,0,1,0,Dry,13.53857,52.53806,car + pedestrian + truck + 
51627,Friedrichshain-Kreuzberg,2050602,Samariterviertel,June,11,Friday,minor,6,Overtaking,Daylight,1,0,1,0,0,0,Dry,13.46571,52.51469,bicycle + pedestrian + 
51628,Mitte,1011105,Nördlicher Landwehrkanal,August,10,Wednesday,serious,6,Overtaking,Daylight,1,0,1,0,0,0,Dry,13.37357,52.50937,bicycle + pedestrian + 
51629,Tempelhof-Schöneberg,7050502,Fritz-Werner-Straße,December,22,Friday,minor,0,Driving,Night,0,0,0,1,0,0,Dry,13.39267,52.42985,motorbike + 
51630,Mitte,1011102,Großer Tiergarten,May,11,Tuesday,minor,0,Other,Daylight,1,0,0,0,0,0,Dry,13.36812,52.51561,bicycle + 
51631,Pankow,3040818,Pankow Süd,July,17,Monday,minor,2,Stationary Traffic,Daylight,0,1,0,0,0,1,Dry,13.42884,52.57277,car + other
51632,Steglitz-Zehlendorf,6040701,Wannsee,March,21,Saturday,minor,5,Crossing,Night,0,1,0,0,0,1,Dry,13.17514,52.4199,car + other
51633,Friedrichshain-Kreuzberg,2050602,Samariterviertel,November,3,Saturday,minor,5,Crossing,Night,0,1,0,0,0,1,Wet,13.47079,52.51404,car + other
51634,Friedrichshain-Kreuzberg,2010101,Askanischer Platz,July,17,Monday,minor,2,Stationary Traffic,Daylight,0,1,0,0,0,0,Dry,13.38047,52.49926,car + 
51635,Charlottenburg-Wilmersdorf,4041134,Bismarckallee,March,13,Friday,minor,3,Stationary Traffic,Daylight,0,1,0,0,0,1,Dry,13.28262,52.49745,car + other
51636,Friedrichshain-Kreuzberg,2050602,Samariterviertel,October,18,Friday,minor,5,Turning,Night,0,1,0,0,0,0,Wet,13.45376,52.51587,car + 
51637,Mitte,1011202,Unter den Linden Nord,August,10,Wednesday,minor,3,Stationary Traffic,Daylight,1,1,0,0,0,0,Dry,13.38974,52.51693,bicycle + car + 
51639,Pankow,3061429,Greifswalder Straße,May,19,Tuesday,minor,3,Stationary Traffic,Dawn,1,0,0,0,0,0,Dry,13.43919,52.54125,bicycle + 
51640,Reinickendorf,12301203,Wittenau Süd,July,12,Monday,minor,5,Crossing,Daylight,1,1,0,0,0,0,Dry,13.33463,52.5931,bicycle + car + 
51641,Friedrichshain-Kreuzberg,2040501,Barnimkiez,March,7,Friday,serious,3,Paralle Traffic,Daylight,1,0,0,0,1,0,Dry,13.42054,52.52599,bicycle + truck + 
51642,Spandau,5020524,Weinmeisterhornweg,November,17,Monday,serious,6,Overtaking,Night,0,1,1,0,0,0,Wet,13.17909,52.51665,car + pedestrian + 
51643,Marzahn-Hellersdorf,10010206,Ringkolonnaden,June,21,Tuesday,serious,2,Stationary Traffic,Night,0,1,0,0,0,0,Dry,13.54851,52.55117,car + 
51644,Lichtenberg,11030721,Rüdigerstraße,August,20,Tuesday,minor,5,Turning,Dawn,1,1,0,0,0,0,Dry,13.48442,52.5128,bicycle + car + 
51645,Friedrichshain-Kreuzberg,2010101,Askanischer Platz,December,18,Friday,minor,3,Stationary Traffic,Night,0,1,0,1,0,0,Wet,13.38019,52.49931,car + motorbike + 
51646,Pankow,3020209,Niederschönhausen,July,10,Monday,minor,1,Paralle Traffic,Daylight,1,1,0,0,0,0,Dry,13.40288,52.58077,bicycle + car + 
51647,Tempelhof-Schöneberg,7050502,Fritz-Werner-Straße,September,12,Wednesday,minor,0,Driving,Daylight,0,0,0,1,0,0,Wet,13.3765,52.43102,motorbike + 
51648,Tempelhof-Schöneberg,7050506,Birnhornweg,March,4,Friday,minor,1,Paralle Traffic,Night,0,1,0,0,0,0,Dry,13.3948,52.42544,car + 
51649,Lichtenberg,11030721,Rüdigerstraße,October,15,Monday,minor,2,Stationary Traffic,Daylight,0,1,0,0,0,0,Dry,13.48758,52.51248,car + 
51650,Charlottenburg-Wilmersdorf,4041134,Bismarckallee,August,17,Tuesday,minor,2,Stationary Traffic,Daylight,0,1,0,0,0,0,Dry,13.28623,52.49454,car + 
51651,Tempelhof-Schöneberg,7050502,Fritz-Werner-Straße,July,11,Monday,minor,5,Crossing,Daylight,0,1,0,0,0,0,Dry,13.3778,52.43379,car + 
51652,Pankow,3071639,Bötzowstraße,March,12,Friday,minor,6,Overtaking,Daylight,0,1,1,0,0,0,Dry,13.4282,52.53222,car + pedestrian + 
51653,Tempelhof-Schöneberg,7010104,Dennewitzplatz,October,21,Saturday,serious,3,Stationary Traffic,Night,1,1,0,0,0,0,Wet,13.36118,52.49554,bicycle + car + 
51654,Treptow-Köpenick,9020601,Schnellerstraße,June,12,Saturday,minor,2,Turning,Daylight,0,1,0,0,0,1,Dry,13.51509,52.45302,car + other
51655,Charlottenburg-Wilmersdorf,4010101,Jungfernheide,August,14,Tuesday,minor,2,Stationary Traffic,Daylight,0,1,0,0,0,0,Dry,13.3002,52.54742,car + 
51657,Tempelhof-Schöneberg,7050502,Fritz-Werner-Straße,May,18,Tuesday,minor,5,Turning,Daylight,1,1,0,0,0,0,Dry,13.37798,52.43417,bicycle + car + 
51658,Steglitz-Zehlendorf,6040702,Düppel,March,20,Thursday,minor,2,Stationary Traffic,Night,0,1,0,0,0,0,Dry,13.19443,52.41979,car + 
51659,Reinickendorf,12103115,Breitkopfbecken,November,14,Tuesday,minor,2,Stationary Traffic,Daylight,0,1,0,0,0,0,Dry,13.35928,52.5733,car + 
51660,Pankow,3061131,Falkplatz,May,17,Tuesday,minor,0,Stationary Traffic,Daylight,0,1,0,0,0,1,Dry,13.41241,52.54468,car + other
51661,Charlottenburg-Wilmersdorf,4020313,Königin-Elisabeth-Straße,December,12,Sunday,minor,2,Stationary Traffic,Daylight,0,1,0,0,0,0,Dry,13.2846,52.51594,car + 
51662,Tempelhof-Schöneberg,7070706,Horstwalder Straße/Paplitzer Straße,July,11,Monday,minor,5,Crossing,Daylight,1,0,0,0,0,0,Dry,13.41117,52.38556,bicycle + 
51663,Reinickendorf,12214527,Alt-Tegel,March,15,Thursday,serious,2,Stationary Traffic,Daylight,0,1,0,0,0,0,Dry,13.29164,52.58626,car + 
51664,Friedrichshain-Kreuzberg,2010101,Askanischer Platz,October,18,Tuesday,minor,5,Crossing,Dawn,1,1,0,0,0,0,Dry,13.37695,52.5019,bicycle + car + 
51665,Charlottenburg-Wilmersdorf,4030623,Ernst-Reuter-Platz,August,9,Tuesday,minor,5,Paralle Traffic,Daylight,0,1,0,0,0,0,Dry,13.32638,52.51283,car + 
51667,Reinickendorf,12301203,Wittenau Süd,September,11,Wednesday,minor,2,Stationary Traffic,Daylight,0,1,0,0,0,1,Wet,13.33338,52.59404,car + other
51668,Mitte,1044102,Schillerpark,July,9,Monday,serious,5,Crossing,Daylight,1,1,0,0,0,0,Dry,13.36549,52.55805,bicycle + car + 
51669,Friedrichshain-Kreuzberg,2050602,Samariterviertel,March,13,Thursday,minor,2,Stationary Traffic,Daylight,0,1,0,0,0,0,Dry,13.47462,52.51378,car + 
51670,Mitte,1011303,Alexanderplatzviertel,September,15,Saturday,minor,2,Stationary Traffic,Daylight,0,1,0,1,0,0,Wet,13.41975,52.52479,car + motorbike + 
51671,Friedrichshain-Kreuzberg,2050602,Samariterviertel,June,16,Tuesday,serious,0,Stationary Traffic,Daylight,0,1,0,1,0,0,Dry,13.46851,52.51426,car + motorbike + 
51672,Tempelhof-Schöneberg,7030303,Grazer Platz,August,18,Tuesday,minor,2,Stationary Traffic,Daylight,0,1,0,0,0,0,Dry,13.3549,52.4783,car + 
51673,Friedrichshain-Kreuzberg,2050602,Samariterviertel,December,7,Wednesday,minor,5,Turning,Night,1,1,0,0,0,0,Dry,13.46022,52.51525,bicycle + car + 
51674,Charlottenburg-Wilmersdorf,4020310,Park Ruhwald,May,13,Tuesday,minor,3,Stationary Traffic,Daylight,0,1,0,0,1,0,Dry,13.28268,52.52856,car + truck + 
51675,Friedrichshain-Kreuzberg,2050803,Stralauer Kiez,July,15,Monday,minor,0,Paralle Traffic,Daylight,1,0,0,0,0,1,Dry,13.46206,52.49824,bicycle + other
51676,Tempelhof-Schöneberg,7020202,Volkspark (Rudolf-Wilde-Park),March,8,Thursday,serious,5,Turning,Daylight,0,1,0,1,0,0,Dry,13.34995,52.4812,car + motorbike + 
51677,Reinickendorf,12302212,Rollbergesiedlung,November,6,Wednesday,serious,6,Turning,Night,0,1,1,0,0,0,Dry,13.32388,52.6078,car + pedestrian + 
51678,Steglitz-Zehlendorf,6030503,Zehlendorf Mitte,November,13,Sunday,minor,5,Crossing,Daylight,0,1,0,0,0,0,Dry,13.26941,52.4374,car + 
51679,Mitte,1011303,Alexanderplatzviertel,July,14,Monday,minor,0,Driving,Daylight,1,0,0,0,0,0,Dry,13.41048,52.52283,bicycle + 
51680,Pankow,3040818,Pankow Süd,March,8,Wednesday,minor,2,Stationary Traffic,Daylight,1,1,0,0,0,0,Dry,13.41155,52.56047,bicycle + car + 
51681,Pankow,3010104,Lietzengraben,October,19,Wednesday,minor,0,Other,Night,0,1,0,0,0,0,Wet,13.44138,52.61687,car + 
51682,Charlottenburg-Wilmersdorf,4061757,Forst Grunewald,August,18,Tuesday,minor,3,Stationary Traffic,Daylight,0,1,0,0,0,0,Dry,13.24744,52.47823,car + 
51684,Mitte,1011102,Großer Tiergarten,May,9,Tuesday,minor,3,Stationary Traffic,Daylight,1,0,0,0,0,0,Dry,13.36892,52.51577,bicycle + 
51685,Charlottenburg-Wilmersdorf,4030724,Lietzensee,September,11,Wednesday,minor,2,Stationary Traffic,Daylight,0,1,0,0,0,0,Wet,13.28504,52.50928,car + 
51686,Pankow,3061332,Helmholtzplatz,June,18,Sunday,minor,5,Turning,Daylight,1,1,0,0,0,0,Dry,13.42398,52.53911,bicycle + car + 
51687,Pankow,3030716,Märchenland,March,12,Wednesday,serious,4,Stationary Traffic,Daylight,0,1,0,0,0,0,Dry,13.48104,52.57067,car + 
51688,Friedrichshain-Kreuzberg,2020202,Rathaus Yorckstraße,June,18,Thursday,minor,3,Stationary Traffic,Daylight,0,0,0,1,0,1,Dry,13.38917,52.49787,motorbike + other
51689,Reinickendorf,12301205,Waidmannslust,August,9,Tuesday,serious,5,Crossing,Daylight,0,1,0,1,0,0,Dry,13.31886,52.61083,car + motorbike + 
51690,Pankow,3061332,Helmholtzplatz,December,16,Tuesday,minor,1,Paralle Traffic,Night,1,0,0,0,0,1,Wet,13.41584,52.5404,bicycle + other
51691,Pankow,3040818,Pankow Süd,May,7,Tuesday,minor,5,Turning,Daylight,1,1,0,0,0,0,Dry,13.41161,52.5604,bicycle + car + 
51692,Marzahn-Hellersdorf,10040830,Kaulsdorf Süd,June,12,Sunday,minor,2,Stationary Traffic,Daylight,0,1,0,0,0,0,Dry,13.5813,52.50519,car + 
51693,Tempelhof-Schöneberg,7050502,Fritz-Werner-Straße,September,15,Wednesday,minor,3,Stationary Traffic,Daylight,0,0,0,0,1,1,Wet,13.38351,52.43832,truck + other
51694,Charlottenburg-Wilmersdorf,4051656,Hildegardstraße,September,7,Tuesday,minor,2,Stationary Traffic,Daylight,0,1,0,0,0,0,Dry,13.32146,52.478,car + 
51695,Pankow,3010104,Lietzengraben,June,11,Sunday,minor,2,Stationary Traffic,Daylight,0,1,0,0,0,0,Dry,13.44509,52.61452,car + 
51696,Friedrichshain-Kreuzberg,2050601,Hausburgviertel,March,8,Tuesday,minor,5,Turning,Daylight,1,1,0,0,0,0,Dry,13.4474,52.52644,bicycle + car + 
51697,Charlottenburg-Wilmersdorf,4020314,Messegelände,September,15,Sunday,minor,9,Driving,Daylight,0,1,0,0,0,0,Wet,13.27316,52.49877,car + 
51698,Mitte,1011202,Unter den Linden Nord,June,12,Wednesday,minor,3,Stationary Traffic,Daylight,1,0,0,0,0,1,Dry,13.38285,52.51676,bicycle + other
51699,Charlottenburg-Wilmersdorf,4020313,Königin-Elisabeth-Straße,August,9,Tuesday,minor,5,Turning,Daylight,0,1,0,0,0,0,Dry,13.28184,52.51009,car + 
51700,Tempelhof-Schöneberg,7050501,Rathausstraße,December,17,Friday,minor,2,Stationary Traffic,Night,0,1,0,0,0,0,Dry,13.38524,52.44896,car + 
51701,Mitte,1011204,Leipziger Straße,May,14,Tuesday,minor,5,Crossing,Daylight,0,1,0,0,0,1,Dry,13.40368,52.5125,car + other
51702,Tempelhof-Schöneberg,7030303,Grazer Platz,June,1,Saturday,minor,8,Driving,Night,0,1,0,0,0,0,Dry,13.35514,52.47831,car + 
51703,Friedrichshain-Kreuzberg,2020202,Rathaus Yorckstraße,March,8,Tuesday,serious,1,Paralle Traffic,Daylight,0,1,0,1,0,0,Dry,13.38763,52.49791,car + motorbike + 
51704,Charlottenburg-Wilmersdorf,4020314,Messegelände,November,23,Thursday,minor,3,Stationary Traffic,Night,0,1,0,0,0,0,Dry,13.28137,52.50416,car + 
51705,Steglitz-Zehlendorf,6040703,Nikolassee,August,16,Monday,minor,2,Stationary Traffic,Daylight,0,1,0,0,0,0,Dry,13.22518,52.46031,car + 
51706,Mitte,1033203,Humboldthain Nordwest,November,11,Tuesday,minor,2,Turning,Daylight,0,1,0,0,1,0,Dry,13.36858,52.54122,car + truck + 
51707,Tempelhof-Schöneberg,7050506,Birnhornweg,June,23,Friday,minor,3,Stationary Traffic,Night,0,1,0,1,0,0,Dry,13.39606,52.42326,car + motorbike + 
51708,Friedrichshain-Kreuzberg,2050602,Samariterviertel,March,15,Tuesday,minor,6,Stationary Traffic,Daylight,1,0,1,0,0,0,Dry,13.46706,52.51456,bicycle + pedestrian + 
51709,Reinickendorf,12302212,Rollbergesiedlung,October,11,Thursday,minor,2,Stationary Traffic,Daylight,0,1,0,0,0,0,Dry,13.32507,52.6065,car + 
51710,Friedrichshain-Kreuzberg,2040703,Wriezener Bahnhof/Entwicklungsgebiet,August,17,Monday,minor,4,Stationary Traffic,Daylight,1,0,0,0,0,0,Dry,13.44806,52.50425,bicycle + 
51712,Marzahn-Hellersdorf,10030726,Alt-Biesdorf,May,13,Monday,minor,3,Stationary Traffic,Daylight,0,1,0,1,0,0,Dry,13.55021,52.5093,car + motorbike + 
51713,Tempelhof-Schöneberg,7050502,Fritz-Werner-Straße,September,14,Tuesday,minor,0,Other,Daylight,0,0,1,0,0,1,Dry,13.38273,52.43941,pedestrian + other
51714,Mitte,1011303,Alexanderplatzviertel,June,10,Friday,minor,5,Turning,Daylight,1,1,0,0,0,0,Dry,13.40937,52.5169,bicycle + car + 
51715,Mitte,1011204,Leipziger Straße,March,9,Monday,serious,6,Overtaking,Daylight,0,0,1,0,0,1,Dry,13.39082,52.51041,pedestrian + other
51716,Mitte,1011102,Großer Tiergarten,June,16,Thursday,minor,1,Paralle Traffic,Daylight,1,1,0,0,0,0,Dry,13.37323,52.51605,bicycle + car + 
51717,Treptow-Köpenick,9010401,Johannisthal West,August,17,Monday,minor,3,Stationary Traffic,Daylight,0,1,0,1,0,0,Dry,13.49292,52.43641,car + motorbike + 
51718,Pankow,3061332,Helmholtzplatz,December,16,Friday,minor,6,Turning,Dawn,0,1,1,0,0,0,Dry,13.42434,52.53927,car + pedestrian + 
51719,Marzahn-Hellersdorf,10010207,Marzahner Promenade,May,13,Monday,minor,0,Driving,Daylight,1,0,0,0,0,0,Dry,13.54108,52.54193,bicycle + 
51720,Spandau,5020629,Börnicker Straße,June,16,Friday,serious,4,Stationary Traffic,Daylight,1,0,0,0,0,0,Dry,13.2115,52.51011,bicycle + 
51721,Tempelhof-Schöneberg,7060601,Marienfelder Allee Nordwest,September,12,Tuesday,minor,5,Turning,Daylight,0,1,0,1,0,0,Dry,13.37023,52.42187,car + motorbike + 
51722,Friedrichshain-Kreuzberg,2050602,Samariterviertel,November,17,Friday,minor,0,Driving,Night,0,0,0,1,0,0,Wet,13.46744,52.51437,motorbike + 
51723,Charlottenburg-Wilmersdorf,4010101,Jungfernheide,June,16,Friday,minor,2,Stationary Traffic,Daylight,0,1,0,0,0,0,Dry,13.29754,52.54384,car + 
51724,Friedrichshain-Kreuzberg,2020202,Rathaus Yorckstraße,September,20,Thursday,minor,1,Paralle Traffic,Night,1,1,0,0,0,0,Wet,13.38352,52.49868,bicycle + car + 
51725,Tempelhof-Schöneberg,7020203,Kaiser-Wilhelm-Platz,March,15,Monday,minor,2,Stationary Traffic,Daylight,0,1,0,0,0,0,Wet,13.34859,52.48207,car + 
51726,Lichtenberg,11010101,Dorf Malchow,October,20,Thursday,serious,0,Other,Night,1,0,0,0,0,0,Wet,13.48301,52.58167,bicycle + 
51727,Reinickendorf,12302211,Lübarser Straße,August,15,Monday,minor,2,Stationary Traffic,Daylight,0,1,0,0,0,0,Dry,13.33192,52.60007,car + 
51729,Mitte,1011303,Alexanderplatzviertel,May,6,Monday,minor,2,Stationary Traffic,Daylight,0,1,0,0,0,0,Dry,13.41955,52.52514,car + 
51730,Tempelhof-Schöneberg,7040405,Rathaus Tempelhof,June,7,Friday,serious,3,Other,Daylight,0,1,0,0,0,0,Dry,13.40707,52.46192,car + 
51731,Neukölln,8020619,Buschkrugallee Nord,March,7,Monday,minor,2,Stationary Traffic,Daylight,0,1,0,0,0,0,Dry,13.44363,52.46291,car + 
51732,Reinickendorf,12103115,Breitkopfbecken,November,18,Monday,minor,6,Turning,Night,0,1,1,0,0,0,Wet,13.35904,52.57339,car + pedestrian + 
51733,Charlottenburg-Wilmersdorf,4020208,Kranzallee,June,14,Sunday,serious,4,Other,Daylight,0,1,0,0,0,0,Dry,13.23515,52.50709,car + 
51734,Tempelhof-Schöneberg,7030303,Grazer Platz,August,15,Monday,minor,8,Driving,Daylight,0,1,0,0,0,0,Dry,13.36259,52.47391,car + 
51735,Pankow,3040614,Pankow Zentrum,December,9,Thursday,minor,2,Stationary Traffic,Daylight,0,1,0,0,0,0,Dry,13.40588,52.56623,car + 
51736,Charlottenburg-Wilmersdorf,4010102,Plötzensee,June,7,Friday,minor,3,Stationary Traffic,Daylight,0,1,0,0,0,1,Dry,13.32106,52.5372,car + other
51737,Tempelhof-Schöneberg,7040405,Rathaus Tempelhof,September,8,Monday,minor,2,Stationary Traffic,Daylight,0,1,0,1,0,0,Dry,13.40401,52.4627,car + motorbike + 
51738,Pankow,3040818,Pankow Süd,March,6,Monday,serious,5,Crossing,Dawn,1,1,0,0,0,0,Dry,13.42924,52.5734,bicycle + car + 
51739,Friedrichshain-Kreuzberg,2050602,Samariterviertel,October,1,Sunday,minor,8,Driving,Night,0,1,0,0,0,0,Dry,13.45537,52.5156,car + 
51740,Charlottenburg-Wilmersdorf,4020311,Reichsstraße,August,15,Monday,minor,5,Crossing,Daylight,1,0,0,0,0,0,Dry,13.26143,52.5087,bicycle + 
51741,Friedrichshain-Kreuzberg,2040502,Friedenstraße,June,16,Thursday,fatal,6,Overtaking,Daylight,0,1,1,0,0,0,Dry,13.43872,52.51727,car + pedestrian + 
51742,Charlottenburg-Wilmersdorf,4020313,Königin-Elisabeth-Straße,March,10,Monday,minor,5,Turning,Daylight,0,1,0,0,0,0,Dry,13.28189,52.5101,car + 
51743,Charlottenburg-Wilmersdorf,4041133,Güterbahnhof Grunewald,October,15,Friday,minor,2,Stationary Traffic,Daylight,0,1,0,0,0,0,Wet,13.2813,52.49904,car + 
51744,Tempelhof-Schöneberg,7040406,Germaniagarten,June,14,Friday,serious,2,Stationary Traffic,Daylight,0,1,0,0,0,0,Dry,13.41894,52.46089,car + 
51745,Pankow,3071633,Thälmannpark,August,14,Monday,minor,3,Stationary Traffic,Daylight,0,1,0,0,0,0,Dry,13.42791,52.53781,car + 
51747,Mitte,1011304,Karl-Marx-Allee,May,20,Sunday,minor,5,Crossing,Dawn,1,1,0,0,0,0,Dry,13.42285,52.5202,bicycle + car + 
51748,Mitte,1011303,Alexanderplatzviertel,March,12,Saturday,minor,2,Other,Daylight,1,1,0,0,0,1,Dry,13.4067,52.52109,bicycle + car + other
51749,Friedrichshain-Kreuzberg,2050602,Samariterviertel,November,17,Monday,serious,6,Overtaking,Night,0,1,1,0,0,0,Dry,13.45583,52.51555,car + pedestrian + 
51750,Tempelhof-Schöneberg,7040401,Neu-Tempelhof,May,14,Sunday,minor,3,Stationary Traffic,Daylight,0,1,0,1,0,0,Dry,13.38591,52.47678,car + motorbike + 
51751,Mitte,1011105,Nördlicher Landwehrkanal,November,11,Saturday,minor,6,Overtaking,Daylight,0,1,1,0,0,0,Dry,13.37394,52.5094,car + pedestrian + 
51752,Charlottenburg-Wilmersdorf,4030622,Richard-Wagner-Straße,June,18,Thursday,minor,6,Other,Daylight,0,1,1,0,0,0,Dry,13.30745,52.51174,car + pedestrian + 
51753,Spandau,5020628,Graetschelsteig,March,14,Saturday,minor,3,Stationary Traffic,Daylight,0,1,0,0,0,0,Wet,13.18604,52.51524,car + 
51754,Marzahn-Hellersdorf,10030726,Alt-Biesdorf,October,7,Monday,minor,5,Other,Daylight,1,1,0,0,0,0,Dry,13.55056,52.50944,bicycle + car + 
51755,Tempelhof-Schöneberg,7020203,Kaiser-Wilhelm-Platz,August,19,Monday,minor,1,Paralle Traffic,Daylight,1,1,0,0,0,0,Dry,13.35387,52.48506,bicycle + car + 
51757,Mitte,1033203,Humboldthain Nordwest,June,10,Thursday,serious,5,Turning,Daylight,1,1,0,0,0,0,Dry,13.37057,52.53997,bicycle + car + 
51758,Lichtenberg,11030721,Rüdigerstraße,March,15,Saturday,serious,5,Crossing,Daylight,1,1,0,0,0,0,Wet,13.47743,52.51352,bicycle + car + 
51759,Charlottenburg-Wilmersdorf,4030622,Richard-Wagner-Straße,June,18,Monday,minor,0,Other,Daylight,0,0,0,1,0,0,Wet,13.31467,52.51221,motorbike + 
51760,Pankow,3061434,Anton-Saefkow-Park,August,13,Monday,minor,5,Crossing,Daylight,1,1,0,0,0,0,Dry,13.43781,52.54008,bicycle + car + 
51761,Tempelhof-Schöneberg,7040403,Manteuffelstraße,December,5,Tuesday,minor,3,Stationary Traffic,Night,0,1,0,0,1,0,Wet,13.37424,52.47039,car + truck + 
51762,Marzahn-Hellersdorf,10010308,Marzahner Chaussee,May,14,Sunday,serious,2,Turning,Daylight,0,1,0,1,0,0,Dry,13.53908,52.51005,car + motorbike + 
51763,Friedrichshain-Kreuzberg,2020202,Rathaus Yorckstraße,June,22,Thursday,serious,0,Other,Night,1,0,0,0,0,0,Dry,13.38239,52.49865,bicycle + 
51764,Charlottenburg-Wilmersdorf,4020310,Park Ruhwald,March,17,Saturday,minor,2,Stationary Traffic,Dawn,0,1,0,0,0,0,Wet,13.28185,52.52125,car + 