id,district,lor,street,month,hour,weekday,injury,collision,movement,light_conditions,bicycle,car,pedestrian,motorbike,truck,other_vehicle,road_conditions,longitude,latitude,Combo_type
51765,Marzahn-Hellersdorf,10010102,Havemannstraße,November,20,Tuesday,serious,6,Other,Night,0,0,1,0,0,1,Dry,13.56717,52.57241,pedestrian + other
51766,Pankow,3061228,Erich-Weinert-Straße,November,20,Saturday,minor,2,Other,Night,0,1,0,1,0,0,Dry,13.42945,52.54986,car + motorbike + 
51767,Friedrichshain-Kreuzberg,2050602,Samariterviertel,June,7,Thursday,minor,3,Stationary Traffic,Daylight,1,0,0,0,0,0,Dry,13.47202,52.51391,bicycle + 
51768,Pankow,3050925,Komponistenviertel Weißensee,March,8,Friday,minor,3,Stationary Traffic,Daylight,1,1,0,0,0,0,Wet,13.44821,52.54719,bicycle + car + 
51769,Neukölln,8020619,Buschkrugallee Nord,October,14,Tuesday,serious,3,Stationary Traffic,Daylight,0,1,0,0,1,0,Dry,13.44685,52.46296,car + truck + 
51770,Pankow,3061126,Arnimplatz,August,7,Monday,minor,6,Overtaking,Daylight,1,0,1,0,0,0,Wet,13.41391,52.54961,bicycle + pedestrian + 
51772,Mitte,1011304,Karl-Marx-Allee,May,22,Saturday,minor,5,Crossing,Night,1,1,0,0,0,0,Dry,13.42253,52.52003,bicycle + car + 
51773,Steglitz-Zehlendorf,6040703,Nikolassee,June,15,Thursday,serious,1,Other,Daylight,0,1,0,0,0,0,Dry,13.18334,52.41873,car + 
51774,Reinickendorf,12103219,Schäfersee,March,11,Friday,minor,6,Other,Daylight,0,1,1,0,0,0,Dry,13.36354,52.56512,car + pedestrian + 
51775,Friedrichshain-Kreuzberg,2050801,Traveplatz,November,18,Thursday,minor,3,Stationary Traffic,Night,1,0,0,0,0,1,Wet,13.45362,52.51427,bicycle + other
51776,Tempelhof-Schöneberg,7040405,Rathaus Tempelhof,June,14,Thursday,minor,2,Stationary Traffic,Daylight,0,1,0,1,0,0,Dry,13.4038,52.46335,car + motorbike + 
51777,Treptow-Köpenick,9010101,Elsenstraße,August,22,Sunday,minor,2,Stationary Traffic,Night,0,1,0,0,0,0,Wet,13.45793,52.49203,car + 
51778,Mitte,1033203,Humboldthain Nordwest,December,18,Tuesday,minor,2,Stationary Traffic,Night,0,1,0,0,0,0,Dry,13.36838,52.54108,car + 
51779,Pankow,3040818,Pankow Süd,June,8,Thursday,minor,2,Stationary Traffic,Daylight,0,1,0,1,0,0,Dry,13.41218,52.55968,car + motorbike + 
51780,Charlottenburg-Wilmersdorf,4020208,Kranzallee,October,19,Thursday,minor,7,Other,Night,0,1,0,0,0,1,Dry,13.24987,52.508,car + other
51781,Mitte,1033203,Humboldthain Nordwest,June,23,Wednesday,minor,5,Crossing,Night,0,1,0,0,0,0,Dry,13.36858,52.54115,car + 
51782,Treptow-Köpenick,9020601,Schnellerstraße,September,16,Thursday,minor,0,Other,Daylight,1,0,0,0,0,0,Dry,13.50026,52.46291,bicycle + 
51783,Pankow,3051017,Rennbahnstraße,March,14,Friday,minor,4,Paralle Traffic,Daylight,0,1,0,0,0,1,Wet,13.46939,52.56344,car + other
51784,Mitte,1011201,Wilhelmstraße,October,14,Wednesday,minor,5,Turning,Daylight,1,0,0,0,0,1,Dry,13.37652,52.50958,bicycle + other
51785,Mitte,1011303,Alexanderplatzviertel,August,21,Sunday,minor,5,Crossing,Night,0,1,0,0,0,1,Dry,13.40494,52.51997,car + other
51787,Friedrichshain-Kreuzberg,2020202,Rathaus Yorckstraße,May,13,Saturday,minor,5,Turning,Daylight,1,1,0,0,0,0,Dry,13.38927,52.49746,bicycle + car + 
51788,Reinickendorf,12103219,Schäfersee,June,16,Wednesday,minor,0,Paralle Traffic,Daylight,1,0,0,0,0,1,Dry,13.36338,52.56579,bicycle + other
51789,Charlottenburg-Wilmersdorf,4020313,Königin-Elisabeth-Straße,March,12,Friday,minor,2,Stationary Traffic,Daylight,0,1,0,0,0,1,Dry,13.28377,52.51747,car + other
51790,Mitte,1011102,Großer Tiergarten,November,14,Saturday,minor,5,Turning,Daylight,0,1,0,0,0,0,Wet,13.36979,52.51583,car + 
51791,Pankow,3071639,Bötzowstraße,June,0,Saturday,minor,2,Other,Night,1,1,0,0,0,0,Dry,13.42805,52.53209,bicycle + car + 
51792,Charlottenburg-Wilmersdorf,4020208,Kranzallee,December,7,Wednesday,minor,5,Crossing,Daylight,0,1,0,0,0,0,Wet,13.24962,52.50799,car + 
51793,Pankow,3020209,Niederschönhausen,June,15,Wednesday,minor,2,Stationary Traffic,Daylight,0,1,0,0,0,0,Dry,13.39827,52.57699,car + 
51794,Pankow,3071639,Bötzowstraße,March,11,Friday,minor,5,Turning,Daylight,1,1,0,0,0,0,Dry,13.42931,52.53316,bicycle + car + 
51795,Charlottenburg-Wilmersdorf,4030417,Schloßstraße,October,14,Friday,minor,5,Crossing,Daylight,1,1,0,0,0,0,Dry,13.29729,52.51107,bicycle + car + 
51796,Pankow,3040614,Pankow Zentrum,August,8,Sunday,serious,0,Driving,Daylight,1,0,0,0,0,0,Wet,13.40678,52.56506,bicycle + 
51797,Mitte,1011303,Alexanderplatzviertel,June,14,Wednesday,minor,6,Other,Daylight,0,1,1,0,0,0,Dry,13.41098,52.52314,car + pedestrian + 
51798,Friedrichshain-Kreuzberg,2050602,Samariterviertel,March,18,Thursday,minor,0,Stationary Traffic,Night,0,1,0,1,0,0,Wet,13.45338,52.51694,car + motorbike + 
51799,Steglitz-Zehlendorf,6010102,Schloßstraße,October,17,Thursday,minor,2,Stationary Traffic,Night,0,1,0,0,0,0,Dry,13.32019,52.45481,car + 
51800,Reinickendorf,12301203,Wittenau Süd,June,14,Wednesday,minor,2,Stationary Traffic,Daylight,0,1,0,1,0,0,Dry,13.3336,52.59387,car + motorbike + 
51801,Mitte,1044102,Schillerpark,September,15,Thursday,minor,5,Crossing,Daylight,1,1,0,0,0,0,Dry,13.36526,52.55808,bicycle + car + 
51802,Tempelhof-Schöneberg,7030303,Grazer Platz,March,20,Thursday,minor,3,Turning,Night,0,1,0,0,0,0,Wet,13.35508,52.47817,car + 
51803,Lichtenberg,11030721,Rüdigerstraße,October,13,Thursday,minor,5,Turning,Daylight,0,1,0,0,0,0,Dry,13.48332,52.51291,car + 
51804,Marzahn-Hellersdorf,10010310,Alt-Marzahn,August,8,Sunday,serious,0,Other,Daylight,0,1,0,0,0,0,Wet,13.53747,52.53546,car + 
51806,Tempelhof-Schöneberg,7040401,Neu-Tempelhof,May,17,Saturday,minor,6,Other,Daylight,0,1,1,0,0,0,Wet,13.38577,52.48038,car + pedestrian + 
51807,Marzahn-Hellersdorf,10010207,Marzahner Promenade,June,13,Wednesday,minor,5,Crossing,Daylight,0,1,0,0,0,0,Dry,13.54245,52.54369,car + 
51808,Pankow,3061332,Helmholtzplatz,March,20,Thursday,minor,5,Turning,Night,1,1,0,0,0,0,Wet,13.42436,52.53901,bicycle + car + 
51809,Treptow-Köpenick,9010101,Elsenstraße,November,3,Sunday,serious,5,Crossing,Night,1,1,0,0,0,0,Dry,13.4578,52.49173,bicycle + car + 
51810,Reinickendorf,12103218,Teichstraße,June,22,Saturday,minor,2,Stationary Traffic,Night,0,1,0,0,0,1,Dry,13.35361,52.57368,car + other
51811,Lichtenberg,11041027,Tierpark,August,6,Saturday,minor,2,Stationary Traffic,Daylight,0,1,0,0,0,1,Dry,13.52489,52.50991,car + other
51812,Pankow,3071638,Winsstraße,December,15,Thursday,minor,5,Turning,Daylight,0,1,0,0,0,1,Dry,13.42395,52.5282,car + other
51813,Charlottenburg-Wilmersdorf,4010101,Jungfernheide,June,13,Wednesday,minor,5,Crossing,Daylight,0,1,0,0,1,0,Dry,13.28607,52.53205,car + truck + 
51814,Tempelhof-Schöneberg,7030303,Grazer Platz,March,15,Thursday,minor,2,Stationary Traffic,Daylight,0,1,0,0,0,0,Wet,13.34678,52.47238,car + 
51815,Friedrichshain-Kreuzberg,2050602,Samariterviertel,October,19,Saturday,minor,2,Stationary Traffic,Night,0,1,0,1,0,0,Dry,13.46712,52.51455,car + motorbike + 
51816,Tempelhof-Schöneberg,7070701,Kettinger Straße/Schillerstraße,August,9,Saturday,minor,0,Paralle Traffic,Daylight,0,1,0,0,0,0,Dry,13.40081,52.41489,car + 
51817,Pankow,3010104,Lietzengraben,June,12,Wednesday,minor,3,Stationary Traffic,Daylight,0,1,0,0,0,0,Dry,13.44784,52.61193,car + 
51818,Pankow,3061131,Falkplatz,March,4,Wednesday,minor,5,Turning,Night,0,1,0,0,1,0,Wet,13.41249,52.54312,car + truck + 
51819,Tempelhof-Schöneberg,7060604,Marienfelde Süd,October,6,Wednesday,minor,6,Other,Night,1,0,1,0,0,0,Wet,13.36057,52.41093,bicycle + pedestrian + 
51820,Treptow-Köpenick,9010202,Köpenicker Landstraße,June,6,Thursday,minor,5,Crossing,Daylight,0,1,0,0,0,0,Dry,13.47943,52.4845,car + 
51821,Mitte,1044102,Schillerpark,August,18,Saturday,minor,5,Crossing,Daylight,0,1,0,0,0,0,Dry,13.3655,52.55796,car + 
51822,Pankow,3061434,Anton-Saefkow-Park,December,6,Saturday,serious,5,Crossing,Night,1,1,0,0,0,0,Wet,13.43696,52.53974,bicycle + car + 
51823,Marzahn-Hellersdorf,10040830,Kaulsdorf Süd,May,10,Saturday,minor,6,Turning,Daylight,0,1,1,0,0,0,Dry,13.58139,52.50509,car + pedestrian + 
51824,Charlottenburg-Wilmersdorf,4010101,Jungfernheide,March,12,Wednesday,serious,3,Stationary Traffic,Daylight,0,1,0,0,1,0,Dry,13.28683,52.53242,car + truck + 
51825,Mitte,1011102,Großer Tiergarten,November,14,Sunday,minor,6,Other,Daylight,0,0,1,0,0,1,Dry,13.36364,52.51543,pedestrian + other
51826,Tempelhof-Schöneberg,7030303,Grazer Platz,May,9,Friday,serious,2,Stationary Traffic,Daylight,0,1,0,1,0,0,Dry,13.36357,52.47363,car + motorbike + 
51827,Charlottenburg-Wilmersdorf,4020311,Reichsstraße,November,16,Friday,minor,2,Stationary Traffic,Night,0,1,0,1,0,0,Dry,13.27683,52.5096,car + motorbike + 
51828,Treptow-Köpenick,9010302,Späthsfelde,June,10,Wednesday,minor,2,Stationary Traffic,Daylight,0,1,0,0,0,0,Dry,13.45839,52.45852,car + 
51829,Pankow,3040818,Pankow Süd,March,14,Wednesday,minor,5,Crossing,Daylight,1,1,0,0,0,0,Dry,13.40877,52.56346,bicycle + car + 
51830,Mitte,1011303,Alexanderplatzviertel,October,22,Monday,minor,5,Turning,Night,0,1,0,0,0,1,Dry,13.40479,52.52013,car + other
51831,Tempelhof-Schöneberg,7020202,Volkspark (Rudolf-Wilde-Park),August,8,Friday,minor,6,Turning,Daylight,0,0,1,0,0,1,Dry,13.34831,52.48176,pedestrian + other
51833,Marzahn-Hellersdorf,10010102,Havemannstraße,May,17,Friday,serious,6,Overtaking,Daylight,0,1,1,0,0,0,Dry,13.56662,52.57175,car + pedestrian + 
51834,Friedrichshain-Kreuzberg,2010101,Askanischer Platz,June,20,Tuesday,minor,5,Turning,Daylight,1,1,0,0,0,0,Dry,13.38862,52.49817,bicycle + car + 
51835,Friedrichshain-Kreuzberg,2050803,Stralauer Kiez,March,18,Wednesday,minor,3,Other,Dawn,1,0,0,0,0,0,Dry,13.44759,52.50251,bicycle + 
51836,Reinickendorf,12301203,Wittenau Süd,June,14,Monday,minor,5,Turning,Daylight,0,0,0,0,0,1,Dry,13.33561,52.59226,other
51837,Treptow-Köpenick,9020601,Schnellerstraße,August,15,Friday,minor,5,Crossing,Daylight,1,1,0,0,0,0,Dry,13.49886,52.46385,bicycle + car + 
51838,Friedrichshain-Kreuzberg,2050601,Hausburgviertel,December,7,Monday,minor,5,Crossing,Dawn,0,1,0,0,0,1,Dry,13.44749,52.52634,car + other
51839,Charlottenburg-Wilmersdorf,4020311,Reichsstraße,May,13,Friday,minor,2,Stationary Traffic,Daylight,0,1,0,1,0,0,Dry,13.2694,52.50919,car + motorbike + 
51840,Mitte,1033203,Humboldthain Nordwest,June,12,Tuesday,minor,2,Stationary Traffic,Daylight,0,1,0,1,0,0,Dry,13.36841,52.54106,car + motorbike + 
51841,Mitte,1033203,Humboldthain Nordwest,March,19,Wednesday,minor,2,Driving,Night,0,1,0,0,0,0,Wet,13.36857,52.54121,car + 
51842,Pankow,3040818,Pankow Süd,November,12,Tuesday,serious,6,Crossing,Daylight,0,1,1,0,0,0,Dry,13.42876,52.55833,car + pedestrian + 
51843,Reinickendorf,12304314,Ziekowstraße/Freie Scholle,November,9,Friday,minor,5,Crossing,Daylight,0,1,0,0,1,0,Wet,13.28654,52.59326,car + truck + 
51844,Treptow-Köpenick,9020601,Schnellerstraße,June,10,Tuesday,minor,6,Other,Daylight,0,1,1,0,0,0,Dry,13.50986,52.45634,car + pedestrian + 
51845,Tempelhof-Schöneberg,7040402,Lindenhofsiedlung,March,17,Tuesday,minor,2,Stationary Traffic,Dawn,0,1,0,0,0,0,Dry,13.36478,52.47311,car + 
51846,Mitte,1011303,Alexanderplatzviertel,October,12,Monday,minor,3,Paralle Traffic,Daylight,1,1,0,0,0,0,Dry,13.41254,52.51951,bicycle + car + 
51847,Reinickendorf,12301203,Wittenau Süd,August,15,Friday,minor,5,Crossing,Daylight,1,1,0,0,0,0,Dry,13.34142,52.58614,bicycle + car + 
51849,Pankow,3061126,Arnimplatz,May,15,Thursday,minor,5,Turning,Daylight,1,0,0,0,1,0,Dry,13.41409,52.55067,bicycle + truck + 
51850,Friedrichshain-Kreuzberg,2050803,Stralauer Kiez,June,10,Tuesday,minor,3,Turning,Daylight,0,1,0,1,0,0,Dry,13.4554,52.50036,car + motorbike + 
51851,Friedrichshain-Kreuzberg,2050602,Samariterviertel,March,10,Tuesday,minor,5,Turning,Daylight,1,1,0,0,0,0,Wet,13.46026,52.51524,bicycle + car + 
51852,Tempelhof-Schöneberg,7060603,Marienfelde Nordost,November,12,Wednesday,minor,2,Stationary Traffic,Daylight,0,1,0,0,1,0,Wet,13.37519,52.42827,car + truck + 
51853,Spandau,5020524,Weinmeisterhornweg,June,14,Wednesday,minor,2,Stationary Traffic,Daylight,0,1,0,0,0,1,Dry,13.18007,52.51645,car + other
51854,Charlottenburg-Wilmersdorf,4020208,Kranzallee,August,8,Friday,minor,2,Stationary Traffic,Daylight,0,1,0,0,0,1,Dry,13.23537,52.5071,car + other
51855,Tempelhof-Schöneberg,7040402,Lindenhofsiedlung,December,15,Monday,minor,2,Stationary Traffic,Dawn,0,1,0,0,0,0,Wet,13.36627,52.47243,car + 
51856,Treptow-Köpenick,9020601,Schnellerstraße,June,9,Tuesday,serious,5,Turning,Daylight,1,1,0,0,0,0,Dry,13.51093,52.4558,bicycle + car + 
51857,Lichtenberg,11030721,Rüdigerstraße,September,8,Monday,minor,5,Turning,Daylight,1,0,0,0,0,1,Dry,13.47707,52.5134,bicycle + other
51858,Tempelhof-Schöneberg,7020203,Kaiser-Wilhelm-Platz,October,17,Wednesday,minor,5,Turning,Night,1,1,0,0,0,0,Dry,13.35716,52.48688,bicycle + car + 
51859,Marzahn-Hellersdorf,10010207,Marzahner Promenade,August,12,Friday,minor,5,Crossing,Daylight,1,1,0,0,0,0,Dry,13.54082,52.54158,bicycle + car + 
51860,Tempelhof-Schöneberg,7020202,Volkspark (Rudolf-Wilde-Park),June,9,Tuesday,serious,5,Crossing,Daylight,1,0,0,1,0,0,Dry,13.34995,52.48104,bicycle + motorbike + 
51861,Treptow-Köpenick,9010302,Späthsfelde,March,5,Tuesday,minor,2,Stationary Traffic,Dawn,0,1,0,0,0,0,Dry,13.46146,52.45411,car + 
51862,Marzahn-Hellersdorf,10040830,Kaulsdorf Süd,October,5,Tuesday,minor,2,Stationary Traffic,Night,0,1,0,0,0,0,Dry,13.58335,52.50517,car + 
51863,Charlottenburg-Wilmersdorf,4030623,Ernst-Reuter-Platz,August,9,Friday,minor,5,Turning,Daylight,1,1,0,0,0,0,Dry,13.32853,52.51296,bicycle + car + 
51865,Pankow,3061131,Falkplatz,May,9,Thursday,minor,0,Other,Daylight,1,0,0,0,0,0,Dry,13.41216,52.54349,bicycle + 
51866,Neukölln,8020619,Buschkrugallee Nord,June,17,Tuesday,minor,2,Stationary Traffic,Daylight,0,1,0,0,0,0,Dry,13.44395,52.46281,car + 
51867,Pankow,3040818,Pankow Süd,March,8,Monday,minor,5,Crossing,Daylight,1,1,0,0,0,0,Wet,13.42793,52.56826,bicycle + car + 
51868,Marzahn-Hellersdorf,10030727,Biesdorf Süd,November,16,Friday,minor,2,Stationary Traffic,Night,0,1,0,0,0,0,Dry,13.57804,52.50517,car + 
51869,Charlottenburg-Wilmersdorf,4030417,Schloßstraße,May,9,Thursday,minor,2,Stationary Traffic,Daylight,1,1,0,0,0,0,Wet,13.2866,52.51023,bicycle + car + 
51870,Pankow,3050920,Weißer See,December,20,Tuesday,minor,0,Driving,Night,0,0,0,1,0,0,Frozen,13.46635,52.55229,motorbike + 
51871,Pankow,3061429,Greifswalder Straße,June,16,Tuesday,minor,5,Turning,Daylight,1,1,0,0,0,0,Dry,13.4422,52.54385,bicycle + car + 
51872,Reinickendorf,12103218,Teichstraße,March,16,Monday,serious,9,Driving,Daylight,0,1,0,0,0,1,Wet,13.3572,52.57342,car + other
51873,Tempelhof-Schöneberg,7050502,Fritz-Werner-Straße,October,8,Friday,serious,5,Turning,Daylight,0,1,0,1,0,0,Dry,13.39266,52.42986,car + motorbike + 
51874,Friedrichshain-Kreuzberg,2050803,Stralauer Kiez,August,9,Friday,minor,5,Crossing,Daylight,1,0,0,0,0,0,Dry,13.46046,52.49875,bicycle + 
51876,Tempelhof-Schöneberg,7050502,Fritz-Werner-Straße,June,14,Tuesday,minor,5,Turning,Daylight,1,1,0,0,0,0,Dry,13.39439,52.42616,bicycle + car + 
51877,Mitte,1011104,Körnerstraße,March,18,Sunday,minor,2,Stationary Traffic,Night,0,1,0,0,0,0,Wet,13.36452,52.50173,car + 
51878,Charlottenburg-Wilmersdorf,4020311,Reichsstraße,October,9,Tuesday,minor,5,Turning,Daylight,0,1,0,0,0,0,Wet,13.27612,52.50955,car + 
51879,Mitte,1011105,Nördlicher Landwehrkanal,June,19,Wednesday,minor,2,Stationary Traffic,Daylight,0,1,0,0,0,0,Dry,13.36842,52.50644,car + 
51880,Charlottenburg-Wilmersdorf,4020208,Kranzallee,August,8,Friday,minor,2,Stationary Traffic,Daylight,0,1,0,0,0,0,Dry,13.25692,52.50844,car + 
51881,Lichtenberg,11030721,Rüdigerstraße,December,15,Monday,minor,5,Crossing,Dawn,1,1,1,0,0,0,Dry,13.47671,52.51344,bicycle + car + pedestrian + 
51882,Tempelhof-Schöneberg,7030303,Grazer Platz,May,6,Thursday,minor,0,Stationary Traffic,Dawn,0,1,0,0,0,0,Dry,13.34891,52.47522,car + 
51883,Marzahn-Hellersdorf,10010206,Ringkolonnaden,March,9,Sunday,minor,2,Stationary Traffic,Daylight,0,1,0,0,0,0,Dry,13.54903,52.55147,car + 
51884,Mitte,1044201,Reinickendorfer Straße,November,9,Saturday,minor,0,Other,Daylight,1,0,1,0,0,0,Wet,13.36933,52.54571,bicycle + pedestrian + 
51885,Tempelhof-Schöneberg,7040401,Neu-Tempelhof,November,13,Wednesday,minor,2,Turning,Daylight,0,1,0,0,0,0,Wet,13.38582,52.48329,car + 
51886,Treptow-Köpenick,9020601,Schnellerstraße,June,8,Tuesday,minor,5,Turning,Daylight,1,0,0,0,0,1,Dry,13.50665,52.4588,bicycle + other
51887,Friedrichshain-Kreuzberg,2040703,Wriezener Bahnhof/Entwicklungsgebiet,March,9,Sunday,minor,0,Driving,Daylight,0,0,0,1,0,0,Dry,13.44877,52.5053,motorbike + 
51888,Treptow-Köpenick,9010202,Köpenicker Landstraße,October,7,Friday,minor,2,Stationary Traffic,Dawn,0,1,0,0,0,0,Wet,13.47946,52.48451,car + 
51889,Reinickendorf,12103219,Schäfersee,August,7,Friday,minor,6,Overtaking,Daylight,1,1,1,0,0,0,Dry,13.36424,52.56348,bicycle + car + pedestrian + 
51891,Pankow,3061126,Arnimplatz,May,9,Wednesday,minor,0,Crossing,Daylight,1,1,0,0,0,0,Dry,13.41479,52.55503,bicycle + car + 
51892,Tempelhof-Schöneberg,7050506,Birnhornweg,September,8,Monday,minor,5,Turning,Daylight,1,0,0,0,0,1,Dry,13.39605,52.42388,bicycle + other
51893,Pankow,3040614,Pankow Zentrum,June,14,Monday,minor,6,Overtaking,Daylight,0,0,1,1,0,0,Dry,13.40454,52.56803,pedestrian + motorbike + 
51894,Treptow-Köpenick,9010101,Elsenstraße,March,16,Saturday,minor,0,Turning,Daylight,1,1,0,0,0,0,Wet,13.45906,52.49286,bicycle + car + 
51895,Spandau,5020524,Weinmeisterhornweg,June,2,Saturday,minor,9,Driving,Night,0,1,0,0,0,0,Dry,13.18023,52.51641,car + 
51896,Pankow,3061429,Greifswalder Straße,December,9,Saturday,minor,6,Overtaking,Daylight,0,1,1,0,0,0,Dry,13.44501,52.54553,car + pedestrian + 
51897,Treptow-Köpenick,9020601,Schnellerstraße,May,16,Wednesday,minor,2,Stationary Traffic,Daylight,0,1,0,1,0,1,Dry,13.5118,52.45505,car + motorbike + other
51898,Tempelhof-Schöneberg,7050501,Rathausstraße,November,16,Sunday,minor,2,Stationary Traffic,Daylight,0,1,0,0,0,1,Wet,13.38619,52.44387,car + other
191144,Reinickendorf,12231101,Hermsdorf,January,11,Wednesday,minor,6,Other,Daylight,1,0,1,0,0,0,Wet,13.30913,52.61484,bicycle + pedestrian + 
191145,Lichtenberg,11010310,Mühlengrund,January,17,Wednesday,minor,5,Crossing,Night,0,1,0,0,0,0,Wet,13.50688,52.56401,car + 
191146,Steglitz-Zehlendorf,6020306,Lankwitz Süd,January,17,Wednesday,minor,5,Turning,Night,1,1,0,0,0,0,Wet,13.34916,52.42206,bicycle + car + 
191147,Tempelhof-Schöneberg,7040405,Rathaus Tempelhof,January,17,Wednesday,minor,1,Paralle Traffic,Night,1,0,0,0,0,1,Wet,13.39451,52.46339,bicycle + other
191148,Steglitz-Zehlendorf,6010101,Fichtenberg,January,16,Wednesday,minor,5,Crossing,Night,1,0,0,0,0,1,Wet,13.31866,52.45492,bicycle + other
191149,Marzahn-Hellersdorf,10010203,Gewerbegebiet Bitterfelder Straße,January,16,Wednesday,minor,5,Crossing,Night,0,1,0,0,0,0,Wet,13.55058,52.55993,car + 
191150,Marzahn-Hellersdorf,10010309,Springpfuhl,January,7,Wednesday,minor,6,Other,Dawn,0,1,1,0,0,0,Wet,13.55022,52.53349,car + pedestrian + 
191151,Mitte,1044201,Reinickendorfer Straße,January,7,Wednesday,minor,5,Turning,Night,1,0,0,0,0,1,Wet,13.377,52.55668,bicycle + other
191152,Charlottenburg-Wilmersdorf,4051551,Brabanter Platz,January,7,Wednesday,minor,5,Turning,Night,1,1,0,0,0,0,Wet,13.32014,52.47882,bicycle + car + 
191153,Mitte,1011202,Unter den Linden Nord,January,6,Wednesday,minor,2,Stationary Traffic,Night,0,1,0,0,0,0,Wet,13.401,52.51835,car + 
191154,Tempelhof-Schöneberg,7040401,Neu-Tempelhof,January,6,Wednesday,minor,6,Overtaking,Night,0,1,1,0,0,0,Wet,13.38451,52.48344,car + pedestrian + 
191155,Mitte,1044103,Westliche Müllerstraße,January,15,Wednesday,minor,5,Crossing,Dawn,0,1,0,1,0,0,Wet,13.3539,52.54929,car + motorbike + 
191156,Tempelhof-Schöneberg,7010102,Nollendorfplatz,January,5,Wednesday,minor,5,Other,Dawn,0,1,0,0,0,1,Wet,13.35396,52.49472,car + other
191157,Pankow,3020209,Niederschönhausen,January,7,Wednesday,minor,5,Turning,Night,1,1,0,0,0,0,Wet,13.40176,52.58733,bicycle + car + 
191158,Spandau,5020523,Maulbeerallee,January,8,Wednesday,minor,6,Other,Night,0,1,1,0,0,0,Wet,13.17425,52.52267,car + pedestrian + 
191159,Steglitz-Zehlendorf,6010209,Feuerbachstraße,January,8,Wednesday,minor,1,Paralle Traffic,Daylight,0,1,0,0,0,1,Wet,13.3393,52.46524,car + other
191160,Mitte,1033203,Humboldthain Nordwest,January,10,Wednesday,minor,6,Other,Daylight,0,1,1,0,0,0,Wet,13.37754,52.54226,car + pedestrian + 
191161,Marzahn-Hellersdorf,10020622,Kaulsdorf Nord I,January,6,Wednesday,minor,2,Turning,Night,0,1,0,0,0,0,Wet,13.58742,52.52334,car + 
191162,Neukölln,8041035,Blumenviertel,January,10,Wednesday,minor,2,Stationary Traffic,Daylight,0,1,0,0,0,0,Wet,13.48369,52.42558,car + 
191163,Steglitz-Zehlendorf,6020303,Lankwitz Kirche,January,10,Wednesday,serious,6,Turning,Daylight,0,1,1,0,0,0,Wet,13.34589,52.4362,car + pedestrian + 
191164,Pankow,3040614,Pankow Zentrum,January,10,Wednesday,serious,2,Stationary Traffic,Daylight,0,1,0,0,0,0,Wet,13.41357,52.58286,car + 
191165,Pankow,3030716,Märchenland,January,9,Wednesday,minor,0,Other,Daylight,0,1,0,0,0,0,Wet,13.46992,52.56742,car + 
191166,Spandau,5030832,Rohrdamm,January,5,Wednesday,minor,3,Stationary Traffic,Night,0,1,0,0,1,0,Wet,13.27053,52.53671,car + truck + 
191167,Charlottenburg-Wilmersdorf,4030518,Tegeler Weg,January,16,Wednesday,minor,5,Turning,Daylight,0,1,0,0,0,0,Wet,13.2964,52.52927,car + 
191168,Friedrichshain-Kreuzberg,2010103,Moritzplatz,January,18,Wednesday,minor,5,Crossing,Night,0,1,0,0,0,0,Wet,13.41391,52.50037,car + 
191169,Mitte,1044103,Westliche Müllerstraße,January,16,Tuesday,serious,6,Overtaking,Dawn,0,1,1,0,0,0,Dry,13.34826,52.54238,car + pedestrian + 
191170,Reinickendorf,12103220,Humboldtstraße,January,18,Tuesday,minor,2,Stationary Traffic,Night,0,1,0,0,0,0,Wet,13.33037,52.56938,car + 
191171,Neukölln,8020619,Buschkrugallee Nord,January,18,Wednesday,minor,2,Stationary Traffic,Night,0,1,0,0,0,0,Wet,13.43684,52.45685,car + 
191172,Friedrichshain-Kreuzberg,2040702,Weberwiese,January,10,Tuesday,minor,1,Paralle Traffic,Daylight,1,1,0,0,0,0,Wet,13.44917,52.51302,bicycle + car + 
191173,Mitte,1011202,Unter den Linden Nord,January,10,Tuesday,minor,6,Overtaking,Daylight,1,0,1,0,0,0,Wet,13.39073,52.51727,bicycle + pedestrian + 
191174,Friedrichshain-Kreuzberg,2040703,Wriezener Bahnhof/Entwicklungsgebiet,January,7,Tuesday,minor,5,Crossing,Night,0,1,0,0,0,0,Wet,13.44684,52.50272,car + 
191175,Friedrichshain-Kreuzberg,2010102,Mehringplatz,January,22,Tuesday,minor,6,Turning,Night,0,1,1,0,0,0,Wet,13.39832,52.50715,car + pedestrian + 
191176,Marzahn-Hellersdorf,10010207,Marzahner Promenade,January,19,Tuesday,minor,6,Turning,Night,0,1,1,0,0,0,Wet,13.54885,52.54338,car + pedestrian + 
191177,Tempelhof-Schöneberg,7010102,Nollendorfplatz,January,20,Tuesday,minor,6,Other,Night,0,1,1,0,0,0,Wet,13.35008,52.49557,car + pedestrian + 
191178,Reinickendorf,12231101,Hermsdorf,January,20,Tuesday,serious,5,Crossing,Night,0,1,0,0,0,0,Wet,13.3059,52.62059,car + 
191179,Tempelhof-Schöneberg,7010101,Wittenbergplatz/Viktoria-Luise-Platz,January,20,Tuesday,minor,6,Overtaking,Dawn,0,1,1,0,0,0,Wet,13.34252,52.50216,car + pedestrian + 
191180,Lichtenberg,11030618,Fennpfuhl West,January,19,Tuesday,minor,1,Paralle Traffic,Night,1,1,0,0,0,0,Wet,13.47141,52.52632,bicycle + car + 