id,district,lor,street,month,hour,weekday,injury,collision,movement,light_conditions,bicycle,car,pedestrian,motorbike,truck,other_vehicle,road_conditions,longitude,latitude,Combo_type
191181,Spandau,5010101,Hakenfelde Nord,January,18,Tuesday,minor,2,Other,Night,0,1,0,0,0,0,Wet,13.19166,52.56778,car + 
191182,Tempelhof-Schöneberg,7060603,Marienfelde Nordost,January,18,Tuesday,minor,2,Stationary Traffic,Night,0,1,0,0,0,0,Wet,13.37509,52.42591,car + 
191183,Spandau,5010314,Carl-Schurz-Straße,January,18,Tuesday,serious,6,Turning,Night,0,1,1,0,0,0,Wet,13.19976,52.53475,car + pedestrian + 
191184,Charlottenburg-Wilmersdorf,4051551,Brabanter Platz,January,18,Tuesday,minor,6,Turning,Night,0,1,1,0,0,0,Wet,13.31398,52.48092,car + pedestrian + 
191185,Treptow-Köpenick,9051901,Dammvorstadt,January,18,Tuesday,minor,2,Stationary Traffic,Night,0,1,0,0,0,0,Wet,13.57414,52.45265,car + 
191186,Steglitz-Zehlendorf,6030610,Lichterfelde West,January,18,Tuesday,minor,2,Stationary Traffic,Night,0,1,0,0,0,0,Wet,13.30074,52.43931,car + 
191187,Steglitz-Zehlendorf,6010102,Schloßstraße,January,18,Tuesday,serious,6,Turning,Night,0,1,1,0,0,0,Wet,13.32652,52.45962,car + pedestrian + 
191188,Mitte,1011102,Großer Tiergarten,January,18,Tuesday,minor,5,Crossing,Night,0,1,0,0,0,0,Wet,13.35069,52.51516,car + 
191189,Charlottenburg-Wilmersdorf,4051445,Eisenzahnstraße,January,18,Tuesday,minor,2,Stationary Traffic,Night,0,1,0,0,0,0,Wet,13.30165,52.48826,car + 
191190,Neukölln,8010510,Gewerbegebiet Köllnische Heide,January,17,Tuesday,minor,5,Crossing,Night,1,1,0,0,0,0,Wet,13.45399,52.4692,bicycle + car + 
191191,Steglitz-Zehlendorf,6010208,Bergstraße,January,15,Tuesday,serious,6,Overtaking,Dawn,0,1,1,0,0,0,Wet,13.32749,52.45801,car + pedestrian + 
191192,Mitte,1044201,Reinickendorfer Straße,January,9,Tuesday,minor,5,Turning,Daylight,0,1,0,0,0,1,Wet,13.36158,52.54794,car + other
191193,Friedrichshain-Kreuzberg,2050602,Samariterviertel,January,17,Tuesday,minor,5,Crossing,Night,1,1,0,0,0,0,Wet,13.46177,52.51878,bicycle + car + 
191194,Mitte,1033202,Humboldthain Süd,January,17,Tuesday,serious,0,Other,Dawn,0,0,0,1,0,1,Wet,13.38011,52.54385,motorbike + other
191195,Steglitz-Zehlendorf,6030504,Teltower Damm,January,17,Tuesday,serious,6,Overtaking,Night,0,1,1,0,0,0,Wet,13.25003,52.42114,car + pedestrian + 
191196,Charlottenburg-Wilmersdorf,4030929,Hindemithplatz,January,16,Tuesday,minor,3,Stationary Traffic,Night,0,1,0,1,0,1,Wet,13.30718,52.50502,car + motorbike + other
191197,Pankow,3061429,Greifswalder Straße,January,16,Tuesday,serious,6,Overtaking,Night,0,1,1,0,0,0,Wet,13.4463,52.54498,car + pedestrian + 
191198,Reinickendorf,12103116,Hausotterplatz,January,16,Tuesday,minor,6,Turning,Night,0,1,1,0,0,0,Wet,13.3798,52.57155,car + pedestrian + 
191199,Mitte,1011202,Unter den Linden Nord,January,15,Tuesday,minor,5,Crossing,Daylight,1,1,0,0,0,0,Wet,13.40097,52.51837,bicycle + car + 
191200,Mitte,1022104,Emdener Straße,January,14,Tuesday,serious,5,Turning,Daylight,1,1,0,0,0,0,Wet,13.34302,52.52617,bicycle + car + 
191201,Reinickendorf,12302212,Rollbergesiedlung,January,13,Tuesday,serious,6,Overtaking,Daylight,0,0,1,1,0,0,Wet,13.32968,52.60956,pedestrian + motorbike + 
191202,Lichtenberg,11020411,Malchower Weg,January,13,Tuesday,minor,5,Crossing,Daylight,0,1,0,0,0,1,Wet,13.51771,52.55646,car + other
191203,Mitte,1022104,Emdener Straße,January,11,Tuesday,minor,3,Stationary Traffic,Daylight,0,1,0,1,0,0,Wet,13.34317,52.53064,car + motorbike + 
191204,Charlottenburg-Wilmersdorf,4020311,Reichsstraße,January,11,Tuesday,minor,5,Crossing,Daylight,0,1,0,0,0,0,Wet,13.26695,52.51417,car + 
191205,Charlottenburg-Wilmersdorf,4041240,Messelpark,January,11,Tuesday,minor,5,Crossing,Daylight,0,1,0,0,0,0,Wet,13.28765,52.4757,car + 
191206,Tempelhof-Schöneberg,7020204,Schöneberger Insel,January,12,Tuesday,minor,0,Stationary Traffic,Daylight,0,1,0,0,0,1,Wet,13.36116,52.48602,car + other
191207,Treptow-Köpenick,9041402,Siedlung Kämmereiheide,January,6,Tuesday,minor,6,Turning,Night,0,1,1,0,0,0,Wet,13.59333,52.44137,car + pedestrian + 
191208,Charlottenburg-Wilmersdorf,4041134,Bismarckallee,January,17,Tuesday,fatal,6,Turning,Night,0,1,1,0,0,0,Wet,13.28447,52.48676,car + pedestrian + 
191209,Treptow-Köpenick,9020502,Oberschöneweide Ost,January,17,Monday,minor,2,Other,Dawn,0,1,0,0,0,0,Dry,13.51693,52.46179,car + 
191210,Tempelhof-Schöneberg,7010102,Nollendorfplatz,January,16,Monday,minor,6,Overtaking,Dawn,0,1,1,0,0,0,Wet,13.35421,52.49849,car + pedestrian + 
191211,Marzahn-Hellersdorf,10020622,Kaulsdorf Nord I,January,18,Monday,serious,6,Overtaking,Night,0,1,1,0,0,0,Wet,13.58802,52.5205,car + pedestrian + 
191212,Steglitz-Zehlendorf,6040804,Krumme Lanke,January,19,Monday,minor,1,Paralle Traffic,Night,0,1,0,0,0,0,Wet,13.25022,52.4549,car + 
191213,Steglitz-Zehlendorf,6040810,Dahlem,January,19,Monday,minor,2,Stationary Traffic,Night,0,1,0,0,0,0,Wet,13.27491,52.46024,car + 
191214,Mitte,1044103,Westliche Müllerstraße,January,18,Monday,minor,3,Stationary Traffic,Night,0,1,0,0,0,0,Wet,13.35526,52.54853,car + 
191215,Spandau,5010206,Gütersloher Weg,January,21,Monday,serious,9,Driving,Night,0,1,0,0,0,0,Wet,13.16636,52.55092,car + 
191216,Neukölln,8010301,Reuterkiez,January,22,Monday,minor,2,Stationary Traffic,Night,0,1,0,0,0,0,Wet,13.4306,52.48606,car + 
191217,Mitte,1044202,Sparrplatz,January,21,Monday,minor,5,Turning,Night,1,0,0,0,0,0,Wet,13.34507,52.53902,bicycle + 
191218,Reinickendorf,12302110,Dannenwalder Weg,January,20,Monday,serious,6,Turning,Night,0,1,1,0,0,0,Wet,13.3604,52.59691,car + pedestrian + 
191219,Neukölln,8010301,Reuterkiez,January,15,Monday,minor,2,Turning,Daylight,0,1,0,0,0,0,Wet,13.44014,52.48169,car + 
191220,Pankow,3051022,Hansastraße,January,8,Monday,minor,1,Paralle Traffic,Dawn,1,0,0,0,0,1,Wet,13.48034,52.55312,bicycle + other
191221,Spandau,5040936,Jägerallee,January,7,Monday,minor,2,Stationary Traffic,Dawn,0,1,0,0,0,0,Wet,13.13455,52.4611,car + 
191222,Pankow,3061430,Volkspark Prenzlauer Berg,January,11,Monday,minor,6,Overtaking,Daylight,1,0,1,0,0,0,Wet,13.45645,52.53017,bicycle + pedestrian + 
191223,Reinickendorf,12301205,Waidmannslust,January,8,Monday,minor,6,Turning,Daylight,0,1,1,0,0,0,Wet,13.31982,52.60693,car + pedestrian + 
191224,Steglitz-Zehlendorf,6030609,Augustaplatz,January,17,Monday,minor,2,Turning,Night,0,1,0,0,0,0,Wet,13.31525,52.44954,car + 
191225,Friedrichshain-Kreuzberg,2050803,Stralauer Kiez,January,17,Monday,minor,6,Turning,Night,0,1,1,0,0,0,Wet,13.45454,52.50293,car + pedestrian + 
191226,Mitte,1011201,Wilhelmstraße,January,17,Monday,minor,5,Turning,Night,1,1,0,0,0,0,Wet,13.3765,52.5101,bicycle + car + 
191227,Pankow,3040513,Schönholz,January,17,Monday,minor,5,Crossing,Night,1,1,0,0,0,0,Wet,13.38977,52.57429,bicycle + car + 
191228,Steglitz-Zehlendorf,6030609,Augustaplatz,January,17,Monday,minor,1,Paralle Traffic,Night,0,1,0,0,0,0,Wet,13.30177,52.44559,car + 
191229,Charlottenburg-Wilmersdorf,4030929,Hindemithplatz,January,17,Monday,minor,5,Turning,Night,0,1,0,0,0,0,Wet,13.31305,52.50061,car + 
191230,Lichtenberg,11051331,Karlshorst Nord,January,16,Monday,minor,3,Stationary Traffic,Night,1,1,0,0,0,0,Wet,13.53214,52.48413,bicycle + car + 
191231,Spandau,5020523,Maulbeerallee,January,16,Monday,minor,5,Crossing,Dawn,0,1,0,0,0,0,Wet,13.16119,52.5254,car + 
191232,Mitte,1044201,Reinickendorfer Straße,January,16,Monday,minor,5,Turning,Dawn,1,1,0,0,0,0,Wet,13.37507,52.55382,bicycle + car + 
191233,Pankow,3040508,Rosenthal,January,10,Monday,minor,5,Other,Daylight,0,1,0,0,0,0,Wet,13.37198,52.59934,car + 
191234,Lichtenberg,11051331,Karlshorst Nord,January,15,Monday,minor,5,Crossing,Daylight,1,1,0,0,0,0,Wet,13.52894,52.48635,bicycle + car + 
191235,Steglitz-Zehlendorf,6030502,Zehlendorf Süd,January,14,Monday,minor,2,Turning,Daylight,0,1,0,0,0,0,Wet,13.26826,52.40649,car + 
191236,Lichtenberg,11010205,Falkenberg West,January,10,Monday,minor,5,Crossing,Daylight,0,1,0,0,0,0,Wet,13.52573,52.56402,car + 
191237,Friedrichshain-Kreuzberg,2020205,Chamissokiez,January,14,Monday,minor,4,Driving,Daylight,0,1,0,0,0,0,Wet,13.40436,52.48509,car + 
191238,Friedrichshain-Kreuzberg,2050602,Samariterviertel,January,9,Monday,serious,0,Driving,Daylight,0,0,0,1,0,0,Wet,13.45941,52.52041,motorbike + 
191239,Mitte,1044103,Westliche Müllerstraße,January,12,Monday,minor,2,Stationary Traffic,Daylight,0,1,0,0,0,0,Wet,13.35444,52.54915,car + 
191240,Charlottenburg-Wilmersdorf,4051550,Leon-Jessel-Platz,January,11,Monday,minor,5,Turning,Daylight,0,1,0,1,0,0,Wet,13.31591,52.48908,car + motorbike + 
191241,Charlottenburg-Wilmersdorf,4030620,Alt-Lietzow,January,16,Monday,minor,5,Turning,Night,0,1,0,0,0,0,Wet,13.30139,52.51917,car + 
191242,Friedrichshain-Kreuzberg,2030302,Lausitzer Platz,January,9,Monday,minor,5,Crossing,Dawn,1,1,0,0,0,0,Wet,13.43024,52.49953,bicycle + car + 
191243,Steglitz-Zehlendorf,6030503,Zehlendorf Mitte,January,15,Monday,minor,4,Stationary Traffic,Daylight,0,1,0,0,0,0,Wet,13.26982,52.43074,car + 
191244,Reinickendorf,12301203,Wittenau Süd,January,11,Monday,minor,6,Turning,Daylight,0,1,1,0,0,0,Wet,13.31566,52.57787,car + pedestrian + 
191245,Reinickendorf,12214424,Scharnweberstraße,January,15,Monday,minor,2,Stationary Traffic,Dawn,0,1,0,0,0,0,Wet,13.32343,52.56066,car + 
191246,Charlottenburg-Wilmersdorf,4030931,Breitscheidplatz,January,9,Monday,minor,5,Turning,Daylight,0,1,0,1,0,0,Wet,13.33396,52.50741,car + motorbike + 
191247,Mitte,1011302,Oranienburger Straße,January,8,Monday,minor,6,Overtaking,Daylight,0,1,1,0,0,0,Wet,13.39497,52.52882,car + pedestrian + 
191248,Steglitz-Zehlendorf,6020411,Schütte-Lanz-Straße,January,8,Monday,serious,5,Turning,Daylight,0,1,0,0,0,0,Wet,13.31779,52.4144,car + 
191249,Charlottenburg-Wilmersdorf,4030621,Spreestadt,January,8,Monday,minor,5,Turning,Dawn,1,1,0,0,0,0,Wet,13.32025,52.5201,bicycle + car + 
191250,Mitte,1033203,Humboldthain Nordwest,January,8,Monday,serious,6,Overtaking,Daylight,0,1,1,0,0,0,Wet,13.37176,52.54012,car + pedestrian + 
191251,Charlottenburg-Wilmersdorf,4030620,Alt-Lietzow,January,7,Monday,minor,6,Turning,Dawn,0,1,1,0,0,0,Wet,13.31762,52.51777,car + pedestrian + 
191252,Neukölln,8020621,Mohriner Allee Nord,January,7,Monday,serious,6,Overtaking,Night,0,1,1,0,0,0,Wet,13.42192,52.44117,car + pedestrian + 
191253,Spandau,5010339,Freiheit,January,6,Monday,minor,6,Turning,Night,0,1,1,0,0,0,Wet,13.21381,52.53182,car + pedestrian + 
191254,Reinickendorf,12304314,Ziekowstraße/Freie Scholle,January,6,Monday,minor,5,Crossing,Night,0,1,0,1,0,0,Wet,13.29749,52.59106,car + motorbike + 
191255,Marzahn-Hellersdorf,10010308,Marzahner Chaussee,January,18,Monday,minor,1,Paralle Traffic,Night,1,0,0,0,0,1,Wet,13.52309,52.53594,bicycle + other
191256,Friedrichshain-Kreuzberg,2010104,Wassertorplatz,January,11,Monday,minor,5,Crossing,Daylight,0,1,0,0,0,1,Wet,13.39969,52.49841,car + other
191257,Treptow-Köpenick,9051702,Bölschestraße,January,13,Sunday,minor,1,Paralle Traffic,Daylight,1,1,0,0,0,0,Dry,13.6301,52.44667,bicycle + car + 
191258,Mitte,1033202,Humboldthain Süd,January,18,Sunday,minor,2,Stationary Traffic,Night,0,1,0,0,0,0,Dry,13.38731,52.53361,car + 
191259,Spandau,5030731,Gartenfelder Straße,January,17,Sunday,serious,5,Crossing,Night,1,1,0,0,0,0,Dry,13.24778,52.54721,bicycle + car + 
191260,Friedrichshain-Kreuzberg,2040502,Friedenstraße,January,16,Sunday,minor,2,Stationary Traffic,Night,0,1,0,0,0,0,Dry,13.43432,52.52069,car + 
191261,Mitte,1011304,Karl-Marx-Allee,January,16,Sunday,minor,5,Turning,Night,1,1,0,0,0,0,Dry,13.41635,52.51997,bicycle + car + 
191262,Steglitz-Zehlendorf,6030504,Teltower Damm,January,14,Sunday,serious,5,Crossing,Daylight,1,1,0,0,0,0,Dry,13.26535,52.41675,bicycle + car + 
191263,Reinickendorf,12302107,Schorfheidestraße,January,3,Sunday,serious,6,Overtaking,Night,0,1,1,0,0,0,Dry,13.33908,52.59583,car + pedestrian + 
191264,Tempelhof-Schöneberg,7020203,Kaiser-Wilhelm-Platz,January,14,Saturday,minor,3,Other,Daylight,1,1,0,0,0,0,Wet,13.35554,52.48653,bicycle + car + 
191265,Mitte,1044203,Leopoldplatz,January,11,Saturday,minor,2,Stationary Traffic,Daylight,0,1,0,0,0,0,Wet,13.36343,52.55659,car + 
191266,Mitte,1044101,Rehberge,January,9,Saturday,serious,4,Driving,Daylight,0,1,0,0,0,1,Wet,13.34022,52.53975,car + other
191267,Mitte,1011305,Heine-Viertel West,January,6,Saturday,minor,5,Crossing,Night,1,1,0,0,0,0,Wet,13.41706,52.51244,bicycle + car + 
191268,Neukölln,8010117,Schillerpromenade,January,0,Saturday,minor,2,Turning,Night,0,1,0,0,1,0,Wet,13.4259,52.4782,car + truck + 
191269,Neukölln,8010117,Schillerpromenade,January,21,Saturday,minor,6,Turning,Night,0,1,1,0,0,0,Wet,13.42603,52.47819,car + pedestrian + 
191270,Pankow,3071537,Kollwitzplatz,January,18,Saturday,minor,6,Other,Night,0,1,1,0,0,0,Wet,13.41756,52.53672,car + pedestrian + 
191271,Marzahn-Hellersdorf,10010308,Marzahner Chaussee,January,17,Saturday,minor,2,Stationary Traffic,Night,0,1,0,0,0,0,Wet,13.51905,52.51698,car + 
191272,Spandau,5010207,Darbystraße,January,17,Saturday,minor,2,Stationary Traffic,Night,0,1,0,0,0,0,Wet,13.18484,52.54757,car + 
191273,Steglitz-Zehlendorf,6030609,Augustaplatz,January,17,Saturday,minor,6,Overtaking,Night,0,1,1,0,0,0,Frozen,13.31581,52.44305,car + pedestrian + 
191274,Marzahn-Hellersdorf,10010206,Ringkolonnaden,January,19,Friday,serious,0,Driving,Night,0,0,0,1,0,0,Wet,13.57286,52.55039,motorbike + 
191275,Reinickendorf,12103219,Schäfersee,January,12,Friday,minor,5,Turning,Daylight,1,1,0,0,0,0,Dry,13.3621,52.56774,bicycle + car + 
191276,Tempelhof-Schöneberg,7040405,Rathaus Tempelhof,January,22,Friday,minor,5,Crossing,Night,0,1,0,0,0,0,Wet,13.40315,52.46343,car + 
191277,Spandau,5020521,Döberitzer Weg,January,21,Friday,minor,8,Driving,Night,0,1,0,0,0,0,Wet,13.12552,52.52797,car + 
191278,Mitte,1011301,Charitéviertel,January,21,Friday,minor,3,Stationary Traffic,Night,0,0,0,1,0,1,Wet,13.37632,52.52859,motorbike + other
191279,Reinickendorf,12214424,Scharnweberstraße,January,20,Friday,serious,6,Overtaking,Night,0,1,1,0,0,0,Wet,13.31722,52.56665,car + pedestrian + 
191280,Friedrichshain-Kreuzberg,2050802,Boxhagener Platz,January,18,Friday,minor,6,Overtaking,Night,1,0,1,0,0,0,Wet,13.46154,52.50862,bicycle + pedestrian + 
191281,Lichtenberg,11010204,Falkenberg Ost,January,13,Friday,minor,5,Turning,Daylight,1,1,0,0,0,0,Wet,13.52641,52.56924,bicycle + car + 
191282,Marzahn-Hellersdorf,10040828,Kaulsdorf Nord,January,15,Friday,minor,5,Crossing,Daylight,1,1,0,0,0,0,Wet,13.59873,52.52114,bicycle + car + 
191283,Charlottenburg-Wilmersdorf,4010102,Plötzensee,January,14,Friday,minor,1,Paralle Traffic,Daylight,0,1,0,0,0,0,Wet,13.30554,52.54783,car + 
191284,Charlottenburg-Wilmersdorf,4041238,Kissinger Straße,January,15,Friday,minor,5,Crossing,Dawn,1,1,0,0,0,0,Wet,13.29402,52.4841,bicycle + car + 
191285,Reinickendorf,12103219,Schäfersee,January,14,Friday,minor,6,Turning,Daylight,0,1,1,0,0,0,Wet,13.36424,52.56262,car + pedestrian + 
191286,Friedrichshain-Kreuzberg,2030402,Wrangelkiez,January,16,Friday,minor,6,Overtaking,Night,1,0,1,0,0,0,Wet,13.44024,52.49918,bicycle + pedestrian + 
191287,Friedrichshain-Kreuzberg,2010103,Moritzplatz,January,13,Friday,minor,0,Other,Daylight,0,1,0,1,0,0,Wet,13.40854,52.50086,car + motorbike + 
191288,Charlottenburg-Wilmersdorf,4030726,Droysenstraße,January,10,Friday,minor,5,Paralle Traffic,Daylight,0,1,0,0,0,0,Wet,13.29697,52.50237,car + 
191289,Charlottenburg-Wilmersdorf,4030415,Schloßgarten,January,13,Friday,minor,5,Paralle Traffic,Daylight,0,1,0,0,1,0,Wet,13.28972,52.51899,car + truck + 
191290,Steglitz-Zehlendorf,6010205,Südende,January,14,Friday,minor,2,Crossing,Daylight,0,1,0,0,0,0,Wet,13.34665,52.44994,car + 
191291,Reinickendorf,12103219,Schäfersee,January,13,Friday,minor,1,Paralle Traffic,Daylight,0,1,0,0,0,0,Wet,13.3533,52.56286,car + 
191292,Lichtenberg,11010309,Zingster Straße West,January,8,Friday,minor,5,Crossing,Dawn,0,1,0,0,0,1,Wet,13.49873,52.56841,car + other
191293,Lichtenberg,11040926,Weitlingstraße,January,5,Friday,minor,5,Crossing,Night,1,1,0,0,0,0,Wet,13.51161,52.50553,bicycle + car + 
191294,Spandau,5010206,Gütersloher Weg,January,5,Friday,minor,6,Turning,Night,0,1,1,0,0,0,Dry,13.15355,52.55349,car + pedestrian + 
191295,Neukölln,8010404,Rixdorf,January,12,Friday,minor,5,Crossing,Daylight,0,1,0,0,0,1,Wet,13.44765,52.47611,car + other
191296,Friedrichshain-Kreuzberg,2020206,Graefekiez,January,11,Thursday,minor,0,Stationary Traffic,Daylight,0,1,0,0,0,1,Dry,13.4229,52.48884,car + other
191297,Mitte,1033102,Gesundbrunnen,January,15,Thursday,minor,2,Stationary Traffic,Daylight,0,1,0,0,0,0,Dry,13.38528,52.55017,car + 
191298,Spandau,5010314,Carl-Schurz-Straße,January,15,Thursday,serious,5,Turning,Daylight,0,1,0,1,0,0,Dry,13.20522,52.53582,car + motorbike + 
191299,Neukölln,8010214,Glasower Straße,January,22,Thursday,minor,5,Turning,Night,0,1,0,0,0,0,Dry,13.4469,52.46824,car + 
191300,Charlottenburg-Wilmersdorf,4041240,Messelpark,January,14,Thursday,serious,5,Crossing,Daylight,1,1,0,0,0,0,Dry,13.28171,52.47635,bicycle + car + 
191301,Treptow-Köpenick,9051901,Dammvorstadt,January,14,Thursday,minor,5,Crossing,Daylight,1,1,0,0,0,0,Dry,13.57824,52.45712,bicycle + car + 
191302,Charlottenburg-Wilmersdorf,4030931,Breitscheidplatz,January,14,Thursday,minor,5,Turning,Daylight,0,1,0,0,0,0,Wet,13.32487,52.49998,car + 
191303,Pankow,3061430,Volkspark Prenzlauer Berg,January,12,Thursday,serious,6,Overtaking,Daylight,0,1,1,0,0,0,Dry,13.45351,52.53317,car + pedestrian + 
191304,Treptow-Köpenick,9051702,Bölschestraße,January,19,Thursday,minor,6,Overtaking,Night,0,1,1,0,0,0,Dry,13.62555,52.4577,car + pedestrian + 
191305,Mitte,1011103,Lützowstraße,January,13,Thursday,minor,5,Turning,Daylight,0,1,0,1,0,0,Wet,13.35121,52.5043,car + motorbike + 
191306,Spandau,5010206,Gütersloher Weg,January,17,Thursday,serious,6,Overtaking,Night,0,1,1,0,0,0,Dry,13.16337,52.5493,car + pedestrian + 
191307,Pankow,11030618,Fennpfuhl West,January,17,Thursday,minor,5,Turning,Night,1,1,0,0,0,0,Dry,13.46167,52.52938,bicycle + car + 
191308,Reinickendorf,12302211,Lübarser Straße,January,21,Thursday,serious,0,Driving,Night,0,0,0,1,0,0,Dry,13.33431,52.60351,motorbike + 
191309,Mitte,1022201,Stephankiez,January,11,Thursday,minor,5,Turning,Daylight,0,1,0,0,0,0,Wet,13.35676,52.53563,car + 
191310,Tempelhof-Schöneberg,7010102,Nollendorfplatz,January,11,Thursday,minor,6,Other,Daylight,0,1,1,0,0,0,Wet,13.34806,52.50045,car + pedestrian + 
191311,Charlottenburg-Wilmersdorf,4020310,Park Ruhwald,January,10,Thursday,serious,5,Crossing,Daylight,1,1,0,0,0,0,Dry,13.27256,52.51924,bicycle + car + 
191312,Tempelhof-Schöneberg,7040404,Marienhöhe,January,8,Thursday,minor,3,Stationary Traffic,Daylight,1,0,0,0,0,1,Dry,13.37761,52.4529,bicycle + other
191313,Neukölln,8041036,Zittauer Straße,January,8,Thursday,minor,5,Crossing,Daylight,1,1,0,0,0,0,Dry,13.47385,52.41352,bicycle + car + 
191314,Spandau,5020419,Magistratsweg,January,6,Thursday,minor,5,Turning,Night,0,1,0,0,0,0,Dry,13.14158,52.53242,car + 
191315,Mitte,1022206,Lüneburger Straße,January,6,Thursday,minor,6,Turning,Night,0,1,1,0,0,0,Dry,13.36549,52.5254,car + pedestrian + 
191316,Neukölln,8010214,Glasower Straße,January,21,Wednesday,minor,1,Paralle Traffic,Night,1,1,0,0,0,0,Dry,13.43334,52.4666,bicycle + car + 
191317,Pankow,3071639,Bötzowstraße,January,18,Wednesday,minor,0,Paralle Traffic,Night,0,1,0,1,0,0,Wet,13.4309,52.53239,car + motorbike + 
191318,Charlottenburg-Wilmersdorf,4030623,Ernst-Reuter-Platz,January,18,Wednesday,minor,5,Crossing,Night,1,1,0,0,0,0,Dry,13.31814,52.51377,bicycle + car + 
191319,Friedrichshain-Kreuzberg,2040503,Richard-Sorge-Viertel,January,16,Wednesday,minor,2,Stationary Traffic,Night,0,1,0,0,0,0,Wet,13.44347,52.52521,car + 
191320,Mitte,1011202,Unter den Linden Nord,January,14,Wednesday,minor,3,Stationary Traffic,Daylight,0,1,0,0,0,0,Dry,13.38881,52.51716,car + 
191321,Steglitz-Zehlendorf,6030610,Lichterfelde West,January,13,Wednesday,minor,2,Stationary Traffic,Daylight,0,1,0,0,0,0,Wet,13.29614,52.44349,car + 
191322,Neukölln,8010213,Körnerpark,January,12,Wednesday,minor,5,Crossing,Daylight,0,1,0,0,0,0,Wet,13.43566,52.46919,car + 
191323,Charlottenburg-Wilmersdorf,4041136,Hagenplatz,January,12,Wednesday,minor,6,Turning,Daylight,0,1,1,0,0,0,Dry,13.28117,52.47687,car + pedestrian + 
191324,Marzahn-Hellersdorf,10010308,Marzahner Chaussee,January,12,Wednesday,minor,2,Stationary Traffic,Daylight,0,1,0,0,0,1,Wet,13.51948,52.52853,car + other
191325,Charlottenburg-Wilmersdorf,4030623,Ernst-Reuter-Platz,January,11,Wednesday,serious,6,Overtaking,Daylight,0,0,1,0,0,1,Wet,13.3249,52.51002,pedestrian + other
191326,Tempelhof-Schöneberg,7070702,Alt-Lichtenrade/Töpchiner Weg,January,10,Wednesday,minor,5,Crossing,Daylight,0,1,0,0,0,0,Wet,13.41074,52.412,car + 
191327,Steglitz-Zehlendorf,6030504,Teltower Damm,January,7,Wednesday,minor,2,Other,Dawn,0,1,0,0,0,0,Wet,13.26707,52.41043,car + 
191328,Lichtenberg,11040926,Weitlingstraße,January,13,Wednesday,minor,4,Other,Daylight,0,1,0,0,0,0,Dry,13.49982,52.50947,car + 
191329,Reinickendorf,12231102,Frohnau,January,16,Tuesday,minor,4,Driving,Night,0,1,0,0,0,0,Wet,13.29858,52.63153,car + 
191330,Tempelhof-Schöneberg,7030301,Friedenau,January,17,Tuesday,serious,2,Stationary Traffic,Night,0,1,0,0,0,0,Wet,13.32886,52.47162,car + 
191331,Steglitz-Zehlendorf,6010206,Stadtpark,January,17,Tuesday,minor,6,Turning,Night,0,1,1,0,0,0,Wet,13.3423,52.44687,car + pedestrian + 
191332,Neukölln,8041038,Waßmannsdorfer Chaussee,January,16,Tuesday,minor,5,Crossing,Night,0,1,0,0,0,0,Wet,13.49793,52.41511,car + 
191333,Spandau,5010339,Freiheit,January,6,Tuesday,minor,2,Stationary Traffic,Night,0,1,0,0,0,0,Wet,13.23157,52.52773,car + 
191334,Friedrichshain-Kreuzberg,2010103,Moritzplatz,January,5,Tuesday,minor,5,Crossing,Night,0,1,0,0,0,0,Wet,13.40526,52.50517,car + 
191335,Mitte,1022206,Lüneburger Straße,January,17,Tuesday,minor,1,Paralle Traffic,Night,0,1,0,0,0,0,Wet,13.36826,52.5239,car + 
191336,Mitte,1011306,Heine-Viertel Ost,January,2,Tuesday,serious,6,Overtaking,Night,0,1,1,0,0,0,Wet,13.4232,52.50922,car + pedestrian + 
191337,Mitte,1044202,Sparrplatz,January,3,Tuesday,minor,6,Turning,Night,0,1,1,0,0,0,Wet,13.36624,52.54259,car + pedestrian + 
191338,Tempelhof-Schöneberg,7020203,Kaiser-Wilhelm-Platz,January,15,Wednesday,minor,1,Paralle Traffic,Daylight,1,1,0,0,0,0,Wet,13.36215,52.48668,bicycle + car + 
191339,Friedrichshain-Kreuzberg,2040703,Wriezener Bahnhof/Entwicklungsgebiet,January,4,Tuesday,minor,5,Turning,Night,0,1,0,0,0,0,Wet,13.44669,52.50272,car + 
191340,Tempelhof-Schöneberg,7020202,Volkspark (Rudolf-Wilde-Park),January,0,Tuesday,serious,6,Overtaking,Night,0,1,1,0,0,0,Wet,13.34488,52.48134,car + pedestrian + 
191341,Tempelhof-Schöneberg,7070703,John-Locke-Straße,January,1,Tuesday,serious,5,Crossing,Night,0,1,0,0,0,1,Wet,13.40676,52.39377,car + other
191342,Mitte,1011203,Unter den Linden Süd,January,3,Tuesday,minor,5,Crossing,Night,0,1,0,0,0,1,Wet,13.38607,52.51537,car + other
191345,Mitte,1022104,Emdener Straße,January,15,Wednesday,minor,2,Stationary Traffic,Daylight,0,1,0,0,0,0,Wet,13.34334,52.52722,car + 
191353,Tempelhof-Schöneberg,7030303,Grazer Platz,January,15,Wednesday,minor,2,Stationary Traffic,Daylight,0,1,0,0,0,0,Wet,13.35495,52.45869,car + 