id,district,lor,street,month,hour,weekday,injury,collision,movement,light_conditions,bicycle,car,pedestrian,motorbike,truck,other_vehicle,road_conditions,longitude,latitude,Combo_type
191362,Spandau,5030833,Motardstraße,January,14,Wednesday,minor,5,Crossing,Daylight,0,1,0,0,0,0,Dry,13.24791,52.53751,car + 
191366,Spandau,5020417,Staakener Straße,January,14,Wednesday,minor,5,Crossing,Daylight,0,1,0,0,0,1,Wet,13.16494,52.53331,car + other
191369,Charlottenburg-Wilmersdorf,4010103,Paul-Hertz-Siedlung,January,17,Wednesday,serious,0,Other,Night,0,1,0,0,0,0,Wet,13.29296,52.53444,car + 
191371,Pankow,3020203,Blankenfelde,January,13,Wednesday,minor,5,Crossing,Daylight,0,1,0,0,0,0,Wet,13.38269,52.6297,car + 
191372,Neukölln,8020622,Parchimer Allee,January,13,Wednesday,minor,5,Other,Daylight,0,1,0,0,0,0,Wet,13.43477,52.4469,car + 
191376,Friedrichshain-Kreuzberg,2020202,Rathaus Yorckstraße,January,13,Wednesday,minor,5,Other,Daylight,0,1,0,1,0,0,Wet,13.38837,52.49622,car + motorbike + 
191378,Steglitz-Zehlendorf,6040808,Hüttenweg,January,12,Wednesday,minor,5,Crossing,Daylight,0,1,0,0,0,0,Wet,13.26273,52.4514,car + 
191381,Charlottenburg-Wilmersdorf,4010102,Plötzensee,January,16,Wednesday,minor,2,Stationary Traffic,Dawn,0,1,0,0,0,0,Wet,13.32637,52.53772,car + 
191388,Pankow,3040614,Pankow Zentrum,January,18,Wednesday,minor,2,Turning,Night,0,1,0,0,0,0,Wet,13.43017,52.5885,car + 
191391,Mitte,2040701,Andreasviertel,January,18,Wednesday,minor,5,Crossing,Night,0,1,0,0,0,0,Wet,13.42674,52.51577,car + 
191400,Charlottenburg-Wilmersdorf,4030930,George-Grosz-Platz,January,12,Wednesday,minor,2,Stationary Traffic,Daylight,0,1,0,0,0,0,Wet,13.31965,52.50171,car + 
191406,Lichtenberg,11030619,Fennpfuhl Ost,January,19,Friday,minor,0,Driving,Night,0,1,0,0,0,0,Wet,13.47628,52.53295,car + 
191407,Mitte,1011201,Wilhelmstraße,January,17,Friday,serious,1,Paralle Traffic,Night,1,1,0,0,0,0,Wet,13.38254,52.51308,bicycle + car + 
191408,Reinickendorf,12103218,Teichstraße,January,17,Friday,minor,1,Paralle Traffic,Night,0,1,0,0,0,0,Wet,13.34796,52.56704,car + 
191409,Mitte,1011204,Leipziger Straße,January,17,Friday,minor,5,Crossing,Night,0,1,0,0,0,0,Dry,13.40046,52.51002,car + 
191410,Treptow-Köpenick,9041402,Siedlung Kämmereiheide,January,16,Friday,minor,0,Stationary Traffic,Daylight,0,1,0,0,0,1,Dry,13.59929,52.44165,car + other
191411,Spandau,5020627,Tiefwerder,January,15,Friday,serious,1,Driving,Daylight,0,1,0,0,1,0,Dry,13.20706,52.52593,car + truck + 
191412,Steglitz-Zehlendorf,6030501,Berlepschstraße,January,15,Friday,minor,0,Driving,Daylight,0,0,0,1,0,0,Frozen,13.22783,52.42097,motorbike + 
191413,Marzahn-Hellersdorf,10020517,Adele-Sandrock-Straße,January,14,Friday,minor,2,Turning,Daylight,0,1,0,0,0,0,Dry,13.62076,52.53081,car + 
191414,Marzahn-Hellersdorf,10030724,Oberfeldstraße,January,14,Friday,minor,5,Turning,Daylight,1,1,0,0,0,0,Wet,13.55604,52.52008,bicycle + car + 
191415,Charlottenburg-Wilmersdorf,4030519,Kaiserin-Augusta-Allee,January,14,Friday,minor,1,Paralle Traffic,Daylight,0,1,0,0,0,0,Dry,13.30725,52.52327,car + 
191416,Mitte,1011204,Leipziger Straße,January,13,Friday,minor,5,Turning,Daylight,0,1,0,0,0,0,Dry,13.40256,52.51182,car + 
191417,Lichtenberg,11020513,Orankesee,January,13,Friday,minor,5,Other,Daylight,0,1,0,0,0,1,Dry,13.47215,52.53763,car + other
191418,Spandau,5010311,Eiswerder,January,13,Friday,serious,2,Stationary Traffic,Daylight,0,1,0,0,0,0,Dry,13.20887,52.55264,car + 
191419,Mitte,1022206,Lüneburger Straße,January,12,Friday,minor,5,Turning,Daylight,1,0,0,0,1,0,Dry,13.36751,52.526,bicycle + truck + 
191420,Friedrichshain-Kreuzberg,2030301,Oranienplatz,January,0,Friday,minor,5,Crossing,Night,1,1,0,0,0,0,Wet,13.42215,52.49895,bicycle + car + 
191421,Lichtenberg,2050803,Stralauer Kiez,January,6,Friday,minor,6,Overtaking,Night,0,1,1,0,0,0,Wet,13.46936,52.50239,car + pedestrian + 
191422,Marzahn-Hellersdorf,10020622,Kaulsdorf Nord I,January,6,Friday,minor,6,Turning,Night,0,1,1,0,0,0,Wet,13.58396,52.52435,car + pedestrian + 
191423,Pankow,3020307,Buchholz,January,7,Friday,minor,5,Crossing,Dawn,1,1,0,0,0,0,Frozen,13.40753,52.61366,bicycle + car + 
191424,Tempelhof-Schöneberg,7020201,Bayerischer Platz,January,7,Friday,minor,6,Turning,Dawn,0,1,1,0,0,0,Wet,13.34301,52.49046,car + pedestrian + 
191425,Friedrichshain-Kreuzberg,2040502,Friedenstraße,January,7,Friday,serious,6,Overtaking,Dawn,0,1,1,0,0,0,Wet,13.43357,52.52318,car + pedestrian + 
191426,Tempelhof-Schöneberg,7030301,Friedenau,January,8,Friday,minor,6,Turning,Daylight,0,1,1,0,0,0,Wet,13.33554,52.47166,car + pedestrian + 
191427,Mitte,1011303,Alexanderplatzviertel,January,8,Friday,minor,6,Overtaking,Daylight,1,0,1,0,0,0,Wet,13.41788,52.51459,bicycle + pedestrian + 
191428,Tempelhof-Schöneberg,7010103,Barbarossaplatz,January,8,Friday,minor,1,Paralle Traffic,Daylight,1,1,0,0,0,0,Dry,13.35166,52.49206,bicycle + car + 
191429,Marzahn-Hellersdorf,10030724,Oberfeldstraße,January,9,Friday,minor,5,Turning,Daylight,0,1,0,0,0,0,Wet,13.56387,52.51885,car + 
191430,Mitte,1011204,Leipziger Straße,January,11,Friday,minor,2,Other,Daylight,0,1,0,0,0,0,Dry,13.39885,52.50822,car + 
191431,Neukölln,8030829,Gropiusstadt Nord,January,10,Friday,minor,2,Stationary Traffic,Daylight,0,1,0,0,0,1,Wet,13.46626,52.42887,car + other
191432,Reinickendorf,12214125,Waldidyll/Flughafensee,January,12,Friday,minor,5,Crossing,Daylight,0,1,0,0,0,1,Dry,13.29324,52.55413,car + other
191433,Mitte,1011104,Körnerstraße,January,10,Sunday,minor,5,Crossing,Daylight,0,1,0,0,0,0,Dry,13.36803,52.50582,car + 
191434,Friedrichshain-Kreuzberg,2040702,Weberwiese,January,10,Friday,minor,1,Other,Daylight,0,1,0,0,0,0,Dry,13.44107,52.5136,car + 
191435,Mitte,1022103,Westhafen,January,7,Thursday,minor,5,Turning,Night,1,1,0,0,0,0,Wet,13.34434,52.53833,bicycle + car + 
191436,Mitte,1022206,Lüneburger Straße,January,5,Thursday,minor,5,Turning,Night,0,1,0,0,0,0,Wet,13.35685,52.52375,car + 
191437,Charlottenburg-Wilmersdorf,4030929,Hindemithplatz,January,21,Thursday,minor,6,Turning,Night,0,1,1,0,0,0,Wet,13.30735,52.50449,car + pedestrian + 
191438,Treptow-Köpenick,9041301,Kietzer Feld/Nachtheide,January,20,Thursday,serious,3,Stationary Traffic,Night,1,1,0,0,0,0,Wet,13.58678,52.42426,bicycle + car + 
191439,Tempelhof-Schöneberg,7030301,Friedenau,January,19,Thursday,minor,6,Other,Night,0,1,1,0,0,0,Wet,13.32926,52.46577,car + pedestrian + 
191440,Marzahn-Hellersdorf,10010102,Havemannstraße,January,19,Thursday,minor,6,Crossing,Night,0,1,1,0,0,0,Wet,13.56859,52.56958,car + pedestrian + 
191441,Lichtenberg,11010205,Falkenberg West,January,18,Thursday,serious,6,Turning,Night,0,1,1,0,0,0,Wet,13.52083,52.56854,car + pedestrian + 
191442,Pankow,3010101,Bucher Forst,January,18,Saturday,minor,4,Stationary Traffic,Night,0,1,0,0,0,0,Wet,13.49555,52.64071,car + 
191443,Mitte,1044203,Leopoldplatz,January,19,Thursday,minor,2,Stationary Traffic,Night,0,1,0,0,0,0,Wet,13.36389,52.55642,car + 
191444,Mitte,1044201,Reinickendorfer Straße,January,18,Thursday,minor,5,Crossing,Dawn,1,1,0,0,0,0,Wet,13.38148,52.55625,bicycle + car + 
191445,Friedrichshain-Kreuzberg,2010101,Askanischer Platz,January,18,Thursday,minor,5,Turning,Night,1,1,0,0,0,0,Wet,13.38659,52.50543,bicycle + car + 
191446,Neukölln,8010214,Glasower Straße,January,18,Thursday,minor,5,Other,Night,0,1,0,1,0,0,Wet,13.44389,52.46792,car + motorbike + 
191447,Treptow-Köpenick,9010301,Baumschulenstraße,January,18,Thursday,serious,6,Turning,Night,0,1,1,0,0,0,Wet,13.49138,52.46916,car + pedestrian + 
191448,Mitte,1011202,Unter den Linden Nord,January,18,Thursday,minor,3,Stationary Traffic,Night,1,1,0,0,0,0,Wet,13.38535,52.52019,bicycle + car + 
191449,Friedrichshain-Kreuzberg,2040502,Friedenstraße,January,18,Thursday,serious,0,Turning,Night,0,1,0,0,0,1,Wet,13.44085,52.52427,car + other
191450,Charlottenburg-Wilmersdorf,4030622,Richard-Wagner-Straße,January,13,Thursday,minor,6,Turning,Daylight,0,1,1,0,0,0,Dry,13.30496,52.51294,car + pedestrian + 
191451,Mitte,1011301,Charitéviertel,January,11,Thursday,serious,6,Overtaking,Daylight,0,0,1,0,0,1,Dry,13.38288,52.53053,pedestrian + other
191452,Steglitz-Zehlendorf,6020303,Lankwitz Kirche,January,12,Thursday,minor,1,Paralle Traffic,Daylight,1,1,0,0,0,0,Dry,13.34186,52.43487,bicycle + car + 
191453,Charlottenburg-Wilmersdorf,4051448,Schaperstraße,January,14,Thursday,serious,5,Other,Daylight,0,1,0,0,0,0,Dry,13.33069,52.49851,car + 
191454,Charlottenburg-Wilmersdorf,4031032,Halensee,January,18,Saturday,minor,1,Paralle Traffic,Night,1,1,0,0,0,1,Dry,13.28906,52.49513,bicycle + car + other
191455,Steglitz-Zehlendorf,6030504,Teltower Damm,January,14,Thursday,serious,2,Crossing,Daylight,1,1,0,0,0,0,Dry,13.26717,52.41029,bicycle + car + 
191456,Mitte,1022102,Beusselkiez,January,15,Thursday,minor,1,Paralle Traffic,Daylight,1,1,0,0,0,0,Wet,13.32721,52.52755,bicycle + car + 
191457,Tempelhof-Schöneberg,7040404,Marienhöhe,January,15,Thursday,minor,5,Turning,Daylight,0,1,0,1,0,0,Dry,13.36196,52.44725,car + motorbike + 
191458,Tempelhof-Schöneberg,7070705,Franziusweg/Rohrbachstraße,January,14,Sunday,serious,6,Turning,Daylight,0,1,1,0,0,0,Dry,13.39546,52.38667,car + pedestrian + 
191459,Charlottenburg-Wilmersdorf,4051654,Wilhelmsaue,January,16,Thursday,serious,6,Turning,Daylight,0,1,1,0,0,0,Dry,13.32239,52.48631,car + pedestrian + 
191460,Tempelhof-Schöneberg,7060601,Marienfelder Allee Nordwest,January,16,Thursday,minor,0,Turning,Dawn,0,1,0,0,0,1,Dry,13.37326,52.42478,car + other
191461,Charlottenburg-Wilmersdorf,4051448,Schaperstraße,January,17,Thursday,minor,2,Driving,Dawn,0,1,0,0,0,0,Wet,13.33824,52.49954,car + 
191462,Charlottenburg-Wilmersdorf,4041136,Hagenplatz,January,17,Thursday,minor,1,Paralle Traffic,Dawn,0,1,0,0,0,0,Wet,13.27777,52.47797,car + 
191463,Treptow-Köpenick,9020701,Adlershof West,January,17,Thursday,serious,2,Stationary Traffic,Dawn,0,1,0,1,0,0,Wet,13.52247,52.42667,car + motorbike + 
191464,Neukölln,8020619,Buschkrugallee Nord,January,17,Thursday,minor,8,Driving,Dawn,0,1,0,0,0,0,Wet,13.45245,52.45258,car + 
191465,Lichtenberg,11010103,Dorf Falkenberg,January,10,Thursday,serious,9,Driving,Daylight,0,1,0,0,0,0,Dry,13.55605,52.57143,car + 
191466,Neukölln,8041036,Zittauer Straße,January,22,Wednesday,serious,1,Driving,Night,0,1,0,0,0,1,Dry,13.48087,52.41677,car + other
191467,Mitte,1033203,Humboldthain Nordwest,January,21,Wednesday,serious,6,Overtaking,Night,1,0,1,0,0,0,Dry,13.37731,52.54378,bicycle + pedestrian + 
191468,Mitte,1011302,Oranienburger Straße,January,21,Wednesday,minor,1,Paralle Traffic,Night,1,1,0,0,0,0,Dry,13.40876,52.52793,bicycle + car + 
191469,Pankow,3061227,Humannplatz,January,21,Wednesday,minor,5,Crossing,Night,1,1,0,0,0,0,Dry,13.42809,52.55217,bicycle + car + 
191470,Mitte,1022206,Lüneburger Straße,January,17,Wednesday,minor,2,Stationary Traffic,Night,0,1,0,0,0,0,Dry,13.37203,52.52727,car + 
191471,Spandau,5010339,Freiheit,January,14,Wednesday,minor,2,Stationary Traffic,Daylight,0,1,0,0,0,1,Dry,13.22824,52.52828,car + other
191472,Lichtenberg,11030721,Rüdigerstraße,January,15,Wednesday,minor,5,Turning,Daylight,0,1,0,0,0,0,Dry,13.47939,52.51626,car + 
191473,Reinickendorf,12224230,Heiligensee,January,14,Wednesday,minor,2,Crossing,Daylight,1,1,0,0,0,0,Dry,13.23102,52.61032,bicycle + car + 
191474,Charlottenburg-Wilmersdorf,4020313,Königin-Elisabeth-Straße,January,13,Wednesday,minor,5,Crossing,Daylight,0,1,0,0,0,0,Dry,13.28146,52.51158,car + 
191475,Spandau,5020626,Adamstraße,January,13,Wednesday,minor,5,Crossing,Daylight,0,1,0,0,0,1,Dry,13.18727,52.52268,car + other
191476,Charlottenburg-Wilmersdorf,4030623,Ernst-Reuter-Platz,January,11,Wednesday,minor,6,Overtaking,Daylight,0,1,1,0,0,0,Wet,13.32395,52.51642,car + pedestrian + 
191477,Neukölln,8010118,Silbersteinstraße,January,10,Wednesday,minor,6,Overtaking,Daylight,0,1,1,0,0,0,Wet,13.42639,52.46578,car + pedestrian + 
191478,Pankow,3061227,Humannplatz,January,7,Wednesday,minor,5,Crossing,Dawn,1,1,0,0,0,0,Wet,13.42493,52.54701,bicycle + car + 
191479,Tempelhof-Schöneberg,7060601,Marienfelder Allee Nordwest,January,12,Wednesday,minor,6,Turning,Daylight,0,1,1,0,0,0,Dry,13.35155,52.41579,car + pedestrian + 
191480,Steglitz-Zehlendorf,6030503,Zehlendorf Mitte,January,9,Wednesday,minor,6,Turning,Daylight,0,0,1,1,0,0,Wet,13.27621,52.43351,pedestrian + motorbike + 
191481,Lichtenberg,11020412,Hauptstraße,January,7,Wednesday,minor,5,Turning,Dawn,0,1,0,0,1,0,Wet,13.51507,52.54634,car + truck + 
191482,Tempelhof-Schöneberg,7070701,Kettinger Straße/Schillerstraße,January,17,Saturday,minor,5,Turning,Night,1,0,0,0,0,1,Dry,13.39259,52.41269,bicycle + other
191483,Pankow,3061228,Erich-Weinert-Straße,January,7,Wednesday,minor,6,Overtaking,Dawn,0,1,1,0,0,0,Wet,13.43548,52.54542,car + pedestrian + 
191484,Marzahn-Hellersdorf,10020517,Adele-Sandrock-Straße,January,7,Wednesday,minor,5,Crossing,Dawn,1,1,0,0,0,0,Wet,13.61565,52.53177,bicycle + car + 
191485,Reinickendorf,12103115,Breitkopfbecken,January,8,Wednesday,minor,5,Turning,Daylight,0,1,0,0,0,0,Wet,13.36084,52.57036,car + 
191486,Charlottenburg-Wilmersdorf,4041344,Rüdesheimer Platz,January,9,Wednesday,minor,5,Crossing,Daylight,0,1,0,0,0,0,Wet,13.31983,52.46881,car + 
191487,Neukölln,8010301,Reuterkiez,January,15,Wednesday,minor,6,Turning,Daylight,0,0,1,0,0,1,Dry,13.42682,52.48739,pedestrian + other
191488,Mitte,1033102,Gesundbrunnen,January,12,Tuesday,minor,5,Turning,Daylight,1,1,0,0,0,0,Dry,13.39126,52.55517,bicycle + car + 
191489,Mitte,1011202,Unter den Linden Nord,January,22,Tuesday,serious,0,Driving,Night,0,0,0,1,0,0,Wet,13.38808,52.52136,motorbike + 
191490,Spandau,5010101,Hakenfelde Nord,January,18,Tuesday,minor,6,Turning,Night,0,1,1,0,0,0,Wet,13.2092,52.56538,car + pedestrian + 
191491,Spandau,5020523,Maulbeerallee,January,17,Tuesday,minor,9,Driving,Night,0,1,0,0,0,0,Wet,13.16742,52.51909,car + 
191492,Marzahn-Hellersdorf,10010308,Marzahner Chaussee,January,12,Tuesday,minor,2,Turning,Daylight,0,1,0,0,0,0,Wet,13.51928,52.53063,car + 
191493,Charlottenburg-Wilmersdorf,4020311,Reichsstraße,January,20,Tuesday,minor,0,Crossing,Night,0,0,0,1,0,1,Wet,13.25795,52.51804,motorbike + other
191494,Tempelhof-Schöneberg,7050502,Fritz-Werner-Straße,January,17,Saturday,minor,5,Turning,Dawn,0,1,0,0,0,0,Dry,13.39417,52.42666,car + 
191495,Tempelhof-Schöneberg,7050502,Fritz-Werner-Straße,January,20,Tuesday,minor,5,Crossing,Night,0,1,0,0,0,1,Dry,13.37499,52.43642,car + other
191496,Charlottenburg-Wilmersdorf,4020207,Flatowallee,January,16,Tuesday,minor,0,Driving,Night,0,0,0,1,0,0,Wet,13.23367,52.50839,motorbike + 
191497,Marzahn-Hellersdorf,10010310,Alt-Marzahn,January,16,Tuesday,serious,6,Turning,Night,0,1,1,0,0,0,Wet,13.56989,52.54083,car + pedestrian + 
191498,Reinickendorf,12214125,Waldidyll/Flughafensee,January,16,Tuesday,minor,0,Paralle Traffic,Daylight,0,1,0,1,0,0,Wet,13.29921,52.5709,car + motorbike + 
191499,Charlottenburg-Wilmersdorf,4030931,Breitscheidplatz,January,14,Tuesday,minor,2,Turning,Daylight,0,0,0,0,1,1,Wet,13.33086,52.50063,truck + other
191500,Spandau,5030832,Rohrdamm,January,14,Tuesday,minor,0,Turning,Daylight,0,1,0,0,0,1,Wet,13.26291,52.54064,car + other
191501,Reinickendorf,12214527,Alt-Tegel,January,14,Tuesday,minor,1,Paralle Traffic,Daylight,0,1,0,0,0,0,Wet,13.28153,52.5924,car + 
191502,Pankow,3061435,Conrad-Blenkle-Straße,January,13,Tuesday,minor,5,Crossing,Daylight,0,1,0,0,0,0,Wet,13.44924,52.52873,car + 
191503,Neukölln,8010303,Donaustraße,January,10,Tuesday,minor,0,Other,Daylight,0,1,0,0,0,0,Wet,13.43544,52.48089,car + 
191504,Friedrichshain-Kreuzberg,2050801,Traveplatz,January,10,Tuesday,minor,5,Crossing,Dawn,1,1,0,0,0,0,Wet,13.4644,52.5099,bicycle + car + 
191505,Pankow,3050923,Weißenseer Spitze,January,10,Tuesday,minor,1,Paralle Traffic,Daylight,1,1,0,0,0,0,Wet,13.43673,52.55447,bicycle + car + 
191506,Pankow,3040614,Pankow Zentrum,January,9,Tuesday,minor,5,Crossing,Daylight,0,1,0,0,0,0,Wet,13.42206,52.57352,car + 
191507,Mitte,1011303,Alexanderplatzviertel,January,5,Tuesday,minor,5,Turning,Night,0,0,0,0,0,1,Dry,13.41174,52.52397,other
191508,Friedrichshain-Kreuzberg,2040703,Wriezener Bahnhof/Entwicklungsgebiet,January,22,Tuesday,minor,6,Crossing,Night,0,1,1,0,0,0,Wet,13.44524,52.50479,car + pedestrian + 
191509,Pankow,3061228,Erich-Weinert-Straße,January,17,Tuesday,minor,2,Turning,Dawn,0,1,0,0,1,0,Wet,13.43472,52.54276,car + truck + 
191510,Steglitz-Zehlendorf,6020409,Königsberger Straße,January,17,Tuesday,minor,6,Overtaking,Dawn,0,1,1,0,0,0,Wet,13.32094,52.43506,car + pedestrian + 
191511,Reinickendorf,12302110,Dannenwalder Weg,January,17,Tuesday,serious,6,Overtaking,Dawn,0,1,1,0,0,0,Wet,13.35487,52.59663,car + pedestrian + 
191512,Neukölln,8010404,Rixdorf,January,15,Tuesday,minor,6,Overtaking,Daylight,0,1,1,0,0,0,Wet,13.45506,52.47276,car + pedestrian + 
191513,Charlottenburg-Wilmersdorf,4020313,Königin-Elisabeth-Straße,January,17,Tuesday,serious,5,Turning,Dawn,0,1,0,0,0,0,Wet,13.28134,52.51283,car + 
191514,Spandau,5010206,Gütersloher Weg,January,17,Tuesday,minor,6,Turning,Night,0,1,1,0,0,0,Wet,13.16548,52.55108,car + pedestrian + 
191515,Mitte,1011204,Leipziger Straße,January,18,Tuesday,minor,6,Other,Dawn,0,1,1,0,0,0,Wet,13.39423,52.50787,car + pedestrian + 
191516,Charlottenburg-Wilmersdorf,4030931,Breitscheidplatz,January,18,Tuesday,minor,6,Other,Dawn,0,1,1,0,0,0,Wet,13.33042,52.50531,car + pedestrian + 
191517,Spandau,5030730,Zitadellenweg,January,19,Tuesday,minor,4,Driving,Night,0,1,0,0,0,0,Wet,13.2362,52.55016,car + 
191518,Mitte,1011201,Wilhelmstraße,January,22,Tuesday,minor,6,Turning,Night,0,1,1,0,0,0,Wet,13.38424,52.50991,car + pedestrian + 
191519,Neukölln,8010303,Donaustraße,January,23,Tuesday,minor,6,Overtaking,Night,0,1,1,0,0,0,Wet,13.43985,52.48157,car + pedestrian + 
191520,Treptow-Köpenick,9020701,Adlershof West,January,23,Tuesday,minor,5,Turning,Night,1,1,0,0,0,0,Wet,13.54527,52.4257,bicycle + car + 
191521,Mitte,1022104,Emdener Straße,January,22,Monday,minor,0,Other,Night,0,1,0,0,0,0,Dry,13.34333,52.5342,car + 
191522,Mitte,1011101,Stülerstraße,January,21,Monday,minor,5,Turning,Night,1,1,0,0,0,0,Dry,13.35114,52.50963,bicycle + car + 
191523,Charlottenburg-Wilmersdorf,4030726,Droysenstraße,January,17,Monday,minor,6,Other,Night,0,1,1,0,0,0,Dry,13.30405,52.49936,car + pedestrian + 
191524,Neukölln,8041036,Zittauer Straße,January,6,Monday,minor,5,Crossing,Night,0,1,0,0,0,0,Wet,13.4778,52.41778,car + 
191525,Reinickendorf,12301203,Wittenau Süd,January,7,Monday,minor,5,Crossing,Daylight,0,1,0,0,0,1,Wet,13.3333,52.5789,car + other
191526,Tempelhof-Schöneberg,7060603,Marienfelde Nordost,January,8,Monday,minor,6,Overtaking,Daylight,0,0,1,0,1,0,Wet,13.38296,52.41114,pedestrian + truck + 
191527,Mitte,1011102,Großer Tiergarten,January,9,Monday,minor,6,Overtaking,Daylight,1,0,1,0,0,0,Wet,13.3532,52.51637,bicycle + pedestrian + 
191528,Tempelhof-Schöneberg,7070701,Kettinger Straße/Schillerstraße,January,9,Monday,serious,5,Turning,Daylight,0,1,0,0,0,1,Dry,13.40106,52.41457,car + other
191529,Steglitz-Zehlendorf,6020305,Gemeindepark Lankwitz,January,18,Monday,serious,6,Turning,Night,0,1,1,0,0,0,Dry,13.34652,52.43086,car + pedestrian + 
191530,Charlottenburg-Wilmersdorf,4051448,Schaperstraße,January,17,Monday,minor,2,Stationary Traffic,Night,0,1,0,0,0,0,Wet,13.33585,52.49936,car + 
191531,Tempelhof-Schöneberg,7050501,Rathausstraße,January,17,Monday,minor,5,Crossing,Night,0,1,0,0,0,0,Dry,13.38053,52.44287,car + 
191532,Pankow,3061228,Erich-Weinert-Straße,January,17,Monday,minor,6,Overtaking,Night,0,1,1,0,0,0,Wet,13.43515,52.54321,car + pedestrian + 
191533,Mitte,1011303,Alexanderplatzviertel,January,20,Monday,minor,6,Other,Night,0,1,1,0,0,0,Dry,13.40444,52.5213,car + pedestrian + 
191534,Neukölln,8010404,Rixdorf,January,17,Monday,minor,6,Overtaking,Night,0,1,1,0,0,0,Wet,13.45135,52.47199,car + pedestrian + 
191535,Tempelhof-Schöneberg,7040403,Manteuffelstraße,January,16,Monday,minor,6,Overtaking,Night,0,1,1,0,0,0,Wet,13.37813,52.46863,car + pedestrian + 
191536,Charlottenburg-Wilmersdorf,4030417,Schloßstraße,January,16,Saturday,serious,5,Turning,Dawn,0,1,0,0,0,0,Dry,13.28688,52.51297,car + 
191537,Treptow-Köpenick,9051901,Dammvorstadt,January,16,Monday,minor,6,Overtaking,Daylight,0,1,1,0,0,0,Frozen,13.57805,52.4571,car + pedestrian + 
191538,Treptow-Köpenick,9020702,Adlershof Ost,January,16,Monday,minor,5,Crossing,Daylight,0,1,0,0,0,0,Wet,13.55309,52.434,car + 
191539,Tempelhof-Schöneberg,7050501,Rathausstraße,January,16,Monday,serious,6,Overtaking,Night,0,1,1,0,0,0,Dry,13.38248,52.44546,car + pedestrian + 
191540,Marzahn-Hellersdorf,10010310,Alt-Marzahn,January,14,Monday,minor,5,Crossing,Daylight,0,1,0,0,0,0,Wet,13.53974,52.53982,car + 
191541,Charlottenburg-Wilmersdorf,4020209,Eichkamp,January,15,Monday,minor,6,Overtaking,Daylight,0,1,1,0,0,0,Dry,13.25752,52.50454,car + pedestrian + 
191542,Pankow,3010102,Buch,January,14,Monday,minor,5,Turning,Daylight,0,1,0,0,0,0,Wet,13.50031,52.63276,car + 
191543,Friedrichshain-Kreuzberg,2030302,Lausitzer Platz,January,13,Monday,minor,0,Stationary Traffic,Daylight,0,1,0,1,0,0,Wet,13.42874,52.50713,car + motorbike + 
191544,Spandau,5010313,Ackerstraße,January,13,Monday,minor,5,Turning,Daylight,0,1,0,0,0,0,Dry,13.19855,52.54289,car + 
191545,Mitte,1011303,Alexanderplatzviertel,January,14,Saturday,serious,0,Crossing,Daylight,0,1,0,0,0,1,Dry,13.4096,52.52265,car + other
191546,Neukölln,8010212,Rollberg,January,13,Monday,serious,5,Crossing,Daylight,0,1,0,1,0,0,Dry,13.43271,52.47839,car + motorbike + 
191547,Tempelhof-Schöneberg,7070703,John-Locke-Straße,January,11,Monday,minor,5,Turning,Daylight,1,1,0,0,0,0,Dry,13.40943,52.38728,bicycle + car + 
191548,Steglitz-Zehlendorf,6020305,Gemeindepark Lankwitz,January,13,Saturday,minor,2,Driving,Daylight,0,1,0,0,0,0,Dry,13.35526,52.42782,car + 
191549,Tempelhof-Schöneberg,7030303,Grazer Platz,January,11,Monday,minor,5,Turning,Daylight,0,1,0,0,0,1,Dry,13.35975,52.47536,car + other
191550,Spandau,5020626,Adamstraße,January,7,Monday,minor,0,Paralle Traffic,Dawn,0,1,0,0,0,0,Dry,13.20169,52.51775,car + 
191551,Pankow,3050925,Komponistenviertel Weißensee,January,10,Monday,minor,6,Overtaking,Daylight,0,1,1,0,0,0,Wet,13.45274,52.5486,car + pedestrian + 
191552,Reinickendorf,12302212,Rollbergesiedlung,January,15,Sunday,minor,5,Crossing,Dawn,0,1,0,0,0,0,Wet,13.33226,52.6102,car + 
191553,Mitte,1011304,Karl-Marx-Allee,January,22,Sunday,minor,5,Crossing,Night,1,0,0,0,0,1,Wet,13.4239,52.52382,bicycle + other
191554,Lichtenberg,11030721,Rüdigerstraße,January,20,Sunday,serious,5,Turning,Night,0,1,0,0,0,0,Wet,13.48513,52.51589,car + 
191555,Pankow,3040512,Wilhelmsruh,January,19,Sunday,minor,5,Crossing,Night,0,1,0,0,0,1,Wet,13.38466,52.5912,car + other
191556,Neukölln,8010404,Rixdorf,January,18,Sunday,serious,6,Overtaking,Night,0,1,1,0,0,1,Wet,13.45581,52.47389,car + pedestrian + other
191557,Charlottenburg-Wilmersdorf,4030726,Droysenstraße,January,17,Sunday,minor,6,Turning,Night,0,1,1,0,0,0,Wet,13.3041,52.50366,car + pedestrian + 
191558,Marzahn-Hellersdorf,10020622,Kaulsdorf Nord I,January,17,Sunday,minor,2,Stationary Traffic,Night,0,1,0,0,0,0,Wet,13.5874,52.52318,car + 
191559,Reinickendorf,12301203,Wittenau Süd,January,16,Sunday,serious,6,Turning,Night,0,1,1,0,0,0,Wet,13.33284,52.59542,car + pedestrian + 