id,district,lor,street,month,hour,weekday,injury,collision,movement,light_conditions,bicycle,car,pedestrian,motorbike,truck,other_vehicle,road_conditions,longitude,latitude,Combo_type
191560,Spandau,5010206,Gütersloher Weg,January,13,Sunday,minor,2,Stationary Traffic,Daylight,0,1,0,0,0,0,Wet,13.15181,52.55368,car + 
191561,Mitte,1011105,Nördlicher Landwehrkanal,January,14,Sunday,minor,5,Paralle Traffic,Daylight,1,1,0,0,0,0,Wet,13.36614,52.51029,bicycle + car + 
191562,Friedrichshain-Kreuzberg,2020204,Urbanstraße,January,3,Sunday,minor,5,Crossing,Night,0,1,0,0,0,0,Wet,13.40276,52.49394,car + 
191563,Neukölln,8041035,Blumenviertel,January,3,Sunday,minor,5,Other,Night,0,1,0,0,0,0,Wet,13.47786,52.44216,car + 
191564,Steglitz-Zehlendorf,6030608,Schweizer Viertel,January,7,Sunday,minor,6,Turning,Night,0,1,1,0,0,0,Wet,13.29861,52.422,car + pedestrian + 
191565,Mitte,1044202,Sparrplatz,January,7,Sunday,minor,2,Turning,Night,0,1,0,0,0,0,Wet,13.35922,52.54636,car + 
191566,Spandau,5010339,Freiheit,January,11,Sunday,serious,1,Driving,Daylight,0,1,0,1,0,0,Wet,13.24709,52.52462,car + motorbike + 
191567,Lichtenberg,11051330,Karlshorst West,January,12,Sunday,minor,5,Crossing,Daylight,0,1,0,0,0,0,Wet,13.52284,52.48491,car + 
191568,Charlottenburg-Wilmersdorf,4051445,Eisenzahnstraße,January,1,Sunday,minor,5,Crossing,Night,0,1,0,0,0,1,Wet,13.30794,52.48846,car + other
191569,Treptow-Köpenick,9020601,Schnellerstraße,January,9,Saturday,minor,6,Turning,Daylight,0,1,1,0,0,0,Dry,13.53712,52.45275,car + pedestrian + 
191570,Tempelhof-Schöneberg,7010102,Nollendorfplatz,January,11,Saturday,minor,2,Turning,Daylight,0,1,0,0,0,0,Wet,13.3513,52.49996,car + 
191571,Neukölln,8020727,Buckow Mitte,January,17,Saturday,minor,6,Turning,Dawn,0,1,1,0,0,0,Wet,13.417,52.41821,car + pedestrian + 
191572,Tempelhof-Schöneberg,7040405,Rathaus Tempelhof,January,18,Saturday,minor,5,Crossing,Night,0,1,0,0,0,0,Wet,13.40319,52.46343,car + 
191573,Marzahn-Hellersdorf,10020415,Hellersdorfer Promenade,January,18,Saturday,minor,6,Turning,Night,0,1,1,0,0,0,Wet,13.60376,52.5466,car + pedestrian + 
191574,Tempelhof-Schöneberg,7010102,Nollendorfplatz,January,18,Saturday,minor,6,Turning,Night,0,1,1,0,0,0,Wet,13.34599,52.49695,car + pedestrian + 
191575,Tempelhof-Schöneberg,7060604,Marienfelde Süd,January,17,Saturday,minor,3,Paralle Traffic,Night,0,1,0,0,0,0,Wet,13.36066,52.41272,car + 
191576,Charlottenburg-Wilmersdorf,4030828,Savignyplatz,January,17,Saturday,minor,6,Turning,Night,0,1,1,0,0,0,Wet,13.31814,52.51094,car + pedestrian + 
191577,Tempelhof-Schöneberg,7010102,Nollendorfplatz,January,17,Saturday,minor,6,Turning,Night,0,1,1,0,0,0,Wet,13.34599,52.49696,car + pedestrian + 
191578,Spandau,5020625,Borkumer Straße,January,16,Saturday,minor,2,Stationary Traffic,Dawn,0,1,0,0,0,0,Wet,13.1985,52.53321,car + 
191579,Mitte,1033102,Gesundbrunnen,January,15,Saturday,minor,2,Stationary Traffic,Dawn,0,1,0,0,0,0,Wet,13.38571,52.54991,car + 
191580,Mitte,1011204,Leipziger Straße,January,14,Saturday,minor,5,Crossing,Daylight,0,1,0,0,0,0,Wet,13.39198,52.5095,car + 
191581,Pankow,3020209,Niederschönhausen,January,11,Saturday,minor,5,Crossing,Daylight,0,1,0,0,0,0,Wet,13.39805,52.58491,car + 
191582,Spandau,5020625,Borkumer Straße,January,11,Saturday,minor,2,Stationary Traffic,Daylight,0,1,0,0,0,1,Wet,13.19865,52.53342,car + other
191583,Neukölln,8030829,Gropiusstadt Nord,January,20,Saturday,minor,6,Overtaking,Night,0,1,1,0,0,0,Wet,13.46599,52.42896,car + pedestrian + 
191584,Mitte,3040614,Pankow Zentrum,January,21,Saturday,minor,2,Driving,Night,0,1,0,0,0,0,Wet,13.3934,52.56455,car + 
191585,Lichtenberg,11051331,Karlshorst Nord,January,23,Saturday,minor,6,Overtaking,Night,0,1,1,0,0,0,Wet,13.52583,52.48292,car + pedestrian + 
191586,Mitte,1022106,Elberfelder Straße,January,23,Saturday,serious,0,Overtaking,Night,0,0,1,1,0,0,Wet,13.34141,52.52554,pedestrian + motorbike + 
191587,Treptow-Köpenick,9041501,Altstadt Kietz,January,13,Friday,minor,0,Crossing,Daylight,0,1,0,0,0,1,Dry,13.57603,52.44626,car + other
191588,Marzahn-Hellersdorf,10010310,Alt-Marzahn,January,19,Saturday,minor,6,Turning,Night,0,1,1,0,0,0,Wet,13.57129,52.54577,car + pedestrian + 
191589,Mitte,1011304,Karl-Marx-Allee,January,19,Saturday,minor,8,Driving,Night,0,0,0,1,0,0,Wet,13.41677,52.51938,motorbike + 
191590,Lichtenberg,11020412,Hauptstraße,January,17,Saturday,serious,0,Other,Night,1,0,0,0,0,0,Wet,13.50942,52.54667,bicycle + 
191591,Charlottenburg-Wilmersdorf,4041135,Hundekehle,January,13,Saturday,minor,0,Driving,Daylight,0,0,0,1,0,0,Wet,13.26542,52.48327,motorbike + 
191592,Steglitz-Zehlendorf,6030504,Teltower Damm,January,18,Saturday,fatal,6,Overtaking,Night,0,1,1,0,0,1,Wet,13.26729,52.40956,car + pedestrian + other
191593,Steglitz-Zehlendorf,6010210,Bismarckstraße,January,17,Friday,minor,0,Other,Dawn,0,1,0,1,0,0,Wet,13.34728,52.45958,car + motorbike + 
191594,Spandau,5020626,Adamstraße,January,18,Friday,minor,5,Paralle Traffic,Night,0,1,0,1,0,0,Wet,13.19761,52.52344,car + motorbike + 
191595,Steglitz-Zehlendorf,6020305,Gemeindepark Lankwitz,January,17,Friday,minor,0,Overtaking,Dawn,0,1,1,0,0,0,Wet,13.35319,52.43319,car + pedestrian + 
191596,Friedrichshain-Kreuzberg,2040503,Richard-Sorge-Viertel,January,15,Friday,minor,4,Stationary Traffic,Daylight,1,1,0,0,0,0,Wet,13.44742,52.51934,bicycle + car + 
191597,Charlottenburg-Wilmersdorf,4030623,Ernst-Reuter-Platz,January,20,Friday,serious,5,Crossing,Night,0,1,0,0,0,0,Wet,13.32099,52.513,car + 
191598,Pankow,3061228,Erich-Weinert-Straße,January,18,Saturday,minor,0,Driving,Night,0,0,0,1,0,0,Wet,13.43941,52.54763,motorbike + 
191599,Neukölln,8010301,Reuterkiez,January,19,Friday,minor,5,Crossing,Night,0,1,0,0,0,0,Wet,13.42548,52.49334,car + 
191600,Friedrichshain-Kreuzberg,2010102,Mehringplatz,January,19,Friday,minor,1,Paralle Traffic,Night,1,1,0,0,0,0,Wet,13.38823,52.50658,bicycle + car + 
191601,Charlottenburg-Wilmersdorf,4041241,Breite Straße,January,17,Friday,serious,6,Turning,Night,0,1,1,0,0,0,Wet,13.29053,52.47532,car + pedestrian + 
191602,Charlottenburg-Wilmersdorf,4030726,Droysenstraße,January,17,Friday,minor,6,Turning,Night,0,0,1,0,0,1,Wet,13.30713,52.50016,pedestrian + other
191603,Marzahn-Hellersdorf,10040830,Kaulsdorf Süd,January,16,Friday,minor,6,Turning,Night,0,1,1,0,0,0,Wet,13.58086,52.50311,car + pedestrian + 
191604,Mitte,1011202,Unter den Linden Nord,January,15,Friday,minor,5,Crossing,Dawn,1,1,0,0,0,0,Wet,13.38672,52.51973,bicycle + car + 
191605,Reinickendorf,12214527,Alt-Tegel,January,15,Friday,minor,2,Stationary Traffic,Daylight,0,1,0,0,0,0,Wet,13.28581,52.58762,car + 
191606,Friedrichshain-Kreuzberg,2050801,Traveplatz,January,14,Friday,serious,6,Overtaking,Daylight,1,0,1,0,0,0,Wet,13.46369,52.51304,bicycle + pedestrian + 
191607,Charlottenburg-Wilmersdorf,4030929,Hindemithplatz,January,14,Friday,minor,5,Turning,Daylight,1,1,0,0,0,0,Wet,13.31326,52.50214,bicycle + car + 
191608,Treptow-Köpenick,9020701,Adlershof West,January,14,Friday,minor,5,Crossing,Daylight,0,1,0,0,0,0,Wet,13.53271,52.42878,car + 
191609,Reinickendorf,12304314,Ziekowstraße/Freie Scholle,January,9,Sunday,minor,1,Paralle Traffic,Daylight,0,1,0,0,0,1,Dry,13.30381,52.60083,car + other
191610,Friedrichshain-Kreuzberg,2010103,Moritzplatz,January,14,Friday,minor,5,Other,Daylight,1,1,0,0,0,0,Wet,13.40802,52.49995,bicycle + car + 
191611,Lichtenberg,11051331,Karlshorst Nord,January,2,Saturday,serious,5,Crossing,Night,0,1,0,0,0,1,Dry,13.52699,52.48654,car + other
191612,Charlottenburg-Wilmersdorf,4020311,Reichsstraße,January,13,Friday,minor,6,Crossing,Daylight,0,1,1,0,0,0,Wet,13.25994,52.51608,car + pedestrian + 
191613,Lichtenberg,11041128,Sewanstraße,January,13,Friday,minor,5,Crossing,Daylight,1,1,0,0,0,0,Wet,13.52497,52.49546,bicycle + car + 
191614,Tempelhof-Schöneberg,7020202,Volkspark (Rudolf-Wilde-Park),January,11,Friday,minor,6,Overtaking,Daylight,0,1,1,0,0,0,Wet,13.34299,52.48555,car + pedestrian + 
191615,Spandau,5010312,Kurstraße,January,13,Sunday,minor,5,Turning,Daylight,0,1,0,0,0,0,Dry,13.20627,52.54287,car + 
191616,Tempelhof-Schöneberg,7010104,Dennewitzplatz,January,11,Friday,minor,5,Crossing,Daylight,0,1,0,0,0,0,Wet,13.36619,52.49527,car + 
191617,Tempelhof-Schöneberg,7040403,Manteuffelstraße,January,10,Friday,minor,5,Turning,Daylight,0,1,0,0,0,0,Wet,13.37754,52.46487,car + 
191618,Lichtenberg,11041128,Sewanstraße,January,13,Saturday,minor,2,Stationary Traffic,Daylight,0,1,0,0,0,0,Wet,13.51,52.50329,car + 
191619,Tempelhof-Schöneberg,7010104,Dennewitzplatz,January,10,Friday,minor,5,Crossing,Daylight,1,1,0,0,0,0,Wet,13.36264,52.49411,bicycle + car + 
191620,Reinickendorf,12214527,Alt-Tegel,January,10,Friday,serious,5,Other,Daylight,0,1,1,0,0,0,Wet,13.28241,52.5908,car + pedestrian + 
191621,Charlottenburg-Wilmersdorf,4030415,Schloßgarten,January,9,Friday,minor,2,Stationary Traffic,Daylight,0,1,0,0,0,0,Wet,13.29807,52.51964,car + 
191622,Pankow,3061430,Volkspark Prenzlauer Berg,January,8,Friday,minor,0,Other,Daylight,1,0,0,0,0,0,Wet,13.46166,52.53072,bicycle + 
191623,Marzahn-Hellersdorf,10040933,Mahlsdorf Süd,January,8,Friday,minor,6,Overtaking,Daylight,0,1,1,0,0,0,Wet,13.60102,52.47995,car + pedestrian + 
191624,Treptow-Köpenick,9030901,Dorf Altglienicke,January,8,Friday,minor,1,Paralle Traffic,Dawn,0,1,0,0,0,0,Wet,13.5295,52.41931,car + 
191625,Friedrichshain-Kreuzberg,2030401,Reichenberger Straße,January,14,Friday,serious,0,Crossing,Daylight,0,1,0,0,0,1,Wet,13.42974,52.49827,car + other
191626,Reinickendorf,12103220,Humboldtstraße,January,0,Saturday,minor,6,Overtaking,Night,0,1,1,0,0,0,Frozen,13.33425,52.57047,car + pedestrian + 
191627,Treptow-Köpenick,9051901,Dammvorstadt,January,7,Friday,minor,5,Turning,Night,1,1,0,0,0,0,Wet,13.59348,52.45295,bicycle + car + 
191628,Treptow-Köpenick,9041501,Altstadt Kietz,January,13,Friday,minor,2,Other,Daylight,0,1,0,0,0,1,Wet,13.58238,52.44247,car + other
191629,Tempelhof-Schöneberg,7060604,Marienfelde Süd,January,17,Thursday,minor,1,Other,Dawn,0,1,0,0,0,0,Dry,13.35649,52.41189,car + 
191630,Tempelhof-Schöneberg,7070703,John-Locke-Straße,January,15,Thursday,minor,1,Paralle Traffic,Daylight,1,1,0,0,0,0,Wet,13.39342,52.39791,bicycle + car + 
191631,Spandau,5020626,Adamstraße,January,9,Thursday,serious,4,Other,Daylight,0,1,0,0,0,1,Dry,13.19718,52.51509,car + other
191632,Spandau,5040935,Groß-Glienicker Weg,January,8,Thursday,minor,5,Crossing,Daylight,1,1,0,0,0,0,Dry,13.15381,52.45987,bicycle + car + 
191633,Neukölln,8010211,Flughafenstraße,January,8,Thursday,serious,0,Other,Daylight,0,1,0,0,0,1,Wet,13.42959,52.48074,car + other
191634,Tempelhof-Schöneberg,7030301,Friedenau,January,7,Thursday,serious,6,Overtaking,Daylight,0,1,1,0,0,0,Wet,13.32153,52.47162,car + pedestrian + 
191635,Spandau,5020626,Adamstraße,January,7,Saturday,minor,2,Stationary Traffic,Dawn,0,1,0,0,0,0,Dry,13.1967,52.52592,car + 
191636,Lichtenberg,11010309,Zingster Straße West,January,7,Thursday,serious,6,Overtaking,Dawn,0,1,1,0,0,0,Wet,13.5016,52.56602,car + pedestrian + 
191637,Tempelhof-Schöneberg,7050505,Hundsteinweg,January,7,Thursday,minor,6,Turning,Night,0,1,1,0,0,0,Wet,13.3921,52.43993,car + pedestrian + 
191638,Mitte,1044201,Reinickendorfer Straße,January,7,Thursday,serious,6,Overtaking,Night,0,1,1,0,0,0,Wet,13.37757,52.55625,car + pedestrian + 
191639,Mitte,1011203,Unter den Linden Süd,January,13,Saturday,minor,0,Other,Daylight,0,1,0,0,0,1,Dry,13.39109,52.5149,car + other
191640,Lichtenberg,11010207,Wartenberg Nord,January,16,Thursday,serious,0,Stationary Traffic,Night,0,1,0,0,0,1,Dry,13.50542,52.57297,car + other
191641,Neukölln,8020620,Tempelhofer Weg,January,19,Thursday,minor,5,Crossing,Night,0,1,0,0,0,0,Dry,13.42895,52.45546,car + 
191642,Treptow-Köpenick,9051901,Dammvorstadt,January,15,Saturday,serious,6,Turning,Daylight,0,1,1,0,0,0,Dry,13.5932,52.45329,car + pedestrian + 
191643,Lichtenberg,11030721,Rüdigerstraße,January,19,Thursday,minor,4,Paralle Traffic,Night,0,1,0,0,0,0,Dry,13.4882,52.51841,car + 
191644,Friedrichshain-Kreuzberg,2050802,Boxhagener Platz,January,13,Saturday,minor,5,Turning,Daylight,1,1,0,0,0,0,Dry,13.45999,52.50899,bicycle + car + 
191645,Tempelhof-Schöneberg,7070704,Nahariyastraße,January,10,Saturday,serious,5,Crossing,Daylight,0,1,0,0,0,0,Dry,13.41242,52.3909,car + 
191646,Pankow,3030715,Heinersdorf,January,16,Thursday,minor,2,Stationary Traffic,Dawn,0,1,0,0,0,1,Dry,13.44531,52.5651,car + other
191647,Friedrichshain-Kreuzberg,2040703,Wriezener Bahnhof/Entwicklungsgebiet,January,16,Thursday,minor,5,Crossing,Night,1,1,0,0,0,0,Dry,13.43781,52.51019,bicycle + car + 
191648,Neukölln,8041040,Waltersdorfer Chaussee Ost,January,14,Thursday,minor,1,Paralle Traffic,Daylight,0,1,0,0,0,0,Dry,13.51203,52.41184,car + 
191649,Reinickendorf,12214424,Scharnweberstraße,January,9,Saturday,minor,2,Stationary Traffic,Daylight,0,1,0,0,1,0,Wet,13.32664,52.56274,car + truck + 
191650,Charlottenburg-Wilmersdorf,4030931,Breitscheidplatz,January,14,Thursday,minor,1,Paralle Traffic,Daylight,1,1,0,0,0,0,Wet,13.32713,52.50084,bicycle + car + 
191651,Lichtenberg,11051330,Karlshorst West,January,9,Saturday,minor,4,Stationary Traffic,Daylight,1,1,0,0,0,1,Dry,13.51722,52.49068,bicycle + car + other
191652,Mitte,1044201,Reinickendorfer Straße,January,14,Thursday,minor,2,Stationary Traffic,Daylight,0,1,0,0,0,0,Dry,13.37846,52.55618,car + 
191653,Tempelhof-Schöneberg,7020202,Volkspark (Rudolf-Wilde-Park),January,14,Thursday,minor,6,Overtaking,Daylight,1,0,1,0,0,0,Dry,13.34318,52.47977,bicycle + pedestrian + 
191654,Reinickendorf,12301203,Wittenau Süd,January,20,Saturday,serious,6,Turning,Night,0,1,1,0,0,0,Dry,13.32645,52.59215,car + pedestrian + 
191655,Neukölln,8010213,Körnerpark,January,13,Thursday,minor,5,Crossing,Daylight,1,1,0,0,0,0,Dry,13.44165,52.47042,bicycle + car + 
191656,Neukölln,8020622,Parchimer Allee,January,13,Thursday,minor,5,Crossing,Daylight,0,1,0,0,0,0,Dry,13.45243,52.43867,car + 
191657,Friedrichshain-Kreuzberg,2050602,Samariterviertel,January,12,Thursday,minor,1,Paralle Traffic,Daylight,1,1,0,0,0,0,Dry,13.47315,52.51525,bicycle + car + 
191658,Reinickendorf,12103220,Humboldtstraße,January,12,Thursday,minor,2,Turning,Daylight,0,1,0,0,0,0,Dry,13.34143,52.57529,car + 
191659,Tempelhof-Schöneberg,7020201,Bayerischer Platz,January,10,Thursday,minor,5,Turning,Daylight,0,1,0,0,0,0,Dry,13.34515,52.48591,car + 
191660,Pankow,3061227,Humannplatz,January,16,Thursday,minor,6,Other,Night,1,0,1,0,0,0,Dry,13.41595,52.55029,bicycle + pedestrian + 
191661,Reinickendorf,12214125,Waldidyll/Flughafensee,January,21,Friday,minor,2,Stationary Traffic,Night,0,1,0,0,0,0,Wet,13.29598,52.54897,car + 
191662,Marzahn-Hellersdorf,10010310,Alt-Marzahn,January,14,Thursday,serious,6,Overtaking,Daylight,0,0,1,0,0,1,Dry,13.57194,52.54632,pedestrian + other
191663,Marzahn-Hellersdorf,10040828,Kaulsdorf Nord,January,16,Thursday,serious,5,Turning,Dawn,1,1,0,0,0,0,Dry,13.59885,52.52106,bicycle + car + 
191664,Reinickendorf,12214125,Waldidyll/Flughafensee,January,20,Friday,serious,6,Turning,Night,0,1,1,0,0,0,Wet,13.3068,52.55514,car + pedestrian + 
191665,Friedrichshain-Kreuzberg,2020206,Graefekiez,January,22,Thursday,serious,6,Overtaking,Night,0,1,1,0,0,0,Dry,13.42232,52.4928,car + pedestrian + 
191666,Pankow,3040818,Pankow Süd,January,20,Thursday,minor,5,Crossing,Night,1,1,0,0,0,0,Dry,13.42255,52.55986,bicycle + car + 
191667,Neukölln,8020619,Buschkrugallee Nord,January,11,Wednesday,minor,2,Stationary Traffic,Daylight,0,0,0,0,1,1,Wet,13.4464,52.45247,truck + other
191668,Steglitz-Zehlendorf,6010205,Südende,January,17,Wednesday,minor,2,Stationary Traffic,Dawn,0,1,0,0,0,0,Wet,13.34404,52.45032,car + 
191669,Friedrichshain-Kreuzberg,2020204,Urbanstraße,January,20,Wednesday,minor,5,Crossing,Night,0,1,0,1,0,0,Wet,13.39439,52.49138,car + motorbike + 
191670,Mitte,1011303,Alexanderplatzviertel,January,20,Wednesday,minor,2,Stationary Traffic,Night,0,1,0,0,0,0,Wet,13.4124,52.52409,car + 
191671,Steglitz-Zehlendorf,6020302,Komponistenviertel Lankwitz,January,19,Wednesday,minor,5,Crossing,Night,1,1,0,0,0,0,Wet,13.33689,52.44361,bicycle + car + 
191672,Charlottenburg-Wilmersdorf,4030931,Breitscheidplatz,January,10,Wednesday,minor,1,Paralle Traffic,Dawn,1,1,0,0,0,0,Wet,13.32555,52.50447,bicycle + car + 
191673,Mitte,1044201,Reinickendorfer Straße,January,20,Saturday,minor,2,Stationary Traffic,Night,0,1,0,0,0,0,Dry,13.37731,52.55659,car + 
191674,Friedrichshain-Kreuzberg,2050801,Traveplatz,January,8,Wednesday,minor,3,Stationary Traffic,Daylight,1,0,0,0,0,1,Wet,13.46709,52.50941,bicycle + other
191675,Steglitz-Zehlendorf,6030501,Berlepschstraße,January,16,Wednesday,minor,5,Crossing,Night,1,1,0,0,0,0,Wet,13.22988,52.42772,bicycle + car + 
191676,Spandau,5010313,Ackerstraße,January,16,Wednesday,minor,0,Turning,Dawn,1,1,0,0,0,0,Wet,13.19345,52.54905,bicycle + car + 
191677,Friedrichshain-Kreuzberg,2040701,Andreasviertel,January,18,Wednesday,minor,5,Crossing,Night,0,1,0,0,0,0,Wet,13.42674,52.51577,car + 
191678,Pankow,3040818,Pankow Süd,January,10,Sunday,minor,5,Crossing,Daylight,0,1,0,0,0,0,Dry,13.42165,52.56249,car + 
191679,Tempelhof-Schöneberg,7040404,Marienhöhe,January,13,Wednesday,minor,1,Paralle Traffic,Daylight,1,1,0,0,0,0,Dry,13.37162,52.45304,bicycle + car + 
191680,Pankow,3050925,Komponistenviertel Weißensee,January,18,Wednesday,minor,2,Turning,Night,0,1,0,0,0,0,Dry,13.46553,52.55179,car + 
191681,Lichtenberg,11030720,Herzbergstraße,January,18,Wednesday,minor,2,Stationary Traffic,Night,0,1,0,0,0,0,Dry,13.51465,52.5353,car + 
191682,Mitte,1033101,Soldiner Straße,January,18,Wednesday,minor,6,Overtaking,Night,0,1,1,0,0,0,Dry,13.37896,52.56072,car + pedestrian + 
191683,Lichtenberg,11051330,Karlshorst West,January,7,Wednesday,minor,2,Stationary Traffic,Daylight,0,1,0,0,0,0,Frozen,13.52393,52.48693,car + 
191684,Steglitz-Zehlendorf,6010209,Feuerbachstraße,January,17,Wednesday,serious,6,Overtaking,Daylight,0,1,1,0,0,0,Dry,13.33108,52.45893,car + pedestrian + 
191685,Pankow,3071537,Kollwitzplatz,January,18,Thursday,minor,2,Turning,Dawn,0,1,0,0,0,0,Dry,13.41902,52.53053,car + 
191686,Reinickendorf,12103117,Letteplatz,January,7,Wednesday,minor,6,Overtaking,Daylight,0,1,1,0,0,0,Dry,13.37171,52.56097,car + pedestrian + 
191687,Mitte,1044202,Sparrplatz,January,6,Wednesday,minor,5,Turning,Dawn,1,1,0,0,0,0,Dry,13.34944,52.54232,bicycle + car + 
191688,Charlottenburg-Wilmersdorf,4051445,Eisenzahnstraße,January,8,Wednesday,minor,6,Overtaking,Daylight,0,1,1,0,0,0,Dry,13.30135,52.49466,car + pedestrian + 
191689,Charlottenburg-Wilmersdorf,4051652,Nikolsburger Platz,January,8,Wednesday,minor,6,Overtaking,Daylight,0,1,1,0,0,0,Dry,13.3226,52.48763,car + pedestrian + 
191690,Mitte,1033101,Soldiner Straße,January,8,Wednesday,minor,1,Paralle Traffic,Daylight,1,1,0,0,0,0,Dry,13.38506,52.56756,bicycle + car + 
191691,Pankow,3020307,Buchholz,January,9,Wednesday,minor,6,Turning,Daylight,0,1,1,0,0,0,Dry,13.4203,52.60624,car + pedestrian + 
191692,Tempelhof-Schöneberg,7020201,Bayerischer Platz,January,11,Wednesday,minor,5,Turning,Daylight,1,1,0,0,0,0,Wet,13.34528,52.49222,bicycle + car + 
191693,Mitte,1011303,Alexanderplatzviertel,January,11,Wednesday,minor,5,Turning,Daylight,1,1,0,0,0,0,Dry,13.40959,52.52394,bicycle + car + 
191694,Friedrichshain-Kreuzberg,2010103,Moritzplatz,January,11,Wednesday,minor,0,Crossing,Daylight,0,1,0,0,0,1,Dry,13.41055,52.50339,car + other
191695,Tempelhof-Schöneberg,7010101,Wittenbergplatz/Viktoria-Luise-Platz,January,15,Thursday,minor,5,Turning,Daylight,1,1,0,0,0,0,Dry,13.33948,52.49711,bicycle + car + 
191696,Marzahn-Hellersdorf,10010207,Marzahner Promenade,January,12,Wednesday,minor,6,Overtaking,Daylight,0,1,1,0,0,0,Dry,13.54804,52.54462,car + pedestrian + 
191697,Neukölln,8020727,Buckow Mitte,January,12,Wednesday,minor,6,Crossing,Daylight,0,1,1,0,0,0,Dry,13.43516,52.42306,car + pedestrian + 
191698,Marzahn-Hellersdorf,10040933,Mahlsdorf Süd,January,17,Wednesday,minor,6,Turning,Night,0,1,1,0,0,0,Dry,13.60448,52.48668,car + pedestrian + 
191699,Treptow-Köpenick,9020501,Oberschöneweide West,January,12,Wednesday,minor,5,Other,Daylight,0,1,0,0,0,1,Dry,13.504,52.46912,car + other
191700,Spandau,5010206,Gütersloher Weg,January,18,Thursday,minor,6,Turning,Night,0,0,1,0,0,1,Dry,13.16532,52.55126,pedestrian + other
191701,Mitte,1044203,Leopoldplatz,January,17,Wednesday,minor,6,Overtaking,Night,1,0,1,0,0,0,Wet,13.35853,52.55419,bicycle + pedestrian + 
191702,Reinickendorf,12103219,Schäfersee,January,15,Wednesday,minor,2,Stationary Traffic,Daylight,0,1,0,0,0,0,Dry,13.36306,52.56234,car + 
191703,Pankow,3071537,Kollwitzplatz,January,8,Wednesday,minor,5,Crossing,Daylight,0,1,0,1,0,0,Dry,13.42016,52.536,car + motorbike + 
191704,Friedrichshain-Kreuzberg,2030302,Lausitzer Platz,January,19,Tuesday,serious,6,Overtaking,Night,0,1,1,0,0,0,Dry,13.43495,52.50146,car + pedestrian + 
191705,Treptow-Köpenick,9051801,Rahnsdorf/Hessenwinkel,January,17,Tuesday,minor,4,Crossing,Night,0,1,0,0,0,0,Dry,13.74096,52.42829,car + 
191706,Mitte,1022104,Emdener Straße,February,11,Friday,fatal,6,Turning,Daylight,0,0,1,0,0,1,Wet,13.34291,52.52637,pedestrian + other
191707,Spandau,5010208,Germersheimer Platz,January,18,Tuesday,minor,2,Stationary Traffic,Night,0,1,0,0,0,0,Wet,13.18806,52.54697,car + 
191708,Neukölln,8010118,Silbersteinstraße,January,18,Tuesday,minor,2,Stationary Traffic,Night,0,1,0,0,0,0,Dry,13.43274,52.46498,car + 
191709,Lichtenberg,11030721,Rüdigerstraße,January,16,Tuesday,serious,6,Overtaking,Daylight,0,1,1,0,0,0,Wet,13.49942,52.52059,car + pedestrian + 
191710,Mitte,1022106,Elberfelder Straße,January,16,Wednesday,minor,6,Overtaking,Daylight,1,0,1,0,0,0,Dry,13.33535,52.52079,bicycle + pedestrian + 
191711,Neukölln,8030829,Gropiusstadt Nord,January,17,Tuesday,minor,3,Stationary Traffic,Night,0,1,0,0,0,0,Wet,13.46074,52.43143,car + 
191712,Steglitz-Zehlendorf,6010102,Schloßstraße,January,16,Tuesday,serious,6,Overtaking,Dawn,0,1,1,0,0,0,Dry,13.32154,52.45668,car + pedestrian + 
191713,Friedrichshain-Kreuzberg,2050801,Traveplatz,January,16,Tuesday,minor,1,Paralle Traffic,Night,1,1,0,0,0,0,Dry,13.46197,52.51279,bicycle + car + 
191714,Mitte,1011305,Heine-Viertel West,January,16,Tuesday,minor,2,Stationary Traffic,Night,1,1,0,0,0,0,Dry,13.4086,52.51195,bicycle + car + 
191715,Mitte,1033203,Humboldthain Nordwest,January,16,Tuesday,minor,5,Turning,Night,0,1,0,0,0,0,Wet,13.37856,52.54475,car + 
191716,Steglitz-Zehlendorf,6030610,Lichterfelde West,January,16,Tuesday,serious,6,Overtaking,Daylight,0,1,1,0,0,0,Dry,13.28702,52.43291,car + pedestrian + 
191717,Mitte,1011204,Leipziger Straße,January,16,Tuesday,minor,5,Crossing,Dawn,1,1,0,0,0,0,Wet,13.39013,52.50946,bicycle + car + 
191718,Tempelhof-Schöneberg,7040403,Manteuffelstraße,January,9,Thursday,minor,5,Crossing,Daylight,0,1,0,0,0,0,Wet,13.38271,52.4685,car + 
191719,Friedrichshain-Kreuzberg,2010102,Mehringplatz,January,16,Tuesday,minor,6,Overtaking,Daylight,0,1,1,0,0,0,Wet,13.39456,52.50588,car + pedestrian + 
191720,Steglitz-Zehlendorf,6020303,Lankwitz Kirche,January,15,Tuesday,minor,5,Other,Daylight,0,1,0,0,0,0,Wet,13.34497,52.43583,car + 
191721,Charlottenburg-Wilmersdorf,4051655,Babelsberger Straße,January,18,Wednesday,minor,2,Turning,Night,0,1,0,0,0,0,Dry,13.33067,52.48614,car + 