id,district,lor,street,month,hour,weekday,injury,collision,movement,light_conditions,bicycle,car,pedestrian,motorbike,truck,other_vehicle,road_conditions,longitude,latitude,Combo_type
191722,Mitte,1022104,Emdener Straße,January,7,Tuesday,minor,0,Paralle Traffic,Daylight,1,0,0,0,0,0,Frozen,13.33561,52.5331,bicycle + 
191723,Lichtenberg,11020514,Große-Leege-Straße,January,20,Tuesday,serious,0,Driving,Night,1,0,0,0,0,0,Wet,13.49362,52.54469,bicycle + 
191724,Mitte,1044203,Leopoldplatz,January,15,Tuesday,minor,5,Crossing,Dawn,1,1,0,0,0,0,Dry,13.37247,52.55653,bicycle + car + 
191725,Charlottenburg-Wilmersdorf,4020310,Park Ruhwald,January,14,Tuesday,minor,2,Stationary Traffic,Daylight,0,1,0,0,0,0,Dry,13.25939,52.52185,car + 
191726,Reinickendorf,12304314,Ziekowstraße/Freie Scholle,January,13,Tuesday,minor,2,Stationary Traffic,Daylight,0,1,0,0,0,0,Dry,13.29162,52.59577,car + 
191727,Spandau,5030731,Gartenfelder Straße,January,13,Tuesday,minor,6,Overtaking,Daylight,0,1,1,0,0,0,Dry,13.24783,52.53969,car + pedestrian + 
191728,Reinickendorf,12214125,Waldidyll/Flughafensee,January,6,Thursday,minor,3,Stationary Traffic,Night,0,1,0,0,0,1,Dry,13.30799,52.55664,car + other
191729,Charlottenburg-Wilmersdorf,4030620,Alt-Lietzow,January,13,Tuesday,minor,0,Crossing,Daylight,0,1,0,1,0,0,Dry,13.3066,52.51812,car + motorbike + 
191730,Friedrichshain-Kreuzberg,2010102,Mehringplatz,January,22,Tuesday,minor,5,Other,Night,0,1,0,0,0,0,Dry,13.39703,52.50712,car + 
191731,Steglitz-Zehlendorf,6030610,Lichterfelde West,January,22,Tuesday,minor,5,Turning,Night,0,1,0,0,0,0,Dry,13.30977,52.43131,car + 
191732,Reinickendorf,12231101,Hermsdorf,January,11,Thursday,minor,6,Turning,Daylight,0,0,1,0,1,0,Dry,13.30423,52.61963,pedestrian + truck + 
191733,Charlottenburg-Wilmersdorf,4051652,Nikolsburger Platz,January,10,Tuesday,minor,2,Stationary Traffic,Daylight,1,1,0,0,0,0,Wet,13.32312,52.491,bicycle + car + 
191734,Mitte,1044101,Rehberge,January,8,Tuesday,minor,1,Paralle Traffic,Daylight,1,0,0,0,1,0,Wet,13.34641,52.55181,bicycle + truck + 
191735,Mitte,1011304,Karl-Marx-Allee,January,8,Tuesday,minor,5,Turning,Daylight,1,0,0,0,0,1,Wet,13.41801,52.51808,bicycle + other
191736,Neukölln,8030830,Gropiusstadt Süd,January,13,Wednesday,minor,5,Crossing,Daylight,1,1,0,0,0,0,Dry,13.45778,52.42263,bicycle + car + 
191737,Neukölln,8010404,Rixdorf,January,7,Tuesday,minor,6,Turning,Daylight,0,1,1,0,0,0,Wet,13.44754,52.47608,car + pedestrian + 
191738,Marzahn-Hellersdorf,10010311,Landsberger Tor,January,6,Tuesday,serious,6,Overtaking,Dawn,0,1,1,0,0,0,Wet,13.57635,52.54017,car + pedestrian + 
191739,Lichtenberg,11010310,Mühlengrund,January,2,Tuesday,minor,6,Overtaking,Night,0,1,1,0,0,0,Wet,13.50666,52.5637,car + pedestrian + 
191740,Mitte,1011306,Heine-Viertel Ost,January,9,Tuesday,minor,1,Paralle Traffic,Daylight,1,1,0,0,0,0,Dry,13.42728,52.50775,bicycle + car + 
191741,Charlottenburg-Wilmersdorf,4030623,Ernst-Reuter-Platz,January,21,Monday,minor,5,Crossing,Night,0,1,0,0,0,0,Dry,13.32098,52.51305,car + 
191742,Tempelhof-Schöneberg,7030303,Grazer Platz,January,11,Monday,minor,5,Turning,Daylight,1,1,0,0,0,0,Wet,13.34416,52.46745,bicycle + car + 
191743,Steglitz-Zehlendorf,6030606,Hindenburgdamm,January,18,Thursday,minor,1,Paralle Traffic,Night,1,1,0,0,0,0,Dry,13.32189,52.44437,bicycle + car + 
191744,Spandau,5030832,Rohrdamm,January,20,Monday,minor,6,Other,Night,0,1,1,0,0,0,Wet,13.27012,52.53655,car + pedestrian + 
191745,Pankow,3010102,Buch,January,17,Monday,minor,2,Stationary Traffic,Dawn,1,0,0,0,0,1,Wet,13.49566,52.63412,bicycle + other
191746,Marzahn-Hellersdorf,10040931,Mahlsdorf Nord,January,20,Monday,serious,5,Crossing,Night,0,1,0,0,0,0,Wet,13.61381,52.51637,car + 
191747,Neukölln,8010301,Reuterkiez,January,18,Monday,serious,6,Turning,Night,0,1,1,0,0,0,Wet,13.42793,52.48836,car + pedestrian + 
191748,Tempelhof-Schöneberg,8020726,Buckow West,January,17,Monday,minor,6,Turning,Night,0,1,1,0,0,0,Wet,13.40224,52.41317,car + pedestrian + 
191749,Steglitz-Zehlendorf,6010209,Feuerbachstraße,January,17,Monday,serious,6,Overtaking,Night,0,1,1,0,0,0,Wet,13.33139,52.45881,car + pedestrian + 
191750,Steglitz-Zehlendorf,6030610,Lichterfelde West,January,17,Monday,minor,2,Turning,Night,0,1,0,0,0,0,Wet,13.30179,52.43236,car + 
191751,Tempelhof-Schöneberg,7050502,Fritz-Werner-Straße,January,16,Monday,serious,5,Crossing,Dawn,0,1,0,1,0,0,Wet,13.38608,52.43387,car + motorbike + 
191752,Tempelhof-Schöneberg,7010104,Dennewitzplatz,January,8,Monday,minor,0,Driving,Daylight,1,0,0,0,0,0,Frozen,13.36401,52.48829,bicycle + 
191753,Neukölln,8020625,Handwerker-Siedlung,January,15,Monday,minor,5,Crossing,Dawn,1,1,0,0,0,0,Wet,13.45096,52.43683,bicycle + car + 
191754,Charlottenburg-Wilmersdorf,4010102,Plötzensee,January,8,Monday,minor,2,Stationary Traffic,Daylight,0,1,0,0,0,0,Wet,13.3173,52.5404,car + 
191755,Spandau,5010101,Hakenfelde Nord,January,15,Monday,serious,5,Crossing,Daylight,0,1,0,0,0,0,Wet,13.21743,52.56043,car + 
191756,Neukölln,8041035,Blumenviertel,January,16,Thursday,minor,5,Crossing,Dawn,1,1,0,0,0,0,Dry,13.47137,52.43604,bicycle + car + 
191757,Steglitz-Zehlendorf,6040805,Fischerhüttenstraße,January,9,Monday,minor,1,Driving,Daylight,0,1,0,0,0,1,Frozen,13.25183,52.43715,car + other
191758,Marzahn-Hellersdorf,10020412,Alte Hellersdorfer Straße,January,20,Monday,minor,5,Crossing,Night,0,1,0,0,0,0,Wet,13.59276,52.54744,car + 
191759,Steglitz-Zehlendorf,6020303,Lankwitz Kirche,January,15,Monday,minor,5,Turning,Daylight,0,1,0,1,0,0,Dry,13.34588,52.43627,car + motorbike + 
191760,Treptow-Köpenick,9020502,Oberschöneweide Ost,January,13,Monday,minor,5,Crossing,Daylight,1,1,0,0,0,0,Wet,13.53228,52.46163,bicycle + car + 
191761,Steglitz-Zehlendorf,6040804,Krumme Lanke,January,8,Monday,minor,0,Driving,Daylight,1,0,0,0,0,0,Frozen,13.23635,52.44462,bicycle + 
191762,Neukölln,8041037,Alt-Rudow,January,8,Thursday,minor,3,Stationary Traffic,Daylight,0,1,0,0,1,0,Dry,13.4956,52.43182,car + truck + 
191763,Mitte,1033203,Humboldthain Nordwest,January,13,Monday,minor,2,Stationary Traffic,Daylight,0,1,0,0,0,1,Dry,13.36983,52.54288,car + other
191764,Charlottenburg-Wilmersdorf,4020314,Messegelände,January,8,Monday,minor,0,Driving,Daylight,1,0,0,0,0,0,Frozen,13.27997,52.50604,bicycle + 
191765,Charlottenburg-Wilmersdorf,4030415,Schloßgarten,January,6,Monday,serious,6,Turning,Night,0,1,1,0,0,0,Wet,13.29576,52.51927,car + pedestrian + 
191766,Steglitz-Zehlendorf,6020302,Komponistenviertel Lankwitz,February,13,Friday,minor,2,Stationary Traffic,Daylight,0,1,0,0,0,0,Dry,13.3352,52.44316,car + 
191767,Treptow-Köpenick,9020702,Adlershof Ost,January,6,Monday,serious,6,Turning,Night,0,1,1,0,0,0,Wet,13.55441,52.44112,car + pedestrian + 
191768,Mitte,1044103,Westliche Müllerstraße,January,19,Monday,minor,6,Turning,Night,0,1,1,0,0,0,Dry,13.34414,52.54601,car + pedestrian + 
191769,Marzahn-Hellersdorf,10040933,Mahlsdorf Süd,January,13,Monday,minor,5,Turning,Daylight,0,1,0,0,0,0,Dry,13.62064,52.50423,car + 
191770,Charlottenburg-Wilmersdorf,4051549,Rathaus Wilmersdorf,January,9,Wednesday,minor,5,Turning,Daylight,0,1,0,0,0,0,Dry,13.32049,52.4852,car + 
191771,Spandau,5030833,Motardstraße,January,6,Monday,serious,5,Crossing,Night,1,1,0,0,0,0,Wet,13.24797,52.53648,bicycle + car + 
191772,Marzahn-Hellersdorf,10010309,Springpfuhl,January,19,Monday,serious,6,Overtaking,Night,0,1,1,0,0,0,Wet,13.5391,52.53448,car + pedestrian + 
191773,Marzahn-Hellersdorf,10030727,Biesdorf Süd,January,12,Monday,serious,5,Turning,Daylight,0,1,0,1,0,0,Dry,13.56754,52.50526,car + motorbike + 
191774,Neukölln,8010510,Gewerbegebiet Köllnische Heide,January,5,Monday,minor,5,Other,Night,1,0,0,0,0,1,Wet,13.4741,52.4605,bicycle + other
191775,Charlottenburg-Wilmersdorf,4030725,Amtsgerichtsplatz,January,19,Monday,minor,5,Crossing,Night,0,1,0,0,0,0,Wet,13.29831,52.50971,car + 
191776,Charlottenburg-Wilmersdorf,4010101,Jungfernheide,January,9,Thursday,minor,0,Turning,Daylight,1,1,0,0,0,0,Wet,13.29539,52.53961,bicycle + car + 
191777,Mitte,1044101,Rehberge,January,5,Monday,minor,6,Turning,Night,0,1,1,0,0,0,Wet,13.3452,52.55422,car + pedestrian + 
191778,Reinickendorf,12103218,Teichstraße,January,19,Monday,minor,6,Turning,Night,0,1,1,0,0,0,Wet,13.35143,52.56742,car + pedestrian + 
191779,Charlottenburg-Wilmersdorf,4030929,Hindemithplatz,January,14,Wednesday,minor,5,Other,Daylight,0,1,0,0,0,1,Wet,13.30894,52.50012,car + other
191780,Mitte,1044101,Rehberge,January,10,Monday,minor,1,Paralle Traffic,Daylight,0,1,0,0,0,0,Wet,13.33561,52.55482,car + 
191781,Lichtenberg,11040925,Victoriastadt,January,18,Monday,minor,2,Turning,Night,0,1,0,0,0,0,Wet,13.47129,52.5052,car + 
191782,Pankow,3040818,Pankow Süd,January,10,Monday,minor,5,Crossing,Daylight,1,1,0,0,0,0,Wet,13.42184,52.56271,bicycle + car + 
191783,Neukölln,8010211,Flughafenstraße,January,22,Wednesday,minor,5,Other,Night,0,1,0,0,0,1,Dry,13.42424,52.48538,car + other
191784,Steglitz-Zehlendorf,6030504,Teltower Damm,January,10,Monday,minor,0,Crossing,Daylight,1,1,0,0,0,0,Frozen,13.25014,52.42136,bicycle + car + 
191785,Steglitz-Zehlendorf,6010206,Stadtpark,January,18,Monday,serious,6,Turning,Night,0,1,1,0,0,0,Wet,13.34004,52.44813,car + pedestrian + 
191786,Spandau,5030832,Rohrdamm,January,9,Monday,minor,0,Paralle Traffic,Daylight,1,1,0,0,0,0,Frozen,13.26786,52.54134,bicycle + car + 
191787,Tempelhof-Schöneberg,7050501,Rathausstraße,January,9,Monday,minor,2,Turning,Daylight,0,1,0,0,0,0,Wet,13.38565,52.44556,car + 
191788,Mitte,1033202,Humboldthain Süd,January,18,Monday,serious,5,Crossing,Night,1,1,0,0,0,0,Wet,13.38361,52.53667,bicycle + car + 
191789,Reinickendorf,12231102,Frohnau,January,8,Monday,minor,0,Driving,Daylight,1,0,0,0,0,0,Frozen,13.289,52.63182,bicycle + 
191790,Tempelhof-Schöneberg,7030301,Friedenau,January,13,Thursday,minor,1,Paralle Traffic,Daylight,1,1,0,0,0,0,Dry,13.33272,52.4742,bicycle + car + 
191791,Treptow-Köpenick,9051801,Rahnsdorf/Hessenwinkel,January,9,Monday,serious,0,Driving,Daylight,1,0,0,0,0,0,Frozen,13.73056,52.42746,bicycle + 
191792,Charlottenburg-Wilmersdorf,4030726,Droysenstraße,January,11,Monday,minor,6,Turning,Daylight,0,0,1,0,0,1,Dry,13.30196,52.49897,pedestrian + other
191793,Mitte,1022203,Lübecker Straße,January,2,Sunday,minor,1,Other,Night,0,1,0,0,0,0,Wet,13.35366,52.52662,car + 
191794,Mitte,1011302,Oranienburger Straße,January,11,Sunday,minor,6,Other,Daylight,0,1,1,0,0,0,Wet,13.39724,52.52711,car + pedestrian + 
191795,Spandau,5010101,Hakenfelde Nord,January,19,Sunday,minor,6,Turning,Night,0,1,1,0,0,0,Wet,13.20867,52.56159,car + pedestrian + 
191796,Spandau,5030730,Zitadellenweg,January,19,Sunday,minor,2,Stationary Traffic,Night,0,1,0,0,0,0,Wet,13.22301,52.53708,car + 
191797,Spandau,5010314,Carl-Schurz-Straße,January,20,Sunday,minor,6,Overtaking,Night,0,1,1,0,0,0,Dry,13.18745,52.53769,car + pedestrian + 
191798,Neukölln,8010212,Rollberg,January,11,Sunday,minor,5,Crossing,Daylight,0,1,0,0,0,0,Wet,13.43644,52.47733,car + 
191799,Charlottenburg-Wilmersdorf,4030726,Droysenstraße,January,8,Sunday,serious,1,Driving,Daylight,0,1,0,0,0,0,Wet,13.30356,52.49943,car + 
191800,Mitte,1044201,Reinickendorfer Straße,January,4,Sunday,minor,5,Crossing,Night,0,1,0,0,0,1,Dry,13.37707,52.55641,car + other
191801,Neukölln,8010301,Reuterkiez,January,18,Sunday,minor,2,Stationary Traffic,Night,0,1,0,0,0,0,Wet,13.44196,52.48308,car + 
191802,Charlottenburg-Wilmersdorf,4030620,Alt-Lietzow,January,18,Sunday,serious,6,Turning,Night,0,1,1,0,0,0,Wet,13.30682,52.51726,car + pedestrian + 
191803,Pankow,3020307,Buchholz,January,5,Thursday,minor,0,Stationary Traffic,Night,0,1,0,0,0,1,Wet,13.4374,52.59224,car + other
191804,Mitte,1011102,Großer Tiergarten,January,18,Sunday,minor,2,Stationary Traffic,Night,0,1,0,0,0,0,Wet,13.34821,52.5154,car + 
191805,Tempelhof-Schöneberg,7050505,Hundsteinweg,January,18,Sunday,serious,6,Overtaking,Night,0,1,1,0,0,0,Wet,13.39809,52.44008,car + pedestrian + 
191806,Spandau,5010103,Amorbacher Weg,January,17,Sunday,minor,5,Crossing,Night,0,1,0,0,0,0,Wet,13.20664,52.56022,car + 
191807,Steglitz-Zehlendorf,6030504,Teltower Damm,January,16,Sunday,minor,5,Turning,Night,1,1,0,0,0,0,Wet,13.27353,52.40987,bicycle + car + 
191808,Steglitz-Zehlendorf,6030608,Schweizer Viertel,January,15,Sunday,minor,4,Stationary Traffic,Daylight,1,1,0,0,0,0,Wet,13.28562,52.43176,bicycle + car + 
191809,Reinickendorf,12214528,Tegeler Forst,January,21,Saturday,minor,4,Stationary Traffic,Night,0,1,0,0,0,0,Wet,13.28197,52.60075,car + 
191810,Charlottenburg-Wilmersdorf,4051446,Preußenpark,January,22,Saturday,serious,6,Overtaking,Night,0,1,1,0,0,0,Wet,13.3082,52.49674,car + pedestrian + 
191811,Tempelhof-Schöneberg,7070701,Kettinger Straße/Schillerstraße,January,14,Saturday,serious,0,Other,Daylight,0,1,0,0,0,0,Wet,13.39775,52.39626,car + 
191812,Lichtenberg,11010310,Mühlengrund,January,13,Saturday,minor,6,Overtaking,Daylight,0,0,1,0,0,1,Frozen,13.50593,52.56342,pedestrian + other
191813,Mitte,1011305,Heine-Viertel West,January,15,Thursday,minor,5,Other,Daylight,1,0,0,0,0,1,Dry,13.40796,52.51175,bicycle + other
191814,Reinickendorf,12103117,Letteplatz,January,13,Saturday,minor,5,Crossing,Daylight,0,1,0,0,0,0,Wet,13.37191,52.56408,car + 
191815,Neukölln,8020727,Buckow Mitte,January,12,Saturday,minor,6,Overtaking,Daylight,0,1,1,0,0,0,Wet,13.43648,52.42383,car + pedestrian + 
191816,Treptow-Köpenick,9010202,Köpenicker Landstraße,January,11,Saturday,serious,4,Stationary Traffic,Daylight,0,1,0,0,0,0,Wet,13.47375,52.47497,car + 
191817,Mitte,1011302,Oranienburger Straße,January,19,Thursday,minor,1,Paralle Traffic,Night,1,1,0,0,0,0,Dry,13.40737,52.52377,bicycle + car + 
191818,Pankow,3040818,Pankow Süd,January,11,Saturday,minor,5,Crossing,Daylight,0,1,0,0,0,0,Wet,13.42248,52.55981,car + 
191819,Tempelhof-Schöneberg,7050503,Eisenacher Straße,January,10,Saturday,serious,1,Paralle Traffic,Daylight,0,1,0,0,0,0,Wet,13.40575,52.45275,car + 
191820,Mitte,1044201,Reinickendorfer Straße,January,8,Saturday,minor,2,Stationary Traffic,Daylight,0,1,0,0,0,0,Wet,13.37673,52.55632,car + 
191821,Spandau,5010208,Germersheimer Platz,January,22,Saturday,minor,6,Other,Night,0,1,1,0,0,0,Wet,13.18483,52.54782,car + pedestrian + 
191822,Friedrichshain-Kreuzberg,2040703,Wriezener Bahnhof/Entwicklungsgebiet,January,21,Saturday,minor,5,Other,Night,0,1,0,0,0,0,Wet,13.44088,52.50479,car + 
191823,Charlottenburg-Wilmersdorf,4030726,Droysenstraße,January,20,Saturday,minor,6,Other,Night,0,1,1,0,0,0,Wet,13.30455,52.49961,car + pedestrian + 
191824,Neukölln,8010117,Schillerpromenade,February,22,Friday,minor,4,Paralle Traffic,Night,1,0,0,0,0,1,Dry,13.4273,52.47499,bicycle + other
191825,Steglitz-Zehlendorf,6040810,Dahlem,January,20,Saturday,minor,6,Turning,Night,0,1,1,0,0,0,Wet,13.27093,52.45087,car + pedestrian + 
191826,Charlottenburg-Wilmersdorf,4031032,Halensee,January,17,Saturday,minor,0,Crossing,Dawn,1,1,0,0,0,0,Wet,13.28824,52.49576,bicycle + car + 
191827,Pankow,3010104,Lietzengraben,January,4,Saturday,minor,9,Driving,Night,0,1,0,0,0,0,Frozen,13.44483,52.61536,car + 
191828,Friedrichshain-Kreuzberg,2020202,Rathaus Yorckstraße,January,12,Wednesday,minor,5,Crossing,Daylight,1,1,0,0,0,0,Dry,13.3839,52.49518,bicycle + car + 
191829,Treptow-Köpenick,9010402,Johannisthal Ost,January,18,Saturday,minor,6,Turning,Night,0,1,1,0,0,0,Wet,13.50063,52.43526,car + pedestrian + 
191830,Pankow,3040614,Pankow Zentrum,January,17,Saturday,minor,5,Crossing,Dawn,0,1,0,0,0,0,Wet,13.42618,52.57584,car + 
191831,Mitte,1011204,Leipziger Straße,January,17,Saturday,minor,5,Turning,Dawn,0,1,0,0,0,0,Wet,13.3899,52.51031,car + 
191832,Tempelhof-Schöneberg,7040403,Manteuffelstraße,January,17,Saturday,serious,5,Crossing,Dawn,1,1,0,0,0,0,Wet,13.37449,52.46866,bicycle + car + 
191833,Steglitz-Zehlendorf,6020304,Kaiser-Wilhelm-Straße,January,0,Saturday,minor,1,Paralle Traffic,Night,0,0,0,1,1,0,Wet,13.3348,52.4338,motorbike + truck + 
191834,Charlottenburg-Wilmersdorf,4030931,Breitscheidplatz,January,12,Thursday,minor,5,Crossing,Daylight,0,1,0,0,0,0,Dry,13.33254,52.5053,car + 
191835,Treptow-Köpenick,9041501,Altstadt Kietz,January,17,Saturday,minor,6,Overtaking,Dawn,0,1,1,0,0,0,Wet,13.57777,52.44594,car + pedestrian + 
191836,Charlottenburg-Wilmersdorf,4010101,Jungfernheide,January,16,Saturday,minor,2,Turning,Dawn,0,1,0,0,0,0,Wet,13.2969,52.54801,car + 
191837,Marzahn-Hellersdorf,10010308,Marzahner Chaussee,January,13,Thursday,minor,2,Stationary Traffic,Daylight,0,1,0,0,0,0,Dry,13.52699,52.52548,car + 
191838,Tempelhof-Schöneberg,7030301,Friedenau,January,16,Saturday,minor,3,Stationary Traffic,Dawn,1,0,0,0,0,1,Wet,13.3376,52.47338,bicycle + other
191839,Mitte,1011103,Lützowstraße,January,18,Friday,minor,2,Stationary Traffic,Night,0,1,0,0,0,0,Wet,13.35515,52.50178,car + 
191840,Tempelhof-Schöneberg,7030303,Grazer Platz,January,20,Wednesday,minor,2,Stationary Traffic,Night,0,1,0,0,0,0,Dry,13.34841,52.45892,car + 
191841,Neukölln,8010303,Donaustraße,January,22,Friday,minor,5,Turning,Night,1,1,0,0,0,0,Wet,13.43364,52.48209,bicycle + car + 
191842,Pankow,3020307,Buchholz,January,21,Friday,serious,0,Other,Night,0,1,0,0,0,1,Dry,13.43297,52.59915,car + other
191843,Marzahn-Hellersdorf,10010203,Gewerbegebiet Bitterfelder Straße,January,12,Friday,minor,9,Driving,Daylight,0,1,0,0,0,0,Frozen,13.53782,52.54007,car + 
191844,Neukölln,8010117,Schillerpromenade,January,19,Friday,minor,0,Paralle Traffic,Night,1,1,0,0,0,0,Wet,13.42798,52.47371,bicycle + car + 
191845,Steglitz-Zehlendorf,6040809,Thielallee,January,7,Friday,minor,0,Driving,Dawn,1,0,0,0,0,0,Wet,13.30192,52.45688,bicycle + 
191846,Mitte,2040701,Andreasviertel,January,7,Friday,serious,5,Turning,Dawn,1,1,0,0,0,0,Wet,13.42424,52.51351,bicycle + car + 
191847,Steglitz-Zehlendorf,6020302,Komponistenviertel Lankwitz,January,6,Thursday,minor,2,Stationary Traffic,Night,0,1,0,0,0,1,Dry,13.32727,52.44,car + other
191848,Mitte,1011102,Großer Tiergarten,January,8,Friday,minor,2,Stationary Traffic,Daylight,0,1,0,0,0,0,Frozen,13.35111,52.51516,car + 
191849,Mitte,1011306,Heine-Viertel Ost,January,10,Friday,minor,6,Turning,Daylight,0,0,1,0,0,1,Wet,13.41664,52.51096,pedestrian + other
191850,Charlottenburg-Wilmersdorf,4020313,Königin-Elisabeth-Straße,January,11,Friday,minor,5,Turning,Daylight,0,1,0,0,0,1,Dry,13.27685,52.50709,car + other
191851,Tempelhof-Schöneberg,7040401,Neu-Tempelhof,January,11,Friday,minor,2,Other,Daylight,0,1,0,0,0,0,Wet,13.37856,52.48214,car + 
191852,Lichtenberg,11051229,Rummelsburg,January,13,Friday,minor,6,Overtaking,Daylight,0,1,1,0,0,0,Wet,13.47913,52.49985,car + pedestrian + 
191853,Lichtenberg,11051229,Rummelsburg,January,13,Friday,serious,2,Turning,Daylight,1,0,0,0,1,0,Dry,13.47005,52.50227,bicycle + truck + 
191854,Treptow-Köpenick,9041401,Allende I,January,14,Friday,minor,5,Crossing,Daylight,0,1,0,0,0,0,Dry,13.5854,52.44454,car + 
191855,Reinickendorf,12301204,Wittenau Nord,January,6,Friday,minor,5,Turning,Dawn,0,1,0,0,0,0,Wet,13.32481,52.60211,car + 
191856,Friedrichshain-Kreuzberg,2050801,Traveplatz,January,18,Friday,minor,5,Turning,Night,0,1,0,1,0,0,Wet,13.47134,52.5073,car + motorbike + 
191857,Treptow-Köpenick,9051702,Bölschestraße,January,10,Friday,minor,0,Other,Daylight,0,1,0,0,0,0,Wet,13.63834,52.44862,car + 
191858,Neukölln,8030831,Gropiusstadt Ost,January,18,Friday,serious,6,Overtaking,Night,0,1,1,0,0,0,Wet,13.46827,52.42757,car + pedestrian + 
191859,Treptow-Köpenick,9020701,Adlershof West,January,17,Friday,minor,5,Turning,Night,0,1,0,0,0,0,Wet,13.53264,52.43084,car + 
191860,Tempelhof-Schöneberg,7040405,Rathaus Tempelhof,January,18,Thursday,minor,6,Turning,Night,0,1,1,0,0,0,Dry,13.39338,52.4579,car + pedestrian + 
191861,Charlottenburg-Wilmersdorf,4051448,Schaperstraße,January,16,Friday,minor,5,Crossing,Dawn,0,1,0,0,0,0,Dry,13.33109,52.49539,car + 
191862,Charlottenburg-Wilmersdorf,4030828,Savignyplatz,January,19,Thursday,minor,3,Stationary Traffic,Night,1,1,0,0,0,0,Dry,13.32171,52.50676,bicycle + car + 
191863,Lichtenberg,11030619,Fennpfuhl Ost,January,18,Thursday,minor,2,Stationary Traffic,Night,0,1,0,0,0,0,Dry,13.48502,52.53331,car + 
191864,Neukölln,8020619,Buschkrugallee Nord,January,17,Thursday,serious,5,Crossing,Night,0,1,0,0,0,1,Dry,13.44049,52.46193,car + other
191865,Steglitz-Zehlendorf,6040703,Nikolassee,January,16,Thursday,minor,5,Crossing,Night,1,1,0,0,0,0,Dry,13.19794,52.43515,bicycle + car + 
191866,Marzahn-Hellersdorf,10010102,Havemannstraße,January,15,Thursday,serious,6,Overtaking,Daylight,0,1,1,0,0,0,Dry,13.5769,52.56672,car + pedestrian + 
191867,Steglitz-Zehlendorf,6040701,Wannsee,February,15,Friday,minor,5,Crossing,Daylight,0,1,0,0,0,0,Dry,13.14371,52.39765,car + 
191868,Marzahn-Hellersdorf,10010204,Wuhletalstraße,January,15,Thursday,minor,5,Crossing,Daylight,0,1,0,0,1,0,Dry,13.55807,52.56274,car + truck + 
191869,Neukölln,8010118,Silbersteinstraße,January,14,Thursday,minor,6,Other,Daylight,1,0,1,0,0,0,Dry,13.43421,52.46318,bicycle + pedestrian + 
191870,Treptow-Köpenick,9020701,Adlershof West,January,9,Thursday,minor,6,Overtaking,Daylight,0,1,1,0,0,0,Dry,13.5368,52.43564,car + pedestrian + 
191871,Treptow-Köpenick,9030901,Dorf Altglienicke,January,7,Thursday,minor,1,Paralle Traffic,Daylight,0,1,0,0,0,0,Dry,13.5352,52.41556,car + 
191872,Tempelhof-Schöneberg,7020204,Schöneberger Insel,January,12,Wednesday,minor,2,Stationary Traffic,Daylight,0,1,0,0,0,0,Dry,13.36889,52.48487,car + 
191873,Spandau,5020522,Pillnitzer Weg,January,15,Wednesday,serious,6,Overtaking,Daylight,0,1,1,0,0,0,Dry,13.15783,52.5232,car + pedestrian + 
191874,Neukölln,8041037,Alt-Rudow,January,16,Wednesday,minor,5,Turning,Night,0,1,0,0,0,0,Dry,13.49531,52.4316,car + 
191875,Treptow-Köpenick,9010101,Elsenstraße,January,17,Thursday,minor,2,Turning,Dawn,0,1,0,0,0,0,Dry,13.45404,52.48891,car + 
191876,Mitte,1011203,Unter den Linden Süd,January,15,Wednesday,minor,5,Turning,Daylight,1,1,0,0,0,0,Dry,13.38665,52.51184,bicycle + car + 
191877,Tempelhof-Schöneberg,7010104,Dennewitzplatz,January,15,Wednesday,minor,2,Stationary Traffic,Daylight,0,0,0,1,0,0,Dry,13.36601,52.49546,motorbike + 
191878,Pankow,3050925,Komponistenviertel Weißensee,January,15,Wednesday,minor,1,Paralle Traffic,Daylight,1,1,0,0,0,0,Dry,13.46503,52.5483,bicycle + car + 
191879,Pankow,3061126,Arnimplatz,January,14,Wednesday,minor,1,Paralle Traffic,Daylight,0,1,0,0,0,0,Dry,13.40625,52.55386,car + 
191880,Charlottenburg-Wilmersdorf,4030726,Droysenstraße,January,12,Wednesday,serious,5,Turning,Daylight,0,1,0,1,0,0,Dry,13.2965,52.50173,car + motorbike + 
191881,Pankow,3030716,Märchenland,January,7,Thursday,minor,2,Stationary Traffic,Daylight,0,1,0,0,0,0,Dry,13.46959,52.56741,car + 
191882,Treptow-Köpenick,9010401,Johannisthal West,January,6,Wednesday,minor,2,Stationary Traffic,Night,0,1,0,0,0,0,Wet,13.49981,52.44774,car + 
191883,Treptow-Köpenick,9010401,Johannisthal West,January,6,Wednesday,minor,0,Stationary Traffic,Night,0,1,0,0,0,1,Dry,13.50928,52.45309,car + other
191884,Friedrichshain-Kreuzberg,2040701,Andreasviertel,January,22,Wednesday,minor,5,Crossing,Night,0,1,0,0,0,0,Dry,13.42663,52.51583,car + 
191885,Pankow,3020307,Buchholz,January,7,Wednesday,minor,6,Overtaking,Daylight,0,1,1,0,0,0,Dry,13.42445,52.60746,car + pedestrian + 