id,district,lor,street,month,hour,weekday,injury,collision,movement,light_conditions,bicycle,car,pedestrian,motorbike,truck,other_vehicle,road_conditions,longitude,latitude,Combo_type
191886,Charlottenburg-Wilmersdorf,4051448,Schaperstraße,January,7,Wednesday,minor,3,Stationary Traffic,Daylight,1,1,0,0,0,0,Dry,13.3308,52.49708,bicycle + car + 
191887,Mitte,1011301,Charitéviertel,January,8,Wednesday,minor,2,Stationary Traffic,Daylight,1,1,0,0,0,0,Wet,13.3789,52.5339,bicycle + car + 
191888,Treptow-Köpenick,9010301,Baumschulenstraße,January,17,Wednesday,minor,5,Turning,Night,1,1,0,0,0,0,Dry,13.49117,52.46899,bicycle + car + 
191889,Charlottenburg-Wilmersdorf,4030415,Schloßgarten,January,8,Wednesday,minor,2,Stationary Traffic,Daylight,0,1,0,0,0,0,Dry,13.29884,52.51952,car + 
191890,Charlottenburg-Wilmersdorf,4030519,Kaiserin-Augusta-Allee,January,8,Wednesday,minor,5,Turning,Daylight,1,1,0,0,0,0,Dry,13.31388,52.52578,bicycle + car + 
191891,Spandau,5010208,Germersheimer Platz,January,9,Wednesday,minor,6,Turning,Daylight,0,1,1,0,0,0,Dry,13.18659,52.54711,car + pedestrian + 
191892,Tempelhof-Schöneberg,7070701,Kettinger Straße/Schillerstraße,January,11,Wednesday,serious,6,Turning,Daylight,0,1,1,0,0,0,Dry,13.39257,52.41269,car + pedestrian + 
191893,Reinickendorf,12302108,Märkisches Zentrum,January,6,Wednesday,minor,2,Stationary Traffic,Night,0,1,0,0,0,0,Dry,13.35091,52.59662,car + 
191894,Neukölln,8010301,Reuterkiez,January,9,Thursday,minor,0,Crossing,Daylight,0,1,0,1,0,0,Dry,13.44426,52.48482,car + motorbike + 
191895,Steglitz-Zehlendorf,6030610,Lichterfelde West,January,19,Wednesday,serious,5,Crossing,Night,0,1,0,0,0,0,Frozen,13.2922,52.44139,car + 
191896,Friedrichshain-Kreuzberg,2020204,Urbanstraße,January,18,Wednesday,minor,5,Turning,Night,1,1,0,0,0,0,Dry,13.39776,52.49534,bicycle + car + 
191897,Charlottenburg-Wilmersdorf,4030623,Ernst-Reuter-Platz,January,14,Wednesday,minor,6,Overtaking,Daylight,1,0,1,0,0,0,Dry,13.3234,52.51107,bicycle + pedestrian + 
191898,Charlottenburg-Wilmersdorf,4051550,Leon-Jessel-Platz,January,12,Wednesday,minor,6,Overtaking,Daylight,0,1,1,0,0,0,Dry,13.31941,52.48709,car + pedestrian + 
191899,Neukölln,8010301,Reuterkiez,January,18,Wednesday,minor,2,Stationary Traffic,Night,0,1,0,0,0,0,Dry,13.43236,52.48543,car + 
191900,Steglitz-Zehlendorf,6010209,Feuerbachstraße,January,18,Wednesday,minor,5,Crossing,Night,1,1,0,0,0,0,Dry,13.33577,52.46497,bicycle + car + 
191901,Pankow,3040818,Pankow Süd,January,12,Wednesday,serious,5,Crossing,Daylight,1,1,0,0,0,0,Dry,13.42186,52.56271,bicycle + car + 
191902,Friedrichshain-Kreuzberg,2020206,Graefekiez,January,4,Wednesday,serious,8,Driving,Night,0,1,0,0,0,0,Dry,13.41172,52.49216,car + 
191903,Charlottenburg-Wilmersdorf,4030931,Breitscheidplatz,January,17,Wednesday,minor,6,Overtaking,Night,1,0,1,0,0,0,Dry,13.33015,52.50364,bicycle + pedestrian + 
191904,Tempelhof-Schöneberg,7040405,Rathaus Tempelhof,January,17,Wednesday,minor,5,Turning,Night,1,1,0,0,0,0,Dry,13.38708,52.46857,bicycle + car + 
191905,Friedrichshain-Kreuzberg,2040503,Richard-Sorge-Viertel,January,17,Wednesday,minor,2,Stationary Traffic,Night,0,1,0,0,0,0,Dry,13.44351,52.52507,car + 
191906,Friedrichshain-Kreuzberg,2030302,Lausitzer Platz,January,13,Wednesday,minor,1,Paralle Traffic,Daylight,1,0,0,0,0,1,Dry,13.42485,52.49974,bicycle + other
191907,Steglitz-Zehlendorf,6020409,Königsberger Straße,January,13,Thursday,minor,5,Turning,Daylight,1,1,0,0,0,0,Dry,13.32727,52.43035,bicycle + car + 
191908,Neukölln,8020622,Parchimer Allee,January,7,Tuesday,minor,2,Stationary Traffic,Daylight,0,1,0,0,0,0,Dry,13.43343,52.44482,car + 
191909,Pankow,3061126,Arnimplatz,January,10,Tuesday,serious,5,Other,Daylight,0,1,0,0,0,1,Dry,13.40613,52.55331,car + other
191910,Mitte,1033201,Brunnenstraße,January,16,Tuesday,minor,6,Overtaking,Daylight,1,0,1,0,0,0,Dry,13.39743,52.53867,bicycle + pedestrian + 
191911,Charlottenburg-Wilmersdorf,4030623,Ernst-Reuter-Platz,January,13,Wednesday,serious,5,Crossing,Daylight,1,1,0,0,0,0,Dry,13.31727,52.51219,bicycle + car + 
191912,Lichtenberg,11020515,Landsberger Allee,January,14,Tuesday,minor,5,Crossing,Daylight,0,1,0,0,0,0,Dry,13.49962,52.53495,car + 
191913,Pankow,3061429,Greifswalder Straße,January,14,Tuesday,minor,5,Turning,Daylight,1,1,0,0,0,0,Dry,13.44053,52.54071,bicycle + car + 
191914,Steglitz-Zehlendorf,6040810,Dahlem,January,13,Tuesday,minor,2,Turning,Daylight,0,1,0,0,1,0,Dry,13.27807,52.46607,car + truck + 
191915,Steglitz-Zehlendorf,6010208,Bergstraße,January,13,Tuesday,minor,2,Turning,Daylight,1,1,0,0,0,0,Dry,13.32971,52.4582,bicycle + car + 
191916,Neukölln,8020621,Mohriner Allee Nord,January,13,Tuesday,minor,4,Stationary Traffic,Daylight,0,1,0,0,0,0,Dry,13.42317,52.44142,car + 
191917,Marzahn-Hellersdorf,10040933,Mahlsdorf Süd,January,12,Tuesday,minor,5,Turning,Daylight,0,1,0,0,0,1,Dry,13.60089,52.47898,car + other
191918,Reinickendorf,12302110,Dannenwalder Weg,January,18,Thursday,serious,6,Turning,Night,0,1,1,0,0,0,Dry,13.34776,52.59624,car + pedestrian + 
191919,Pankow,3040512,Wilhelmsruh,January,12,Tuesday,serious,5,Crossing,Daylight,1,1,0,0,0,0,Dry,13.36409,52.58175,bicycle + car + 
191920,Neukölln,8020619,Buschkrugallee Nord,January,12,Tuesday,minor,6,Other,Daylight,0,1,1,0,0,0,Dry,13.44482,52.45326,car + pedestrian + 
191921,Neukölln,8041036,Zittauer Straße,January,18,Tuesday,minor,6,Overtaking,Dawn,0,1,1,0,0,0,Dry,13.48942,52.41339,car + pedestrian + 
191922,Neukölln,8010405,Hertzbergplatz,January,10,Tuesday,minor,5,Crossing,Daylight,0,1,0,0,0,1,Dry,13.45169,52.47804,car + other
191923,Neukölln,8030829,Gropiusstadt Nord,January,18,Thursday,serious,6,Turning,Dawn,0,1,1,0,0,0,Dry,13.46,52.43208,car + pedestrian + 
191924,Lichtenberg,11030720,Herzbergstraße,January,9,Tuesday,minor,2,Stationary Traffic,Daylight,0,1,0,0,0,1,Dry,13.49975,52.52589,car + other
191925,Charlottenburg-Wilmersdorf,4030930,George-Grosz-Platz,January,9,Tuesday,serious,3,Crossing,Daylight,0,1,0,0,0,1,Dry,13.31512,52.50101,car + other
191926,Pankow,3071537,Kollwitzplatz,January,22,Tuesday,serious,5,Turning,Night,1,1,0,0,0,0,Dry,13.41899,52.53073,bicycle + car + 
191927,Charlottenburg-Wilmersdorf,4020310,Park Ruhwald,January,20,Tuesday,minor,5,Turning,Night,0,1,0,0,0,0,Dry,13.28314,52.51866,car + 
191928,Reinickendorf,12214527,Alt-Tegel,January,19,Tuesday,minor,6,Other,Night,0,1,1,0,0,0,Dry,13.28469,52.58871,car + pedestrian + 
191929,Steglitz-Zehlendorf,6040810,Dahlem,January,8,Tuesday,minor,2,Turning,Daylight,1,1,0,0,0,0,Dry,13.27036,52.45091,bicycle + car + 
191930,Friedrichshain-Kreuzberg,2010104,Wassertorplatz,January,18,Tuesday,minor,6,Overtaking,Dawn,1,0,1,0,0,0,Dry,13.40629,52.49832,bicycle + pedestrian + 
191931,Marzahn-Hellersdorf,10010310,Alt-Marzahn,January,20,Monday,minor,2,Stationary Traffic,Night,0,1,0,0,0,0,Wet,13.53992,52.53957,car + 
191932,Marzahn-Hellersdorf,10020413,Gut Hellersdorf,January,16,Thursday,minor,6,Overtaking,Daylight,0,1,1,0,0,0,Dry,13.58854,52.53931,car + pedestrian + 
191933,Treptow-Köpenick,9010301,Baumschulenstraße,January,19,Monday,minor,5,Crossing,Night,0,1,0,0,0,0,Dry,13.48895,52.467,car + 
191934,Mitte,1044202,Sparrplatz,January,18,Monday,minor,2,Stationary Traffic,Night,0,1,0,0,0,0,Dry,13.35952,52.54629,car + 
191935,Charlottenburg-Wilmersdorf,4030620,Alt-Lietzow,January,17,Monday,serious,6,Turning,Night,0,1,1,0,0,0,Dry,13.30685,52.51725,car + pedestrian + 
191936,Lichtenberg,11041023,Gensinger Straße,January,17,Monday,serious,6,Overtaking,Night,0,1,1,0,0,0,Dry,13.53264,52.5115,car + pedestrian + 
191937,Treptow-Köpenick,9020501,Oberschöneweide West,January,17,Monday,minor,2,Stationary Traffic,Night,0,1,0,0,0,0,Wet,13.50645,52.47164,car + 
191938,Charlottenburg-Wilmersdorf,4031032,Halensee,January,14,Monday,minor,2,Crossing,Daylight,0,1,0,0,0,0,Dry,13.2963,52.49255,car + 
191939,Tempelhof-Schöneberg,7040403,Manteuffelstraße,January,7,Monday,minor,2,Stationary Traffic,Daylight,0,1,0,0,0,0,Wet,13.37562,52.45655,car + 
191940,Tempelhof-Schöneberg,7040406,Germaniagarten,January,7,Monday,minor,5,Turning,Daylight,1,1,0,0,0,0,Dry,13.41592,52.45956,bicycle + car + 
191941,Pankow,3040512,Wilhelmsruh,January,7,Monday,minor,3,Stationary Traffic,Night,0,1,0,0,1,0,Dry,13.38221,52.59113,car + truck + 
191942,Reinickendorf,12302110,Dannenwalder Weg,February,12,Friday,minor,5,Turning,Daylight,1,0,0,0,1,0,Dry,13.36051,52.59699,bicycle + truck + 
191943,Steglitz-Zehlendorf,6040804,Krumme Lanke,January,6,Monday,minor,6,Turning,Night,0,1,1,0,0,0,Wet,13.23234,52.43761,car + pedestrian + 
191944,Treptow-Köpenick,9030901,Dorf Altglienicke,January,5,Monday,minor,5,Turning,Night,0,1,0,0,0,0,Dry,13.52585,52.42303,car + 
191945,Neukölln,8020728,Buckow Ost,January,17,Monday,minor,2,Turning,Dawn,0,1,0,1,0,0,Dry,13.44652,52.41766,car + motorbike + 
191946,Mitte,1011401,Invalidenstraße,January,13,Wednesday,minor,6,Overtaking,Daylight,0,0,1,0,0,1,Dry,13.39903,52.53264,pedestrian + other
191947,Treptow-Köpenick,9052001,Köpenick Nord,January,17,Monday,serious,6,Turning,Dawn,0,1,1,0,0,0,Dry,13.57052,52.47361,car + pedestrian + 
191948,Tempelhof-Schöneberg,7020204,Schöneberger Insel,January,15,Monday,minor,6,Overtaking,Daylight,1,0,1,0,0,0,Dry,13.36503,52.48509,bicycle + pedestrian + 
191949,Marzahn-Hellersdorf,10040829,Alt-Kaulsdorf,January,15,Monday,minor,2,Turning,Daylight,0,1,0,0,0,0,Dry,13.60242,52.51033,car + 
191950,Charlottenburg-Wilmersdorf,4020313,Königin-Elisabeth-Straße,January,13,Monday,minor,2,Turning,Daylight,0,1,0,0,0,0,Dry,13.27806,52.507,car + 
191951,Neukölln,8020622,Parchimer Allee,January,13,Monday,minor,0,Crossing,Daylight,0,1,0,0,0,1,Dry,13.45469,52.44129,car + other
191952,Friedrichshain-Kreuzberg,2030301,Oranienplatz,January,9,Thursday,minor,3,Stationary Traffic,Daylight,0,1,0,0,0,1,Dry,13.42229,52.49918,car + other
191953,Friedrichshain-Kreuzberg,2020206,Graefekiez,January,12,Monday,minor,6,Other,Daylight,0,1,1,0,0,0,Dry,13.42199,52.48699,car + pedestrian + 
191954,Neukölln,8020619,Buschkrugallee Nord,January,11,Monday,minor,2,Stationary Traffic,Daylight,0,1,0,0,0,0,Dry,13.43466,52.46209,car + 
191955,Charlottenburg-Wilmersdorf,4030827,Karl-August-Platz,January,8,Thursday,minor,0,Turning,Daylight,1,1,0,0,0,0,Dry,13.30688,52.50567,bicycle + car + 
191956,Mitte,1011301,Charitéviertel,January,11,Monday,minor,6,Overtaking,Daylight,0,1,1,0,0,0,Dry,13.38793,52.52223,car + pedestrian + 
191957,Steglitz-Zehlendorf,6040810,Dahlem,January,10,Monday,minor,5,Crossing,Daylight,1,1,0,0,0,0,Dry,13.30363,52.45904,bicycle + car + 
191958,Mitte,1022103,Westhafen,January,9,Monday,minor,2,Stationary Traffic,Daylight,0,1,0,0,0,0,Dry,13.32708,52.53607,car + 
191959,Mitte,1011303,Alexanderplatzviertel,January,21,Wednesday,minor,2,Stationary Traffic,Night,0,1,0,0,0,0,Dry,13.4163,52.52165,car + 
191960,Spandau,5020415,Isenburger Weg,January,8,Monday,minor,6,Overtaking,Daylight,0,1,1,0,0,0,Dry,13.12764,52.54943,car + pedestrian + 
191961,Charlottenburg-Wilmersdorf,4030416,Klausenerplatz,January,10,Monday,minor,0,Driving,Daylight,0,0,0,1,0,0,Frozen,13.2878,52.51509,motorbike + 
191962,Mitte,1033102,Gesundbrunnen,January,15,Sunday,minor,1,Paralle Traffic,Daylight,1,1,0,0,0,1,Wet,13.39211,52.54961,bicycle + car + other
191963,Mitte,1033203,Humboldthain Nordwest,January,23,Sunday,serious,5,Crossing,Night,1,1,0,0,0,0,Dry,13.37463,52.53731,bicycle + car + 
191964,Steglitz-Zehlendorf,6010210,Bismarckstraße,January,17,Sunday,minor,6,Turning,Night,0,1,1,0,0,0,Dry,13.34473,52.46175,car + pedestrian + 
191965,Charlottenburg-Wilmersdorf,4010101,Jungfernheide,January,17,Sunday,minor,5,Turning,Night,0,1,0,0,0,0,Wet,13.27024,52.5486,car + 
191966,Charlottenburg-Wilmersdorf,4030622,Richard-Wagner-Straße,January,10,Thursday,minor,5,Turning,Daylight,0,1,0,0,0,0,Dry,13.30684,52.51487,car + 
191967,Mitte,1033202,Humboldthain Süd,January,15,Sunday,minor,2,Driving,Daylight,1,1,0,0,0,0,Dry,13.38977,52.53518,bicycle + car + 
191968,Neukölln,8030831,Gropiusstadt Ost,January,14,Sunday,minor,5,Turning,Daylight,0,1,0,0,0,0,Wet,13.46807,52.42775,car + 
191969,Reinickendorf,12103117,Letteplatz,January,1,Sunday,serious,1,Driving,Night,0,1,0,0,0,1,Wet,13.36576,52.56284,car + other
191970,Mitte,1044102,Schillerpark,February,15,Tuesday,minor,5,Crossing,Daylight,0,1,0,0,0,0,Dry,13.33866,52.55955,car + 
191971,Reinickendorf,12214424,Scharnweberstraße,February,13,Tuesday,minor,3,Stationary Traffic,Daylight,1,1,0,0,0,0,Dry,13.31714,52.56882,bicycle + car + 
191972,Mitte,1022104,Emdener Straße,February,14,Tuesday,minor,5,Crossing,Daylight,1,1,0,0,0,0,Dry,13.34135,52.52629,bicycle + car + 
191973,Pankow,3061228,Erich-Weinert-Straße,February,17,Thursday,minor,5,Crossing,Night,1,1,0,0,0,0,Dry,13.42791,52.54552,bicycle + car + 
191974,Treptow-Köpenick,9051701,Hirschgarten,February,14,Tuesday,serious,2,Other,Daylight,0,1,0,0,0,0,Dry,13.60788,52.45311,car + 
191975,Treptow-Köpenick,9041301,Kietzer Feld/Nachtheide,February,15,Tuesday,serious,6,Overtaking,Daylight,0,1,1,0,0,0,Dry,13.58379,52.43101,car + pedestrian + 
191976,Steglitz-Zehlendorf,6010206,Stadtpark,February,14,Tuesday,minor,5,Turning,Daylight,1,1,1,0,0,0,Dry,13.33836,52.44923,bicycle + car + pedestrian + 
191977,Charlottenburg-Wilmersdorf,4020310,Park Ruhwald,February,14,Thursday,serious,5,Turning,Daylight,0,1,0,0,0,0,Dry,13.27252,52.51934,car + 
191978,Charlottenburg-Wilmersdorf,4031032,Halensee,February,14,Tuesday,minor,6,Other,Daylight,0,1,1,0,0,0,Dry,13.29615,52.49745,car + pedestrian + 
191979,Spandau,5020521,Döberitzer Weg,February,11,Tuesday,minor,2,Turning,Daylight,0,1,0,0,0,0,Dry,13.12228,52.52869,car + 
191980,Spandau,5010209,An der Kappe,February,11,Tuesday,serious,5,Crossing,Daylight,0,1,0,0,0,0,Dry,13.17454,52.54011,car + 
191981,Steglitz-Zehlendorf,6020306,Lankwitz Süd,February,7,Tuesday,minor,3,Stationary Traffic,Daylight,1,0,0,0,0,1,Dry,13.35968,52.42195,bicycle + other
191982,Friedrichshain-Kreuzberg,2020204,Urbanstraße,February,17,Tuesday,minor,8,Driving,Night,0,1,0,0,0,0,Dry,13.39525,52.49637,car + 
191983,Charlottenburg-Wilmersdorf,4031032,Halensee,February,18,Tuesday,minor,2,Stationary Traffic,Night,0,1,0,0,0,0,Dry,13.3018,52.49532,car + 
191984,Neukölln,8030831,Gropiusstadt Ost,February,20,Tuesday,minor,5,Crossing,Night,1,1,0,0,0,0,Dry,13.47395,52.42566,bicycle + car + 
191985,Neukölln,8010117,Schillerpromenade,February,17,Tuesday,minor,2,Stationary Traffic,Night,1,1,0,0,0,0,Dry,13.4279,52.4734,bicycle + car + 
191986,Mitte,1011305,Heine-Viertel West,February,17,Tuesday,minor,1,Paralle Traffic,Night,1,1,0,0,0,0,Dry,13.41335,52.50698,bicycle + car + 
191987,Friedrichshain-Kreuzberg,2030302,Lausitzer Platz,February,13,Thursday,serious,6,Overtaking,Daylight,1,0,1,0,0,0,Dry,13.43223,52.49936,bicycle + pedestrian + 
191988,Tempelhof-Schöneberg,7050501,Rathausstraße,February,17,Tuesday,minor,1,Other,Night,0,1,0,0,0,1,Dry,13.38492,52.44392,car + other
191989,Friedrichshain-Kreuzberg,2020206,Graefekiez,February,15,Thursday,minor,3,Stationary Traffic,Daylight,1,1,0,0,0,0,Dry,13.40814,52.4889,bicycle + car + 
191990,Neukölln,8041037,Alt-Rudow,February,16,Tuesday,minor,6,Overtaking,Dawn,0,1,1,0,0,0,Dry,13.48643,52.42477,car + pedestrian + 
191991,Mitte,1033203,Humboldthain Nordwest,February,16,Tuesday,minor,6,Overtaking,Daylight,0,0,1,1,0,0,Dry,13.38139,52.54693,pedestrian + motorbike + 
191992,Reinickendorf,12301203,Wittenau Süd,February,16,Tuesday,minor,5,Turning,Daylight,0,1,0,0,0,0,Dry,13.33312,52.57892,car + 
191993,Spandau,5030731,Gartenfelder Straße,February,13,Thursday,minor,2,Stationary Traffic,Daylight,0,1,0,0,0,0,Dry,13.24775,52.53811,car + 
191994,Spandau,5020523,Maulbeerallee,February,15,Tuesday,minor,5,Crossing,Daylight,1,1,0,0,0,0,Dry,13.17071,52.5233,bicycle + car + 
191995,Charlottenburg-Wilmersdorf,4051446,Preußenpark,February,17,Tuesday,serious,5,Turning,Night,1,1,0,0,0,0,Dry,13.31647,52.49915,bicycle + car + 
191996,Reinickendorf,12214125,Waldidyll/Flughafensee,February,10,Tuesday,minor,2,Turning,Daylight,1,0,0,0,0,0,Dry,13.29297,52.58109,bicycle + 
191997,Mitte,1011303,Alexanderplatzviertel,February,14,Friday,minor,5,Turning,Daylight,1,0,0,0,0,1,Dry,13.4098,52.52401,bicycle + other
191998,Steglitz-Zehlendorf,6020303,Lankwitz Kirche,February,10,Tuesday,minor,3,Stationary Traffic,Daylight,0,1,0,0,0,1,Dry,13.34409,52.43846,car + other
191999,Spandau,5020626,Adamstraße,February,7,Tuesday,minor,2,Other,Daylight,0,1,0,0,0,0,Dry,13.19621,52.52103,car + 
192000,Mitte,1011101,Stülerstraße,February,13,Thursday,minor,2,Stationary Traffic,Daylight,0,1,0,0,0,0,Dry,13.342,52.50581,car + 
192001,Friedrichshain-Kreuzberg,2040701,Andreasviertel,February,7,Tuesday,minor,5,Crossing,Dawn,1,1,0,0,0,0,Dry,13.42708,52.51188,bicycle + car + 
192002,Friedrichshain-Kreuzberg,2030402,Wrangelkiez,February,17,Monday,minor,2,Stationary Traffic,Night,0,1,0,0,0,0,Dry,13.44475,52.49961,car + 
192003,Friedrichshain-Kreuzberg,2030402,Wrangelkiez,February,17,Monday,minor,2,Stationary Traffic,Night,0,1,0,0,0,0,Dry,13.44475,52.49961,car + 
192004,Lichtenberg,11030721,Rüdigerstraße,February,9,Thursday,minor,4,Stationary Traffic,Daylight,0,1,0,0,0,0,Dry,13.47364,52.52299,car + 
192005,Charlottenburg-Wilmersdorf,4030931,Breitscheidplatz,February,15,Monday,minor,2,Stationary Traffic,Daylight,0,1,0,0,0,0,Dry,13.33154,52.50502,car + 
192006,Pankow,3020209,Niederschönhausen,February,9,Monday,minor,5,Turning,Daylight,0,1,0,0,1,0,Wet,13.39839,52.59245,car + truck + 
192007,Treptow-Köpenick,9020802,Köllnische Vorstadt,February,8,Monday,minor,2,Turning,Daylight,0,1,0,0,0,0,Wet,13.55932,52.44661,car + 
192008,Mitte,1011302,Oranienburger Straße,February,9,Thursday,minor,5,Turning,Daylight,1,1,0,0,0,0,Dry,13.40944,52.52877,bicycle + car + 
192009,Treptow-Köpenick,9031202,Schmöckwitz/Rauchfangswerder,February,11,Monday,minor,2,Stationary Traffic,Daylight,0,1,0,0,0,0,Wet,13.64514,52.37823,car + 
192010,Mitte,1022205,Zillesiedlung,February,21,Monday,minor,6,Other,Night,0,1,1,0,0,0,Dry,13.35689,52.5249,car + pedestrian + 
192011,Charlottenburg-Wilmersdorf,4041241,Breite Straße,February,14,Friday,minor,0,Driving,Daylight,1,0,0,0,0,0,Dry,13.2935,52.47442,bicycle + 
192012,Treptow-Köpenick,9031101,Grünau,February,21,Monday,minor,6,Other,Night,0,0,1,0,0,1,Dry,13.57556,52.42387,pedestrian + other
192013,Spandau,5020419,Magistratsweg,February,5,Monday,minor,3,Stationary Traffic,Night,1,0,0,0,0,1,Wet,13.14218,52.53253,bicycle + other
192014,Marzahn-Hellersdorf,10010204,Wuhletalstraße,February,11,Thursday,minor,5,Crossing,Daylight,0,1,0,0,0,0,Dry,13.564,52.55631,car + 
192015,Reinickendorf,12103219,Schäfersee,February,7,Monday,minor,6,Turning,Daylight,0,1,1,0,0,0,Wet,13.35261,52.5643,car + pedestrian + 
192016,Neukölln,8010406,Treptower Straße Nord,February,5,Monday,serious,5,Crossing,Night,0,0,0,1,0,1,Wet,13.45219,52.48118,motorbike + other
192017,Neukölln,8010404,Rixdorf,February,11,Thursday,minor,2,Stationary Traffic,Daylight,0,1,0,0,0,1,Dry,13.44926,52.47726,car + other
192018,Spandau,5020626,Adamstraße,February,19,Monday,minor,6,Turning,Night,0,1,1,0,0,0,Dry,13.19548,52.52903,car + pedestrian + 
192019,Mitte,1022207,Hansaviertel,February,7,Monday,serious,6,Other,Dawn,1,0,1,0,0,0,Wet,13.33631,52.51464,bicycle + pedestrian + 
192020,Neukölln,8020727,Buckow Mitte,February,18,Monday,minor,6,Turning,Dawn,0,1,1,0,0,0,Dry,13.43539,52.42483,car + pedestrian + 
192021,Mitte,1011202,Unter den Linden Nord,February,19,Thursday,minor,0,Turning,Night,1,0,0,0,0,1,Dry,13.38835,52.51975,bicycle + other
192022,Tempelhof-Schöneberg,7010101,Wittenbergplatz/Viktoria-Luise-Platz,February,16,Monday,minor,6,Other,Daylight,1,0,1,0,0,0,Dry,13.34487,52.50132,bicycle + pedestrian + 
192023,Lichtenberg,11020514,Große-Leege-Straße,February,16,Monday,serious,5,Crossing,Daylight,1,1,0,0,0,0,Dry,13.48779,52.53764,bicycle + car + 
192024,Neukölln,8020622,Parchimer Allee,February,15,Monday,minor,6,Overtaking,Daylight,0,1,1,0,0,0,Dry,13.43648,52.44926,car + pedestrian + 
192025,Charlottenburg-Wilmersdorf,4051445,Eisenzahnstraße,February,7,Thursday,minor,5,Turning,Daylight,1,1,0,0,0,0,Wet,13.30867,52.48867,bicycle + car + 
192026,Treptow-Köpenick,9031101,Grünau,February,15,Monday,serious,0,Driving,Daylight,1,1,0,0,0,0,Dry,13.57723,52.42137,bicycle + car + 
192027,Mitte,1033201,Brunnenstraße,February,14,Monday,minor,2,Stationary Traffic,Daylight,0,1,0,0,0,0,Wet,13.38862,52.54769,car + 
192028,Marzahn-Hellersdorf,10040932,Alt-Mahlsdorf,February,12,Monday,minor,2,Stationary Traffic,Daylight,0,1,0,1,0,0,Dry,13.61231,52.51144,car + motorbike + 
192029,Steglitz-Zehlendorf,6030609,Augustaplatz,February,7,Thursday,minor,5,Crossing,Daylight,0,1,0,0,0,0,Dry,13.30553,52.44202,car + 
192030,Charlottenburg-Wilmersdorf,4020313,Königin-Elisabeth-Straße,February,12,Monday,minor,6,Turning,Daylight,0,1,1,0,0,0,Wet,13.28189,52.51101,car + pedestrian + 
192031,Pankow,3061332,Helmholtzplatz,February,8,Monday,minor,5,Other,Daylight,0,1,0,0,0,1,Wet,13.41739,52.54681,car + other
192032,Reinickendorf,12304313,Borsigwalde,February,8,Monday,minor,5,Other,Daylight,0,1,0,0,0,1,Wet,13.30708,52.58279,car + other
192033,Neukölln,8020619,Buschkrugallee Nord,February,7,Thursday,minor,5,Turning,Daylight,0,1,0,0,0,1,Wet,13.43851,52.45259,car + other
192034,Treptow-Köpenick,9010202,Köpenicker Landstraße,February,18,Monday,minor,6,Overtaking,Dawn,0,1,1,0,0,0,Dry,13.48115,52.48267,car + pedestrian + 
192035,Neukölln,8010301,Reuterkiez,February,16,Sunday,minor,2,Turning,Night,0,1,0,0,0,0,Wet,13.42894,52.48654,car + 
192036,Treptow-Köpenick,9020702,Adlershof Ost,February,21,Sunday,minor,2,Other,Night,0,1,0,1,0,0,Wet,13.55262,52.43908,car + motorbike + 
192037,Reinickendorf,12301203,Wittenau Süd,February,16,Thursday,minor,5,Turning,Daylight,1,1,0,0,0,0,Dry,13.32372,52.58751,bicycle + car + 
192038,Marzahn-Hellersdorf,10020413,Gut Hellersdorf,February,15,Sunday,minor,5,Turning,Daylight,0,1,0,0,0,0,Wet,13.59163,52.54495,car + 
192039,Spandau,5010314,Carl-Schurz-Straße,February,1,Sunday,minor,8,Driving,Dawn,0,1,0,0,0,0,Wet,13.20315,52.53996,car + 
192040,Friedrichshain-Kreuzberg,2030301,Oranienplatz,February,18,Sunday,serious,2,Stationary Traffic,Night,1,1,0,0,0,0,Wet,13.41823,52.49982,bicycle + car + 
192041,Neukölln,8041040,Waltersdorfer Chaussee Ost,February,7,Thursday,minor,0,Crossing,Daylight,0,1,0,1,0,0,Dry,13.5138,52.42011,car + motorbike + 
192042,Charlottenburg-Wilmersdorf,4031032,Halensee,February,19,Sunday,serious,6,Turning,Night,0,1,1,0,0,0,Wet,13.2996,52.49421,car + pedestrian + 
192043,Steglitz-Zehlendorf,6020409,Königsberger Straße,February,18,Sunday,serious,8,Driving,Night,0,1,0,0,0,1,Wet,13.31906,52.43308,car + other
192044,Mitte,1044202,Sparrplatz,February,9,Sunday,minor,2,Stationary Traffic,Daylight,0,1,0,0,0,0,Wet,13.35952,52.54629,car + 
192045,Friedrichshain-Kreuzberg,2010102,Mehringplatz,February,2,Sunday,minor,5,Crossing,Night,0,1,0,0,0,1,Dry,13.39441,52.5069,car + other
192046,Lichtenberg,11020412,Hauptstraße,February,10,Friday,minor,5,Turning,Daylight,1,1,0,0,0,0,Dry,13.5117,52.55074,bicycle + car + 
192047,Friedrichshain-Kreuzberg,2030302,Lausitzer Platz,February,3,Saturday,minor,0,Driving,Night,1,0,0,0,0,0,Dry,13.43177,52.50584,bicycle + 
192048,Mitte,1044101,Rehberge,February,1,Saturday,serious,8,Driving,Night,0,1,0,0,0,0,Dry,13.3397,52.54421,car + 