id,district,lor,street,month,hour,weekday,injury,collision,movement,light_conditions,bicycle,car,pedestrian,motorbike,truck,other_vehicle,road_conditions,longitude,latitude,Combo_type
192049,Reinickendorf,12302110,Dannenwalder Weg,February,23,Saturday,minor,0,Crossing,Night,0,1,0,1,0,0,Wet,13.35103,52.59641,car + motorbike + 
192050,Neukölln,8030831,Gropiusstadt Ost,February,23,Saturday,minor,2,Stationary Traffic,Night,0,1,0,0,0,1,Wet,13.46944,52.4268,car + other
192051,Neukölln,8010404,Rixdorf,February,21,Saturday,minor,6,Overtaking,Night,0,1,1,0,0,0,Dry,13.45435,52.47459,car + pedestrian + 
192052,Marzahn-Hellersdorf,10010102,Havemannstraße,February,14,Thursday,minor,6,Overtaking,Daylight,0,1,1,0,0,0,Dry,13.57493,52.57235,car + pedestrian + 
192053,Mitte,1022206,Lüneburger Straße,February,14,Saturday,minor,0,Other,Daylight,0,1,0,0,0,1,Dry,13.37044,52.52666,car + other
192054,Lichtenberg,11010309,Zingster Straße West,February,20,Saturday,minor,5,Turning,Night,0,1,0,0,0,0,Wet,13.49227,52.5651,car + 
192055,Treptow-Köpenick,9051901,Dammvorstadt,February,18,Saturday,minor,2,Stationary Traffic,Night,0,1,0,0,0,0,Wet,13.55849,52.454,car + 
192056,Steglitz-Zehlendorf,6010205,Südende,February,5,Thursday,minor,3,Stationary Traffic,Night,0,1,0,0,0,0,Dry,13.3566,52.44867,car + 
192057,Mitte,1011305,Heine-Viertel West,February,17,Saturday,minor,9,Driving,Night,0,0,0,0,0,1,Dry,13.41022,52.51236,other
192058,Charlottenburg-Wilmersdorf,4010102,Plötzensee,February,15,Saturday,minor,5,Turning,Daylight,0,1,0,0,0,0,Dry,13.32625,52.53802,car + 
192059,Charlottenburg-Wilmersdorf,4010102,Plötzensee,February,15,Saturday,minor,5,Turning,Daylight,0,1,0,0,0,0,Dry,13.32611,52.53835,car + 
192060,Mitte,1033203,Humboldthain Nordwest,February,11,Friday,serious,6,Turning,Daylight,0,0,1,0,1,0,Dry,13.37817,52.54187,pedestrian + truck + 
192061,Charlottenburg-Wilmersdorf,4051655,Babelsberger Straße,February,14,Saturday,minor,3,Stationary Traffic,Daylight,1,1,0,0,0,0,Dry,13.33672,52.48816,bicycle + car + 
192062,Spandau,5030731,Gartenfelder Straße,February,14,Saturday,minor,0,Turning,Daylight,1,1,0,0,0,0,Dry,13.24785,52.5473,bicycle + car + 
192063,Neukölln,8040933,Vogelviertel Süd,February,9,Thursday,minor,0,Driving,Daylight,1,0,0,0,0,0,Wet,13.45906,52.44041,bicycle + 
192064,Tempelhof-Schöneberg,7040403,Manteuffelstraße,February,20,Saturday,serious,5,Crossing,Night,0,1,0,0,0,0,Wet,13.38546,52.46574,car + 
192065,Spandau,5010313,Ackerstraße,February,20,Saturday,serious,6,Overtaking,Night,0,1,1,0,0,0,Wet,13.19851,52.54297,car + pedestrian + 
192066,Charlottenburg-Wilmersdorf,4051448,Schaperstraße,February,13,Saturday,minor,2,Stationary Traffic,Daylight,0,1,0,0,0,1,Dry,13.33715,52.49939,car + other
192067,Mitte,1044202,Sparrplatz,February,14,Wednesday,minor,5,Turning,Daylight,1,1,0,0,0,0,Dry,13.35905,52.54395,bicycle + car + 
192068,Pankow,3061126,Arnimplatz,February,13,Saturday,minor,5,Crossing,Daylight,0,1,0,0,0,0,Dry,13.40841,52.55248,car + 
192069,Treptow-Köpenick,9051901,Dammvorstadt,February,13,Saturday,minor,2,Stationary Traffic,Daylight,0,1,0,0,0,0,Dry,13.56614,52.45564,car + 
192070,Mitte,1022104,Emdener Straße,February,12,Saturday,minor,5,Turning,Daylight,1,1,0,0,0,0,Wet,13.3433,52.52623,bicycle + car + 
192071,Friedrichshain-Kreuzberg,2050802,Boxhagener Platz,February,7,Wednesday,minor,2,Turning,Daylight,1,1,0,0,0,0,Dry,13.45069,52.50862,bicycle + car + 
192072,Tempelhof-Schöneberg,7050503,Eisenacher Straße,February,12,Saturday,serious,5,Turning,Daylight,1,1,0,0,0,0,Dry,13.40389,52.44846,bicycle + car + 
192073,Treptow-Köpenick,9020501,Oberschöneweide West,February,12,Saturday,minor,2,Stationary Traffic,Daylight,0,1,0,0,0,0,Dry,13.5133,52.46665,car + 
192074,Pankow,3050919,Gustav-Adolf-Straße,February,14,Saturday,minor,5,Crossing,Daylight,1,0,0,0,0,1,Dry,13.44589,52.5585,bicycle + other
192075,Steglitz-Zehlendorf,6020411,Schütte-Lanz-Straße,February,18,Thursday,serious,0,Crossing,Dawn,0,0,0,0,0,1,Dry,13.31799,52.41447,other
192076,Charlottenburg-Wilmersdorf,4030931,Breitscheidplatz,February,10,Friday,minor,1,Paralle Traffic,Daylight,0,1,0,0,1,0,Dry,13.33518,52.50155,car + truck + 
192077,Marzahn-Hellersdorf,10010102,Havemannstraße,February,12,Friday,minor,5,Crossing,Daylight,0,1,0,0,0,0,Dry,13.56744,52.57332,car + 
192078,Charlottenburg-Wilmersdorf,4020311,Reichsstraße,February,13,Wednesday,minor,5,Crossing,Daylight,0,1,0,0,0,0,Dry,13.2739,52.50968,car + 
192079,Lichtenberg,11010206,Wartenberg Süd,February,9,Friday,serious,5,Crossing,Daylight,0,1,0,0,0,0,Dry,13.51178,52.57136,car + 
192080,Lichtenberg,11030619,Fennpfuhl Ost,February,14,Friday,minor,0,Other,Daylight,0,0,0,0,0,1,Dry,13.47774,52.53082,other
192081,Lichtenberg,11020412,Hauptstraße,February,15,Wednesday,minor,5,Crossing,Daylight,0,1,0,0,0,0,Wet,13.51184,52.54675,car + 
192082,Friedrichshain-Kreuzberg,2050802,Boxhagener Platz,February,23,Friday,minor,6,Other,Night,0,1,1,0,0,0,Dry,13.45651,52.50757,car + pedestrian + 
192083,Charlottenburg-Wilmersdorf,4041134,Bismarckallee,February,9,Friday,minor,0,Stationary Traffic,Daylight,0,1,0,0,0,0,Dry,13.28495,52.49504,car + 
192084,Marzahn-Hellersdorf,10010309,Springpfuhl,February,5,Friday,minor,6,Overtaking,Night,0,1,1,0,0,0,Dry,13.54544,52.53107,car + pedestrian + 
192085,Lichtenberg,11030720,Herzbergstraße,February,15,Wednesday,serious,3,Stationary Traffic,Daylight,0,1,0,1,0,0,Wet,13.49249,52.53409,car + motorbike + 
192086,Charlottenburg-Wilmersdorf,4030931,Breitscheidplatz,February,15,Friday,serious,5,Turning,Daylight,0,1,0,1,0,0,Dry,13.3392,52.50312,car + motorbike + 
192087,Steglitz-Zehlendorf,6010206,Stadtpark,February,17,Friday,minor,5,Turning,Dawn,0,1,0,0,0,0,Dry,13.34232,52.44689,car + 
192088,Mitte,1011202,Unter den Linden Nord,February,18,Friday,minor,6,Overtaking,Dawn,0,1,1,0,0,0,Dry,13.38836,52.5197,car + pedestrian + 
192089,Mitte,1044201,Reinickendorfer Straße,February,21,Thursday,serious,5,Turning,Night,1,0,0,0,1,0,Dry,13.37691,52.55661,bicycle + truck + 
192090,Steglitz-Zehlendorf,6040809,Thielallee,February,2,Friday,serious,5,Crossing,Night,0,1,0,0,0,0,Wet,13.29304,52.44649,car + 
192091,Lichtenberg,11010207,Wartenberg Nord,February,5,Friday,minor,5,Crossing,Night,0,1,0,0,0,0,Dry,13.50386,52.57419,car + 
192092,Pankow,3040512,Wilhelmsruh,February,5,Friday,minor,2,Stationary Traffic,Night,0,1,0,0,0,0,Dry,13.36898,52.58791,car + 
192093,Mitte,1044103,Westliche Müllerstraße,February,15,Wednesday,minor,5,Crossing,Daylight,0,1,0,1,0,0,Wet,13.3498,52.5451,car + motorbike + 
192094,Pankow,3061430,Volkspark Prenzlauer Berg,February,8,Friday,minor,2,Stationary Traffic,Daylight,0,1,0,0,0,1,Dry,13.44975,52.537,car + other
192095,Charlottenburg-Wilmersdorf,4030929,Hindemithplatz,February,9,Friday,serious,1,Paralle Traffic,Daylight,1,0,0,0,0,1,Wet,13.31035,52.50026,bicycle + other
192096,Pankow,3020307,Buchholz,February,11,Friday,minor,0,Turning,Daylight,0,1,0,0,0,1,Dry,13.42658,52.60779,car + other
192097,Neukölln,8010213,Körnerpark,February,11,Friday,minor,5,Crossing,Daylight,0,1,0,0,0,0,Dry,13.4397,52.47377,car + 
192098,Treptow-Köpenick,9041601,Müggelheim,February,11,Friday,minor,4,Turning,Daylight,0,1,0,0,0,0,Dry,13.65716,52.41485,car + 
192099,Friedrichshain-Kreuzberg,2040701,Andreasviertel,February,16,Thursday,minor,5,Turning,Daylight,1,1,0,0,0,0,Dry,13.43048,52.51099,bicycle + car + 
192100,Pankow,3020307,Buchholz,February,13,Friday,serious,6,Overtaking,Daylight,0,1,1,0,0,0,Dry,13.43261,52.59507,car + pedestrian + 
192101,Spandau,5030730,Zitadellenweg,February,14,Friday,minor,2,Stationary Traffic,Daylight,0,1,0,0,0,0,Dry,13.22591,52.55487,car + 
192102,Friedrichshain-Kreuzberg,2020206,Graefekiez,February,14,Friday,minor,2,Stationary Traffic,Daylight,0,1,0,0,0,0,Dry,13.42345,52.48669,car + 
192103,Reinickendorf,12224230,Heiligensee,February,14,Friday,minor,5,Crossing,Daylight,0,1,0,0,0,0,Dry,13.21739,52.61132,car + 
192104,Mitte,1011402,Arkonaplatz,February,20,Thursday,minor,6,Other,Night,1,0,1,0,0,0,Dry,13.40153,52.53783,bicycle + pedestrian + 
192105,Tempelhof-Schöneberg,7020202,Volkspark (Rudolf-Wilde-Park),February,15,Friday,minor,1,Paralle Traffic,Daylight,1,1,0,0,0,0,Dry,13.33755,52.48075,bicycle + car + 
192106,Steglitz-Zehlendorf,6020410,Oberhofer Platz,February,5,Friday,serious,9,Driving,Dawn,0,1,0,0,0,0,Wet,13.32867,52.42408,car + 
192107,Reinickendorf,12304314,Ziekowstraße/Freie Scholle,February,20,Thursday,serious,9,Driving,Night,0,1,0,0,0,0,Wet,13.30249,52.59167,car + 
192108,Marzahn-Hellersdorf,10020412,Alte Hellersdorfer Straße,February,15,Wednesday,minor,2,Stationary Traffic,Daylight,0,1,0,0,0,1,Dry,13.58666,52.54944,car + other
192109,Mitte,1011306,Heine-Viertel Ost,February,5,Thursday,minor,5,Crossing,Night,0,1,0,1,0,0,Dry,13.41343,52.50674,car + motorbike + 
192110,Pankow,3010102,Buch,February,10,Thursday,minor,5,Turning,Daylight,0,1,0,0,0,0,Dry,13.50031,52.63268,car + 
192111,Steglitz-Zehlendorf,6030503,Zehlendorf Mitte,February,10,Thursday,minor,2,Turning,Daylight,0,1,0,0,0,0,Dry,13.2741,52.43548,car + 
192112,Treptow-Köpenick,9031101,Grünau,February,11,Thursday,minor,2,Other,Daylight,0,1,0,0,0,1,Dry,13.56624,52.42571,car + other
192113,Neukölln,8010214,Glasower Straße,February,13,Thursday,minor,5,Crossing,Daylight,0,1,0,0,0,0,Dry,13.44271,52.46503,car + 
192114,Spandau,5030730,Zitadellenweg,February,15,Thursday,minor,5,Other,Daylight,0,1,0,0,0,1,Wet,13.22647,52.53756,car + other
192115,Tempelhof-Schöneberg,7040403,Manteuffelstraße,February,14,Thursday,minor,5,Turning,Daylight,1,1,0,0,0,0,Dry,13.37796,52.46643,bicycle + car + 
192116,Tempelhof-Schöneberg,7040401,Neu-Tempelhof,February,17,Thursday,minor,3,Stationary Traffic,Night,0,1,0,0,0,0,Dry,13.37782,52.47261,car + 
192117,Pankow,3061430,Volkspark Prenzlauer Berg,February,18,Thursday,minor,2,Turning,Night,0,1,0,0,0,0,Dry,13.45778,52.52903,car + 
192118,Marzahn-Hellersdorf,10040828,Kaulsdorf Nord,February,20,Thursday,minor,5,Crossing,Night,0,1,0,0,0,0,Dry,13.59905,52.52839,car + 
192119,Treptow-Köpenick,9010302,Späthsfelde,February,16,Wednesday,minor,2,Stationary Traffic,Daylight,0,1,0,0,0,1,Dry,13.47659,52.45697,car + other
192120,Tempelhof-Schöneberg,7040403,Manteuffelstraße,February,20,Thursday,minor,2,Stationary Traffic,Night,0,1,0,0,0,0,Dry,13.37809,52.46799,car + 
192121,Spandau,5030730,Zitadellenweg,February,21,Thursday,minor,2,Stationary Traffic,Night,0,1,0,0,1,0,Dry,13.2269,52.55007,car + truck + 
192122,Treptow-Köpenick,9010301,Baumschulenstraße,February,21,Thursday,minor,5,Crossing,Night,0,1,0,0,0,0,Dry,13.48906,52.46734,car + 
192123,Charlottenburg-Wilmersdorf,4030519,Kaiserin-Augusta-Allee,February,16,Wednesday,serious,5,Other,Daylight,0,1,0,1,0,0,Dry,13.30713,52.52573,car + motorbike + 
192124,Charlottenburg-Wilmersdorf,5030833,Motardstraße,February,18,Thursday,serious,2,Stationary Traffic,Dawn,0,1,0,1,0,0,Wet,13.28193,52.53383,car + motorbike + 
192125,Mitte,1033102,Gesundbrunnen,February,23,Thursday,minor,5,Turning,Night,0,1,0,0,0,0,Dry,13.38141,52.55222,car + 
192126,Steglitz-Zehlendorf,6020306,Lankwitz Süd,February,16,Thursday,minor,5,Crossing,Daylight,0,1,0,0,0,0,Wet,13.35209,52.41853,car + 
192127,Spandau,5020627,Tiefwerder,February,11,Thursday,minor,2,Stationary Traffic,Daylight,0,1,0,0,0,0,Dry,13.20374,52.53079,car + 
192128,Mitte,1011305,Heine-Viertel West,February,14,Friday,minor,2,Stationary Traffic,Daylight,1,1,0,0,0,0,Dry,13.41287,52.50637,bicycle + car + 
192129,Lichtenberg,11010102,Dorf Wartenberg,February,17,Thursday,minor,0,Other,Night,0,0,0,0,1,0,Wet,13.49971,52.57723,truck + 
192130,Neukölln,8030831,Gropiusstadt Ost,February,20,Thursday,minor,6,Other,Night,0,1,1,0,0,0,Dry,13.47833,52.42122,car + pedestrian + 
192131,Mitte,1011303,Alexanderplatzviertel,February,16,Wednesday,minor,0,Overtaking,Dawn,0,0,1,0,0,1,Wet,13.40355,52.52095,pedestrian + other
192132,Reinickendorf,12214424,Scharnweberstraße,February,11,Wednesday,minor,2,Stationary Traffic,Daylight,0,1,0,0,0,0,Dry,13.32727,52.5633,car + 
192133,Reinickendorf,12214421,Reinickes Hof,February,10,Wednesday,minor,2,Stationary Traffic,Daylight,0,1,0,0,0,0,Dry,13.33063,52.57561,car + 
192134,Neukölln,8020728,Buckow Ost,February,16,Wednesday,serious,5,Turning,Daylight,0,1,0,1,0,0,Dry,13.44098,52.42471,car + motorbike + 
192135,Pankow,3030406,Alt-Karow,February,12,Wednesday,minor,5,Crossing,Daylight,0,1,0,0,0,0,Wet,13.47403,52.60998,car + 
192136,Friedrichshain-Kreuzberg,2040701,Andreasviertel,February,22,Wednesday,minor,6,Overtaking,Night,1,0,1,0,0,0,Dry,13.42973,52.50975,bicycle + pedestrian + 
192137,Pankow,3050920,Weißer See,February,15,Wednesday,minor,2,Turning,Daylight,0,1,0,0,0,0,Dry,13.46764,52.55382,car + 
192138,Reinickendorf,12302107,Schorfheidestraße,February,15,Wednesday,minor,6,Other,Daylight,0,1,1,0,0,0,Dry,13.35521,52.595,car + pedestrian + 
192139,Steglitz-Zehlendorf,6030605,Botanischer Garten,February,16,Thursday,minor,5,Crossing,Daylight,0,1,0,0,0,0,Dry,13.29845,52.45163,car + 
192140,Lichtenberg,11020515,Landsberger Allee,February,15,Wednesday,serious,5,Crossing,Daylight,1,1,0,0,0,0,Dry,13.4985,52.53794,bicycle + car + 
192141,Marzahn-Hellersdorf,10020413,Gut Hellersdorf,February,14,Wednesday,minor,5,Crossing,Daylight,0,1,0,0,0,0,Dry,13.59149,52.54157,car + 
192142,Spandau,5030731,Gartenfelder Straße,February,12,Wednesday,minor,1,Paralle Traffic,Daylight,0,1,0,0,1,0,Dry,13.24035,52.53898,car + truck + 
192143,Mitte,1022103,Westhafen,February,13,Friday,minor,2,Turning,Daylight,0,1,0,0,0,1,Dry,13.34524,52.53549,car + other
192144,Pankow,3030715,Heinersdorf,February,14,Wednesday,minor,2,Other,Daylight,0,1,0,0,0,0,Dry,13.43603,52.56555,car + 
192145,Mitte,1044101,Rehberge,February,14,Wednesday,serious,5,Turning,Daylight,0,1,0,0,0,0,Dry,13.34518,52.55433,car + 
192146,Treptow-Köpenick,9010401,Johannisthal West,February,11,Wednesday,minor,9,Driving,Daylight,0,1,0,0,0,0,Dry,13.50771,52.45042,car + 
192147,Mitte,1011302,Oranienburger Straße,February,13,Wednesday,minor,6,Other,Daylight,0,1,1,0,0,0,Dry,13.38849,52.52605,car + pedestrian + 
192148,Tempelhof-Schöneberg,7040405,Rathaus Tempelhof,February,13,Wednesday,minor,6,Overtaking,Daylight,0,1,1,0,0,0,Dry,13.38751,52.45656,car + pedestrian + 
192149,Pankow,3061126,Arnimplatz,February,20,Wednesday,minor,6,Turning,Night,0,1,1,0,0,0,Wet,13.41466,52.55387,car + pedestrian + 
192150,Lichtenberg,11040925,Victoriastadt,February,11,Wednesday,minor,1,Paralle Traffic,Daylight,1,0,0,0,1,1,Dry,13.47247,52.50382,bicycle + truck + other
192151,Tempelhof-Schöneberg,7060604,Marienfelde Süd,February,10,Wednesday,minor,5,Crossing,Daylight,0,1,0,0,0,1,Wet,13.38172,52.41099,car + other
192152,Reinickendorf,12301203,Wittenau Süd,February,9,Wednesday,serious,9,Driving,Daylight,0,1,0,0,0,0,Wet,13.32412,52.58763,car + 
192153,Steglitz-Zehlendorf,6030607,Goerzwerke,February,19,Thursday,minor,2,Stationary Traffic,Night,0,1,0,0,0,0,Dry,13.30055,52.42088,car + 
192154,Pankow,3050923,Weißenseer Spitze,February,9,Wednesday,minor,5,Crossing,Daylight,0,1,0,0,0,0,Dry,13.4328,52.55722,car + 
192155,Neukölln,8010404,Rixdorf,February,8,Wednesday,minor,9,Driving,Daylight,1,0,0,0,0,0,Dry,13.44917,52.47366,bicycle + 
192156,Reinickendorf,12214126,Tegel Süd,February,7,Wednesday,minor,0,Paralle Traffic,Daylight,0,1,0,0,1,0,Dry,13.28446,52.57727,car + truck + 
192157,Mitte,1044203,Leopoldplatz,February,5,Wednesday,minor,6,Overtaking,Night,0,1,1,0,0,0,Wet,13.35881,52.55379,car + pedestrian + 
192158,Reinickendorf,12224230,Heiligensee,February,7,Wednesday,serious,5,Turning,Daylight,1,1,0,0,0,0,Dry,13.24163,52.61774,bicycle + car + 
192159,Friedrichshain-Kreuzberg,2040702,Weberwiese,February,19,Wednesday,minor,1,Paralle Traffic,Night,1,1,0,0,0,0,Dry,13.44485,52.51248,bicycle + car + 
192160,Mitte,1011304,Karl-Marx-Allee,February,19,Wednesday,minor,0,Stationary Traffic,Dawn,0,1,0,0,0,1,Dry,13.41728,52.51882,car + other
192161,Charlottenburg-Wilmersdorf,4030621,Spreestadt,February,18,Wednesday,minor,0,Driving,Night,1,0,0,0,0,0,Dry,13.32845,52.52178,bicycle + 
192162,Spandau,5020625,Borkumer Straße,February,16,Wednesday,minor,0,Turning,Daylight,0,0,0,0,0,1,Dry,13.1937,52.5338,other
192163,Marzahn-Hellersdorf,10040933,Mahlsdorf Süd,February,6,Wednesday,minor,5,Turning,Night,0,1,0,0,0,1,Wet,13.60143,52.48256,car + other
192164,Steglitz-Zehlendorf,6040807,Zehlendorf Eiche,February,8,Tuesday,minor,5,Crossing,Daylight,1,1,0,0,0,0,Wet,13.26798,52.44542,bicycle + car + 
192165,Friedrichshain-Kreuzberg,2030401,Reichenberger Straße,February,15,Tuesday,minor,5,Crossing,Daylight,0,1,0,0,0,0,Dry,13.42973,52.49828,car + 
192166,Friedrichshain-Kreuzberg,2040703,Wriezener Bahnhof/Entwicklungsgebiet,February,11,Tuesday,minor,5,Turning,Daylight,0,1,0,0,0,0,Dry,13.44669,52.50279,car + 
192167,Pankow,3030405,Karow Nord,February,16,Thursday,minor,5,Crossing,Dawn,0,1,0,0,0,0,Wet,13.48544,52.61801,car + 
192168,Tempelhof-Schöneberg,7040404,Marienhöhe,February,10,Tuesday,minor,5,Turning,Daylight,1,1,0,0,0,0,Wet,13.37778,52.45257,bicycle + car + 
192169,Friedrichshain-Kreuzberg,2050803,Stralauer Kiez,February,5,Tuesday,serious,5,Crossing,Night,0,1,0,0,0,0,Dry,13.45199,52.50354,car + 
192170,Steglitz-Zehlendorf,6010103,Markelstraße,February,11,Tuesday,minor,5,Crossing,Daylight,0,1,0,1,0,0,Wet,13.32402,52.46524,car + motorbike + 
192171,Mitte,1011402,Arkonaplatz,February,20,Wednesday,serious,5,Crossing,Night,0,1,0,0,0,0,Wet,13.39806,52.53487,car + 
192172,Friedrichshain-Kreuzberg,2010103,Moritzplatz,February,12,Tuesday,minor,6,Overtaking,Daylight,0,1,1,0,0,0,Wet,13.40651,52.50483,car + pedestrian + 
192173,Mitte,1011302,Oranienburger Straße,February,15,Tuesday,minor,2,Stationary Traffic,Daylight,0,1,0,0,0,0,Dry,13.40921,52.52874,car + 
192174,Charlottenburg-Wilmersdorf,4030930,George-Grosz-Platz,February,7,Tuesday,minor,5,Crossing,Daylight,0,1,0,0,0,0,Wet,13.31537,52.50307,car + 
192175,Friedrichshain-Kreuzberg,2010103,Moritzplatz,February,17,Tuesday,minor,6,Other,Night,0,1,1,0,0,0,Dry,13.41665,52.49957,car + pedestrian + 
192176,Treptow-Köpenick,9020801,Spindlersfeld,February,20,Tuesday,minor,2,Stationary Traffic,Night,0,1,0,0,0,0,Wet,13.55912,52.44845,car + 
192177,Reinickendorf,12214423,Mellerbogen,February,22,Tuesday,minor,6,Turning,Night,0,1,1,0,0,0,Dry,13.31871,52.5729,car + pedestrian + 
192178,Mitte,1011301,Charitéviertel,February,6,Wednesday,minor,6,Turning,Dawn,0,1,1,0,0,0,Wet,13.37942,52.52942,car + pedestrian + 
192179,Mitte,1011301,Charitéviertel,February,22,Tuesday,minor,5,Turning,Night,0,1,0,0,0,0,Dry,13.37744,52.52216,car + 
192180,Tempelhof-Schöneberg,7010104,Dennewitzplatz,February,22,Tuesday,minor,0,Turning,Night,0,1,0,1,0,0,Dry,13.36576,52.49349,car + motorbike + 
192181,Reinickendorf,12301203,Wittenau Süd,February,21,Tuesday,minor,5,Turning,Night,0,1,0,0,0,0,Dry,13.31544,52.57784,car + 
192182,Charlottenburg-Wilmersdorf,4030417,Schloßstraße,February,11,Tuesday,serious,5,Turning,Daylight,1,1,0,0,0,0,Wet,13.29722,52.51175,bicycle + car + 
192183,Marzahn-Hellersdorf,10040932,Alt-Mahlsdorf,February,15,Thursday,minor,5,Turning,Daylight,1,1,0,0,0,0,Dry,13.61325,52.50869,bicycle + car + 
192184,Neukölln,8010301,Reuterkiez,February,17,Tuesday,serious,5,Turning,Night,0,1,0,1,0,0,Wet,13.43518,52.4912,car + motorbike + 
192185,Charlottenburg-Wilmersdorf,4010102,Plötzensee,February,11,Tuesday,serious,4,Stationary Traffic,Daylight,0,1,0,0,0,1,Dry,13.32561,52.54131,car + other
192186,Tempelhof-Schöneberg,7040405,Rathaus Tempelhof,February,13,Tuesday,serious,2,Stationary Traffic,Daylight,0,1,0,0,0,0,Wet,13.40817,52.45282,car + 
192187,Steglitz-Zehlendorf,6020409,Königsberger Straße,February,18,Wednesday,minor,2,Stationary Traffic,Night,0,1,0,0,0,0,Wet,13.31371,52.42716,car + 
192188,Spandau,5030730,Zitadellenweg,February,17,Tuesday,minor,1,Stationary Traffic,Night,0,1,0,0,0,0,Wet,13.23056,52.53839,car + 
192189,Spandau,5010314,Carl-Schurz-Straße,February,12,Tuesday,serious,1,Paralle Traffic,Daylight,1,1,0,0,0,0,Wet,13.20762,52.53837,bicycle + car + 
192190,Neukölln,8010303,Donaustraße,February,21,Tuesday,minor,0,Driving,Night,1,0,0,0,0,0,Wet,13.43862,52.48138,bicycle + 
192191,Charlottenburg-Wilmersdorf,4051549,Rathaus Wilmersdorf,February,10,Friday,minor,6,Turning,Daylight,0,1,1,0,0,0,Dry,13.31384,52.48676,car + pedestrian + 
192192,Tempelhof-Schöneberg,7020204,Schöneberger Insel,February,14,Tuesday,minor,8,Driving,Daylight,0,1,0,0,0,0,Dry,13.36346,52.47493,car + 
192193,Reinickendorf,12214424,Scharnweberstraße,February,9,Monday,minor,5,Crossing,Daylight,1,1,0,0,0,0,Wet,13.31716,52.56887,bicycle + car + 
192194,Treptow-Köpenick,9030901,Dorf Altglienicke,February,18,Wednesday,serious,6,Turning,Night,0,1,1,0,0,0,Wet,13.53986,52.41677,car + pedestrian + 
192195,Charlottenburg-Wilmersdorf,4030725,Amtsgerichtsplatz,February,21,Monday,minor,0,Other,Night,0,0,0,1,0,0,Wet,13.2988,52.50676,motorbike + 
192196,Pankow,3030405,Karow Nord,February,20,Monday,minor,5,Crossing,Night,0,1,0,0,0,0,Wet,13.49293,52.61433,car + 
192197,Treptow-Köpenick,9010302,Späthsfelde,February,6,Wednesday,minor,2,Stationary Traffic,Dawn,0,1,0,0,0,0,Wet,13.48164,52.45137,car + 
192198,Neukölln,8010211,Flughafenstraße,February,20,Monday,minor,1,Paralle Traffic,Night,1,1,0,0,0,0,Dry,13.43213,52.48166,bicycle + car + 
192199,Mitte,1011201,Wilhelmstraße,February,20,Monday,minor,5,Crossing,Night,0,1,0,0,0,0,Dry,13.37713,52.50858,car + 
192200,Charlottenburg-Wilmersdorf,4041137,Flinsberger Platz,February,20,Monday,minor,5,Turning,Night,0,1,0,0,0,0,Dry,13.29,52.48223,car + 
192201,Charlottenburg-Wilmersdorf,4030519,Kaiserin-Augusta-Allee,February,9,Wednesday,minor,0,Driving,Daylight,0,0,0,1,0,0,Wet,13.31302,52.52577,motorbike + 
192202,Neukölln,8010404,Rixdorf,February,19,Monday,minor,2,Stationary Traffic,Night,0,1,0,0,0,0,Wet,13.45622,52.47378,car + 
192203,Pankow,3061430,Volkspark Prenzlauer Berg,February,18,Monday,minor,2,Stationary Traffic,Night,0,1,0,0,0,0,Dry,13.45798,52.52883,car + 
192204,Neukölln,8010117,Schillerpromenade,February,18,Monday,serious,6,Overtaking,Night,0,1,1,0,0,0,Dry,13.42725,52.47508,car + pedestrian + 
192205,Marzahn-Hellersdorf,10010310,Alt-Marzahn,February,15,Friday,serious,5,Crossing,Daylight,0,1,0,0,0,1,Dry,13.57172,52.54624,car + other
192206,Spandau,5020626,Adamstraße,February,17,Monday,serious,6,Overtaking,Night,0,1,1,0,0,0,Dry,13.19781,52.51962,car + pedestrian + 
192207,Friedrichshain-Kreuzberg,2010103,Moritzplatz,February,17,Monday,serious,6,Overtaking,Night,0,1,1,0,0,0,Dry,13.40945,52.50401,car + pedestrian + 
192208,Steglitz-Zehlendorf,6020409,Königsberger Straße,February,7,Wednesday,minor,3,Turning,Daylight,1,0,0,0,1,0,Dry,13.31231,52.43029,bicycle + truck + 
192209,Steglitz-Zehlendorf,6020409,Königsberger Straße,February,15,Monday,minor,2,Stationary Traffic,Daylight,0,1,0,0,0,1,Dry,13.31169,52.42178,car + other
192210,Charlottenburg-Wilmersdorf,4030620,Alt-Lietzow,February,14,Monday,minor,5,Crossing,Daylight,1,1,0,0,0,0,Dry,13.31526,52.51475,bicycle + car + 
192211,Tempelhof-Schöneberg,7020201,Bayerischer Platz,February,8,Wednesday,minor,5,Crossing,Daylight,0,1,0,0,0,0,Wet,13.34519,52.49028,car + 
192212,Charlottenburg-Wilmersdorf,4030620,Alt-Lietzow,February,14,Monday,minor,9,Driving,Daylight,0,1,0,0,0,0,Dry,13.31509,52.51456,car + 