id,district,lor,street,month,hour,weekday,injury,collision,movement,light_conditions,bicycle,car,pedestrian,motorbike,truck,other_vehicle,road_conditions,longitude,latitude,Combo_type
192213,Spandau,5010314,Carl-Schurz-Straße,February,14,Monday,minor,6,Overtaking,Daylight,0,1,1,0,0,0,Dry,13.19523,52.53539,car + pedestrian + 
192214,Friedrichshain-Kreuzberg,2040701,Andreasviertel,February,13,Monday,minor,5,Crossing,Daylight,1,1,0,0,0,0,Dry,13.43115,52.51292,bicycle + car + 
192215,Tempelhof-Schöneberg,7010104,Dennewitzplatz,February,19,Thursday,minor,5,Turning,Night,0,1,0,0,0,1,Dry,13.3612,52.49423,car + other
192216,Friedrichshain-Kreuzberg,2040701,Andreasviertel,February,13,Monday,minor,6,Turning,Daylight,0,1,1,0,0,0,Dry,13.42696,52.51578,car + pedestrian + 
192217,Pankow,3061126,Arnimplatz,February,11,Monday,minor,0,Other,Daylight,0,1,0,0,0,1,Wet,13.41429,52.55361,car + other
192218,Spandau,5030832,Rohrdamm,February,5,Monday,minor,6,Turning,Night,0,1,1,0,0,0,Wet,13.27369,52.5361,car + pedestrian + 
192219,Lichtenberg,11030721,Rüdigerstraße,February,20,Thursday,minor,6,Turning,Night,0,1,1,0,0,0,Dry,13.49842,52.51572,car + pedestrian + 
192220,Reinickendorf,12214527,Alt-Tegel,February,6,Monday,minor,6,Overtaking,Dawn,0,1,1,0,0,0,Wet,13.28073,52.58698,car + pedestrian + 
192221,Pankow,3040818,Pankow Süd,February,6,Monday,minor,2,Turning,Night,0,1,0,0,0,1,Wet,13.4204,52.56713,car + other
192222,Charlottenburg-Wilmersdorf,4051549,Rathaus Wilmersdorf,February,7,Monday,minor,5,Crossing,Daylight,1,1,0,0,0,0,Wet,13.30824,52.48775,bicycle + car + 
192223,Treptow-Köpenick,9051702,Bölschestraße,February,8,Wednesday,minor,0,Driving,Daylight,1,0,0,0,0,0,Wet,13.61716,52.45524,bicycle + 
192224,Steglitz-Zehlendorf,6040809,Thielallee,February,7,Monday,minor,6,Turning,Daylight,0,1,1,0,0,0,Wet,13.30348,52.45847,car + pedestrian + 
192225,Charlottenburg-Wilmersdorf,4041344,Rüdesheimer Platz,February,8,Monday,minor,6,Turning,Daylight,0,1,1,0,0,0,Wet,13.31994,52.46709,car + pedestrian + 
192226,Reinickendorf,12214421,Reinickes Hof,February,9,Monday,minor,2,Stationary Traffic,Daylight,0,1,0,0,0,0,Wet,13.32993,52.56954,car + 
192227,Mitte,1011204,Leipziger Straße,February,18,Wednesday,minor,5,Crossing,Night,0,1,0,0,0,0,Wet,13.39897,52.50823,car + 
192228,Friedrichshain-Kreuzberg,2020203,Viktoriapark,February,12,Monday,minor,2,Stationary Traffic,Daylight,0,1,0,0,0,0,Wet,13.37665,52.48772,car + 
192229,Lichtenberg,11010207,Wartenberg Nord,February,12,Monday,minor,0,Crossing,Daylight,0,1,0,0,0,1,Dry,13.50934,52.57545,car + other
192230,Reinickendorf,12103115,Breitkopfbecken,February,11,Sunday,minor,5,Turning,Daylight,0,1,0,0,0,0,Wet,13.36084,52.57036,car + 
192231,Pankow,3020307,Buchholz,February,16,Thursday,serious,6,Overtaking,Daylight,0,1,1,0,0,0,Dry,13.43191,52.61458,car + pedestrian + 
192232,Friedrichshain-Kreuzberg,2010103,Moritzplatz,February,4,Sunday,minor,5,Crossing,Night,0,1,0,0,0,0,Dry,13.40648,52.5026,car + 
192233,Neukölln,8010213,Körnerpark,February,1,Sunday,minor,5,Crossing,Night,0,1,0,0,0,0,Wet,13.43533,52.46974,car + 
192234,Charlottenburg-Wilmersdorf,4020207,Flatowallee,February,15,Sunday,minor,5,Crossing,Daylight,0,1,0,1,0,0,Wet,13.24134,52.50952,car + motorbike + 
192235,Charlottenburg-Wilmersdorf,4030726,Droysenstraße,February,18,Wednesday,minor,6,Turning,Night,0,1,1,0,0,0,Wet,13.30463,52.5036,car + pedestrian + 
192236,Charlottenburg-Wilmersdorf,4041344,Rüdesheimer Platz,February,15,Sunday,minor,6,Turning,Daylight,0,1,1,0,0,0,Dry,13.31154,52.46837,car + pedestrian + 
192237,Mitte,1011402,Arkonaplatz,February,16,Sunday,minor,5,Crossing,Dawn,0,1,0,0,0,0,Dry,13.40427,52.53309,car + 
192238,Mitte,1011101,Stülerstraße,February,17,Sunday,minor,6,Overtaking,Dawn,1,0,1,0,0,0,Dry,13.34451,52.50424,bicycle + pedestrian + 
192239,Marzahn-Hellersdorf,10020413,Gut Hellersdorf,February,19,Sunday,minor,5,Turning,Night,0,1,0,0,0,0,Wet,13.59157,52.54481,car + 
192240,Steglitz-Zehlendorf,6020303,Lankwitz Kirche,February,7,Wednesday,minor,6,Overtaking,Daylight,0,1,1,0,0,0,Dry,13.34402,52.43856,car + pedestrian + 
192241,Lichtenberg,11030619,Fennpfuhl Ost,February,13,Sunday,minor,5,Crossing,Daylight,0,1,0,0,0,0,Wet,13.47827,52.53098,car + 
192242,Neukölln,8010303,Donaustraße,February,23,Saturday,minor,6,Overtaking,Night,0,1,1,0,0,0,Wet,13.43404,52.48184,car + pedestrian + 
192243,Charlottenburg-Wilmersdorf,4030621,Spreestadt,February,21,Saturday,minor,5,Turning,Night,0,1,0,0,0,0,Wet,13.32844,52.5223,car + 
192244,Treptow-Köpenick,9020701,Adlershof West,February,20,Saturday,minor,5,Turning,Night,0,1,0,0,0,0,Wet,13.5452,52.42574,car + 
192245,Charlottenburg-Wilmersdorf,4051653,Prager Platz,February,18,Saturday,serious,5,Crossing,Night,0,1,0,0,0,0,Wet,13.33077,52.49214,car + 
192246,Pankow,3030716,Märchenland,February,14,Thursday,minor,2,Stationary Traffic,Daylight,0,1,0,0,0,1,Dry,13.46841,52.56737,car + other
192247,Charlottenburg-Wilmersdorf,4020310,Park Ruhwald,February,20,Saturday,minor,2,Stationary Traffic,Night,0,1,0,0,0,0,Wet,13.25957,52.52182,car + 
192248,Pankow,3030405,Karow Nord,February,18,Saturday,minor,5,Crossing,Night,0,1,0,0,0,0,Wet,13.48601,52.61594,car + 
192249,Mitte,1011304,Karl-Marx-Allee,February,17,Saturday,minor,5,Turning,Night,0,1,0,0,0,0,Wet,13.41808,52.51544,car + 
192250,Marzahn-Hellersdorf,10010204,Wuhletalstraße,February,17,Wednesday,serious,6,Overtaking,Dawn,0,1,1,0,0,0,Wet,13.56402,52.56121,car + pedestrian + 
192251,Tempelhof-Schöneberg,7050504,Imbrosweg,February,16,Saturday,minor,3,Turning,Night,0,1,0,0,0,1,Wet,13.41639,52.45161,car + other
192252,Mitte,1033203,Humboldthain Nordwest,February,16,Saturday,minor,5,Crossing,Dawn,0,1,0,0,0,0,Wet,13.37842,52.55043,car + 
192253,Lichtenberg,11030721,Rüdigerstraße,February,16,Saturday,minor,5,Crossing,Dawn,0,1,0,0,0,0,Wet,13.48879,52.51463,car + 
192254,Mitte,1022101,Huttenkiez,February,14,Friday,minor,2,Stationary Traffic,Daylight,0,1,0,0,0,0,Dry,13.32434,52.52533,car + 
192255,Tempelhof-Schöneberg,7010102,Nollendorfplatz,February,15,Saturday,minor,5,Crossing,Daylight,1,1,0,0,0,0,Wet,13.34978,52.49645,bicycle + car + 
192256,Steglitz-Zehlendorf,6040810,Dahlem,February,15,Saturday,minor,5,Turning,Daylight,0,1,0,0,0,0,Frozen,13.27491,52.46043,car + 
192257,Spandau,5010208,Germersheimer Platz,February,15,Saturday,minor,2,Stationary Traffic,Daylight,0,1,0,0,0,0,Wet,13.18849,52.54676,car + 
192258,Treptow-Köpenick,9010302,Späthsfelde,February,15,Saturday,minor,5,Crossing,Daylight,0,1,0,0,0,0,Wet,13.46102,52.45425,car + 
192259,Charlottenburg-Wilmersdorf,4020204,Olympiagelände,February,11,Friday,minor,5,Turning,Daylight,0,1,0,0,0,0,Dry,13.2405,52.51195,car + 
192260,Friedrichshain-Kreuzberg,2010103,Moritzplatz,February,12,Saturday,minor,1,Paralle Traffic,Daylight,1,1,0,0,0,0,Dry,13.41714,52.49943,bicycle + car + 
192261,Reinickendorf,12301203,Wittenau Süd,February,9,Saturday,minor,2,Turning,Daylight,0,1,0,0,0,0,Wet,13.32039,52.5834,car + 
192262,Neukölln,8020622,Parchimer Allee,February,17,Wednesday,minor,5,Crossing,Dawn,1,1,0,0,0,0,Dry,13.43353,52.44431,bicycle + car + 
192263,Charlottenburg-Wilmersdorf,7010101,Wittenbergplatz/Viktoria-Luise-Platz,February,19,Friday,minor,2,Stationary Traffic,Night,0,1,0,0,0,0,Dry,13.33753,52.49449,car + 
192264,Spandau,5010314,Carl-Schurz-Straße,February,10,Friday,minor,3,Stationary Traffic,Daylight,0,1,0,0,0,0,Dry,13.20293,52.54073,car + 
192265,Mitte,1022104,Emdener Straße,February,12,Friday,minor,2,Stationary Traffic,Daylight,0,1,0,0,0,0,Wet,13.34106,52.5263,car + 
192266,Friedrichshain-Kreuzberg,2040703,Wriezener Bahnhof/Entwicklungsgebiet,February,7,Wednesday,minor,2,Turning,Daylight,0,1,0,0,0,0,Wet,13.43474,52.50863,car + 
192267,Mitte,1033102,Gesundbrunnen,February,17,Friday,minor,1,Paralle Traffic,Dawn,0,1,0,0,0,0,Dry,13.38379,52.55539,car + 
192268,Charlottenburg-Wilmersdorf,4030931,Breitscheidplatz,February,20,Friday,minor,5,Turning,Night,0,1,0,0,0,1,Dry,13.33157,52.50394,car + other
192269,Spandau,5020628,Graetschelsteig,February,19,Friday,minor,5,Turning,Night,0,1,0,0,0,0,Wet,13.19686,52.5131,car + 
192270,Lichtenberg,11030619,Fennpfuhl Ost,February,18,Thursday,minor,2,Stationary Traffic,Night,0,1,0,0,0,0,Dry,13.48464,52.53362,car + 
192271,Treptow-Köpenick,9020802,Köllnische Vorstadt,February,17,Friday,minor,2,Stationary Traffic,Night,0,1,0,0,0,0,Wet,13.56922,52.44345,car + 
192272,Steglitz-Zehlendorf,6020305,Gemeindepark Lankwitz,February,15,Friday,minor,5,Crossing,Daylight,0,1,0,0,0,0,Wet,13.35223,52.42759,car + 
192273,Spandau,5010206,Gütersloher Weg,February,16,Wednesday,serious,6,Overtaking,Dawn,0,1,1,0,0,0,Wet,13.16193,52.5513,car + pedestrian + 
192274,Pankow,3061430,Volkspark Prenzlauer Berg,February,23,Friday,serious,6,Overtaking,Night,0,1,1,0,0,0,Wet,13.45742,52.52896,car + pedestrian + 
192275,Pankow,3040818,Pankow Süd,February,8,Friday,minor,5,Crossing,Daylight,1,1,0,0,0,0,Wet,13.42183,52.56271,bicycle + car + 
192276,Pankow,3020209,Niederschönhausen,February,7,Wednesday,minor,3,Turning,Daylight,0,1,0,0,1,0,Dry,13.40422,52.58148,car + truck + 
192277,Tempelhof-Schöneberg,7030301,Friedenau,February,16,Friday,minor,2,Stationary Traffic,Dawn,0,1,0,0,0,0,Dry,13.33211,52.4686,car + 
192278,Mitte,1011201,Wilhelmstraße,February,17,Friday,minor,1,Paralle Traffic,Dawn,1,1,0,0,0,0,Dry,13.37812,52.51085,bicycle + car + 
192279,Pankow,3040614,Pankow Zentrum,February,10,Friday,minor,0,Turning,Daylight,0,1,0,0,0,1,Dry,13.42868,52.58161,car + other
192280,Friedrichshain-Kreuzberg,2020204,Urbanstraße,February,7,Wednesday,minor,2,Stationary Traffic,Daylight,0,1,0,0,0,1,Dry,13.39677,52.49125,car + other
192281,Charlottenburg-Wilmersdorf,4030930,George-Grosz-Platz,February,10,Friday,minor,0,Paralle Traffic,Daylight,0,1,0,1,0,0,Dry,13.31667,52.50309,car + motorbike + 
192282,Charlottenburg-Wilmersdorf,4030725,Amtsgerichtsplatz,February,9,Friday,serious,1,Paralle Traffic,Daylight,1,1,0,0,0,1,Dry,13.29961,52.50571,bicycle + car + other
192283,Charlottenburg-Wilmersdorf,4030931,Breitscheidplatz,February,9,Friday,minor,1,Paralle Traffic,Daylight,0,1,0,1,0,0,Dry,13.33795,52.50356,car + motorbike + 
192284,Friedrichshain-Kreuzberg,2030302,Lausitzer Platz,February,19,Thursday,minor,1,Paralle Traffic,Night,1,1,0,0,0,0,Dry,13.4254,52.49959,bicycle + car + 
192285,Steglitz-Zehlendorf,6040804,Krumme Lanke,February,7,Friday,minor,5,Turning,Dawn,1,1,0,0,0,0,Wet,13.24009,52.44282,bicycle + car + 
192286,Mitte,1044201,Reinickendorfer Straße,February,7,Friday,minor,5,Crossing,Dawn,0,1,0,0,0,0,Dry,13.37,52.55293,car + 
192287,Neukölln,8041036,Zittauer Straße,February,7,Friday,minor,5,Crossing,Dawn,0,1,0,0,0,0,Dry,13.47816,52.41775,car + 
192288,Mitte,2040701,Andreasviertel,February,9,Tuesday,minor,2,Stationary Traffic,Daylight,0,1,0,0,0,0,Dry,13.42511,52.51459,car + 
192289,Friedrichshain-Kreuzberg,2010104,Wassertorplatz,February,7,Friday,minor,5,Crossing,Dawn,1,1,0,0,0,0,Wet,13.41218,52.49875,bicycle + car + 
192290,Friedrichshain-Kreuzberg,2020206,Graefekiez,February,6,Friday,minor,6,Overtaking,Night,0,1,1,0,0,0,Wet,13.41301,52.49193,car + pedestrian + 
192291,Friedrichshain-Kreuzberg,2010101,Askanischer Platz,February,20,Sunday,minor,5,Crossing,Night,0,1,0,1,0,0,Dry,13.38676,52.50101,car + motorbike + 
192292,Mitte,1011402,Arkonaplatz,February,12,Wednesday,minor,6,Overtaking,Daylight,1,0,1,0,0,0,Dry,13.40235,52.53106,bicycle + pedestrian + 
192293,Treptow-Köpenick,9031001,Bohnsdorf,February,14,Sunday,minor,5,Crossing,Daylight,0,1,0,1,0,0,Dry,13.57744,52.40234,car + motorbike + 
192294,Reinickendorf,12302108,Märkisches Zentrum,February,13,Sunday,minor,6,Overtaking,Daylight,0,1,1,0,0,0,Dry,13.34872,52.60318,car + pedestrian + 
192295,Reinickendorf,12231101,Hermsdorf,February,7,Wednesday,minor,5,Turning,Daylight,1,1,0,0,0,0,Dry,13.30411,52.61956,bicycle + car + 
192296,Pankow,3061227,Humannplatz,February,12,Sunday,minor,5,Crossing,Daylight,0,1,0,0,0,0,Dry,13.42474,52.54694,car + 
192297,Charlottenburg-Wilmersdorf,4031032,Halensee,February,0,Sunday,minor,2,Stationary Traffic,Night,0,1,0,0,0,0,Dry,13.2959,52.49784,car + 
192298,Friedrichshain-Kreuzberg,2020202,Rathaus Yorckstraße,February,0,Sunday,minor,5,Crossing,Night,0,1,0,0,0,0,Dry,13.38442,52.49676,car + 
192299,Mitte,1011204,Leipziger Straße,February,22,Wednesday,minor,5,Crossing,Night,0,1,0,0,0,0,Dry,13.39213,52.5078,car + 
192300,Friedrichshain-Kreuzberg,2030401,Reichenberger Straße,February,5,Saturday,minor,5,Crossing,Dawn,0,1,0,0,0,0,Dry,13.42968,52.49823,car + 
192301,Marzahn-Hellersdorf,10030727,Biesdorf Süd,February,13,Saturday,minor,6,Overtaking,Daylight,0,1,1,0,0,0,Dry,13.56153,52.50162,car + pedestrian + 
192302,Marzahn-Hellersdorf,10010204,Wuhletalstraße,February,19,Saturday,serious,6,Overtaking,Night,0,0,1,0,0,1,Dry,13.55885,52.55635,pedestrian + other
192303,Friedrichshain-Kreuzberg,2030302,Lausitzer Platz,February,20,Saturday,minor,5,Crossing,Night,1,1,0,0,0,0,Dry,13.42723,52.49911,bicycle + car + 
192304,Lichtenberg,11010103,Dorf Falkenberg,February,20,Saturday,minor,2,Stationary Traffic,Night,0,1,0,0,0,0,Dry,13.55563,52.5702,car + 
192305,Reinickendorf,12304313,Borsigwalde,February,19,Saturday,minor,5,Turning,Night,0,1,0,0,0,0,Dry,13.30946,52.58391,car + 
192306,Charlottenburg-Wilmersdorf,4041137,Flinsberger Platz,February,19,Saturday,minor,3,Stationary Traffic,Night,0,1,0,0,0,0,Dry,13.29965,52.48736,car + 
192307,Spandau,5010314,Carl-Schurz-Straße,February,21,Saturday,serious,0,Driving,Night,0,1,0,0,0,0,Dry,13.20344,52.54084,car + 
192308,Charlottenburg-Wilmersdorf,4051550,Leon-Jessel-Platz,February,8,Saturday,minor,1,Paralle Traffic,Daylight,1,1,0,0,0,0,Dry,13.31914,52.48739,bicycle + car + 
192309,Steglitz-Zehlendorf,6030607,Goerzwerke,February,20,Wednesday,minor,1,Paralle Traffic,Night,0,1,0,0,0,0,Dry,13.28849,52.41824,car + 
192310,Spandau,5010101,Hakenfelde Nord,February,13,Saturday,minor,0,Other,Daylight,0,1,0,0,0,0,Dry,13.19767,52.56724,car + 
192311,Charlottenburg-Wilmersdorf,4030725,Amtsgerichtsplatz,February,20,Wednesday,minor,5,Crossing,Night,1,1,0,0,0,0,Dry,13.30041,52.50788,bicycle + car + 
192312,Pankow,3071537,Kollwitzplatz,February,12,Saturday,minor,2,Stationary Traffic,Daylight,0,1,0,0,0,0,Dry,13.42092,52.53338,car + 
192313,Tempelhof-Schöneberg,7050505,Hundsteinweg,February,12,Saturday,serious,6,Overtaking,Daylight,0,1,1,0,0,0,Dry,13.40369,52.43958,car + pedestrian + 
192314,Lichtenberg,11010310,Mühlengrund,February,12,Saturday,minor,6,Overtaking,Daylight,1,0,1,0,0,0,Dry,13.50484,52.56341,bicycle + pedestrian + 
192315,Charlottenburg-Wilmersdorf,4041136,Hagenplatz,February,19,Wednesday,minor,3,Stationary Traffic,Night,0,1,0,0,0,0,Dry,13.28125,52.47711,car + 
192316,Charlottenburg-Wilmersdorf,4030725,Amtsgerichtsplatz,February,11,Saturday,minor,0,Driving,Daylight,0,0,0,1,0,0,Dry,13.30212,52.50674,motorbike + 
192317,Treptow-Köpenick,9010301,Baumschulenstraße,February,11,Saturday,minor,5,Turning,Daylight,1,1,0,0,0,0,Dry,13.49124,52.46904,bicycle + car + 
192318,Charlottenburg-Wilmersdorf,4020314,Messegelände,February,11,Saturday,minor,5,Turning,Daylight,1,1,0,0,0,0,Dry,13.27345,52.49997,bicycle + car + 
192319,Reinickendorf,12214527,Alt-Tegel,February,19,Wednesday,serious,6,Overtaking,Night,0,1,1,0,0,0,Dry,13.28208,52.594,car + pedestrian + 
192320,Marzahn-Hellersdorf,10010308,Marzahner Chaussee,February,10,Saturday,minor,2,Stationary Traffic,Daylight,0,1,0,0,0,0,Dry,13.51913,52.52897,car + 
192321,Friedrichshain-Kreuzberg,2030302,Lausitzer Platz,February,1,Saturday,minor,1,Paralle Traffic,Night,1,1,0,0,0,0,Dry,13.43214,52.50261,bicycle + car + 
192322,Mitte,1011201,Wilhelmstraße,February,19,Wednesday,minor,5,Turning,Night,1,0,0,0,0,1,Dry,13.3855,52.50752,bicycle + other
192323,Treptow-Köpenick,9010101,Elsenstraße,February,3,Saturday,serious,5,Crossing,Night,0,1,0,0,0,0,Dry,13.4542,52.49395,car + 
192324,Spandau,5010313,Ackerstraße,February,9,Saturday,minor,5,Turning,Daylight,0,1,0,0,0,0,Dry,13.19427,52.54567,car + 
192325,Reinickendorf,12302109,Treuenbrietzener Straße,February,10,Saturday,minor,6,Other,Daylight,0,1,1,0,0,0,Dry,13.36384,52.60102,car + pedestrian + 
192326,Neukölln,8040933,Vogelviertel Süd,February,19,Wednesday,minor,6,Turning,Night,0,1,1,0,0,0,Dry,13.46097,52.43216,car + pedestrian + 
192327,Mitte,1022104,Emdener Straße,February,10,Saturday,minor,2,Stationary Traffic,Daylight,0,1,0,0,0,0,Dry,13.33947,52.52648,car + 
192328,Lichtenberg,11040925,Victoriastadt,February,19,Thursday,serious,0,Driving,Night,1,0,0,0,0,0,Dry,13.4721,52.50429,bicycle + 
192329,Mitte,1011303,Alexanderplatzviertel,February,19,Saturday,minor,2,Stationary Traffic,Night,0,1,0,0,0,0,Dry,13.41627,52.52691,car + 
192330,Reinickendorf,12304313,Borsigwalde,February,17,Saturday,minor,5,Crossing,Dawn,0,1,0,0,0,1,Dry,13.30929,52.57874,car + other
192331,Charlottenburg-Wilmersdorf,4030827,Karl-August-Platz,February,18,Wednesday,minor,1,Paralle Traffic,Dawn,1,1,0,0,0,0,Dry,13.3122,52.50645,bicycle + car + 
192332,Mitte,1011301,Charitéviertel,February,10,Thursday,minor,1,Paralle Traffic,Daylight,1,1,0,0,0,0,Dry,13.37981,52.52262,bicycle + car + 
192333,Pankow,3061228,Erich-Weinert-Straße,February,17,Saturday,minor,2,Stationary Traffic,Night,0,1,0,0,0,0,Dry,13.43116,52.55096,car + 
192334,Mitte,1011301,Charitéviertel,February,16,Saturday,minor,5,Crossing,Daylight,1,1,0,0,0,0,Dry,13.37434,52.52798,bicycle + car + 
192335,Tempelhof-Schöneberg,7060603,Marienfelde Nordost,February,18,Wednesday,minor,5,Crossing,Night,0,1,0,0,0,0,Dry,13.38487,52.41897,car + 
192336,Pankow,3050925,Komponistenviertel Weißensee,February,15,Saturday,minor,5,Crossing,Daylight,0,1,0,0,0,0,Dry,13.46294,52.54884,car + 
192337,Mitte,1011303,Alexanderplatzviertel,February,13,Saturday,minor,6,Other,Daylight,0,1,1,0,0,0,Dry,13.41298,52.5207,car + pedestrian + 
192338,Pankow,3071537,Kollwitzplatz,February,17,Wednesday,minor,2,Other,Dawn,1,1,0,0,0,0,Dry,13.41463,52.53325,bicycle + car + 
192339,Reinickendorf,12103115,Breitkopfbecken,February,13,Saturday,serious,6,Other,Daylight,0,0,1,0,0,1,Dry,13.3682,52.57401,pedestrian + other
192340,Charlottenburg-Wilmersdorf,4051446,Preußenpark,February,9,Friday,minor,0,Paralle Traffic,Daylight,0,1,0,1,0,0,Dry,13.30867,52.49623,car + motorbike + 
192341,Pankow,3061441,Eldenaer Straße,February,18,Wednesday,minor,5,Crossing,Dawn,1,0,0,0,0,0,Dry,13.46428,52.52327,bicycle + 
192342,Steglitz-Zehlendorf,6020408,Lichterfelde Süd,February,18,Friday,minor,3,Turning,Night,1,1,0,0,0,0,Wet,13.3065,52.41757,bicycle + car + 
192343,Pankow,3061126,Arnimplatz,February,13,Wednesday,minor,5,Turning,Daylight,1,1,0,0,0,0,Dry,13.4147,52.55357,bicycle + car + 
192344,Steglitz-Zehlendorf,6010208,Bergstraße,February,14,Friday,minor,2,Stationary Traffic,Daylight,0,1,0,0,0,0,Dry,13.33235,52.45511,car + 
192345,Steglitz-Zehlendorf,6030502,Zehlendorf Süd,February,8,Friday,minor,2,Stationary Traffic,Daylight,0,1,0,0,0,1,Dry,13.26826,52.40649,car + other
192346,Charlottenburg-Wilmersdorf,4051549,Rathaus Wilmersdorf,February,17,Wednesday,minor,5,Turning,Daylight,1,1,0,0,0,0,Dry,13.32012,52.48356,bicycle + car + 
192347,Charlottenburg-Wilmersdorf,4031032,Halensee,February,21,Friday,minor,5,Turning,Night,1,1,0,0,0,0,Dry,13.28766,52.49606,bicycle + car + 
192348,Lichtenberg,11010309,Zingster Straße West,February,13,Friday,minor,6,Overtaking,Daylight,0,1,1,0,0,0,Dry,13.49319,52.56813,car + pedestrian + 
192349,Mitte,1044202,Sparrplatz,February,12,Friday,minor,5,Turning,Daylight,1,0,0,0,1,0,Dry,13.34489,52.53904,bicycle + truck + 
192350,Mitte,1033102,Gesundbrunnen,February,16,Wednesday,minor,2,Stationary Traffic,Dawn,0,1,0,0,0,1,Dry,13.39494,52.55511,car + other
192351,Friedrichshain-Kreuzberg,2040502,Friedenstraße,February,13,Friday,minor,6,Turning,Daylight,0,1,1,0,0,0,Dry,13.43332,52.51987,car + pedestrian + 
192352,Spandau,5010314,Carl-Schurz-Straße,February,13,Friday,minor,6,Overtaking,Daylight,0,1,1,0,0,0,Dry,13.19885,52.53489,car + pedestrian + 
192353,Mitte,1044201,Reinickendorfer Straße,February,14,Friday,minor,2,Turning,Daylight,1,1,0,0,0,0,Dry,13.37365,52.55694,bicycle + car + 
192354,Steglitz-Zehlendorf,6030501,Berlepschstraße,February,17,Wednesday,minor,2,Stationary Traffic,Night,1,1,0,0,0,0,Dry,13.22963,52.42207,bicycle + car + 
192355,Pankow,3071537,Kollwitzplatz,February,13,Friday,minor,0,Crossing,Daylight,1,0,0,1,0,0,Dry,13.41418,52.53285,bicycle + motorbike + 
192356,Pankow,3010101,Bucher Forst,February,14,Friday,minor,2,Stationary Traffic,Daylight,0,1,0,0,0,0,Dry,13.47879,52.64309,car + 
192357,Friedrichshain-Kreuzberg,2040502,Friedenstraße,February,14,Friday,minor,1,Paralle Traffic,Daylight,1,1,0,0,0,0,Dry,13.43316,52.51907,bicycle + car + 
192358,Neukölln,8020727,Buckow Mitte,February,16,Wednesday,minor,1,Paralle Traffic,Daylight,0,1,0,0,0,0,Dry,13.425,52.42015,car + 
192359,Treptow-Köpenick,9020501,Oberschöneweide West,February,14,Friday,minor,6,Overtaking,Daylight,0,1,1,0,0,0,Dry,13.51211,52.46742,car + pedestrian + 
192360,Treptow-Köpenick,9020701,Adlershof West,February,10,Wednesday,minor,2,Stationary Traffic,Daylight,0,1,0,0,0,0,Dry,13.52866,52.42637,car + 
192361,Friedrichshain-Kreuzberg,2040502,Friedenstraße,February,7,Friday,minor,6,Other,Daylight,0,1,1,0,0,0,Dry,13.44074,52.52442,car + pedestrian + 
192362,Friedrichshain-Kreuzberg,2040703,Wriezener Bahnhof/Entwicklungsgebiet,February,15,Friday,minor,5,Crossing,Daylight,1,1,0,0,0,0,Dry,13.43841,52.51183,bicycle + car + 
192363,Mitte,1033202,Humboldthain Süd,February,15,Wednesday,minor,5,Crossing,Daylight,0,1,0,0,0,0,Dry,13.39075,52.5402,car + 
192364,Friedrichshain-Kreuzberg,2020205,Chamissokiez,February,12,Friday,minor,5,Other,Daylight,1,1,0,0,0,0,Dry,13.40716,52.48599,bicycle + car + 
192365,Tempelhof-Schöneberg,7030301,Friedenau,February,5,Friday,minor,0,Paralle Traffic,Night,0,0,0,0,0,1,Dry,13.32827,52.46818,other
192366,Mitte,1011204,Leipziger Straße,February,16,Friday,minor,5,Crossing,Daylight,0,1,0,0,0,0,Dry,13.40106,52.5104,car + 
192367,Charlottenburg-Wilmersdorf,4030930,George-Grosz-Platz,February,15,Wednesday,minor,1,Paralle Traffic,Daylight,1,1,0,0,0,0,Dry,13.31598,52.50099,bicycle + car + 
192368,Friedrichshain-Kreuzberg,2030401,Reichenberger Straße,February,11,Friday,minor,5,Paralle Traffic,Daylight,0,1,0,1,0,0,Dry,13.42862,52.49853,car + motorbike + 
192369,Friedrichshain-Kreuzberg,2040703,Wriezener Bahnhof/Entwicklungsgebiet,February,16,Friday,minor,1,Paralle Traffic,Daylight,1,1,0,0,0,1,Dry,13.44167,52.50437,bicycle + car + other
192370,Pankow,3050919,Gustav-Adolf-Straße,February,11,Friday,minor,5,Turning,Daylight,0,0,0,1,1,0,Wet,13.44631,52.55868,motorbike + truck + 
192371,Lichtenberg,11020411,Malchower Weg,February,16,Friday,minor,2,Other,Daylight,0,1,0,0,0,0,Dry,13.51181,52.55457,car + 
192372,Neukölln,8041037,Alt-Rudow,February,15,Wednesday,serious,6,Overtaking,Daylight,0,1,1,0,0,0,Dry,13.49423,52.41877,car + pedestrian + 
192373,Charlottenburg-Wilmersdorf,4030518,Tegeler Weg,February,11,Friday,minor,2,Stationary Traffic,Daylight,0,0,0,0,1,1,Dry,13.29972,52.5231,truck + other
192374,Charlottenburg-Wilmersdorf,4051446,Preußenpark,February,10,Friday,minor,5,Crossing,Daylight,0,1,0,0,0,0,Dry,13.31117,52.49608,car + 