id,district,lor,street,month,hour,weekday,injury,collision,movement,light_conditions,bicycle,car,pedestrian,motorbike,truck,other_vehicle,road_conditions,longitude,latitude,Combo_type
192375,Mitte,1011302,Oranienburger Straße,February,18,Friday,minor,1,Paralle Traffic,Dawn,1,1,0,0,0,0,Dry,13.40046,52.52365,bicycle + car + 
192376,Spandau,5020625,Borkumer Straße,February,7,Wednesday,minor,0,Turning,Daylight,1,1,0,0,0,0,Dry,13.19529,52.53309,bicycle + car + 
192377,Pankow,3061131,Falkplatz,February,14,Friday,minor,5,Turning,Daylight,1,1,0,0,0,0,Dry,13.41316,52.54768,bicycle + car + 
192378,Pankow,3061131,Falkplatz,February,19,Friday,minor,2,Stationary Traffic,Night,0,1,0,1,0,0,Dry,13.40579,52.54611,car + motorbike + 
192379,Charlottenburg-Wilmersdorf,4030726,Droysenstraße,February,5,Wednesday,minor,6,Overtaking,Night,0,1,1,0,0,0,Dry,13.30367,52.50439,car + pedestrian + 
192380,Lichtenberg,11030721,Rüdigerstraße,February,10,Friday,minor,5,Turning,Daylight,1,1,0,0,0,0,Dry,13.47951,52.51665,bicycle + car + 
192381,Charlottenburg-Wilmersdorf,4051447,Ludwigkirchplatz,February,19,Friday,minor,6,Other,Night,0,1,1,0,0,0,Dry,13.31895,52.49813,car + pedestrian + 
192382,Friedrichshain-Kreuzberg,2050801,Traveplatz,February,20,Friday,minor,5,Crossing,Night,1,1,0,0,0,0,Dry,13.46398,52.51309,bicycle + car + 
192383,Spandau,5010314,Carl-Schurz-Straße,February,7,Tuesday,minor,2,Stationary Traffic,Daylight,0,1,0,0,0,0,Dry,13.20412,52.53601,car + 
192384,Tempelhof-Schöneberg,7070704,Nahariyastraße,February,20,Friday,minor,6,Overtaking,Night,1,0,1,0,0,0,Dry,13.41221,52.38777,bicycle + pedestrian + 
192385,Charlottenburg-Wilmersdorf,4051445,Eisenzahnstraße,February,21,Friday,minor,5,Turning,Night,0,1,0,0,0,0,Dry,13.30795,52.48851,car + 
192386,Marzahn-Hellersdorf,10040931,Mahlsdorf Nord,February,11,Friday,serious,5,Crossing,Daylight,1,1,0,0,0,0,Dry,13.61865,52.51845,bicycle + car + 
192387,Spandau,5010312,Kurstraße,February,13,Tuesday,minor,5,Crossing,Daylight,0,1,0,0,0,0,Dry,13.20263,52.54984,car + 
192388,Mitte,1044202,Sparrplatz,February,9,Friday,minor,2,Stationary Traffic,Daylight,0,1,0,0,0,1,Dry,13.35897,52.5462,car + other
192389,Neukölln,8020727,Buckow Mitte,February,14,Friday,minor,5,Turning,Daylight,0,1,0,0,0,1,Dry,13.42128,52.41923,car + other
192390,Marzahn-Hellersdorf,10010206,Ringkolonnaden,February,7,Tuesday,minor,5,Crossing,Daylight,0,1,0,0,0,1,Dry,13.57278,52.55017,car + other
192391,Reinickendorf,12214125,Waldidyll/Flughafensee,February,16,Friday,serious,3,Stationary Traffic,Daylight,1,1,0,0,0,0,Dry,13.26123,52.57349,bicycle + car + 
192392,Steglitz-Zehlendorf,6020301,Alt-Lankwitz,February,20,Friday,minor,0,Driving,Night,0,0,0,1,0,0,Dry,13.3589,52.43724,motorbike + 
192393,Treptow-Köpenick,9051901,Dammvorstadt,February,16,Friday,serious,0,Driving,Daylight,0,0,0,1,0,0,Dry,13.58667,52.45145,motorbike + 
192394,Reinickendorf,12214125,Waldidyll/Flughafensee,February,12,Tuesday,minor,6,Overtaking,Daylight,0,1,1,0,0,0,Dry,13.29393,52.55258,car + pedestrian + 
192395,Tempelhof-Schöneberg,7020201,Bayerischer Platz,February,16,Thursday,minor,3,Stationary Traffic,Daylight,0,1,0,0,0,0,Dry,13.34519,52.49026,car + 
192396,Tempelhof-Schöneberg,7040404,Marienhöhe,February,15,Thursday,minor,5,Turning,Daylight,0,1,0,0,0,1,Dry,13.36197,52.44725,car + other
192397,Tempelhof-Schöneberg,7020201,Bayerischer Platz,February,18,Thursday,serious,6,Turning,Night,0,1,1,0,0,0,Wet,13.34501,52.49219,car + pedestrian + 
192398,Tempelhof-Schöneberg,7070703,John-Locke-Straße,February,15,Tuesday,minor,5,Crossing,Daylight,0,1,0,0,0,0,Dry,13.40189,52.39104,car + 
192399,Neukölln,8010405,Hertzbergplatz,February,16,Thursday,minor,1,Paralle Traffic,Daylight,0,1,0,0,0,0,Wet,13.44826,52.47871,car + 
192400,Neukölln,8010301,Reuterkiez,February,20,Thursday,minor,6,Turning,Night,0,1,1,0,0,0,Dry,13.43795,52.48287,car + pedestrian + 
192401,Tempelhof-Schöneberg,7030301,Friedenau,February,11,Thursday,minor,2,Stationary Traffic,Daylight,0,1,0,0,0,0,Wet,13.32809,52.46464,car + 
192402,Charlottenburg-Wilmersdorf,4041241,Breite Straße,February,21,Thursday,minor,6,Turning,Night,0,1,1,0,0,0,Wet,13.29055,52.47531,car + pedestrian + 
192403,Marzahn-Hellersdorf,10040933,Mahlsdorf Süd,February,12,Tuesday,minor,5,Crossing,Daylight,0,1,0,0,0,0,Dry,13.60094,52.47932,car + 
192404,Mitte,1011105,Nördlicher Landwehrkanal,February,19,Thursday,serious,5,Turning,Night,0,1,0,1,0,0,Wet,13.37187,52.5091,car + motorbike + 
192405,Friedrichshain-Kreuzberg,2030301,Oranienplatz,February,19,Thursday,minor,6,Turning,Night,0,1,1,0,0,0,Wet,13.41916,52.50132,car + pedestrian + 
192406,Friedrichshain-Kreuzberg,2030302,Lausitzer Platz,February,9,Tuesday,minor,3,Stationary Traffic,Daylight,1,0,0,0,1,0,Dry,13.4446,52.50083,bicycle + truck + 
192407,Mitte,7010101,Wittenbergplatz/Viktoria-Luise-Platz,February,19,Thursday,minor,5,Crossing,Night,1,1,0,0,0,0,Wet,13.34433,52.50417,bicycle + car + 
192408,Neukölln,8010301,Reuterkiez,February,19,Thursday,minor,5,Turning,Night,0,0,0,1,0,1,Wet,13.43358,52.48483,motorbike + other
192409,Friedrichshain-Kreuzberg,2040703,Wriezener Bahnhof/Entwicklungsgebiet,February,9,Tuesday,minor,5,Turning,Daylight,1,1,0,0,0,0,Dry,13.44093,52.50477,bicycle + car + 
192410,Marzahn-Hellersdorf,10040931,Mahlsdorf Nord,February,19,Thursday,serious,6,Turning,Night,0,1,1,0,0,0,Wet,13.62611,52.52937,car + pedestrian + 
192411,Charlottenburg-Wilmersdorf,4020311,Reichsstraße,February,13,Wednesday,minor,6,Turning,Daylight,0,1,1,0,0,0,Dry,13.25994,52.51607,car + pedestrian + 
192412,Tempelhof-Schöneberg,7050505,Hundsteinweg,February,18,Thursday,minor,5,Turning,Dawn,0,1,0,1,0,0,Wet,13.39642,52.44012,car + motorbike + 
192413,Spandau,5030731,Gartenfelder Straße,February,17,Thursday,minor,5,Other,Night,0,1,0,1,0,0,Wet,13.2359,52.54187,car + motorbike + 
192414,Mitte,1011104,Körnerstraße,February,8,Tuesday,minor,5,Turning,Daylight,1,1,0,0,0,0,Dry,13.36559,52.50311,bicycle + car + 
192415,Pankow,3061228,Erich-Weinert-Straße,February,17,Thursday,minor,5,Crossing,Night,1,1,0,0,0,0,Wet,13.43647,52.54844,bicycle + car + 
192416,Mitte,1011204,Leipziger Straße,February,15,Wednesday,minor,2,Stationary Traffic,Daylight,0,1,0,0,0,0,Dry,13.40309,52.51601,car + 
192417,Charlottenburg-Wilmersdorf,4030726,Droysenstraße,February,16,Thursday,minor,5,Other,Daylight,0,1,0,0,0,0,Wet,13.30432,52.50357,car + 
192418,Reinickendorf,12214527,Alt-Tegel,February,16,Thursday,minor,0,Turning,Daylight,1,1,0,0,0,0,Wet,13.28055,52.59381,bicycle + car + 
192419,Treptow-Köpenick,9010402,Johannisthal Ost,February,6,Tuesday,minor,3,Stationary Traffic,Daylight,0,1,0,0,0,0,Dry,13.51092,52.45004,car + 
192420,Steglitz-Zehlendorf,6030503,Zehlendorf Mitte,February,10,Thursday,minor,0,Other,Daylight,0,1,0,0,0,0,Wet,13.25994,52.42926,car + 
192421,Lichtenberg,11051229,Rummelsburg,February,8,Thursday,minor,2,Turning,Daylight,0,1,0,0,0,0,Wet,13.46984,52.50231,car + 
192422,Neukölln,8020625,Handwerker-Siedlung,February,8,Thursday,minor,5,Turning,Daylight,0,1,0,0,0,1,Wet,13.435,52.43927,car + other
192423,Lichtenberg,11020412,Hauptstraße,February,18,Tuesday,minor,1,Driving,Night,0,1,0,0,0,0,Dry,13.51615,52.54312,car + 
192424,Mitte,1011202,Unter den Linden Nord,February,8,Thursday,minor,6,Other,Daylight,0,1,1,0,0,0,Wet,13.38529,52.52015,car + pedestrian + 
192425,Marzahn-Hellersdorf,10030724,Oberfeldstraße,February,7,Thursday,minor,5,Turning,Daylight,0,1,0,0,0,1,Dry,13.54899,52.52801,car + other
192426,Mitte,1033201,Brunnenstraße,February,6,Thursday,minor,6,Turning,Daylight,0,1,1,0,0,0,Wet,13.40168,52.53986,car + pedestrian + 
192427,Steglitz-Zehlendorf,6030609,Augustaplatz,February,8,Wednesday,minor,5,Other,Daylight,0,1,0,0,0,0,Dry,13.30761,52.44034,car + 
192428,Treptow-Köpenick,9020802,Köllnische Vorstadt,February,6,Thursday,serious,5,Turning,Daylight,1,1,0,0,0,0,Wet,13.5719,52.43004,bicycle + car + 
192429,Mitte,1033102,Gesundbrunnen,February,1,Thursday,minor,1,Driving,Night,0,1,0,0,0,0,Dry,13.38808,52.55159,car + 
192430,Pankow,3010102,Buch,February,5,Tuesday,minor,2,Stationary Traffic,Night,0,1,0,0,0,0,Dry,13.49682,52.63457,car + 
192431,Charlottenburg-Wilmersdorf,4010103,Paul-Hertz-Siedlung,February,6,Thursday,minor,5,Turning,Dawn,0,1,0,1,0,0,Wet,13.29318,52.53451,car + motorbike + 
192432,Mitte,1033202,Humboldthain Süd,February,13,Thursday,minor,5,Crossing,Daylight,0,1,0,0,0,0,Dry,13.38274,52.54214,car + 
192433,Friedrichshain-Kreuzberg,2040503,Richard-Sorge-Viertel,February,12,Thursday,minor,5,Crossing,Daylight,0,1,0,1,0,0,Wet,13.44342,52.51793,car + motorbike + 
192434,Mitte,1011202,Unter den Linden Nord,February,12,Thursday,minor,2,Stationary Traffic,Daylight,0,1,0,0,0,0,Dry,13.38753,52.51865,car + 
192435,Charlottenburg-Wilmersdorf,4020206,Angerburger Allee,February,0,Tuesday,minor,5,Crossing,Night,0,1,0,0,0,0,Dry,13.22172,52.51117,car + 
192436,Marzahn-Hellersdorf,10010308,Marzahner Chaussee,February,12,Thursday,minor,6,Overtaking,Daylight,0,1,1,0,0,0,Wet,13.53453,52.5273,car + pedestrian + 
192437,Spandau,5010339,Freiheit,February,11,Thursday,serious,2,Stationary Traffic,Daylight,0,1,0,0,0,1,Dry,13.23619,52.52697,car + other
192438,Neukölln,8020727,Buckow Mitte,February,11,Thursday,serious,6,Turning,Daylight,0,0,1,0,0,1,Wet,13.42129,52.41309,pedestrian + other
192439,Spandau,5030833,Motardstraße,February,16,Tuesday,serious,5,Turning,Daylight,0,1,0,0,0,0,Dry,13.26494,52.53666,car + 
192440,Tempelhof-Schöneberg,7040404,Marienhöhe,February,9,Thursday,minor,0,Stationary Traffic,Daylight,1,1,0,0,0,0,Dry,13.3663,52.44941,bicycle + car + 
192441,Pankow,3030715,Heinersdorf,February,11,Thursday,serious,6,Crossing,Daylight,0,1,1,0,0,0,Dry,13.44309,52.5711,car + pedestrian + 
192442,Tempelhof-Schöneberg,7030303,Grazer Platz,February,10,Thursday,minor,5,Crossing,Daylight,0,1,0,0,0,0,Wet,13.35874,52.47453,car + 
192443,Mitte,1011302,Oranienburger Straße,February,18,Wednesday,minor,3,Stationary Traffic,Night,1,0,0,0,0,0,Dry,13.39342,52.52602,bicycle + 
192444,Marzahn-Hellersdorf,10030724,Oberfeldstraße,February,14,Wednesday,minor,2,Stationary Traffic,Daylight,0,1,0,0,0,0,Dry,13.56538,52.52493,car + 
192445,Reinickendorf,12304313,Borsigwalde,February,8,Wednesday,minor,0,Stationary Traffic,Daylight,0,1,0,0,0,0,Dry,13.30029,52.58092,car + 
192446,Mitte,1011105,Nördlicher Landwehrkanal,February,17,Wednesday,minor,0,Crossing,Daylight,1,1,0,0,0,0,Dry,13.36375,52.5082,bicycle + car + 
192447,Lichtenberg,11041022,Rosenfelder Ring,February,16,Tuesday,minor,2,Turning,Daylight,1,1,0,0,0,1,Dry,13.51198,52.51014,bicycle + car + other
192448,Steglitz-Zehlendorf,6010205,Südende,February,8,Wednesday,minor,6,Overtaking,Daylight,0,1,1,0,0,0,Dry,13.35398,52.44913,car + pedestrian + 
192449,Pankow,3030406,Alt-Karow,February,5,Wednesday,minor,5,Turning,Night,1,1,0,0,0,0,Dry,13.48125,52.60935,bicycle + car + 
192450,Pankow,3020209,Niederschönhausen,February,7,Wednesday,minor,5,Crossing,Daylight,0,1,0,0,0,0,Dry,13.40189,52.58735,car + 
192451,Neukölln,8020619,Buschkrugallee Nord,February,11,Tuesday,serious,0,Driving,Daylight,0,0,0,1,0,0,Dry,13.43826,52.45346,motorbike + 
192452,Tempelhof-Schöneberg,7070702,Alt-Lichtenrade/Töpchiner Weg,February,7,Wednesday,minor,5,Crossing,Daylight,1,1,0,0,0,0,Dry,13.41908,52.39748,bicycle + car + 
192453,Marzahn-Hellersdorf,10020623,Rotes Viertel,February,11,Thursday,minor,5,Crossing,Daylight,0,1,0,0,0,0,Dry,13.58946,52.52328,car + 
192454,Neukölln,8010115,Hasenheide,February,12,Wednesday,minor,2,Stationary Traffic,Daylight,0,1,0,0,0,0,Dry,13.40967,52.48193,car + 
192455,Marzahn-Hellersdorf,11020516,Weiße Taube,February,13,Wednesday,minor,0,Crossing,Daylight,0,1,0,0,0,1,Dry,13.51698,52.53564,car + other
192456,Friedrichshain-Kreuzberg,2020204,Urbanstraße,February,16,Tuesday,minor,3,Stationary Traffic,Daylight,1,1,0,0,0,0,Dry,13.39514,52.49694,bicycle + car + 
192457,Charlottenburg-Wilmersdorf,4030726,Droysenstraße,February,10,Wednesday,minor,6,Turning,Daylight,0,1,1,0,0,0,Dry,13.3073,52.49995,car + pedestrian + 
192458,Neukölln,8010117,Schillerpromenade,February,11,Wednesday,minor,0,Turning,Daylight,0,1,0,1,0,0,Dry,13.42539,52.47977,car + motorbike + 
192459,Mitte,1022104,Emdener Straße,February,11,Wednesday,minor,1,Paralle Traffic,Daylight,1,1,0,0,0,0,Dry,13.33731,52.52653,bicycle + car + 
192460,Spandau,5030730,Zitadellenweg,February,14,Wednesday,minor,5,Crossing,Daylight,0,1,0,0,0,0,Dry,13.22266,52.54001,car + 
192461,Mitte,1011304,Karl-Marx-Allee,February,18,Monday,serious,0,Other,Night,0,0,0,1,0,0,Dry,13.42046,52.52478,motorbike + 
192462,Mitte,1022204,Thomasiusstraße,February,11,Wednesday,minor,6,Crossing,Daylight,0,1,1,0,0,0,Dry,13.34629,52.52496,car + pedestrian + 
192463,Mitte,1022204,Thomasiusstraße,February,13,Wednesday,minor,5,Turning,Daylight,1,1,0,0,0,0,Dry,13.34615,52.52498,bicycle + car + 
192464,Neukölln,8010302,Bouchéstraße,February,14,Monday,minor,1,Paralle Traffic,Daylight,0,1,0,0,0,0,Dry,13.44586,52.48604,car + 
192465,Friedrichshain-Kreuzberg,2030302,Lausitzer Platz,February,14,Wednesday,minor,3,Stationary Traffic,Daylight,1,1,0,0,0,0,Dry,13.44121,52.50057,bicycle + car + 
192466,Charlottenburg-Wilmersdorf,4030931,Breitscheidplatz,February,15,Wednesday,minor,5,Turning,Daylight,0,1,0,0,0,0,Dry,13.33428,52.50782,car + 
192467,Charlottenburg-Wilmersdorf,4030620,Alt-Lietzow,February,10,Wednesday,minor,0,Driving,Daylight,0,0,0,1,0,0,Dry,13.31349,52.51531,motorbike + 
192468,Mitte,1022103,Westhafen,February,8,Monday,minor,2,Stationary Traffic,Daylight,0,0,0,0,1,1,Dry,13.32703,52.53611,truck + other
192469,Spandau,5010207,Darbystraße,February,16,Wednesday,serious,5,Crossing,Daylight,0,1,0,0,0,0,Dry,13.18481,52.54758,car + 
192470,Tempelhof-Schöneberg,7020201,Bayerischer Platz,February,17,Thursday,minor,5,Turning,Dawn,0,1,0,0,0,0,Dry,13.34493,52.49036,car + 
192471,Pankow,3050925,Komponistenviertel Weißensee,February,17,Wednesday,serious,6,Overtaking,Daylight,0,1,1,0,0,0,Dry,13.4555,52.5462,car + pedestrian + 
192472,Neukölln,8020622,Parchimer Allee,February,17,Wednesday,minor,2,Stationary Traffic,Dawn,0,1,0,0,0,0,Dry,13.43391,52.44302,car + 
192473,Marzahn-Hellersdorf,10010309,Springpfuhl,February,7,Monday,minor,0,Other,Daylight,1,0,0,0,0,0,Dry,13.54808,52.53398,bicycle + 
192474,Pankow,3061228,Erich-Weinert-Straße,February,18,Wednesday,serious,6,Overtaking,Dawn,0,1,1,0,0,0,Dry,13.43548,52.54542,car + pedestrian + 
192475,Friedrichshain-Kreuzberg,2020202,Rathaus Yorckstraße,February,12,Tuesday,minor,5,Turning,Daylight,0,1,0,0,0,0,Dry,13.38946,52.49601,car + 
192476,Steglitz-Zehlendorf,6010103,Markelstraße,February,18,Monday,minor,5,Turning,Night,1,0,0,0,0,1,Dry,13.31,52.46671,bicycle + other
192477,Pankow,3030716,Märchenland,February,17,Monday,minor,1,Paralle Traffic,Dawn,1,0,0,0,1,0,Dry,13.46763,52.5707,bicycle + truck + 
192478,Charlottenburg-Wilmersdorf,4030827,Karl-August-Platz,February,8,Tuesday,minor,0,Overtaking,Daylight,1,0,1,0,0,0,Dry,13.31395,52.50676,bicycle + pedestrian + 
192479,Mitte,1011202,Unter den Linden Nord,February,10,Tuesday,minor,5,Other,Daylight,0,1,0,0,0,0,Dry,13.38542,52.51898,car + 
192480,Pankow,3040614,Pankow Zentrum,February,17,Monday,serious,6,Overtaking,Daylight,0,1,1,0,0,0,Dry,13.39736,52.56585,car + pedestrian + 
192481,Charlottenburg-Wilmersdorf,4030929,Hindemithplatz,February,16,Tuesday,minor,1,Paralle Traffic,Daylight,1,1,0,0,0,0,Dry,13.30844,52.50022,bicycle + car + 
192482,Spandau,5010206,Gütersloher Weg,February,15,Tuesday,minor,5,Other,Daylight,0,1,0,1,0,0,Dry,13.16537,52.55115,car + motorbike + 
192483,Steglitz-Zehlendorf,6030503,Zehlendorf Mitte,February,16,Monday,minor,0,Turning,Daylight,1,0,0,0,0,1,Dry,13.26654,52.43057,bicycle + other
192484,Pankow,3050919,Gustav-Adolf-Straße,February,14,Tuesday,minor,4,Other,Daylight,0,1,0,0,0,0,Dry,13.45337,52.55836,car + 
192485,Friedrichshain-Kreuzberg,2020206,Graefekiez,February,12,Wednesday,minor,2,Stationary Traffic,Daylight,0,1,0,0,0,0,Dry,13.42284,52.48688,car + 
192486,Reinickendorf,12214125,Waldidyll/Flughafensee,February,12,Tuesday,minor,5,Crossing,Daylight,0,1,0,0,0,1,Dry,13.30594,52.55471,car + other
192487,Reinickendorf,12301203,Wittenau Süd,February,11,Tuesday,minor,5,Crossing,Daylight,0,1,0,0,0,1,Dry,13.33853,52.58996,car + other
192488,Friedrichshain-Kreuzberg,2020205,Chamissokiez,February,16,Monday,minor,5,Crossing,Daylight,0,1,0,0,0,0,Dry,13.3944,52.48469,car + 
192489,Steglitz-Zehlendorf,6020303,Lankwitz Kirche,February,10,Tuesday,minor,2,Stationary Traffic,Daylight,0,1,0,0,0,0,Dry,13.34398,52.43862,car + 
192490,Lichtenberg,11010310,Mühlengrund,February,9,Tuesday,minor,2,Overtaking,Daylight,0,1,1,1,0,0,Dry,13.50537,52.56322,car + pedestrian + motorbike + 
192491,Treptow-Köpenick,9041302,Wendenschloß,February,9,Tuesday,minor,0,Driving,Daylight,1,0,0,0,0,0,Dry,13.58819,52.42094,bicycle + 
192492,Reinickendorf,12214125,Waldidyll/Flughafensee,February,16,Monday,minor,5,Crossing,Daylight,0,1,0,1,0,0,Dry,13.30594,52.55471,car + motorbike + 
192493,Friedrichshain-Kreuzberg,2050801,Traveplatz,February,8,Tuesday,minor,5,Other,Daylight,1,1,0,0,0,0,Dry,13.46429,52.5137,bicycle + car + 
192494,Mitte,1044101,Rehberge,February,8,Tuesday,minor,5,Crossing,Daylight,1,1,0,0,0,0,Dry,13.3332,52.5609,bicycle + car + 
192495,Mitte,1022106,Elberfelder Straße,February,8,Tuesday,minor,5,Turning,Daylight,1,1,0,0,0,0,Dry,13.34272,52.52532,bicycle + car + 
192496,Reinickendorf,12214125,Waldidyll/Flughafensee,February,7,Tuesday,minor,6,Overtaking,Daylight,1,0,1,0,0,0,Dry,13.29193,52.57552,bicycle + pedestrian + 
192497,Mitte,1011105,Nördlicher Landwehrkanal,February,22,Tuesday,minor,0,Other,Night,1,0,0,0,0,0,Dry,13.37482,52.50865,bicycle + 
192498,Neukölln,8010118,Silbersteinstraße,February,20,Tuesday,minor,6,Overtaking,Night,0,1,1,0,0,0,Wet,13.43187,52.46656,car + pedestrian + 
192499,Neukölln,8010301,Reuterkiez,February,18,Tuesday,minor,5,Turning,Night,1,1,0,0,0,0,Dry,13.44001,52.48694,bicycle + car + 
192500,Steglitz-Zehlendorf,6040804,Krumme Lanke,February,11,Wednesday,minor,5,Turning,Daylight,1,1,0,0,0,0,Dry,13.23226,52.43771,bicycle + car + 
192501,Reinickendorf,12103117,Letteplatz,February,17,Tuesday,minor,3,Stationary Traffic,Night,1,1,0,0,0,0,Dry,13.37799,52.56451,bicycle + car + 
192502,Mitte,1011304,Karl-Marx-Allee,February,17,Tuesday,minor,2,Stationary Traffic,Night,1,1,0,0,0,0,Dry,13.41802,52.51518,bicycle + car + 
192503,Reinickendorf,12224229,Konradshöhe/Tegelort,February,15,Monday,minor,0,Other,Daylight,0,0,0,0,0,1,Dry,13.22644,52.58325,other
192504,Mitte,1022101,Huttenkiez,February,17,Tuesday,minor,6,Overtaking,Dawn,0,1,1,0,0,0,Dry,13.31597,52.52917,car + pedestrian + 
192505,Treptow-Köpenick,9030901,Dorf Altglienicke,February,14,Monday,minor,5,Turning,Daylight,0,1,0,0,0,0,Dry,13.53534,52.41069,car + 
192506,Neukölln,8010212,Rollberg,February,7,Monday,minor,5,Crossing,Daylight,0,1,0,0,0,0,Dry,13.43111,52.47825,car + 
192507,Steglitz-Zehlendorf,6030607,Goerzwerke,February,15,Monday,minor,2,Stationary Traffic,Daylight,0,1,0,0,0,1,Dry,13.31093,52.43073,car + other
192508,Friedrichshain-Kreuzberg,2040703,Wriezener Bahnhof/Entwicklungsgebiet,February,19,Monday,minor,1,Paralle Traffic,Night,1,1,0,0,0,1,Dry,13.43514,52.50819,bicycle + car + other
192509,Treptow-Köpenick,9051901,Dammvorstadt,February,13,Monday,serious,6,Overtaking,Daylight,1,0,1,0,0,0,Dry,13.57669,52.45519,bicycle + pedestrian + 
192510,Mitte,1011103,Lützowstraße,February,21,Monday,minor,5,Crossing,Night,1,1,0,0,0,0,Dry,13.35154,52.50556,bicycle + car + 
192511,Friedrichshain-Kreuzberg,2010104,Wassertorplatz,February,19,Monday,minor,3,Stationary Traffic,Night,0,1,0,1,0,0,Dry,13.41682,52.49895,car + motorbike + 
192512,Treptow-Köpenick,9020802,Köllnische Vorstadt,February,17,Monday,minor,2,Other,Night,0,1,0,0,0,0,Dry,13.56961,52.44219,car + 
192513,Tempelhof-Schöneberg,7010103,Barbarossaplatz,February,17,Monday,minor,6,Overtaking,Dawn,1,0,1,0,0,0,Dry,13.35376,52.49391,bicycle + pedestrian + 
192514,Friedrichshain-Kreuzberg,2020205,Chamissokiez,February,15,Monday,minor,4,Paralle Traffic,Daylight,1,0,0,0,0,0,Dry,13.38816,52.48991,bicycle + 
192515,Charlottenburg-Wilmersdorf,4030931,Breitscheidplatz,February,17,Monday,serious,0,Stationary Traffic,Daylight,0,1,0,0,0,1,Dry,13.3368,52.50522,car + other
192516,Neukölln,8010211,Flughafenstraße,February,17,Monday,minor,6,Overtaking,Daylight,0,1,1,0,0,0,Dry,13.42501,52.48101,car + pedestrian + 
192517,Friedrichshain-Kreuzberg,2010102,Mehringplatz,February,9,Wednesday,serious,5,Crossing,Daylight,0,1,0,0,0,0,Dry,13.39711,52.50035,car + 
192518,Reinickendorf,12103117,Letteplatz,February,14,Monday,minor,5,Crossing,Daylight,1,1,0,0,0,0,Dry,13.37838,52.56596,bicycle + car + 
192519,Neukölln,8010508,Weiße Siedlung,February,14,Monday,minor,5,Crossing,Daylight,0,1,0,0,0,0,Dry,13.4646,52.47021,car + 
192520,Marzahn-Hellersdorf,10020413,Gut Hellersdorf,February,14,Monday,minor,2,Stationary Traffic,Daylight,0,1,0,0,0,0,Dry,13.59175,52.53696,car + 
192521,Lichtenberg,11020515,Landsberger Allee,February,12,Monday,minor,5,Crossing,Daylight,1,0,0,0,0,1,Dry,13.49968,52.53459,bicycle + other
192522,Marzahn-Hellersdorf,11030720,Herzbergstraße,February,11,Monday,minor,3,Stationary Traffic,Daylight,0,1,0,0,0,0,Dry,13.51667,52.5353,car + 
192523,Pankow,3020210,Herthaplatz,February,11,Monday,minor,0,Paralle Traffic,Daylight,1,1,0,0,0,0,Dry,13.40717,52.58256,bicycle + car + 
192524,Spandau,5010103,Amorbacher Weg,February,14,Monday,minor,3,Stationary Traffic,Daylight,1,1,0,0,0,0,Dry,13.18803,52.55553,bicycle + car + 
192525,Treptow-Köpenick,9041501,Altstadt Kietz,February,11,Monday,serious,0,Driving,Daylight,1,0,0,0,0,0,Dry,13.57755,52.44466,bicycle + 
192526,Mitte,1044103,Westliche Müllerstraße,February,10,Monday,minor,2,Stationary Traffic,Daylight,0,1,0,0,0,0,Dry,13.35437,52.54696,car + 
192527,Charlottenburg-Wilmersdorf,4030417,Schloßstraße,February,8,Monday,serious,6,Overtaking,Daylight,0,1,1,0,0,0,Dry,13.28879,52.51183,car + pedestrian + 
192528,Neukölln,8040933,Vogelviertel Süd,February,13,Monday,minor,1,Driving,Daylight,0,1,0,0,0,1,Dry,13.46281,52.43286,car + other
192529,Mitte,1011401,Invalidenstraße,February,17,Monday,minor,5,Crossing,Daylight,0,1,0,1,0,0,Dry,13.39604,52.53243,car + motorbike + 
192530,Tempelhof-Schöneberg,7020203,Kaiser-Wilhelm-Platz,February,16,Monday,minor,5,Turning,Daylight,1,0,0,0,0,0,Dry,13.35408,52.48728,bicycle + 
192531,Lichtenberg,11020412,Hauptstraße,February,13,Monday,serious,6,Overtaking,Daylight,0,1,1,0,0,0,Dry,13.49729,52.5466,car + pedestrian + 
192532,Pankow,3020307,Buchholz,February,16,Monday,minor,5,Turning,Daylight,1,1,0,0,0,0,Dry,13.43472,52.61309,bicycle + car + 
192533,Steglitz-Zehlendorf,6030605,Botanischer Garten,February,16,Monday,minor,5,Turning,Daylight,0,1,0,0,0,0,Dry,13.29383,52.44559,car + 
192534,Reinickendorf,12214423,Mellerbogen,February,13,Monday,minor,2,Stationary Traffic,Daylight,0,1,0,1,0,0,Dry,13.3199,52.57599,car + motorbike + 
192535,Mitte,1011102,Großer Tiergarten,February,15,Monday,minor,3,Turning,Daylight,0,1,0,1,0,0,Dry,13.35021,52.51369,car + motorbike + 
192536,Charlottenburg-Wilmersdorf,4041241,Breite Straße,February,15,Thursday,serious,5,Crossing,Daylight,0,1,0,0,0,0,Dry,13.28977,52.47076,car + 