id,district,lor,street,month,hour,weekday,injury,collision,movement,light_conditions,bicycle,car,pedestrian,motorbike,truck,other_vehicle,road_conditions,longitude,latitude,Combo_type
192537,Treptow-Köpenick,9020502,Oberschöneweide Ost,February,14,Monday,minor,5,Crossing,Daylight,1,1,0,0,0,0,Dry,13.53425,52.45726,bicycle + car + 
192538,Mitte,1022106,Elberfelder Straße,February,14,Monday,minor,5,Paralle Traffic,Daylight,0,1,0,1,0,0,Dry,13.34186,52.52549,car + motorbike + 
192539,Treptow-Köpenick,9010301,Baumschulenstraße,February,10,Monday,minor,6,Overtaking,Daylight,0,1,1,0,0,0,Dry,13.48422,52.46314,car + pedestrian + 
192540,Pankow,3061429,Greifswalder Straße,February,20,Sunday,minor,6,Overtaking,Night,0,1,1,0,0,0,Dry,13.44064,52.54052,car + pedestrian + 
192541,Mitte,1011105,Nördlicher Landwehrkanal,February,23,Thursday,minor,5,Turning,Night,0,1,0,0,0,0,Dry,13.37122,52.51111,car + 
192542,Tempelhof-Schöneberg,7020202,Volkspark (Rudolf-Wilde-Park),February,13,Sunday,minor,1,Paralle Traffic,Daylight,1,1,0,0,0,0,Dry,13.34345,52.48419,bicycle + car + 
192543,Neukölln,8020726,Buckow West,February,14,Sunday,minor,2,Stationary Traffic,Daylight,0,1,0,0,0,0,Dry,13.40601,52.41562,car + 
192544,Pankow,3020210,Herthaplatz,February,10,Monday,minor,3,Stationary Traffic,Daylight,0,1,0,0,1,0,Dry,13.40643,52.588,car + truck + 
192545,Treptow-Köpenick,9010402,Johannisthal Ost,February,9,Sunday,minor,3,Stationary Traffic,Daylight,1,0,0,0,0,1,Dry,13.51201,52.44878,bicycle + other
192546,Spandau,5010314,Carl-Schurz-Straße,February,18,Sunday,serious,2,Overtaking,Night,0,1,1,0,0,0,Dry,13.19976,52.53476,car + pedestrian + 
192547,Lichtenberg,11041128,Sewanstraße,February,10,Monday,minor,6,Turning,Daylight,0,1,1,0,0,0,Dry,13.50968,52.4963,car + pedestrian + 
192548,Charlottenburg-Wilmersdorf,4041344,Rüdesheimer Platz,February,16,Sunday,minor,1,Paralle Traffic,Daylight,1,1,0,0,0,0,Dry,13.31662,52.47002,bicycle + car + 
192549,Friedrichshain-Kreuzberg,2010101,Askanischer Platz,February,21,Sunday,serious,6,Turning,Night,0,1,1,0,0,0,Dry,13.38647,52.50531,car + pedestrian + 
192550,Mitte,1011202,Unter den Linden Nord,February,9,Monday,minor,0,Other,Daylight,0,1,0,1,0,0,Dry,13.38805,52.52157,car + motorbike + 
192551,Friedrichshain-Kreuzberg,2040502,Friedenstraße,February,21,Sunday,serious,5,Turning,Night,0,1,0,1,0,0,Dry,13.44063,52.51708,car + motorbike + 
192552,Lichtenberg,11030618,Fennpfuhl West,February,13,Wednesday,minor,5,Turning,Daylight,1,1,0,0,0,0,Dry,13.46887,52.53135,bicycle + car + 
192553,Mitte,1011204,Leipziger Straße,February,17,Sunday,minor,5,Turning,Dawn,1,1,0,0,0,0,Dry,13.40122,52.51116,bicycle + car + 
192554,Treptow-Köpenick,9041501,Altstadt Kietz,February,15,Sunday,minor,6,Overtaking,Daylight,1,0,1,0,0,0,Dry,13.58027,52.44326,bicycle + pedestrian + 
192555,Charlottenburg-Wilmersdorf,4051445,Eisenzahnstraße,February,9,Monday,minor,5,Other,Daylight,0,1,0,0,0,1,Dry,13.30789,52.48865,car + other
192556,Mitte,1033102,Gesundbrunnen,February,15,Sunday,minor,6,Turning,Daylight,0,1,1,0,0,0,Dry,13.38416,52.55604,car + pedestrian + 
192557,Friedrichshain-Kreuzberg,2030402,Wrangelkiez,February,15,Sunday,minor,2,Stationary Traffic,Daylight,1,1,0,0,0,0,Dry,13.44478,52.49959,bicycle + car + 
192558,Lichtenberg,11030619,Fennpfuhl Ost,February,14,Sunday,minor,5,Crossing,Daylight,0,1,0,0,0,0,Dry,13.47597,52.53308,car + 
192559,Reinickendorf,12231101,Hermsdorf,February,8,Monday,minor,2,Stationary Traffic,Daylight,0,1,0,0,0,0,Dry,13.29535,52.6104,car + 
192560,Mitte,1044202,Sparrplatz,February,14,Sunday,minor,2,Driving,Daylight,1,1,0,0,0,0,Dry,13.35623,52.54205,bicycle + car + 
192561,Charlottenburg-Wilmersdorf,4010101,Jungfernheide,February,3,Sunday,minor,9,Driving,Night,0,1,0,0,0,0,Dry,13.29487,52.53963,car + 
192562,Friedrichshain-Kreuzberg,2030302,Lausitzer Platz,February,14,Sunday,minor,1,Paralle Traffic,Daylight,0,1,0,0,0,0,Dry,13.43295,52.50533,car + 
192563,Mitte,1011303,Alexanderplatzviertel,February,22,Monday,minor,5,Turning,Night,1,1,0,0,0,0,Dry,13.41671,52.52187,bicycle + car + 
192564,Mitte,1011202,Unter den Linden Nord,February,18,Sunday,serious,5,Turning,Night,1,1,0,0,0,0,Dry,13.39626,52.51759,bicycle + car + 
192565,Tempelhof-Schöneberg,7020202,Volkspark (Rudolf-Wilde-Park),February,21,Sunday,serious,5,Turning,Night,0,1,0,0,0,1,Dry,13.34533,52.48459,car + other
192566,Marzahn-Hellersdorf,10010311,Landsberger Tor,February,15,Sunday,serious,5,Turning,Daylight,0,1,0,0,0,0,Dry,13.5775,52.54779,car + 
192567,Reinickendorf,12103117,Letteplatz,February,5,Monday,minor,2,Stationary Traffic,Night,0,1,0,0,0,0,Dry,13.37708,52.56095,car + 
192568,Friedrichshain-Kreuzberg,2020203,Viktoriapark,February,8,Sunday,minor,1,Paralle Traffic,Daylight,0,1,0,0,0,1,Dry,13.38501,52.48497,car + other
192569,Steglitz-Zehlendorf,6040703,Nikolassee,February,8,Wednesday,minor,5,Crossing,Daylight,1,1,0,0,0,0,Dry,13.19787,52.43508,bicycle + car + 
192570,Lichtenberg,11010102,Dorf Wartenberg,February,10,Saturday,minor,5,Turning,Daylight,0,1,0,1,0,0,Dry,13.51392,52.57623,car + motorbike + 
192571,Mitte,1022206,Lüneburger Straße,February,2,Saturday,minor,6,Overtaking,Night,0,1,1,0,0,0,Dry,13.36775,52.52583,car + pedestrian + 
192572,Treptow-Köpenick,9041301,Kietzer Feld/Nachtheide,February,6,Monday,minor,2,Stationary Traffic,Dawn,0,1,0,0,0,0,Dry,13.58538,52.42785,car + 
192573,Charlottenburg-Wilmersdorf,4030931,Breitscheidplatz,February,22,Saturday,minor,5,Crossing,Night,1,1,0,0,0,0,Dry,13.33155,52.50513,bicycle + car + 
192574,Friedrichshain-Kreuzberg,2030301,Oranienplatz,February,21,Saturday,minor,3,Stationary Traffic,Night,1,1,0,0,0,0,Dry,13.42602,52.50371,bicycle + car + 
192575,Charlottenburg-Wilmersdorf,4030827,Karl-August-Platz,February,18,Saturday,minor,1,Paralle Traffic,Night,0,1,0,0,0,0,Dry,13.30926,52.50787,car + 
192576,Reinickendorf,12214424,Scharnweberstraße,February,7,Monday,minor,3,Stationary Traffic,Daylight,0,1,0,0,1,0,Dry,13.32976,52.56852,car + truck + 
192577,Marzahn-Hellersdorf,10020413,Gut Hellersdorf,February,17,Saturday,minor,5,Crossing,Dawn,0,1,0,0,0,1,Dry,13.58874,52.53932,car + other
192578,Tempelhof-Schöneberg,7010101,Wittenbergplatz/Viktoria-Luise-Platz,February,11,Saturday,minor,5,Turning,Daylight,1,1,0,0,0,0,Dry,13.34356,52.50152,bicycle + car + 
192579,Pankow,3030406,Alt-Karow,February,9,Saturday,minor,5,Crossing,Daylight,0,1,0,0,0,0,Dry,13.47403,52.60998,car + 
192580,Spandau,5010103,Amorbacher Weg,February,16,Saturday,minor,0,Other,Daylight,0,1,0,0,0,0,Dry,13.18891,52.55792,car + 
192581,Reinickendorf,12214424,Scharnweberstraße,February,20,Monday,minor,1,Paralle Traffic,Night,0,1,0,0,0,0,Dry,13.32246,52.56751,car + 
192582,Charlottenburg-Wilmersdorf,4030931,Breitscheidplatz,February,15,Saturday,minor,6,Overtaking,Daylight,0,1,1,0,0,0,Dry,13.33035,52.50531,car + pedestrian + 
192583,Neukölln,8010214,Glasower Straße,February,14,Saturday,minor,5,Turning,Daylight,1,1,0,0,0,0,Dry,13.44281,52.46506,bicycle + car + 
192584,Friedrichshain-Kreuzberg,2020204,Urbanstraße,February,14,Saturday,minor,2,Stationary Traffic,Daylight,0,1,0,0,0,0,Dry,13.40012,52.49449,car + 
192585,Pankow,3051022,Hansastraße,February,7,Wednesday,minor,5,Turning,Daylight,1,1,0,0,0,0,Dry,13.48002,52.55327,bicycle + car + 
192586,Charlottenburg-Wilmersdorf,4051445,Eisenzahnstraße,February,13,Saturday,serious,6,Other,Daylight,0,1,1,0,0,0,Dry,13.31316,52.49017,car + pedestrian + 
192587,Tempelhof-Schöneberg,7040401,Neu-Tempelhof,February,13,Saturday,minor,6,Overtaking,Daylight,0,1,1,0,0,0,Dry,13.37755,52.48339,car + pedestrian + 
192588,Marzahn-Hellersdorf,10010309,Springpfuhl,February,19,Monday,minor,6,Other,Night,0,1,1,0,0,0,Dry,13.54333,52.53319,car + pedestrian + 
192589,Tempelhof-Schöneberg,7060604,Marienfelde Süd,February,13,Saturday,minor,2,Stationary Traffic,Daylight,0,1,0,0,0,0,Dry,13.37816,52.4077,car + 
192590,Mitte,1011202,Unter den Linden Nord,February,20,Friday,serious,5,Crossing,Night,1,1,0,0,0,0,Dry,13.38209,52.51911,bicycle + car + 
192591,Spandau,5010314,Carl-Schurz-Straße,February,19,Friday,minor,2,Stationary Traffic,Night,0,1,0,0,0,0,Dry,13.20592,52.53952,car + 
192592,Reinickendorf,12231101,Hermsdorf,February,7,Monday,minor,1,Paralle Traffic,Daylight,1,1,0,0,0,0,Dry,13.30627,52.62004,bicycle + car + 
192593,Pankow,3061227,Humannplatz,February,21,Friday,minor,6,Overtaking,Night,1,0,1,0,0,0,Dry,13.42053,52.54865,bicycle + pedestrian + 
192594,Spandau,5010310,Eckschanze,February,10,Thursday,serious,1,Other,Daylight,0,1,0,0,0,1,Dry,13.19881,52.55325,car + other
192595,Charlottenburg-Wilmersdorf,5030833,Motardstraße,February,20,Friday,minor,2,Stationary Traffic,Night,0,1,0,1,0,0,Dry,13.28193,52.53383,car + motorbike + 
192596,Reinickendorf,12302110,Dannenwalder Weg,February,18,Friday,minor,2,Stationary Traffic,Night,0,1,0,0,0,0,Dry,13.35138,52.59643,car + 
192597,Marzahn-Hellersdorf,10030725,Buckower Ring,February,21,Monday,serious,9,Driving,Night,0,0,0,1,0,0,Dry,13.5697,52.51701,motorbike + 
192598,Treptow-Köpenick,9041301,Kietzer Feld/Nachtheide,February,8,Friday,minor,5,Crossing,Daylight,0,1,0,0,0,1,Dry,13.59307,52.43275,car + other
192599,Charlottenburg-Wilmersdorf,4030931,Breitscheidplatz,February,8,Friday,minor,1,Paralle Traffic,Daylight,0,1,0,1,0,0,Dry,13.34018,52.50385,car + motorbike + 
192600,Neukölln,8010406,Treptower Straße Nord,February,8,Friday,minor,6,Overtaking,Daylight,0,1,1,0,0,0,Dry,13.44716,52.48387,car + pedestrian + 
192601,Charlottenburg-Wilmersdorf,4051653,Prager Platz,February,7,Friday,minor,5,Turning,Daylight,1,1,0,0,0,0,Dry,13.33103,52.48927,bicycle + car + 
192602,Tempelhof-Schöneberg,7030302,Ceciliengärten,February,7,Monday,minor,0,Driving,Daylight,0,0,0,1,0,0,Dry,13.33446,52.46824,motorbike + 
192603,Mitte,1022106,Elberfelder Straße,February,15,Friday,serious,6,Turning,Daylight,0,1,1,0,0,0,Dry,13.33577,52.52043,car + pedestrian + 
192604,Reinickendorf,12103218,Teichstraße,February,15,Friday,minor,2,Stationary Traffic,Daylight,0,1,0,0,0,0,Dry,13.34134,52.58839,car + 
192605,Pankow,3020209,Niederschönhausen,February,8,Monday,minor,5,Crossing,Daylight,1,1,0,0,0,0,Dry,13.39736,52.58003,bicycle + car + 
192606,Mitte,1011105,Nördlicher Landwehrkanal,February,15,Friday,minor,1,Paralle Traffic,Daylight,1,1,0,0,0,0,Dry,13.37394,52.51151,bicycle + car + 
192607,Treptow-Köpenick,9010101,Elsenstraße,February,16,Friday,serious,2,Other,Daylight,1,1,0,0,0,0,Dry,13.45654,52.48714,bicycle + car + 
192608,Mitte,1044203,Leopoldplatz,February,7,Friday,serious,2,Other,Daylight,1,0,0,0,0,0,Dry,13.36108,52.55538,bicycle + 
192609,Charlottenburg-Wilmersdorf,4010102,Plötzensee,February,16,Sunday,minor,2,Stationary Traffic,Daylight,0,1,0,0,0,0,Dry,13.32612,52.53831,car + 
192610,Marzahn-Hellersdorf,10020622,Kaulsdorf Nord I,February,7,Friday,minor,3,Stationary Traffic,Daylight,0,1,0,0,1,0,Dry,13.58727,52.52239,car + truck + 
192611,Lichtenberg,11020513,Orankesee,February,18,Thursday,minor,2,Stationary Traffic,Dawn,0,1,0,0,0,0,Dry,13.47304,52.53642,car + 
192612,Neukölln,8010301,Reuterkiez,February,7,Friday,minor,6,Turning,Daylight,0,1,1,0,0,0,Dry,13.43385,52.48981,car + pedestrian + 
192613,Tempelhof-Schöneberg,7050503,Eisenacher Straße,February,7,Friday,minor,5,Crossing,Dawn,1,1,0,0,0,0,Dry,13.3899,52.45311,bicycle + car + 
192614,Tempelhof-Schöneberg,7070701,Kettinger Straße/Schillerstraße,February,16,Sunday,minor,0,Other,Daylight,0,0,1,0,0,1,Dry,13.39305,52.41264,pedestrian + other
192615,Mitte,1011201,Wilhelmstraße,February,6,Friday,minor,2,Stationary Traffic,Daylight,0,1,0,0,0,0,Dry,13.37714,52.51208,car + 
192616,Friedrichshain-Kreuzberg,2020203,Viktoriapark,February,5,Friday,serious,5,Turning,Night,1,1,0,0,0,0,Dry,13.37671,52.48948,bicycle + car + 
192617,Treptow-Köpenick,9020702,Adlershof Ost,February,16,Sunday,minor,2,Stationary Traffic,Daylight,0,1,0,0,0,0,Dry,13.55016,52.43867,car + 
192618,Treptow-Köpenick,9020501,Oberschöneweide West,February,5,Friday,serious,3,Stationary Traffic,Night,0,1,0,0,1,0,Dry,13.51918,52.47286,car + truck + 
192619,Pankow,3050919,Gustav-Adolf-Straße,February,16,Friday,minor,6,Overtaking,Daylight,0,1,1,0,0,0,Dry,13.45226,52.55786,car + pedestrian + 
192620,Neukölln,8040933,Vogelviertel Süd,February,16,Sunday,minor,1,Paralle Traffic,Daylight,0,1,0,0,0,1,Dry,13.45507,52.43527,car + other
192621,Pankow,3040818,Pankow Süd,February,16,Friday,serious,2,Stationary Traffic,Dawn,0,1,0,0,0,0,Dry,13.41752,52.56862,car + 
192622,Neukölln,8020727,Buckow Mitte,February,17,Friday,minor,1,Driving,Dawn,0,1,0,0,0,1,Dry,13.41719,52.41777,car + other
192623,Friedrichshain-Kreuzberg,2020202,Rathaus Yorckstraße,February,8,Friday,minor,2,Crossing,Daylight,1,1,0,0,0,0,Dry,13.38935,52.49611,bicycle + car + 
192624,Mitte,1011303,Alexanderplatzviertel,February,16,Sunday,minor,5,Other,Daylight,0,1,0,0,0,0,Dry,13.41521,52.52091,car + 
192625,Friedrichshain-Kreuzberg,2020204,Urbanstraße,February,8,Friday,minor,5,Turning,Daylight,1,1,0,0,0,0,Dry,13.39782,52.49528,bicycle + car + 
192626,Pankow,3061227,Humannplatz,February,14,Wednesday,minor,3,Stationary Traffic,Daylight,0,1,0,0,0,0,Dry,13.42519,52.55273,car + 
192627,Steglitz-Zehlendorf,6030605,Botanischer Garten,February,18,Friday,minor,5,Turning,Dawn,0,1,0,0,0,1,Dry,13.29025,52.4445,car + other
192628,Pankow,3071536,Teutoburger Platz,February,18,Friday,minor,6,Overtaking,Dawn,0,1,1,0,0,0,Dry,13.41023,52.52976,car + pedestrian + 
192629,Charlottenburg-Wilmersdorf,4051448,Schaperstraße,February,17,Sunday,minor,5,Other,Dawn,1,1,0,0,0,0,Dry,13.32468,52.4991,bicycle + car + 
192630,Treptow-Köpenick,9051901,Dammvorstadt,February,9,Friday,minor,3,Stationary Traffic,Daylight,1,0,0,0,0,0,Dry,13.56786,52.45419,bicycle + 
192631,Neukölln,8020619,Buschkrugallee Nord,February,18,Friday,minor,5,Crossing,Night,0,1,0,0,0,0,Dry,13.44227,52.45656,car + 
192632,Spandau,5030731,Gartenfelder Straße,February,15,Friday,minor,5,Turning,Daylight,1,1,0,0,0,0,Dry,13.23264,52.53944,bicycle + car + 
192633,Charlottenburg-Wilmersdorf,4010103,Paul-Hertz-Siedlung,February,17,Sunday,minor,2,Other,Night,0,1,0,0,1,0,Dry,13.29273,52.53427,car + truck + 
192634,Lichtenberg,11030721,Rüdigerstraße,February,10,Friday,minor,5,Crossing,Daylight,0,1,0,0,0,0,Dry,13.48967,52.51227,car + 
192635,Charlottenburg-Wilmersdorf,4030620,Alt-Lietzow,February,7,Wednesday,minor,6,Overtaking,Daylight,0,1,1,0,0,0,Dry,13.31739,52.51748,car + pedestrian + 
192636,Friedrichshain-Kreuzberg,2020203,Viktoriapark,March,23,Monday,minor,5,Crossing,Night,0,1,0,0,0,0,Wet,13.38798,52.49298,car + 
192637,Treptow-Köpenick,9020802,Köllnische Vorstadt,March,17,Thursday,minor,6,Turning,Daylight,0,1,1,0,0,0,Wet,13.56217,52.43723,car + pedestrian + 
192638,Tempelhof-Schöneberg,7020201,Bayerischer Platz,March,8,Monday,minor,5,Turning,Daylight,0,1,0,0,0,0,Wet,13.34517,52.49121,car + 
192639,Reinickendorf,12103115,Breitkopfbecken,March,22,Monday,minor,9,Driving,Night,0,1,0,0,0,0,Wet,13.36615,52.57238,car + 
192640,Steglitz-Zehlendorf,6040703,Nikolassee,March,16,Thursday,serious,5,Crossing,Daylight,1,1,0,0,0,0,Wet,13.20506,52.42454,bicycle + car + 
192641,Charlottenburg-Wilmersdorf,4030931,Breitscheidplatz,March,8,Monday,minor,1,Paralle Traffic,Daylight,1,1,0,0,0,1,Wet,13.33341,52.50579,bicycle + car + other
192642,Pankow,3050925,Komponistenviertel Weißensee,March,5,Sunday,minor,1,Driving,Night,0,1,0,0,0,0,Dry,13.461,52.54547,car + 
192643,Lichtenberg,11020513,Orankesee,March,5,Sunday,minor,2,Stationary Traffic,Night,0,1,0,0,0,0,Dry,13.46753,52.547,car + 
192644,Reinickendorf,12304314,Ziekowstraße/Freie Scholle,March,16,Thursday,minor,5,Crossing,Dawn,1,1,0,0,0,0,Wet,13.29163,52.5925,bicycle + car + 
192645,Treptow-Köpenick,9010101,Elsenstraße,March,20,Sunday,minor,6,Turning,Night,0,1,1,0,0,0,Wet,13.45047,52.48919,car + pedestrian + 
192646,Friedrichshain-Kreuzberg,2020203,Viktoriapark,March,19,Thursday,minor,5,Crossing,Night,1,1,0,0,0,0,Wet,13.38762,52.49305,bicycle + car + 
192647,Tempelhof-Schöneberg,7010102,Nollendorfplatz,March,19,Sunday,minor,5,Turning,Night,1,1,0,0,0,0,Wet,13.34599,52.49696,bicycle + car + 
192648,Friedrichshain-Kreuzberg,2050803,Stralauer Kiez,March,20,Sunday,minor,5,Turning,Night,1,1,0,0,0,0,Wet,13.45707,52.50299,bicycle + car + 
192649,Lichtenberg,11041128,Sewanstraße,March,18,Sunday,minor,6,Turning,Dawn,0,1,1,0,0,0,Wet,13.50944,52.49633,car + pedestrian + 
192650,Friedrichshain-Kreuzberg,2020206,Graefekiez,March,20,Sunday,serious,5,Other,Night,0,1,0,0,0,0,Wet,13.41203,52.48853,car + 
192651,Reinickendorf,12214424,Scharnweberstraße,March,19,Sunday,minor,5,Crossing,Night,0,1,0,0,0,0,Wet,13.33064,52.56247,car + 
192652,Marzahn-Hellersdorf,10020413,Gut Hellersdorf,March,18,Sunday,serious,6,Turning,Night,0,1,1,0,0,0,Wet,13.59155,52.54473,car + pedestrian + 
192653,Charlottenburg-Wilmersdorf,4030828,Savignyplatz,March,18,Sunday,minor,6,Turning,Night,0,1,1,0,0,0,Wet,13.32008,52.50582,car + pedestrian + 
192654,Spandau,5010101,Hakenfelde Nord,March,8,Sunday,serious,9,Driving,Daylight,0,1,0,0,0,0,Wet,13.20344,52.5871,car + 
192655,Mitte,1011204,Leipziger Straße,March,16,Thursday,minor,5,Turning,Daylight,1,0,0,0,0,1,Wet,13.40014,52.50953,bicycle + other
192656,Neukölln,8010404,Rixdorf,March,17,Sunday,minor,2,Stationary Traffic,Dawn,0,1,0,0,0,0,Wet,13.44389,52.47976,car + 
192657,Marzahn-Hellersdorf,10030727,Biesdorf Süd,March,16,Thursday,minor,5,Crossing,Daylight,1,1,0,0,0,0,Wet,13.55532,52.49788,bicycle + car + 
192658,Mitte,1033202,Humboldthain Süd,March,14,Sunday,minor,0,Driving,Daylight,0,0,0,1,0,0,Wet,13.39292,52.53725,motorbike + 
192659,Steglitz-Zehlendorf,6020306,Lankwitz Süd,March,14,Sunday,minor,5,Other,Daylight,0,1,0,0,0,0,Wet,13.35822,52.42139,car + 
192660,Tempelhof-Schöneberg,7010102,Nollendorfplatz,March,12,Sunday,minor,2,Stationary Traffic,Daylight,0,1,0,0,0,0,Wet,13.3464,52.50119,car + 
192661,Lichtenberg,11030618,Fennpfuhl West,March,15,Thursday,minor,5,Turning,Daylight,1,1,0,0,0,0,Wet,13.47972,52.52385,bicycle + car + 
192662,Mitte,1022206,Lüneburger Straße,March,12,Sunday,minor,5,Turning,Daylight,1,1,0,0,0,0,Wet,13.36084,52.52382,bicycle + car + 
192663,Mitte,1011102,Großer Tiergarten,March,19,Thursday,minor,5,Crossing,Night,0,1,0,1,0,0,Wet,13.34898,52.5148,car + motorbike + 
192664,Reinickendorf,12103117,Letteplatz,March,12,Sunday,minor,5,Turning,Daylight,0,1,0,0,0,0,Wet,13.36455,52.56269,car + 
192665,Neukölln,8010213,Körnerpark,March,20,Saturday,minor,5,Crossing,Night,1,1,0,0,0,0,Wet,13.43133,52.46788,bicycle + car + 
192666,Pankow,3020209,Niederschönhausen,March,15,Thursday,minor,5,Crossing,Daylight,0,1,0,0,0,0,Wet,13.40188,52.58734,car + 
192667,Pankow,3010101,Bucher Forst,March,14,Saturday,serious,5,Turning,Daylight,0,1,0,0,0,0,Wet,13.47957,52.64368,car + 
192668,Spandau,5010314,Carl-Schurz-Straße,March,15,Saturday,minor,0,Stationary Traffic,Daylight,0,1,0,1,0,0,Wet,13.20045,52.53677,car + motorbike + 
192669,Reinickendorf,12214125,Waldidyll/Flughafensee,March,20,Thursday,minor,6,Overtaking,Night,0,0,1,1,0,0,Wet,13.29521,52.5764,pedestrian + motorbike + 
192670,Spandau,5010339,Freiheit,March,8,Saturday,serious,1,Paralle Traffic,Daylight,0,1,0,1,0,0,Wet,13.23152,52.52774,car + motorbike + 
192671,Neukölln,8040933,Vogelviertel Süd,March,16,Saturday,minor,5,Crossing,Daylight,0,1,0,0,0,0,Wet,13.46026,52.43533,car + 
192672,Reinickendorf,12304314,Ziekowstraße/Freie Scholle,March,17,Saturday,minor,6,Overtaking,Dawn,0,1,1,0,0,0,Dry,13.29658,52.59774,car + pedestrian + 
192673,Charlottenburg-Wilmersdorf,4030726,Droysenstraße,March,20,Thursday,minor,5,Turning,Night,1,1,0,0,0,0,Wet,13.30384,52.49937,bicycle + car + 
192674,Tempelhof-Schöneberg,7060604,Marienfelde Süd,March,17,Saturday,minor,5,Other,Dawn,0,1,0,0,0,0,Wet,13.37076,52.40831,car + 
192675,Spandau,5010313,Ackerstraße,March,20,Thursday,serious,5,Other,Night,0,1,0,0,0,0,Wet,13.1985,52.54278,car + 
192676,Reinickendorf,12103115,Breitkopfbecken,March,19,Saturday,minor,6,Turning,Night,0,1,1,0,0,0,Wet,13.3607,52.57031,car + pedestrian + 
192677,Tempelhof-Schöneberg,7040403,Manteuffelstraße,March,13,Saturday,minor,2,Other,Daylight,0,1,0,0,0,0,Dry,13.38333,52.45582,car + 
192678,Charlottenburg-Wilmersdorf,4030726,Droysenstraße,March,22,Thursday,minor,6,Turning,Night,0,1,1,0,0,0,Wet,13.30462,52.5036,car + pedestrian + 
192679,Reinickendorf,12103219,Schäfersee,March,23,Thursday,minor,1,Paralle Traffic,Night,1,1,0,0,0,1,Wet,13.36317,52.56625,bicycle + car + other
192680,Charlottenburg-Wilmersdorf,4030726,Droysenstraße,March,12,Saturday,minor,3,Stationary Traffic,Daylight,0,1,0,0,0,0,Dry,13.30553,52.50241,car + 
192681,Steglitz-Zehlendorf,6030503,Zehlendorf Mitte,March,9,Saturday,minor,5,Crossing,Daylight,0,1,0,0,0,0,Wet,13.25822,52.43541,car + 
192682,Reinickendorf,12214424,Scharnweberstraße,March,16,Thursday,minor,2,Stationary Traffic,Daylight,0,1,0,0,0,0,Wet,13.32824,52.56477,car + 
192683,Reinickendorf,12103219,Schäfersee,March,9,Saturday,minor,5,Turning,Daylight,0,1,0,0,0,1,Dry,13.35387,52.56209,car + other
192684,Marzahn-Hellersdorf,10020412,Alte Hellersdorfer Straße,March,15,Saturday,minor,6,Overtaking,Daylight,1,0,1,0,0,0,Wet,13.58737,52.54928,bicycle + pedestrian + 
192685,Neukölln,8010509,Schulenburgpark,March,14,Thursday,minor,5,Other,Daylight,0,1,0,0,0,1,Wet,13.47094,52.46605,car + other
192686,Friedrichshain-Kreuzberg,2020203,Viktoriapark,March,2,Saturday,minor,5,Turning,Night,0,1,0,0,0,0,Dry,13.38649,52.49008,car + 
192687,Friedrichshain-Kreuzberg,2010102,Mehringplatz,March,19,Saturday,serious,6,Overtaking,Night,0,1,1,0,0,0,Wet,13.39456,52.50588,car + pedestrian + 
192688,Treptow-Köpenick,9010302,Späthsfelde,March,15,Thursday,minor,2,Stationary Traffic,Daylight,0,1,0,0,0,0,Wet,13.47563,52.45635,car + 
192689,Steglitz-Zehlendorf,6030610,Lichterfelde West,March,19,Saturday,serious,5,Turning,Night,1,1,0,0,0,0,Wet,13.30951,52.43147,bicycle + car + 
192690,Treptow-Köpenick,9030901,Dorf Altglienicke,March,16,Thursday,minor,5,Turning,Dawn,0,1,0,0,0,0,Wet,13.531,52.41558,car + 
192691,Reinickendorf,12302107,Schorfheidestraße,March,19,Saturday,minor,6,Turning,Night,0,1,1,0,0,0,Wet,13.34742,52.59622,car + pedestrian + 
192692,Charlottenburg-Wilmersdorf,4041342,Schlangenbader Straße,March,19,Saturday,minor,5,Turning,Night,0,1,0,0,0,0,Wet,13.30818,52.47785,car + 
192693,Charlottenburg-Wilmersdorf,4051653,Prager Platz,March,23,Thursday,serious,9,Driving,Night,0,1,0,0,0,0,Wet,13.33711,52.49407,car + 
192694,Steglitz-Zehlendorf,6010205,Südende,March,19,Saturday,minor,6,Turning,Night,0,1,1,0,0,0,Wet,13.34649,52.45004,car + pedestrian + 
192695,Neukölln,8010118,Silbersteinstraße,March,20,Saturday,minor,5,Crossing,Night,1,1,0,0,0,0,Wet,13.42959,52.47029,bicycle + car + 
192696,Treptow-Köpenick,9020802,Köllnische Vorstadt,March,20,Saturday,minor,8,Driving,Night,0,1,0,0,0,0,Wet,13.56208,52.43763,car + 
192697,Neukölln,8010118,Silbersteinstraße,March,18,Thursday,minor,6,Turning,Dawn,0,1,1,0,0,0,Dry,13.43282,52.46481,car + pedestrian + 
192698,Neukölln,8020622,Parchimer Allee,March,10,Saturday,minor,5,Turning,Daylight,0,1,0,0,0,0,Dry,13.43363,52.44533,car + 
192699,Treptow-Köpenick,9020701,Adlershof West,March,20,Saturday,minor,5,Crossing,Night,0,1,0,0,0,0,Wet,13.52698,52.43766,car + 