id,district,lor,street,month,hour,weekday,injury,collision,movement,light_conditions,bicycle,car,pedestrian,motorbike,truck,other_vehicle,road_conditions,longitude,latitude,Combo_type
192700,Neukölln,8020619,Buschkrugallee Nord,March,21,Saturday,serious,6,Overtaking,Night,0,1,1,0,0,0,Wet,13.43718,52.45608,car + pedestrian + 
192701,Mitte,1033202,Humboldthain Süd,March,18,Thursday,minor,0,Driving,Night,0,0,0,1,0,0,Wet,13.39132,52.53623,motorbike + 
192702,Charlottenburg-Wilmersdorf,4030931,Breitscheidplatz,March,22,Saturday,minor,5,Crossing,Night,0,1,0,0,0,0,Wet,13.33077,52.50055,car + 
192703,Neukölln,8010213,Körnerpark,March,23,Saturday,minor,5,Crossing,Night,0,1,0,0,0,0,Wet,13.43553,52.46908,car + 
192704,Neukölln,8010404,Rixdorf,March,11,Friday,minor,5,Crossing,Daylight,0,1,0,0,0,0,Wet,13.45238,52.47279,car + 
192705,Tempelhof-Schöneberg,7070703,John-Locke-Straße,March,13,Thursday,minor,5,Crossing,Daylight,1,1,0,0,0,0,Dry,13.39865,52.3865,bicycle + car + 
192706,Mitte,1044201,Reinickendorfer Straße,March,23,Friday,serious,6,Overtaking,Night,0,1,1,0,0,0,Dry,13.37608,52.55369,car + pedestrian + 
192707,Treptow-Köpenick,9052001,Köpenick Nord,March,1,Thursday,minor,9,Driving,Night,0,1,0,0,0,0,Wet,13.58737,52.46859,car + 
192708,Pankow,3061131,Falkplatz,March,23,Friday,minor,6,Overtaking,Night,0,1,1,0,0,0,Dry,13.40969,52.54744,car + pedestrian + 
192709,Friedrichshain-Kreuzberg,2010102,Mehringplatz,March,17,Friday,minor,2,Stationary Traffic,Daylight,1,1,0,0,0,0,Dry,13.39063,52.50603,bicycle + car + 
192710,Pankow,3010102,Buch,March,6,Thursday,serious,6,Overtaking,Daylight,0,1,1,0,0,0,Wet,13.50658,52.63784,car + pedestrian + 
192711,Treptow-Köpenick,9020501,Oberschöneweide West,March,17,Friday,serious,1,Driving,Daylight,0,1,0,0,0,1,Dry,13.5103,52.46407,car + other
192712,Pankow,3040614,Pankow Zentrum,March,16,Friday,serious,6,Overtaking,Daylight,0,1,1,0,0,0,Dry,13.40465,52.57228,car + pedestrian + 
192713,Pankow,3061227,Humannplatz,March,14,Friday,minor,5,Crossing,Daylight,0,1,0,0,0,0,Wet,13.42703,52.55221,car + 
192714,Neukölln,8010407,Gewerbegebiet Ederstraße,March,13,Thursday,minor,5,Crossing,Daylight,0,1,0,0,0,0,Wet,13.45241,52.48119,car + 
192715,Friedrichshain-Kreuzberg,2010103,Moritzplatz,March,8,Friday,minor,5,Crossing,Daylight,1,1,0,0,0,0,Dry,13.41097,52.50391,bicycle + car + 
192716,Treptow-Köpenick,9010301,Baumschulenstraße,March,19,Thursday,minor,3,Stationary Traffic,Night,1,0,0,0,0,0,Wet,13.49057,52.47217,bicycle + 
192717,Charlottenburg-Wilmersdorf,4041137,Flinsberger Platz,March,5,Thursday,minor,0,Crossing,Night,0,1,0,1,0,0,Wet,13.29396,52.48414,car + motorbike + 
192718,Mitte,1033102,Gesundbrunnen,March,17,Thursday,minor,2,Stationary Traffic,Daylight,0,1,0,0,0,0,Wet,13.38492,52.55598,car + 
192719,Charlottenburg-Wilmersdorf,4051448,Schaperstraße,March,6,Thursday,serious,5,Turning,Daylight,1,1,0,0,0,0,Wet,13.33037,52.49539,bicycle + car + 
192720,Treptow-Köpenick,9020501,Oberschöneweide West,March,7,Thursday,minor,5,Crossing,Daylight,0,1,0,0,0,1,Wet,13.50263,52.4808,car + other
192721,Neukölln,8041036,Zittauer Straße,March,8,Thursday,serious,5,Crossing,Daylight,1,1,0,0,0,0,Wet,13.47948,52.41039,bicycle + car + 
192722,Steglitz-Zehlendorf,6040810,Dahlem,March,22,Thursday,minor,6,Other,Night,0,1,1,0,0,0,Wet,13.27549,52.45063,car + pedestrian + 
192723,Friedrichshain-Kreuzberg,2010103,Moritzplatz,March,23,Thursday,minor,5,Crossing,Night,1,1,0,0,0,0,Dry,13.41768,52.49927,bicycle + car + 
192724,Friedrichshain-Kreuzberg,2030301,Oranienplatz,March,20,Thursday,minor,1,Paralle Traffic,Night,1,1,0,0,0,0,Wet,13.41984,52.50113,bicycle + car + 
192725,Pankow,3030715,Heinersdorf,March,13,Thursday,minor,5,Crossing,Daylight,0,1,0,0,0,1,Wet,13.44128,52.56856,car + other
192726,Marzahn-Hellersdorf,10020517,Adele-Sandrock-Straße,March,20,Thursday,minor,5,Crossing,Night,0,1,0,0,0,0,Dry,13.60991,52.53393,car + 
192727,Neukölln,8010117,Schillerpromenade,March,19,Thursday,minor,2,Paralle Traffic,Night,1,1,0,0,0,0,Dry,13.42544,52.4796,bicycle + car + 
192728,Treptow-Köpenick,9052001,Köpenick Nord,March,8,Thursday,minor,5,Crossing,Daylight,1,1,0,0,0,0,Wet,13.57044,52.47352,bicycle + car + 
192729,Steglitz-Zehlendorf,6020303,Lankwitz Kirche,March,18,Thursday,minor,6,Turning,Dawn,0,1,1,0,0,0,Dry,13.34851,52.43494,car + pedestrian + 
192730,Friedrichshain-Kreuzberg,2020203,Viktoriapark,March,18,Thursday,minor,5,Turning,Night,1,1,0,0,0,0,Wet,13.38612,52.48487,bicycle + car + 
192731,Friedrichshain-Kreuzberg,2030301,Oranienplatz,March,18,Thursday,minor,2,Stationary Traffic,Daylight,1,1,0,0,0,0,Wet,13.41662,52.50208,bicycle + car + 
192732,Steglitz-Zehlendorf,6030610,Lichterfelde West,March,8,Thursday,minor,1,Paralle Traffic,Daylight,1,1,0,0,0,0,Wet,13.28266,52.4329,bicycle + car + 
192733,Reinickendorf,12214424,Scharnweberstraße,March,17,Thursday,minor,3,Stationary Traffic,Daylight,0,1,0,0,0,1,Wet,13.32681,52.56441,car + other
192734,Friedrichshain-Kreuzberg,2030302,Lausitzer Platz,March,17,Thursday,minor,5,Crossing,Dawn,0,1,0,1,0,0,Wet,13.43189,52.50565,car + motorbike + 
192735,Charlottenburg-Wilmersdorf,4030827,Karl-August-Platz,March,17,Thursday,minor,2,Stationary Traffic,Daylight,0,1,0,0,0,0,Dry,13.30723,52.50662,car + 
192736,Friedrichshain-Kreuzberg,2030301,Oranienplatz,March,17,Thursday,minor,6,Overtaking,Daylight,1,0,1,0,0,0,Wet,13.4202,52.49902,bicycle + pedestrian + 
192737,Mitte,1044202,Sparrplatz,March,12,Thursday,minor,5,Turning,Daylight,0,1,0,0,0,0,Wet,13.34504,52.53912,car + 
192738,Treptow-Köpenick,9051901,Dammvorstadt,March,17,Thursday,minor,2,Driving,Daylight,0,1,0,0,0,0,Dry,13.57133,52.44473,car + 
192739,Pankow,3010102,Buch,March,16,Thursday,minor,0,Crossing,Daylight,0,1,0,1,0,0,Wet,13.5055,52.63687,car + motorbike + 
192740,Mitte,1022104,Emdener Straße,March,12,Thursday,minor,2,Stationary Traffic,Daylight,0,1,0,0,0,0,Wet,13.33377,52.52696,car + 
192741,Mitte,1011401,Invalidenstraße,March,16,Thursday,minor,2,Other,Daylight,1,1,0,0,0,0,Wet,13.39062,52.53,bicycle + car + 
192742,Mitte,1022204,Thomasiusstraße,March,16,Thursday,minor,2,Turning,Daylight,0,1,0,1,0,0,Wet,13.35093,52.52432,car + motorbike + 
192743,Neukölln,8020727,Buckow Mitte,March,15,Thursday,minor,2,Driving,Daylight,0,1,0,0,0,0,Dry,13.43633,52.42396,car + 
192744,Marzahn-Hellersdorf,10040828,Kaulsdorf Nord,March,10,Thursday,minor,5,Crossing,Daylight,0,1,0,0,0,0,Wet,13.59774,52.52452,car + 
192745,Friedrichshain-Kreuzberg,2030302,Lausitzer Platz,March,7,Thursday,minor,5,Turning,Daylight,1,1,0,0,0,0,Wet,13.43034,52.49944,bicycle + car + 
192746,Reinickendorf,12214424,Scharnweberstraße,March,8,Thursday,serious,5,Crossing,Daylight,0,1,0,0,1,0,Dry,13.31964,52.57045,car + truck + 
192747,Mitte,1011402,Arkonaplatz,March,8,Thursday,minor,2,Stationary Traffic,Daylight,0,1,0,1,0,0,Wet,13.39624,52.53796,car + motorbike + 
192748,Marzahn-Hellersdorf,10030724,Oberfeldstraße,March,10,Thursday,minor,5,Other,Daylight,0,1,0,0,0,0,Wet,13.55049,52.52792,car + 
192749,Lichtenberg,11020514,Große-Leege-Straße,March,10,Thursday,minor,5,Turning,Daylight,1,1,0,0,0,0,Dry,13.49063,52.54313,bicycle + car + 
192750,Marzahn-Hellersdorf,10010308,Marzahner Chaussee,March,9,Thursday,minor,2,Stationary Traffic,Daylight,0,1,0,0,0,0,Wet,13.5202,52.52602,car + 
192751,Charlottenburg-Wilmersdorf,4051654,Wilhelmsaue,March,12,Thursday,minor,5,Turning,Daylight,1,1,0,0,0,0,Dry,13.32239,52.48637,bicycle + car + 
192752,Treptow-Köpenick,9051702,Bölschestraße,March,12,Thursday,minor,1,Paralle Traffic,Daylight,1,1,0,0,0,0,Dry,13.62718,52.45043,bicycle + car + 
192753,Mitte,1033201,Brunnenstraße,March,9,Thursday,minor,5,Paralle Traffic,Daylight,1,1,0,0,0,0,Wet,13.39309,52.54189,bicycle + car + 
192754,Treptow-Köpenick,9052001,Köpenick Nord,March,12,Thursday,minor,2,Turning,Daylight,0,1,0,0,0,0,Dry,13.57061,52.47349,car + 
192755,Pankow,3040614,Pankow Zentrum,March,14,Thursday,minor,3,Stationary Traffic,Daylight,1,1,0,0,0,0,Dry,13.41249,52.58254,bicycle + car + 
192756,Charlottenburg-Wilmersdorf,4041134,Bismarckallee,March,6,Wednesday,serious,5,Crossing,Daylight,1,1,0,0,0,0,Wet,13.28425,52.48528,bicycle + car + 
192757,Charlottenburg-Wilmersdorf,4051653,Prager Platz,March,14,Thursday,minor,6,Other,Daylight,0,1,1,0,0,0,Dry,13.33645,52.49125,car + pedestrian + 
192758,Pankow,3061227,Humannplatz,March,7,Thursday,minor,6,Overtaking,Daylight,1,0,1,0,0,0,Wet,13.42456,52.54695,bicycle + pedestrian + 
192759,Tempelhof-Schöneberg,7040403,Manteuffelstraße,March,13,Wednesday,serious,6,Overtaking,Daylight,1,0,1,0,0,0,Wet,13.37805,52.46621,bicycle + pedestrian + 
192760,Lichtenberg,11051331,Karlshorst Nord,March,5,Thursday,minor,5,Crossing,Night,1,0,0,0,0,1,Wet,13.52715,52.48656,bicycle + other
192761,Treptow-Köpenick,9052001,Köpenick Nord,March,9,Wednesday,minor,2,Turning,Daylight,0,1,0,0,0,0,Dry,13.55328,52.46957,car + 
192762,Pankow,3020203,Blankenfelde,March,9,Thursday,minor,2,Stationary Traffic,Daylight,0,1,0,0,1,0,Dry,13.41185,52.60445,car + truck + 
192763,Charlottenburg-Wilmersdorf,4020314,Messegelände,March,8,Thursday,minor,5,Turning,Daylight,0,1,0,0,0,0,Dry,13.27914,52.50368,car + 
192764,Pankow,3020209,Niederschönhausen,March,15,Wednesday,minor,0,Crossing,Daylight,1,1,0,0,0,0,Wet,13.39313,52.58409,bicycle + car + 
192765,Tempelhof-Schöneberg,7010101,Wittenbergplatz/Viktoria-Luise-Platz,March,9,Thursday,serious,5,Crossing,Daylight,1,1,0,0,0,0,Wet,13.33866,52.49471,bicycle + car + 
192766,Mitte,1011401,Invalidenstraße,March,20,Wednesday,serious,6,Overtaking,Night,0,1,1,0,0,0,Wet,13.40051,52.53062,car + pedestrian + 
192767,Lichtenberg,11010205,Falkenberg West,March,0,Thursday,serious,6,Overtaking,Night,0,1,1,0,0,0,Dry,13.51362,52.56634,car + pedestrian + 
192768,Neukölln,8020620,Tempelhofer Weg,March,14,Wednesday,minor,3,Stationary Traffic,Daylight,0,1,0,0,1,0,Dry,13.42499,52.45222,car + truck + 
192769,Charlottenburg-Wilmersdorf,4030931,Breitscheidplatz,March,23,Wednesday,minor,6,Turning,Night,0,1,1,0,0,0,Wet,13.33955,52.50324,car + pedestrian + 
192770,Charlottenburg-Wilmersdorf,4051448,Schaperstraße,March,10,Wednesday,minor,5,Turning,Daylight,0,1,0,0,0,0,Dry,13.33539,52.49937,car + 
192771,Spandau,5010209,An der Kappe,March,16,Wednesday,minor,5,Turning,Daylight,0,1,0,0,0,0,Dry,13.15782,52.54304,car + 
192772,Treptow-Köpenick,9020702,Adlershof Ost,March,5,Wednesday,minor,2,Stationary Traffic,Night,1,0,0,0,0,1,Dry,13.55467,52.44027,bicycle + other
192773,Reinickendorf,12302107,Schorfheidestraße,March,5,Wednesday,minor,5,Crossing,Night,0,1,0,0,0,0,Wet,13.33921,52.59583,car + 
192774,Marzahn-Hellersdorf,10040933,Mahlsdorf Süd,March,11,Wednesday,serious,5,Crossing,Daylight,1,1,0,0,0,0,Dry,13.6134,52.49859,bicycle + car + 
192775,Pankow,3030711,Blankenburg,March,12,Friday,minor,5,Crossing,Daylight,1,1,0,0,0,0,Wet,13.45226,52.59134,bicycle + car + 
192776,Friedrichshain-Kreuzberg,2050601,Hausburgviertel,March,20,Wednesday,serious,6,Turning,Night,0,1,1,0,0,0,Dry,13.45097,52.52719,car + pedestrian + 
192777,Charlottenburg-Wilmersdorf,4051448,Schaperstraße,March,20,Wednesday,minor,5,Turning,Night,1,1,0,0,0,0,Dry,13.33437,52.49839,bicycle + car + 
192778,Steglitz-Zehlendorf,6010210,Bismarckstraße,March,5,Wednesday,minor,6,Turning,Night,0,1,1,0,0,0,Wet,13.34016,52.4647,car + pedestrian + 
192779,Spandau,5010206,Gütersloher Weg,March,20,Wednesday,serious,6,Turning,Night,0,1,1,0,0,0,Dry,13.15942,52.55236,car + pedestrian + 
192780,Reinickendorf,12214125,Waldidyll/Flughafensee,March,19,Wednesday,minor,5,Turning,Night,0,1,0,0,0,0,Dry,13.29116,52.58101,car + 
192781,Mitte,1011306,Heine-Viertel Ost,March,6,Wednesday,minor,5,Paralle Traffic,Night,0,1,0,1,0,0,Wet,13.42239,52.50944,car + motorbike + 
192782,Friedrichshain-Kreuzberg,2030401,Reichenberger Straße,March,19,Wednesday,minor,4,Paralle Traffic,Night,0,1,0,0,0,1,Dry,13.42916,52.49441,car + other
192783,Reinickendorf,12231101,Hermsdorf,March,18,Wednesday,minor,5,Crossing,Dawn,0,1,0,0,0,0,Wet,13.30579,52.62045,car + 
192784,Friedrichshain-Kreuzberg,2020202,Rathaus Yorckstraße,March,16,Wednesday,minor,2,Turning,Daylight,0,1,0,0,0,0,Dry,13.38977,52.49591,car + 
192785,Neukölln,8010404,Rixdorf,March,16,Wednesday,serious,3,Stationary Traffic,Daylight,0,1,0,1,0,1,Dry,13.44102,52.48117,car + motorbike + other
192786,Lichtenberg,11010309,Zingster Straße West,March,6,Wednesday,minor,4,Other,Night,0,1,0,0,0,0,Dry,13.48948,52.56549,car + 
192787,Pankow,3071537,Kollwitzplatz,March,15,Wednesday,minor,5,Crossing,Daylight,0,1,0,0,0,0,Dry,13.41708,52.53527,car + 
192788,Treptow-Köpenick,9041402,Siedlung Kämmereiheide,March,7,Wednesday,minor,5,Turning,Daylight,1,0,0,0,0,1,Dry,13.59813,52.44159,bicycle + other
192789,Marzahn-Hellersdorf,10040932,Alt-Mahlsdorf,March,15,Wednesday,minor,6,Overtaking,Daylight,0,0,1,0,0,1,Dry,13.61226,52.51165,pedestrian + other
192790,Charlottenburg-Wilmersdorf,4030519,Kaiserin-Augusta-Allee,March,7,Wednesday,minor,1,Paralle Traffic,Daylight,1,1,0,0,0,0,Dry,13.31482,52.52554,bicycle + car + 
192791,Charlottenburg-Wilmersdorf,4030415,Schloßgarten,March,13,Wednesday,minor,5,Turning,Daylight,1,1,0,0,0,0,Dry,13.29531,52.51947,bicycle + car + 
192792,Lichtenberg,11030721,Rüdigerstraße,March,19,Thursday,minor,6,Turning,Night,0,1,1,0,0,0,Wet,13.4903,52.51469,car + pedestrian + 
192793,Charlottenburg-Wilmersdorf,4030931,Breitscheidplatz,March,12,Wednesday,minor,1,Paralle Traffic,Daylight,1,1,0,0,0,0,Dry,13.33749,52.50397,bicycle + car + 
192794,Mitte,1022202,Heidestraße,March,13,Wednesday,minor,5,Turning,Daylight,0,1,0,0,0,0,Dry,13.36028,52.5373,car + 
192795,Steglitz-Zehlendorf,6020409,Königsberger Straße,March,11,Wednesday,minor,5,Other,Daylight,1,1,0,0,0,0,Dry,13.32703,52.43987,bicycle + car + 
192796,Tempelhof-Schöneberg,7030301,Friedenau,March,13,Wednesday,minor,1,Other,Daylight,0,1,0,0,0,1,Dry,13.32414,52.47278,car + other
192797,Mitte,1011101,Stülerstraße,March,11,Wednesday,minor,5,Crossing,Daylight,1,1,0,0,0,0,Dry,13.35195,52.50641,bicycle + car + 
192798,Mitte,1011201,Wilhelmstraße,March,11,Wednesday,serious,5,Turning,Daylight,1,1,0,0,0,0,Dry,13.37663,52.50936,bicycle + car + 
192799,Mitte,1022202,Heidestraße,March,13,Wednesday,minor,5,Turning,Daylight,1,1,0,0,0,0,Dry,13.36034,52.53724,bicycle + car + 
192800,Tempelhof-Schöneberg,7070703,John-Locke-Straße,March,11,Wednesday,minor,5,Turning,Daylight,0,1,0,1,0,0,Dry,13.39576,52.39692,car + motorbike + 
192801,Charlottenburg-Wilmersdorf,4030621,Spreestadt,March,9,Wednesday,minor,6,Overtaking,Daylight,1,0,1,0,0,0,Dry,13.32994,52.51444,bicycle + pedestrian + 
192802,Treptow-Köpenick,9051901,Dammvorstadt,March,8,Wednesday,minor,3,Stationary Traffic,Daylight,0,0,0,1,0,1,Dry,13.57345,52.44998,motorbike + other
192803,Tempelhof-Schöneberg,7020203,Kaiser-Wilhelm-Platz,March,15,Wednesday,serious,6,Overtaking,Daylight,0,1,1,0,0,0,Dry,13.35019,52.48136,car + pedestrian + 
192804,Mitte,1033203,Humboldthain Nordwest,March,7,Wednesday,minor,5,Turning,Daylight,0,1,0,0,0,0,Dry,13.37856,52.54475,car + 
192805,Charlottenburg-Wilmersdorf,4030621,Spreestadt,March,15,Wednesday,minor,2,Stationary Traffic,Daylight,0,1,0,0,0,1,Dry,13.32374,52.52137,car + other
192806,Pankow,3030715,Heinersdorf,March,7,Wednesday,minor,5,Turning,Daylight,1,1,0,0,0,0,Dry,13.4403,52.5671,bicycle + car + 
192807,Marzahn-Hellersdorf,10040931,Mahlsdorf Nord,March,6,Wednesday,minor,6,Overtaking,Dawn,0,1,1,0,0,0,Dry,13.61851,52.52136,car + pedestrian + 
192808,Spandau,5010314,Carl-Schurz-Straße,March,15,Wednesday,minor,0,Turning,Daylight,0,1,0,0,0,1,Dry,13.20078,52.53849,car + other
192809,Pankow,3040614,Pankow Zentrum,March,15,Tuesday,minor,5,Crossing,Daylight,1,1,0,0,0,0,Dry,13.39419,52.56508,bicycle + car + 
192810,Charlottenburg-Wilmersdorf,4030726,Droysenstraße,March,19,Thursday,minor,5,Crossing,Night,1,1,0,0,0,0,Wet,13.30386,52.49953,bicycle + car + 
192811,Steglitz-Zehlendorf,6010101,Fichtenberg,March,8,Tuesday,minor,5,Crossing,Daylight,1,0,0,0,0,1,Dry,13.30983,52.46659,bicycle + other
192812,Charlottenburg-Wilmersdorf,4051445,Eisenzahnstraße,March,21,Tuesday,minor,6,Turning,Night,1,0,1,0,0,0,Dry,13.30639,52.48832,bicycle + pedestrian + 
192813,Friedrichshain-Kreuzberg,2050802,Boxhagener Platz,March,19,Tuesday,minor,5,Crossing,Night,0,1,0,0,0,1,Wet,13.45887,52.51142,car + other
192814,Lichtenberg,11030619,Fennpfuhl Ost,March,16,Wednesday,serious,5,Other,Daylight,0,1,0,1,0,0,Dry,13.48503,52.5333,car + motorbike + 
192815,Charlottenburg-Wilmersdorf,4041134,Bismarckallee,March,19,Tuesday,minor,2,Stationary Traffic,Night,0,1,0,0,0,0,Wet,13.28519,52.494,car + 
192816,Friedrichshain-Kreuzberg,2010103,Moritzplatz,March,19,Tuesday,minor,5,Turning,Night,1,1,0,0,0,0,Dry,13.40794,52.50438,bicycle + car + 
192817,Charlottenburg-Wilmersdorf,4030620,Alt-Lietzow,March,16,Wednesday,minor,2,Other,Daylight,1,1,0,0,0,0,Dry,13.31331,52.51767,bicycle + car + 
192818,Tempelhof-Schöneberg,7020203,Kaiser-Wilhelm-Platz,March,18,Tuesday,minor,6,Turning,Night,0,1,1,0,0,0,Wet,13.3619,52.48649,car + pedestrian + 
192819,Mitte,1011105,Nördlicher Landwehrkanal,March,18,Tuesday,minor,5,Crossing,Night,1,1,0,0,0,0,Wet,13.36027,52.50975,bicycle + car + 
192820,Neukölln,8010406,Treptower Straße Nord,March,19,Tuesday,minor,5,Turning,Night,1,1,0,0,0,0,Wet,13.44885,52.48505,bicycle + car + 
192821,Spandau,5010312,Kurstraße,March,16,Wednesday,serious,5,Other,Daylight,0,1,0,0,0,0,Dry,13.20137,52.54768,car + 
192822,Tempelhof-Schöneberg,7040405,Rathaus Tempelhof,March,17,Tuesday,minor,5,Crossing,Night,0,1,0,0,0,0,Wet,13.40313,52.46343,car + 
192823,Tempelhof-Schöneberg,7070705,Franziusweg/Rohrbachstraße,March,18,Wednesday,minor,5,Turning,Dawn,1,1,0,0,0,0,Dry,13.38599,52.39205,bicycle + car + 
192824,Mitte,1022206,Lüneburger Straße,March,17,Tuesday,serious,6,Overtaking,Dawn,0,1,1,0,0,0,Wet,13.36684,52.52327,car + pedestrian + 
192825,Neukölln,8010404,Rixdorf,March,16,Tuesday,serious,6,Other,Daylight,0,1,1,0,0,0,Dry,13.44372,52.47984,car + pedestrian + 
192826,Friedrichshain-Kreuzberg,2020204,Urbanstraße,March,20,Wednesday,minor,0,Driving,Night,1,1,0,0,0,0,Dry,13.39687,52.49094,bicycle + car + 
192827,Treptow-Köpenick,9051701,Hirschgarten,March,15,Tuesday,minor,5,Crossing,Night,1,1,0,0,0,0,Dry,13.6125,52.45416,bicycle + car + 
192828,Mitte,1011101,Stülerstraße,March,15,Tuesday,minor,3,Stationary Traffic,Daylight,0,1,0,1,0,0,Wet,13.33963,52.50526,car + motorbike + 
192829,Steglitz-Zehlendorf,6020302,Komponistenviertel Lankwitz,March,23,Wednesday,minor,6,Other,Night,0,1,1,0,0,0,Wet,13.33657,52.44352,car + pedestrian + 
192830,Charlottenburg-Wilmersdorf,4020310,Park Ruhwald,March,10,Tuesday,minor,6,Crossing,Daylight,0,1,1,0,0,0,Wet,13.28012,52.51977,car + pedestrian + 
192831,Marzahn-Hellersdorf,10020413,Gut Hellersdorf,March,12,Tuesday,serious,0,Crossing,Daylight,0,1,0,1,0,0,Wet,13.59334,52.53691,car + motorbike + 
192832,Steglitz-Zehlendorf,6040810,Dahlem,March,12,Tuesday,serious,5,Turning,Daylight,0,1,0,0,1,0,Dry,13.28708,52.45809,car + truck + 
192833,Charlottenburg-Wilmersdorf,4030931,Breitscheidplatz,March,16,Tuesday,minor,2,Stationary Traffic,Daylight,0,1,0,0,0,1,Dry,13.33429,52.50858,car + other
192834,Lichtenberg,11020515,Landsberger Allee,March,6,Tuesday,minor,6,Overtaking,Dawn,0,0,1,1,0,0,Dry,13.47738,52.53732,pedestrian + motorbike + 
192835,Mitte,1011402,Arkonaplatz,March,6,Tuesday,minor,5,Turning,Daylight,1,1,0,0,0,0,Dry,13.40584,52.53052,bicycle + car + 
192836,Friedrichshain-Kreuzberg,2010102,Mehringplatz,March,9,Tuesday,serious,1,Paralle Traffic,Daylight,1,1,0,0,0,0,Dry,13.39231,52.50748,bicycle + car + 
192837,Reinickendorf,12302212,Rollbergesiedlung,March,6,Tuesday,minor,0,Crossing,Daylight,0,1,0,1,0,0,Wet,13.32487,52.60825,car + motorbike + 
192838,Tempelhof-Schöneberg,7030301,Friedenau,March,19,Tuesday,minor,0,Turning,Night,0,1,0,0,0,1,Dry,13.33256,52.46903,car + other
192839,Mitte,1011203,Unter den Linden Süd,March,6,Tuesday,minor,5,Crossing,Daylight,0,1,0,0,0,0,Dry,13.38929,52.51476,car + 
192840,Mitte,1022103,Westhafen,March,7,Tuesday,minor,3,Stationary Traffic,Daylight,1,0,0,0,1,0,Dry,13.36007,52.53738,bicycle + truck + 
192841,Pankow,3040513,Schönholz,March,19,Tuesday,serious,5,Crossing,Night,1,1,0,0,0,0,Dry,13.38977,52.57429,bicycle + car + 
192842,Pankow,3061332,Helmholtzplatz,March,8,Tuesday,minor,2,Turning,Daylight,1,1,0,0,0,0,Dry,13.42385,52.54391,bicycle + car + 
192843,Friedrichshain-Kreuzberg,2020204,Urbanstraße,March,8,Tuesday,minor,5,Crossing,Daylight,1,1,0,0,0,0,Dry,13.40675,52.49481,bicycle + car + 
192844,Steglitz-Zehlendorf,6020409,Königsberger Straße,March,17,Tuesday,minor,0,Turning,Daylight,1,1,0,0,0,0,Wet,13.31229,52.43034,bicycle + car + 
192845,Pankow,3050920,Weißer See,March,19,Tuesday,minor,5,Crossing,Night,0,1,0,0,0,0,Dry,13.45857,52.55777,car + 
192846,Mitte,1033202,Humboldthain Süd,March,9,Tuesday,minor,6,Overtaking,Daylight,0,1,1,0,0,0,Dry,13.39084,52.53593,car + pedestrian + 
192847,Mitte,1044203,Leopoldplatz,March,5,Thursday,minor,0,Stationary Traffic,Night,0,1,0,1,0,0,Wet,13.35308,52.55082,car + motorbike + 
192848,Mitte,1011305,Heine-Viertel West,March,9,Tuesday,minor,5,Turning,Daylight,1,1,0,0,0,0,Dry,13.41642,52.51093,bicycle + car + 
192849,Charlottenburg-Wilmersdorf,4020310,Park Ruhwald,March,17,Tuesday,minor,5,Turning,Dawn,1,1,0,0,0,0,Dry,13.28037,52.51828,bicycle + car + 
192850,Steglitz-Zehlendorf,6030610,Lichterfelde West,March,10,Tuesday,minor,5,Crossing,Daylight,0,1,0,0,0,0,Dry,13.30959,52.43126,car + 
192851,Charlottenburg-Wilmersdorf,4030620,Alt-Lietzow,March,11,Tuesday,minor,5,Crossing,Daylight,0,1,0,0,0,0,Dry,13.30432,52.51922,car + 
192852,Spandau,5030730,Zitadellenweg,March,16,Tuesday,minor,5,Crossing,Daylight,1,1,0,0,0,0,Dry,13.22602,52.55443,bicycle + car + 
192853,Charlottenburg-Wilmersdorf,4051653,Prager Platz,March,11,Tuesday,minor,5,Turning,Daylight,1,1,0,0,0,0,Dry,13.33197,52.49316,bicycle + car + 
192854,Charlottenburg-Wilmersdorf,4030417,Schloßstraße,March,18,Tuesday,minor,5,Crossing,Night,1,1,0,0,0,0,Wet,13.29674,52.51689,bicycle + car + 
192855,Mitte,1011204,Leipziger Straße,March,16,Tuesday,minor,5,Other,Daylight,0,1,0,0,0,0,Dry,13.39968,52.50914,car + 
192856,Friedrichshain-Kreuzberg,2050802,Boxhagener Platz,March,16,Tuesday,minor,1,Paralle Traffic,Daylight,1,1,0,0,0,0,Wet,13.45549,52.51005,bicycle + car + 
192857,Lichtenberg,11030618,Fennpfuhl West,March,17,Tuesday,minor,5,Crossing,Daylight,0,1,0,0,0,0,Dry,13.46687,52.52839,car + 
192858,Friedrichshain-Kreuzberg,2020202,Rathaus Yorckstraße,March,16,Tuesday,serious,6,Overtaking,Daylight,0,1,1,0,0,0,Dry,13.38848,52.49424,car + pedestrian + 
192859,Tempelhof-Schöneberg,7040403,Manteuffelstraße,March,16,Tuesday,minor,5,Crossing,Daylight,1,1,0,0,0,0,Dry,13.37861,52.46586,bicycle + car + 
192860,Mitte,1011105,Nördlicher Landwehrkanal,March,9,Monday,minor,1,Paralle Traffic,Daylight,1,1,0,0,0,0,Dry,13.37344,52.51063,bicycle + car + 
192861,Mitte,1011401,Invalidenstraße,March,17,Tuesday,minor,5,Crossing,Daylight,1,0,0,0,1,0,Dry,13.39172,52.53019,bicycle + truck + 
192862,Friedrichshain-Kreuzberg,2020206,Graefekiez,March,18,Monday,minor,2,Turning,Night,0,1,0,0,0,0,Wet,13.41467,52.48819,car + 
192863,Neukölln,8010406,Treptower Straße Nord,March,18,Thursday,minor,5,Crossing,Night,1,1,0,0,0,0,Wet,13.45384,52.48255,bicycle + car + 