id,district,lor,street,month,hour,weekday,injury,collision,movement,light_conditions,bicycle,car,pedestrian,motorbike,truck,other_vehicle,road_conditions,longitude,latitude,Combo_type
192864,Charlottenburg-Wilmersdorf,4051446,Preußenpark,March,16,Monday,minor,6,Overtaking,Daylight,0,1,1,0,0,0,Dry,13.31384,52.49054,car + pedestrian + 
192865,Charlottenburg-Wilmersdorf,4051653,Prager Platz,March,16,Monday,minor,2,Stationary Traffic,Dawn,0,1,0,0,0,0,Wet,13.33103,52.49059,car + 
192866,Friedrichshain-Kreuzberg,2020206,Graefekiez,March,16,Monday,minor,5,Crossing,Daylight,1,1,0,0,0,0,Dry,13.4136,52.4884,bicycle + car + 
192867,Steglitz-Zehlendorf,6010102,Schloßstraße,March,15,Monday,minor,2,Stationary Traffic,Daylight,0,1,0,0,0,0,Dry,13.32212,52.45606,car + 
192868,Mitte,1022101,Huttenkiez,March,14,Monday,minor,5,Other,Daylight,0,1,0,1,0,0,Dry,13.32405,52.52789,car + motorbike + 
192869,Spandau,5030730,Zitadellenweg,March,14,Tuesday,minor,2,Stationary Traffic,Daylight,0,1,0,0,0,0,Dry,13.22582,52.55305,car + 
192870,Marzahn-Hellersdorf,10010310,Alt-Marzahn,March,14,Monday,minor,5,Crossing,Daylight,0,1,0,0,0,0,Dry,13.53971,52.53982,car + 
192871,Steglitz-Zehlendorf,6020410,Oberhofer Platz,March,12,Monday,minor,3,Stationary Traffic,Daylight,1,1,0,0,0,0,Wet,13.32816,52.42413,bicycle + car + 
192872,Pankow,3061332,Helmholtzplatz,March,11,Tuesday,minor,5,Other,Daylight,1,0,0,0,0,1,Dry,13.42115,52.54523,bicycle + other
192873,Tempelhof-Schöneberg,7060604,Marienfelde Süd,March,13,Monday,minor,5,Turning,Daylight,0,1,0,0,0,1,Wet,13.35024,52.41429,car + other
192874,Steglitz-Zehlendorf,6020408,Lichterfelde Süd,March,13,Monday,minor,1,Paralle Traffic,Daylight,0,1,0,1,0,0,Wet,13.307,52.41969,car + motorbike + 
192875,Neukölln,8010211,Flughafenstraße,March,10,Tuesday,minor,5,Crossing,Daylight,1,0,0,0,0,1,Wet,13.42506,52.48082,bicycle + other
192876,Tempelhof-Schöneberg,7040401,Neu-Tempelhof,March,12,Monday,minor,5,Crossing,Daylight,0,1,0,0,0,0,Wet,13.37586,52.48026,car + 
192877,Charlottenburg-Wilmersdorf,4030518,Tegeler Weg,March,12,Monday,minor,5,Crossing,Daylight,0,1,0,0,0,0,Wet,13.29748,52.52651,car + 
192878,Mitte,1033102,Gesundbrunnen,March,11,Monday,minor,1,Paralle Traffic,Daylight,0,1,0,1,0,0,Dry,13.38971,52.55018,car + motorbike + 
192879,Charlottenburg-Wilmersdorf,4051653,Prager Platz,March,10,Tuesday,minor,6,Overtaking,Daylight,1,0,1,0,0,0,Dry,13.33338,52.49301,bicycle + pedestrian + 
192880,Charlottenburg-Wilmersdorf,4020313,Königin-Elisabeth-Straße,March,9,Monday,minor,2,Stationary Traffic,Daylight,0,1,0,0,0,0,Wet,13.27747,52.51264,car + 
192881,Neukölln,8010404,Rixdorf,March,17,Thursday,minor,2,Stationary Traffic,Night,0,1,0,0,0,0,Wet,13.45622,52.47378,car + 
192882,Charlottenburg-Wilmersdorf,4030623,Ernst-Reuter-Platz,March,6,Monday,minor,3,Stationary Traffic,Daylight,0,1,0,0,0,0,Wet,13.31866,52.51384,car + 
192883,Charlottenburg-Wilmersdorf,4030930,George-Grosz-Platz,March,18,Monday,minor,5,Turning,Dawn,0,1,0,1,0,0,Wet,13.31697,52.50245,car + motorbike + 
192884,Charlottenburg-Wilmersdorf,4051448,Schaperstraße,March,9,Tuesday,minor,5,Turning,Daylight,0,1,0,1,0,0,Dry,13.33443,52.49847,car + motorbike + 
192885,Mitte,1011204,Leipziger Straße,March,19,Monday,minor,5,Crossing,Night,1,1,0,0,0,0,Wet,13.3921,52.50779,bicycle + car + 
192886,Treptow-Köpenick,9020701,Adlershof West,March,19,Monday,minor,5,Crossing,Night,1,1,0,0,0,0,Wet,13.52903,52.4265,bicycle + car + 
192887,Friedrichshain-Kreuzberg,2020202,Rathaus Yorckstraße,March,8,Tuesday,serious,6,Turning,Daylight,0,0,1,0,1,0,Dry,13.3898,52.49591,pedestrian + truck + 
192888,Friedrichshain-Kreuzberg,2020206,Graefekiez,March,20,Monday,serious,5,Crossing,Night,1,1,0,0,0,0,Wet,13.41321,52.49173,bicycle + car + 
192889,Mitte,1022202,Heidestraße,March,22,Monday,serious,5,Turning,Night,0,1,0,0,0,0,Wet,13.3603,52.53731,car + 
192890,Treptow-Köpenick,9010101,Elsenstraße,March,8,Tuesday,minor,5,Crossing,Daylight,1,1,0,0,0,0,Wet,13.45095,52.4919,bicycle + car + 
192891,Mitte,1011301,Charitéviertel,March,23,Monday,serious,6,Overtaking,Night,0,1,1,0,0,0,Dry,13.37707,52.52881,car + pedestrian + 
192892,Mitte,1011201,Wilhelmstraße,March,8,Tuesday,minor,5,Crossing,Daylight,1,1,0,0,0,0,Wet,13.38688,52.51074,bicycle + car + 
192893,Spandau,5010314,Carl-Schurz-Straße,March,17,Monday,serious,6,Overtaking,Dawn,0,1,1,0,0,0,Wet,13.19706,52.53515,car + pedestrian + 
192894,Treptow-Köpenick,9020702,Adlershof Ost,March,8,Monday,minor,5,Crossing,Daylight,0,1,0,0,0,0,Dry,13.55326,52.434,car + 
192895,Friedrichshain-Kreuzberg,2020203,Viktoriapark,March,0,Tuesday,minor,5,Crossing,Night,0,1,0,0,0,0,Wet,13.3875,52.49284,car + 
192896,Lichtenberg,11030721,Rüdigerstraße,March,17,Monday,serious,0,Driving,Daylight,1,0,0,0,0,0,Wet,13.4991,52.51758,bicycle + 
192897,Spandau,5010314,Carl-Schurz-Straße,March,6,Tuesday,minor,0,Stationary Traffic,Daylight,0,0,0,1,0,1,Wet,13.20275,52.5401,motorbike + other
192898,Marzahn-Hellersdorf,10040933,Mahlsdorf Süd,March,4,Monday,minor,0,Stationary Traffic,Night,0,1,0,0,0,1,Wet,13.61461,52.50237,car + other
192899,Mitte,1044103,Westliche Müllerstraße,March,13,Monday,minor,0,Driving,Daylight,0,0,0,1,0,0,Wet,13.3544,52.54917,motorbike + 
192900,Steglitz-Zehlendorf,6030502,Zehlendorf Süd,March,7,Tuesday,minor,5,Turning,Daylight,1,1,0,0,0,0,Dry,13.26757,52.40771,bicycle + car + 
192901,Reinickendorf,12302110,Dannenwalder Weg,March,18,Sunday,minor,5,Turning,Dawn,1,1,0,0,0,0,Dry,13.35623,52.59669,bicycle + car + 
192902,Neukölln,8020619,Buschkrugallee Nord,March,13,Sunday,minor,5,Turning,Daylight,0,1,0,0,0,0,Wet,13.4442,52.46371,car + 
192903,Charlottenburg-Wilmersdorf,4030827,Karl-August-Platz,March,7,Tuesday,minor,3,Stationary Traffic,Daylight,0,1,0,1,0,0,Dry,13.3083,52.50666,car + motorbike + 
192904,Treptow-Köpenick,9030901,Dorf Altglienicke,March,0,Sunday,serious,1,Paralle Traffic,Night,0,1,0,0,0,0,Dry,13.52972,52.41399,car + 
192905,Charlottenburg-Wilmersdorf,4020310,Park Ruhwald,March,22,Sunday,minor,4,Driving,Night,0,1,0,0,0,1,Wet,13.2789,52.52606,car + other
192906,Mitte,1033203,Humboldthain Nordwest,March,16,Tuesday,minor,2,Stationary Traffic,Daylight,0,1,0,0,0,0,Dry,13.3808,52.5518,car + 
192907,Pankow,3061131,Falkplatz,March,18,Sunday,minor,0,Stationary Traffic,Night,0,1,0,1,0,0,Wet,13.41296,52.54529,car + motorbike + 
192908,Pankow,3030715,Heinersdorf,March,8,Tuesday,minor,5,Turning,Daylight,1,1,0,0,0,0,Wet,13.42968,52.57182,bicycle + car + 
192909,Mitte,1011304,Karl-Marx-Allee,March,17,Sunday,minor,5,Turning,Dawn,1,1,0,0,0,0,Wet,13.42328,52.52014,bicycle + car + 
192910,Spandau,5020625,Borkumer Straße,March,16,Sunday,minor,2,Driving,Daylight,0,1,0,1,0,0,Wet,13.1841,52.53417,car + motorbike + 
192911,Spandau,5020626,Adamstraße,March,16,Tuesday,minor,6,Overtaking,Daylight,0,1,1,0,0,0,Dry,13.19733,52.52475,car + pedestrian + 
192912,Friedrichshain-Kreuzberg,2010104,Wassertorplatz,March,15,Sunday,minor,3,Stationary Traffic,Daylight,0,1,0,1,0,0,Wet,13.41832,52.49879,car + motorbike + 
192913,Charlottenburg-Wilmersdorf,4020208,Kranzallee,March,15,Sunday,minor,5,Crossing,Daylight,0,1,0,0,0,0,Wet,13.25612,52.50685,car + 
192914,Reinickendorf,12214422,Klixstraße,March,10,Sunday,minor,5,Crossing,Daylight,0,1,0,0,0,0,Wet,13.31057,52.56798,car + 
192915,Pankow,3040614,Pankow Zentrum,March,8,Tuesday,minor,1,Paralle Traffic,Daylight,1,1,0,0,0,0,Wet,13.40851,52.56605,bicycle + car + 
192916,Steglitz-Zehlendorf,6030504,Teltower Damm,March,4,Sunday,serious,6,Overtaking,Night,0,0,1,0,0,1,Wet,13.25017,52.42142,pedestrian + other
192917,Friedrichshain-Kreuzberg,2020206,Graefekiez,March,23,Sunday,minor,2,Turning,Night,0,1,0,0,0,0,Wet,13.42106,52.48722,car + 
192918,Steglitz-Zehlendorf,6020411,Schütte-Lanz-Straße,March,10,Sunday,minor,2,Stationary Traffic,Daylight,0,1,0,0,0,0,Wet,13.31491,52.41731,car + 
192919,Pankow,3040614,Pankow Zentrum,March,16,Tuesday,minor,2,Stationary Traffic,Daylight,1,1,0,0,0,0,Dry,13.41848,52.57583,bicycle + car + 
192920,Mitte,1044202,Sparrplatz,March,10,Sunday,minor,5,Crossing,Daylight,0,1,0,0,0,0,Dry,13.357,52.5421,car + 
192921,Mitte,1044201,Reinickendorfer Straße,March,23,Sunday,minor,9,Driving,Night,0,1,0,0,0,0,Wet,13.38346,52.5561,car + 
192922,Tempelhof-Schöneberg,7010102,Nollendorfplatz,March,13,Saturday,minor,2,Stationary Traffic,Daylight,0,1,0,0,0,0,Dry,13.34614,52.49877,car + 
192923,Tempelhof-Schöneberg,7040404,Marienhöhe,March,16,Tuesday,minor,2,Stationary Traffic,Daylight,0,1,0,0,1,0,Dry,13.36174,52.44717,car + truck + 
192924,Mitte,1011303,Alexanderplatzviertel,March,17,Saturday,minor,6,Overtaking,Dawn,0,1,1,0,0,0,Dry,13.40765,52.52463,car + pedestrian + 
192925,Pankow,3050920,Weißer See,March,16,Tuesday,minor,3,Stationary Traffic,Daylight,0,1,0,0,0,1,Dry,13.46703,52.55703,car + other
192926,Charlottenburg-Wilmersdorf,4030620,Alt-Lietzow,March,18,Saturday,minor,5,Turning,Night,1,1,0,0,0,0,Dry,13.30682,52.51726,bicycle + car + 
192927,Spandau,5020524,Weinmeisterhornweg,March,14,Saturday,minor,5,Crossing,Daylight,0,1,0,0,0,0,Dry,13.17331,52.51432,car + 
192928,Charlottenburg-Wilmersdorf,4030416,Klausenerplatz,March,14,Tuesday,minor,1,Paralle Traffic,Daylight,0,1,0,1,0,0,Dry,13.28758,52.51578,car + motorbike + 
192929,Lichtenberg,11020513,Orankesee,March,13,Saturday,minor,5,Turning,Daylight,0,1,0,0,0,0,Dry,13.46773,52.54645,car + 
192930,Charlottenburg-Wilmersdorf,4030621,Spreestadt,March,12,Saturday,minor,3,Driving,Daylight,1,0,0,0,0,1,Dry,13.32302,52.52125,bicycle + other
192931,Pankow,3051017,Rennbahnstraße,March,18,Saturday,minor,5,Crossing,Night,0,1,0,0,0,0,Dry,13.46337,52.56007,car + 
192932,Charlottenburg-Wilmersdorf,4010101,Jungfernheide,March,14,Tuesday,serious,5,Turning,Daylight,0,1,0,1,0,0,Dry,13.29487,52.53963,car + motorbike + 
192933,Tempelhof-Schöneberg,7020203,Kaiser-Wilhelm-Platz,March,12,Saturday,minor,6,Overtaking,Daylight,1,0,1,0,0,0,Dry,13.35612,52.48598,bicycle + pedestrian + 
192934,Treptow-Köpenick,9020702,Adlershof Ost,March,18,Thursday,serious,6,Turning,Night,0,1,1,0,0,0,Wet,13.55618,52.43374,car + pedestrian + 
192935,Friedrichshain-Kreuzberg,2040502,Friedenstraße,March,12,Saturday,minor,5,Other,Daylight,0,1,0,0,0,0,Dry,13.43426,52.52272,car + 
192936,Mitte,1022201,Stephankiez,March,6,Saturday,minor,2,Stationary Traffic,Night,0,1,0,0,0,1,Wet,13.35337,52.53391,car + other
192937,Mitte,1011201,Wilhelmstraße,March,19,Saturday,minor,2,Turning,Night,0,1,0,0,0,0,Dry,13.38029,52.51361,car + 
192938,Reinickendorf,12103218,Teichstraße,March,14,Tuesday,minor,5,Crossing,Daylight,0,1,0,0,0,0,Dry,13.35138,52.57147,car + 
192939,Neukölln,8041037,Alt-Rudow,March,19,Saturday,serious,6,Other,Night,1,0,1,0,0,0,Dry,13.49736,52.41856,bicycle + pedestrian + 
192940,Mitte,1033202,Humboldthain Süd,March,18,Thursday,minor,5,Turning,Dawn,1,1,0,0,0,0,Wet,13.37974,52.5402,bicycle + car + 
192941,Spandau,5020523,Maulbeerallee,March,18,Saturday,serious,1,Driving,Night,0,1,0,0,0,0,Dry,13.16216,52.52262,car + 
192942,Pankow,3071537,Kollwitzplatz,March,1,Saturday,minor,5,Paralle Traffic,Night,0,1,0,0,0,0,Dry,13.4141,52.53278,car + 
192943,Charlottenburg-Wilmersdorf,4051446,Preußenpark,March,18,Monday,minor,6,Turning,Dawn,0,1,1,0,0,0,Dry,13.31512,52.4906,car + pedestrian + 
192944,Lichtenberg,11051332,Karlshorst Süd,March,1,Saturday,minor,0,Driving,Night,1,0,0,0,0,0,Dry,13.52078,52.47439,bicycle + 
192945,Friedrichshain-Kreuzberg,2050802,Boxhagener Platz,March,15,Friday,serious,5,Turning,Daylight,1,1,0,0,0,0,Dry,13.45286,52.51241,bicycle + car + 
192946,Pankow,3040818,Pankow Süd,March,14,Monday,minor,2,Stationary Traffic,Daylight,0,1,0,0,0,0,Wet,13.42266,52.57085,car + 
192947,Mitte,1011201,Wilhelmstraße,March,17,Friday,minor,2,Turning,Dawn,0,1,0,0,0,0,Dry,13.37683,52.50941,car + 
192948,Neukölln,8020622,Parchimer Allee,March,17,Friday,minor,6,Overtaking,Daylight,1,0,1,0,0,0,Dry,13.44726,52.43835,bicycle + pedestrian + 
192949,Friedrichshain-Kreuzberg,2010104,Wassertorplatz,March,16,Friday,minor,2,Crossing,Daylight,1,0,0,0,0,1,Dry,13.41407,52.49839,bicycle + other
192950,Friedrichshain-Kreuzberg,2020204,Urbanstraße,March,19,Monday,minor,6,Turning,Night,0,1,1,0,0,0,Wet,13.4005,52.49056,car + pedestrian + 
192951,Pankow,3040614,Pankow Zentrum,March,13,Friday,minor,6,Crossing,Daylight,0,1,1,0,0,0,Dry,13.41366,52.58289,car + pedestrian + 
192952,Charlottenburg-Wilmersdorf,4020311,Reichsstraße,March,12,Monday,minor,6,Turning,Daylight,0,1,1,0,0,0,Dry,13.27009,52.51064,car + pedestrian + 
192953,Charlottenburg-Wilmersdorf,4030931,Breitscheidplatz,March,14,Friday,minor,2,Turning,Daylight,0,0,0,0,0,1,Dry,13.33238,52.50615,other
192954,Spandau,5020626,Adamstraße,March,14,Friday,serious,5,Crossing,Daylight,1,0,0,1,0,0,Dry,13.19489,52.52763,bicycle + motorbike + 
192955,Steglitz-Zehlendorf,6010207,Mittelstraße,March,12,Monday,minor,5,Other,Daylight,0,1,0,1,0,0,Wet,13.31973,52.4528,car + motorbike + 
192956,Charlottenburg-Wilmersdorf,4031032,Halensee,March,12,Friday,minor,5,Crossing,Daylight,0,1,0,0,0,0,Dry,13.29657,52.49268,car + 
192957,Treptow-Köpenick,9020701,Adlershof West,March,13,Friday,minor,5,Turning,Daylight,1,1,0,0,0,0,Dry,13.53632,52.43283,bicycle + car + 
192958,Steglitz-Zehlendorf,6040809,Thielallee,March,14,Friday,minor,0,Other,Daylight,0,1,0,0,0,0,Dry,13.29281,52.44634,car + 
192959,Mitte,1011303,Alexanderplatzviertel,March,8,Friday,minor,5,Other,Daylight,0,1,0,1,0,0,Dry,13.4058,52.51934,car + motorbike + 
192960,Spandau,5030731,Gartenfelder Straße,March,7,Monday,minor,0,Paralle Traffic,Daylight,0,1,0,0,0,0,Dry,13.23307,52.54548,car + 
192961,Marzahn-Hellersdorf,10030727,Biesdorf Süd,March,8,Friday,serious,0,Stationary Traffic,Daylight,0,1,0,0,0,1,Dry,13.5618,52.5054,car + other
192962,Pankow,3020209,Niederschönhausen,March,14,Friday,minor,5,Crossing,Daylight,1,1,0,0,0,0,Dry,13.39884,52.58335,bicycle + car + 
192963,Treptow-Köpenick,9051701,Hirschgarten,March,8,Monday,minor,5,Crossing,Daylight,1,1,0,0,0,0,Wet,13.61615,52.45497,bicycle + car + 
192964,Mitte,1011402,Arkonaplatz,March,1,Friday,minor,3,Stationary Traffic,Night,0,1,0,0,0,0,Dry,13.39727,52.53662,car + 
192965,Neukölln,8010213,Körnerpark,March,19,Friday,minor,5,Crossing,Night,0,1,0,0,0,0,Dry,13.43553,52.46908,car + 
192966,Pankow,3061441,Eldenaer Straße,March,18,Friday,serious,4,Turning,Night,0,1,0,1,0,0,Dry,13.46536,52.52343,car + motorbike + 
192967,Neukölln,8010301,Reuterkiez,March,10,Monday,minor,2,Stationary Traffic,Daylight,0,0,0,0,0,1,Dry,13.43557,52.48386,other
192968,Mitte,1022207,Hansaviertel,March,18,Friday,minor,2,Stationary Traffic,Night,0,1,0,0,0,0,Dry,13.33952,52.519,car + 
192969,Charlottenburg-Wilmersdorf,4051446,Preußenpark,March,11,Monday,minor,5,Crossing,Daylight,1,1,0,0,0,0,Wet,13.3125,52.49151,bicycle + car + 
192970,Spandau,5010206,Gütersloher Weg,March,18,Friday,minor,0,Turning,Night,0,1,0,1,0,0,Dry,13.16705,52.55607,car + motorbike + 
192971,Marzahn-Hellersdorf,10040830,Kaulsdorf Süd,February,13,Thursday,minor,3,Stationary Traffic,Daylight,1,0,0,0,0,1,Dry,13.58191,52.50308,bicycle + other
192972,Marzahn-Hellersdorf,10030727,Biesdorf Süd,March,13,Monday,minor,6,Overtaking,Daylight,0,1,1,0,0,0,Wet,13.56361,52.49826,car + pedestrian + 
192973,Neukölln,8010301,Reuterkiez,February,16,Thursday,minor,5,Crossing,Daylight,0,1,0,1,0,0,Dry,13.42964,52.49296,car + motorbike + 
192974,Charlottenburg-Wilmersdorf,4020311,Reichsstraße,February,10,Thursday,minor,5,Crossing,Daylight,0,1,0,0,0,0,Dry,13.2739,52.50968,car + 
192975,Neukölln,8020620,Tempelhofer Weg,March,15,Monday,minor,5,Crossing,Daylight,0,1,0,0,0,0,Wet,13.42879,52.45555,car + 
192976,Spandau,5030833,Motardstraße,February,12,Thursday,minor,5,Turning,Daylight,0,1,0,1,0,0,Dry,13.26481,52.5368,car + motorbike + 
192977,Neukölln,8040933,Vogelviertel Süd,February,8,Thursday,minor,5,Turning,Daylight,0,1,0,1,0,0,Dry,13.45566,52.43618,car + motorbike + 
192978,Reinickendorf,12304314,Ziekowstraße/Freie Scholle,March,15,Monday,minor,2,Stationary Traffic,Daylight,0,1,0,0,0,0,Dry,13.28535,52.59516,car + 
192979,Tempelhof-Schöneberg,7040401,Neu-Tempelhof,February,8,Thursday,minor,5,Other,Daylight,0,1,0,1,0,0,Dry,13.38334,52.4837,car + motorbike + 
192980,Reinickendorf,12214424,Scharnweberstraße,February,15,Thursday,minor,5,Crossing,Daylight,0,1,0,0,0,0,Dry,13.32117,52.56578,car + 
192981,Neukölln,8040933,Vogelviertel Süd,February,15,Thursday,serious,5,Turning,Daylight,0,1,0,0,0,0,Dry,13.46644,52.43355,car + 
192982,Lichtenberg,11030618,Fennpfuhl West,March,16,Monday,minor,2,Stationary Traffic,Daylight,0,1,0,0,0,0,Wet,13.47086,52.53194,car + 
192983,Mitte,1022204,Thomasiusstraße,February,16,Thursday,serious,6,Overtaking,Daylight,0,1,1,0,0,0,Dry,13.3522,52.52425,car + pedestrian + 
192984,Lichtenberg,11030619,Fennpfuhl Ost,March,19,Monday,minor,6,Overtaking,Night,0,1,1,0,0,0,Wet,13.48158,52.52677,car + pedestrian + 
192985,Mitte,2040501,Barnimkiez,February,16,Thursday,serious,3,Stationary Traffic,Dawn,1,0,0,0,0,0,Dry,13.42654,52.52303,bicycle + 
192986,Charlottenburg-Wilmersdorf,4030620,Alt-Lietzow,February,16,Thursday,minor,5,Turning,Daylight,1,1,0,0,0,0,Dry,13.30643,52.51761,bicycle + car + 
192987,Neukölln,8030829,Gropiusstadt Nord,March,21,Monday,serious,6,Overtaking,Night,0,1,1,0,0,0,Wet,13.45968,52.43183,car + pedestrian + 
192988,Mitte,1011203,Unter den Linden Süd,February,17,Thursday,minor,6,Other,Dawn,0,1,1,0,0,0,Dry,13.38938,52.5136,car + pedestrian + 
192989,Reinickendorf,12214527,Alt-Tegel,February,11,Thursday,minor,6,Other,Daylight,0,1,1,0,0,0,Dry,13.28164,52.58938,car + pedestrian + 
192990,Lichtenberg,11030720,Herzbergstraße,February,11,Thursday,serious,5,Turning,Daylight,0,1,0,1,0,0,Dry,13.50002,52.53118,car + motorbike + 
192991,Friedrichshain-Kreuzberg,2020205,Chamissokiez,March,22,Monday,minor,2,Stationary Traffic,Night,1,0,0,0,1,0,Wet,13.38933,52.48975,bicycle + truck + 
192992,Pankow,3040614,Pankow Zentrum,February,11,Thursday,serious,6,Overtaking,Daylight,0,1,1,0,0,0,Dry,13.40111,52.56565,car + pedestrian + 
192993,Spandau,5010206,Gütersloher Weg,March,5,Thursday,serious,6,Overtaking,Night,0,1,1,0,0,0,Wet,13.16532,52.55105,car + pedestrian + 
192994,Neukölln,8010117,Schillerpromenade,March,8,Monday,minor,3,Stationary Traffic,Daylight,0,0,0,0,0,1,Wet,13.42541,52.4797,other
192995,Friedrichshain-Kreuzberg,2020206,Graefekiez,March,19,Thursday,minor,5,Turning,Night,0,1,0,1,0,0,Wet,13.41876,52.48753,car + motorbike + 
192996,Marzahn-Hellersdorf,10010309,Springpfuhl,March,12,Monday,minor,0,Driving,Daylight,0,0,0,1,0,0,Wet,13.53879,52.52467,motorbike + 
192997,Mitte,1011302,Oranienburger Straße,March,10,Sunday,minor,5,Turning,Daylight,1,1,0,0,0,0,Dry,13.40954,52.52889,bicycle + car + 
192998,Friedrichshain-Kreuzberg,2050802,Boxhagener Platz,March,15,Thursday,minor,5,Crossing,Daylight,1,1,0,0,0,0,Wet,13.458,52.50946,bicycle + car + 
192999,Tempelhof-Schöneberg,7010104,Dennewitzplatz,March,20,Sunday,serious,0,Driving,Night,0,0,0,1,0,0,Dry,13.36114,52.4959,motorbike + 
193000,Treptow-Köpenick,9041402,Siedlung Kämmereiheide,March,14,Sunday,serious,3,Stationary Traffic,Daylight,1,0,0,0,0,0,Dry,13.59838,52.4416,bicycle + 
193001,Mitte,1022104,Emdener Straße,March,22,Thursday,minor,6,Turning,Night,0,1,1,0,0,0,Wet,13.3429,52.52637,car + pedestrian + 
193002,Treptow-Köpenick,9051801,Rahnsdorf/Hessenwinkel,March,14,Sunday,minor,5,Crossing,Daylight,1,1,0,0,0,0,Dry,13.69266,52.44115,bicycle + car + 
193003,Spandau,5010312,Kurstraße,March,16,Thursday,minor,1,Paralle Traffic,Daylight,1,1,0,0,0,0,Wet,13.20594,52.54042,bicycle + car + 
193004,Lichtenberg,11020516,Weiße Taube,March,13,Sunday,minor,3,Stationary Traffic,Daylight,1,1,0,0,0,0,Dry,13.51443,52.53963,bicycle + car + 
193005,Neukölln,8020625,Handwerker-Siedlung,March,16,Thursday,serious,5,Crossing,Daylight,0,1,0,0,0,0,Wet,13.43514,52.42758,car + 
193006,Tempelhof-Schöneberg,7030301,Friedenau,March,12,Sunday,minor,2,Stationary Traffic,Daylight,0,1,0,0,0,0,Dry,13.33352,52.46995,car + 
193007,Mitte,1011301,Charitéviertel,March,11,Sunday,minor,6,Overtaking,Daylight,0,1,1,0,0,0,Dry,13.37912,52.52884,car + pedestrian + 
193008,Mitte,3071537,Kollwitzplatz,March,11,Sunday,minor,2,Other,Daylight,1,1,0,0,0,0,Dry,13.41592,52.52745,bicycle + car + 
193009,Tempelhof-Schöneberg,7040401,Neu-Tempelhof,March,10,Sunday,minor,5,Crossing,Daylight,0,1,0,0,0,0,Dry,13.37444,52.47887,car + 
193010,Steglitz-Zehlendorf,6040810,Dahlem,March,10,Sunday,minor,5,Crossing,Daylight,0,1,0,0,0,0,Dry,13.27525,52.46092,car + 
193011,Neukölln,8041036,Zittauer Straße,March,14,Friday,minor,5,Crossing,Daylight,0,1,0,0,0,0,Dry,13.47974,52.41268,car + 
193012,Charlottenburg-Wilmersdorf,4030931,Breitscheidplatz,March,0,Sunday,minor,5,Turning,Night,1,1,0,0,0,0,Dry,13.33116,52.50371,bicycle + car + 
193013,Reinickendorf,12103218,Teichstraße,March,13,Sunday,fatal,6,Overtaking,Daylight,0,0,1,1,0,0,Dry,13.34783,52.56703,pedestrian + motorbike + 
193014,Charlottenburg-Wilmersdorf,4030620,Alt-Lietzow,March,8,Thursday,minor,5,Turning,Daylight,1,1,0,0,0,0,Wet,13.31423,52.5149,bicycle + car + 
193015,Marzahn-Hellersdorf,10020622,Kaulsdorf Nord I,March,9,Saturday,minor,6,Turning,Daylight,0,1,1,0,0,0,Dry,13.58304,52.52095,car + pedestrian + 
193016,Spandau,5010101,Hakenfelde Nord,March,16,Thursday,minor,2,Stationary Traffic,Daylight,0,1,0,0,0,1,Wet,13.1578,52.59545,car + other
193017,Mitte,1044101,Rehberge,March,13,Saturday,minor,2,Stationary Traffic,Daylight,0,1,0,0,0,0,Dry,13.34113,52.54496,car + 
193018,Marzahn-Hellersdorf,10020412,Alte Hellersdorfer Straße,March,16,Thursday,minor,6,Overtaking,Daylight,0,1,1,0,0,0,Wet,13.59214,52.54632,car + pedestrian + 
193019,Friedrichshain-Kreuzberg,2050803,Stralauer Kiez,March,5,Saturday,minor,4,Driving,Night,0,1,0,0,0,0,Wet,13.46696,52.50268,car + 
193020,Steglitz-Zehlendorf,6030610,Lichterfelde West,March,9,Saturday,minor,2,Stationary Traffic,Daylight,0,1,0,0,0,0,Dry,13.30369,52.43229,car + 
193021,Mitte,1022203,Lübecker Straße,March,0,Thursday,minor,5,Crossing,Night,0,1,0,0,0,0,Wet,13.35158,52.52647,car + 
193022,Spandau,5030730,Zitadellenweg,March,14,Saturday,minor,2,Stationary Traffic,Daylight,0,1,0,0,0,0,Dry,13.23139,52.53824,car + 
193023,Neukölln,8020622,Parchimer Allee,March,16,Thursday,minor,3,Stationary Traffic,Daylight,0,1,0,0,0,0,Wet,13.43379,52.44397,car + 
193024,Spandau,5020629,Börnicker Straße,March,14,Saturday,minor,6,Other,Daylight,0,1,1,0,0,0,Dry,13.18781,52.50643,car + pedestrian + 
193025,Tempelhof-Schöneberg,7010102,Nollendorfplatz,March,16,Thursday,minor,6,Overtaking,Daylight,0,1,1,0,0,0,Wet,13.34592,52.49876,car + pedestrian + 
193026,Spandau,5010209,An der Kappe,March,12,Saturday,minor,5,Turning,Daylight,0,1,0,1,0,0,Dry,13.15783,52.54309,car + motorbike + 
193027,Neukölln,8040933,Vogelviertel Süd,March,10,Saturday,minor,5,Crossing,Daylight,0,1,0,1,0,0,Dry,13.46218,52.43275,car + motorbike + 
193028,Spandau,5010314,Carl-Schurz-Straße,March,17,Thursday,minor,5,Turning,Daylight,0,1,0,0,0,0,Wet,13.1824,52.53847,car + 
193029,Spandau,5020524,Weinmeisterhornweg,March,11,Saturday,minor,5,Turning,Daylight,0,1,0,0,0,1,Dry,13.17,52.51855,car + other
193030,Spandau,5020625,Borkumer Straße,March,12,Saturday,minor,0,Stationary Traffic,Daylight,0,0,0,1,0,1,Dry,13.19666,52.53082,motorbike + other