id,district,lor,street,month,hour,weekday,injury,collision,movement,light_conditions,bicycle,car,pedestrian,motorbike,truck,other_vehicle,road_conditions,longitude,latitude,Combo_type
193031,Tempelhof-Schöneberg,7040403,Manteuffelstraße,March,22,Friday,minor,5,Crossing,Night,0,1,0,0,0,0,Dry,13.38556,52.46712,car + 
193032,Lichtenberg,11020514,Große-Leege-Straße,March,15,Thursday,minor,0,Driving,Daylight,1,0,0,0,0,0,Wet,13.49218,52.54394,bicycle + 
193033,Friedrichshain-Kreuzberg,2010103,Moritzplatz,March,14,Saturday,minor,1,Paralle Traffic,Daylight,1,1,0,0,0,0,Dry,13.41176,52.50334,bicycle + car + 
193034,Steglitz-Zehlendorf,6020302,Komponistenviertel Lankwitz,March,14,Saturday,serious,0,Stationary Traffic,Daylight,0,0,0,0,0,1,Dry,13.34186,52.44171,other
193035,Charlottenburg-Wilmersdorf,4051446,Preußenpark,March,12,Thursday,minor,2,Stationary Traffic,Daylight,0,1,0,0,0,0,Dry,13.30772,52.49897,car + 
193036,Mitte,1011402,Arkonaplatz,March,14,Saturday,minor,1,Paralle Traffic,Daylight,1,1,0,0,0,0,Dry,13.40223,52.53091,bicycle + car + 
193037,Friedrichshain-Kreuzberg,2020206,Graefekiez,March,18,Thursday,minor,0,Paralle Traffic,Dawn,0,1,0,1,0,0,Wet,13.40893,52.49001,car + motorbike + 
193038,Spandau,5040934,Alt-Gatow,March,14,Saturday,minor,5,Crossing,Daylight,1,1,0,0,0,0,Dry,13.181,52.49441,bicycle + car + 
193039,Spandau,5010101,Hakenfelde Nord,March,12,Thursday,serious,9,Driving,Daylight,0,1,0,0,0,0,Wet,13.17409,52.58779,car + 
193040,Neukölln,8020620,Tempelhofer Weg,March,15,Saturday,minor,1,Paralle Traffic,Daylight,1,1,0,0,0,0,Dry,13.43445,52.46084,bicycle + car + 
193041,Charlottenburg-Wilmersdorf,4031032,Halensee,March,15,Saturday,minor,6,Other,Daylight,0,1,1,0,0,0,Dry,13.29411,52.49773,car + pedestrian + 
193042,Mitte,1011103,Lützowstraße,March,18,Thursday,minor,5,Crossing,Daylight,1,1,0,0,0,0,Dry,13.35155,52.50555,bicycle + car + 
193043,Mitte,1011301,Charitéviertel,March,13,Thursday,minor,8,Driving,Daylight,0,0,0,1,0,0,Dry,13.37973,52.5213,motorbike + 
193044,Charlottenburg-Wilmersdorf,4030930,George-Grosz-Platz,March,15,Saturday,minor,1,Paralle Traffic,Daylight,1,1,0,0,0,0,Dry,13.31849,52.50153,bicycle + car + 
193045,Mitte,1022206,Lüneburger Straße,March,6,Saturday,minor,5,Crossing,Daylight,0,1,0,0,0,0,Dry,13.35554,52.51975,car + 
193046,Steglitz-Zehlendorf,6010209,Feuerbachstraße,March,17,Thursday,minor,0,Stationary Traffic,Daylight,0,1,0,1,0,0,Wet,13.33067,52.45911,car + motorbike + 
193047,Charlottenburg-Wilmersdorf,4030519,Kaiserin-Augusta-Allee,March,9,Saturday,minor,2,Stationary Traffic,Daylight,0,1,0,0,0,0,Dry,13.29469,52.53276,car + 
193048,Charlottenburg-Wilmersdorf,4051655,Babelsberger Straße,March,15,Saturday,minor,1,Paralle Traffic,Daylight,1,1,0,0,0,0,Dry,13.33699,52.48296,bicycle + car + 
193049,Treptow-Köpenick,9020502,Oberschöneweide Ost,March,17,Friday,minor,5,Crossing,Daylight,0,1,0,1,0,0,Dry,13.55362,52.4558,car + motorbike + 
193050,Charlottenburg-Wilmersdorf,4030827,Karl-August-Platz,March,9,Wednesday,minor,5,Other,Daylight,0,1,0,0,0,0,Dry,13.3138,52.50572,car + 
193051,Lichtenberg,11030721,Rüdigerstraße,March,10,Saturday,minor,5,Crossing,Daylight,0,1,0,0,0,0,Dry,13.49036,52.51659,car + 
193052,Mitte,1011303,Alexanderplatzviertel,March,19,Thursday,minor,1,Paralle Traffic,Night,1,1,0,0,0,0,Dry,13.40438,52.52221,bicycle + car + 
193053,Reinickendorf,12224230,Heiligensee,March,19,Saturday,minor,0,Crossing,Night,0,1,0,1,0,0,Dry,13.21728,52.61121,car + motorbike + 
193054,Marzahn-Hellersdorf,10040931,Mahlsdorf Nord,March,10,Wednesday,minor,5,Crossing,Daylight,1,1,0,0,0,0,Dry,13.64099,52.52811,bicycle + car + 
193055,Pankow,3020210,Herthaplatz,March,10,Saturday,minor,5,Turning,Daylight,0,1,0,1,0,0,Dry,13.43105,52.59093,car + motorbike + 
193056,Mitte,1011203,Unter den Linden Süd,March,7,Wednesday,minor,5,Turning,Daylight,1,1,0,0,0,0,Dry,13.38562,52.5125,bicycle + car + 
193057,Friedrichshain-Kreuzberg,2040703,Wriezener Bahnhof/Entwicklungsgebiet,March,2,Saturday,minor,2,Overtaking,Night,0,1,1,0,0,0,Dry,13.44677,52.50266,car + pedestrian + 
193058,Friedrichshain-Kreuzberg,2030302,Lausitzer Platz,March,9,Saturday,serious,8,Driving,Daylight,0,1,0,0,0,0,Dry,13.44458,52.5008,car + 
193059,Friedrichshain-Kreuzberg,2030302,Lausitzer Platz,March,6,Wednesday,minor,2,Turning,Daylight,1,1,0,0,0,0,Dry,13.44184,52.50114,bicycle + car + 
193060,Friedrichshain-Kreuzberg,2030301,Oranienplatz,March,2,Saturday,serious,0,Driving,Night,1,0,0,0,0,0,Dry,13.42112,52.49917,bicycle + 
193061,Spandau,5030730,Zitadellenweg,March,17,Friday,minor,6,Turning,Daylight,0,0,1,0,0,1,Dry,13.22879,52.53809,pedestrian + other
193062,Marzahn-Hellersdorf,10040932,Alt-Mahlsdorf,March,14,Friday,serious,0,Driving,Daylight,0,0,0,1,0,0,Dry,13.61379,52.51098,motorbike + 
193063,Neukölln,8010301,Reuterkiez,March,23,Friday,minor,5,Crossing,Night,1,1,0,0,0,0,Dry,13.44196,52.48579,bicycle + car + 
193064,Mitte,1011202,Unter den Linden Nord,March,22,Wednesday,serious,5,Crossing,Night,0,1,0,0,0,1,Wet,13.39074,52.51705,car + other
193065,Steglitz-Zehlendorf,6030610,Lichterfelde West,March,8,Friday,minor,0,Turning,Daylight,0,0,0,0,0,1,Dry,13.30982,52.43133,other
193066,Friedrichshain-Kreuzberg,2020204,Urbanstraße,March,17,Friday,serious,5,Other,Daylight,1,1,0,0,0,0,Dry,13.39105,52.49661,bicycle + car + 
193067,Reinickendorf,12231101,Hermsdorf,March,0,Friday,minor,0,Other,Night,0,1,0,1,0,0,Wet,13.29141,52.60654,car + motorbike + 
193068,Treptow-Köpenick,9030901,Dorf Altglienicke,March,16,Friday,minor,5,Crossing,Daylight,1,1,0,0,0,0,Dry,13.52942,52.41351,bicycle + car + 
193069,Marzahn-Hellersdorf,10040830,Kaulsdorf Süd,March,16,Wednesday,minor,2,Turning,Daylight,0,1,0,0,0,1,Dry,13.58096,52.50344,car + other
193070,Treptow-Köpenick,9051901,Dammvorstadt,March,9,Friday,serious,6,Overtaking,Daylight,0,1,1,0,0,0,Dry,13.57665,52.45513,car + pedestrian + 
193071,Treptow-Köpenick,9030901,Dorf Altglienicke,March,11,Friday,minor,5,Crossing,Daylight,1,1,0,0,0,0,Dry,13.522,52.4023,bicycle + car + 
193072,Mitte,1011203,Unter den Linden Süd,March,8,Friday,minor,1,Paralle Traffic,Daylight,1,1,0,0,0,1,Dry,13.3895,52.51282,bicycle + car + other
193073,Steglitz-Zehlendorf,6040810,Dahlem,March,15,Wednesday,minor,2,Turning,Daylight,1,1,0,0,0,0,Dry,13.27056,52.45102,bicycle + car + 
193074,Mitte,1044201,Reinickendorfer Straße,March,8,Friday,minor,0,Turning,Daylight,0,1,0,0,0,1,Dry,13.37514,52.55676,car + other
193075,Tempelhof-Schöneberg,7040405,Rathaus Tempelhof,March,14,Wednesday,minor,5,Crossing,Daylight,0,1,0,0,0,0,Dry,13.40405,52.45983,car + 
193076,Charlottenburg-Wilmersdorf,4031032,Halensee,March,7,Friday,minor,3,Stationary Traffic,Daylight,1,1,0,0,0,0,Dry,13.29218,52.49673,bicycle + car + 
193077,Friedrichshain-Kreuzberg,2050801,Traveplatz,March,7,Friday,minor,0,Other,Daylight,0,1,0,1,0,0,Dry,13.46818,52.51258,car + motorbike + 
193078,Treptow-Köpenick,9010301,Baumschulenstraße,March,13,Wednesday,minor,5,Turning,Daylight,0,1,0,0,1,0,Dry,13.48133,52.46086,car + truck + 
193079,Steglitz-Zehlendorf,6010205,Südende,March,14,Friday,serious,3,Stationary Traffic,Daylight,0,1,0,1,0,0,Dry,13.35334,52.44911,car + motorbike + 
193080,Friedrichshain-Kreuzberg,2010102,Mehringplatz,March,15,Friday,serious,1,Paralle Traffic,Daylight,0,1,0,0,0,1,Dry,13.39804,52.50676,car + other
193081,Steglitz-Zehlendorf,6010207,Mittelstraße,March,16,Thursday,minor,0,Stationary Traffic,Daylight,0,1,0,0,0,1,Dry,13.32732,52.45474,car + other
193082,Mitte,1022106,Elberfelder Straße,March,18,Friday,serious,5,Turning,Dawn,0,0,0,1,0,1,Dry,13.33687,52.52508,motorbike + other
193083,Charlottenburg-Wilmersdorf,4030518,Tegeler Weg,March,17,Wednesday,minor,5,Turning,Daylight,0,1,0,0,0,0,Dry,13.29638,52.52931,car + 
193084,Treptow-Köpenick,9052001,Köpenick Nord,March,14,Friday,minor,2,Stationary Traffic,Daylight,0,1,0,0,0,0,Dry,13.56103,52.45937,car + 
193085,Spandau,5030833,Motardstraße,March,11,Wednesday,minor,5,Crossing,Daylight,1,1,0,0,0,0,Dry,13.26064,52.53719,bicycle + car + 
193086,Spandau,5010101,Hakenfelde Nord,March,19,Friday,minor,5,Crossing,Night,1,1,0,0,0,0,Dry,13.21184,52.57548,bicycle + car + 
193087,Neukölln,8010301,Reuterkiez,March,12,Friday,minor,5,Crossing,Daylight,0,1,0,0,0,0,Dry,13.43251,52.49125,car + 
193088,Reinickendorf,12103116,Hausotterplatz,March,19,Friday,serious,5,Crossing,Night,0,1,0,0,0,0,Dry,13.37256,52.5683,car + 
193089,Mitte,1011103,Lützowstraße,March,21,Wednesday,minor,5,Crossing,Night,1,1,0,0,0,0,Wet,13.35225,52.50529,bicycle + car + 
193090,Mitte,1022206,Lüneburger Straße,March,8,Thursday,minor,5,Turning,Daylight,1,1,0,0,0,0,Dry,13.3553,52.51899,bicycle + car + 
193091,Neukölln,8010404,Rixdorf,March,22,Wednesday,minor,5,Crossing,Night,0,1,0,0,0,0,Wet,13.44761,52.47611,car + 
193092,Reinickendorf,12214424,Scharnweberstraße,March,23,Thursday,minor,5,Turning,Night,0,1,0,0,0,0,Dry,13.32179,52.56056,car + 
193093,Mitte,1011103,Lützowstraße,March,21,Thursday,minor,2,Stationary Traffic,Night,0,1,0,0,0,0,Dry,13.35012,52.50305,car + 
193094,Friedrichshain-Kreuzberg,2010104,Wassertorplatz,March,23,Wednesday,minor,2,Turning,Night,0,1,0,0,0,0,Wet,13.41831,52.49872,car + 
193095,Treptow-Köpenick,9051702,Bölschestraße,March,20,Thursday,minor,6,Overtaking,Night,0,1,1,0,0,0,Dry,13.62545,52.45678,car + pedestrian + 
193096,Mitte,1022203,Lübecker Straße,March,19,Thursday,minor,0,Other,Night,1,0,0,0,0,1,Dry,13.34371,52.52623,bicycle + other
193097,Steglitz-Zehlendorf,6020302,Komponistenviertel Lankwitz,March,11,Friday,minor,1,Paralle Traffic,Daylight,1,1,0,0,0,0,Dry,13.34609,52.44416,bicycle + car + 
193098,Spandau,5040938,Kafkastraße,March,10,Wednesday,minor,5,Crossing,Daylight,0,1,0,0,0,1,Dry,13.13725,52.45014,car + other
193099,Reinickendorf,12231101,Hermsdorf,March,19,Thursday,minor,5,Crossing,Night,1,1,0,0,0,0,Dry,13.32327,52.62592,bicycle + car + 
193100,Charlottenburg-Wilmersdorf,4030620,Alt-Lietzow,March,16,Thursday,minor,0,Crossing,Daylight,1,1,0,0,0,0,Dry,13.30242,52.51891,bicycle + car + 
193101,Pankow,3061332,Helmholtzplatz,March,7,Thursday,minor,1,Paralle Traffic,Daylight,1,1,0,0,0,0,Wet,13.41399,52.54761,bicycle + car + 
193102,Reinickendorf,12214422,Klixstraße,March,16,Thursday,minor,6,Overtaking,Daylight,0,1,1,0,0,0,Dry,13.31291,52.57146,car + pedestrian + 
193103,Steglitz-Zehlendorf,6040806,Fischtal,March,9,Wednesday,minor,5,Turning,Daylight,0,1,0,1,0,0,Dry,13.25111,52.45009,car + motorbike + 
193104,Spandau,5020629,Börnicker Straße,March,16,Thursday,serious,2,Stationary Traffic,Daylight,0,1,0,0,0,0,Dry,13.21535,52.50932,car + 
193105,Steglitz-Zehlendorf,6020303,Lankwitz Kirche,March,9,Wednesday,minor,5,Turning,Daylight,0,1,0,1,0,0,Dry,13.35019,52.43421,car + motorbike + 
193106,Charlottenburg-Wilmersdorf,4051448,Schaperstraße,March,15,Thursday,minor,2,Stationary Traffic,Daylight,0,1,0,0,0,0,Dry,13.32924,52.49496,car + 
193107,Mitte,1044201,Reinickendorfer Straße,March,15,Thursday,minor,2,Turning,Daylight,1,1,0,0,0,0,Dry,13.37396,52.55648,bicycle + car + 
193108,Mitte,1011302,Oranienburger Straße,March,21,Wednesday,minor,2,Stationary Traffic,Night,0,1,0,1,0,0,Wet,13.3895,52.52764,car + motorbike + 
193109,Pankow,3061126,Arnimplatz,March,15,Thursday,minor,6,Overtaking,Daylight,0,1,1,0,0,0,Dry,13.40857,52.55333,car + pedestrian + 
193110,Spandau,5020625,Borkumer Straße,March,15,Thursday,minor,5,Crossing,Daylight,0,1,0,0,0,0,Dry,13.19854,52.5329,car + 
193111,Friedrichshain-Kreuzberg,2050802,Boxhagener Platz,March,17,Friday,minor,0,Crossing,Daylight,1,1,0,0,0,0,Dry,13.45289,52.5124,bicycle + car + 
193112,Pankow,3040512,Wilhelmsruh,March,8,Wednesday,minor,0,Driving,Daylight,1,0,0,0,0,0,Dry,13.38315,52.59115,bicycle + 
193113,Charlottenburg-Wilmersdorf,4030931,Breitscheidplatz,March,15,Thursday,minor,3,Stationary Traffic,Daylight,1,0,0,0,0,1,Dry,13.33794,52.50518,bicycle + other
193114,Reinickendorf,12214527,Alt-Tegel,March,13,Thursday,serious,5,Crossing,Daylight,0,1,0,0,1,0,Dry,13.2812,52.58556,car + truck + 
193115,Charlottenburg-Wilmersdorf,4051654,Wilhelmsaue,March,12,Thursday,minor,5,Crossing,Daylight,1,1,0,0,0,0,Wet,13.3278,52.48673,bicycle + car + 
193116,Charlottenburg-Wilmersdorf,4051448,Schaperstraße,March,13,Thursday,minor,2,Other,Daylight,1,1,0,0,0,0,Dry,13.3248,52.49965,bicycle + car + 
193117,Tempelhof-Schöneberg,7050503,Eisenacher Straße,March,12,Friday,minor,2,Stationary Traffic,Daylight,0,1,0,0,0,0,Dry,13.39934,52.44405,car + 
193118,Steglitz-Zehlendorf,6010209,Feuerbachstraße,March,21,Wednesday,minor,6,Turning,Night,0,1,1,0,0,0,Wet,13.33935,52.46155,car + pedestrian + 
193119,Tempelhof-Schöneberg,7060604,Marienfelde Süd,March,13,Thursday,minor,2,Stationary Traffic,Daylight,0,1,0,1,0,0,Dry,13.35406,52.41344,car + motorbike + 
193120,Pankow,3040614,Pankow Zentrum,March,11,Thursday,minor,5,Crossing,Daylight,0,1,0,0,0,0,Dry,13.41019,52.5821,car + 
193121,Neukölln,8010301,Reuterkiez,March,9,Thursday,minor,6,Overtaking,Daylight,0,0,1,1,0,0,Dry,13.43401,52.48998,pedestrian + motorbike + 
193122,Spandau,5030731,Gartenfelder Straße,March,14,Thursday,minor,0,Driving,Daylight,0,1,0,0,0,1,Dry,13.23853,52.54256,car + other
193123,Spandau,5030731,Gartenfelder Straße,March,8,Wednesday,minor,5,Turning,Daylight,0,1,0,0,0,0,Dry,13.24775,52.53809,car + 
193124,Treptow-Köpenick,9010401,Johannisthal West,March,14,Thursday,minor,0,Crossing,Daylight,0,1,0,1,0,0,Dry,13.50024,52.44128,car + motorbike + 
193125,Treptow-Köpenick,9051901,Dammvorstadt,March,18,Wednesday,minor,3,Stationary Traffic,Night,0,1,0,1,0,0,Dry,13.55812,52.45556,car + motorbike + 
193126,Spandau,5020521,Döberitzer Weg,March,14,Thursday,minor,5,Crossing,Daylight,1,0,0,0,0,1,Dry,13.13295,52.52865,bicycle + other
193127,Charlottenburg-Wilmersdorf,4030415,Schloßgarten,March,13,Thursday,minor,1,Paralle Traffic,Daylight,1,0,0,0,0,1,Dry,13.28777,52.51887,bicycle + other
193128,Treptow-Köpenick,9031101,Grünau,March,17,Wednesday,minor,0,Paralle Traffic,Daylight,1,1,0,0,0,0,Dry,13.57477,52.42299,bicycle + car + 
193129,Charlottenburg-Wilmersdorf,4030724,Lietzensee,March,13,Thursday,serious,2,Stationary Traffic,Daylight,1,0,0,0,1,0,Dry,13.28403,52.50641,bicycle + truck + 
193130,Steglitz-Zehlendorf,6030608,Schweizer Viertel,March,9,Thursday,minor,5,Crossing,Daylight,0,1,0,0,0,0,Dry,13.28255,52.41667,car + 
193131,Charlottenburg-Wilmersdorf,4010101,Jungfernheide,March,17,Friday,minor,5,Crossing,Daylight,0,1,0,0,0,0,Dry,13.27942,52.53804,car + 
193132,Lichtenberg,11051229,Rummelsburg,March,6,Wednesday,minor,2,Stationary Traffic,Daylight,1,1,0,0,0,0,Dry,13.48881,52.49517,bicycle + car + 
193133,Mitte,1011204,Leipziger Straße,March,8,Thursday,minor,5,Crossing,Daylight,1,1,0,0,0,0,Dry,13.40231,52.51194,bicycle + car + 
193134,Tempelhof-Schöneberg,7010102,Nollendorfplatz,March,14,Thursday,minor,5,Crossing,Daylight,0,1,0,1,0,0,Dry,13.35314,52.50172,car + motorbike + 
193135,Friedrichshain-Kreuzberg,2010103,Moritzplatz,March,8,Thursday,minor,2,Stationary Traffic,Daylight,0,1,0,0,0,0,Dry,13.40616,52.50493,car + 
193136,Mitte,1011105,Nördlicher Landwehrkanal,March,17,Wednesday,minor,5,Turning,Daylight,1,1,0,0,0,0,Dry,13.37103,52.5111,bicycle + car + 
193137,Tempelhof-Schöneberg,7050503,Eisenacher Straße,March,7,Thursday,minor,5,Crossing,Daylight,1,1,0,0,0,0,Dry,13.39136,52.45301,bicycle + car + 
193138,Charlottenburg-Wilmersdorf,4051551,Brabanter Platz,March,17,Wednesday,minor,2,Stationary Traffic,Daylight,0,1,0,0,0,0,Dry,13.31252,52.48057,car + 
193139,Marzahn-Hellersdorf,10040933,Mahlsdorf Süd,March,7,Thursday,serious,5,Crossing,Daylight,0,1,0,1,0,0,Dry,13.59739,52.50227,car + motorbike + 
193140,Pankow,3061126,Arnimplatz,March,7,Thursday,minor,5,Turning,Daylight,1,1,0,0,0,0,Dry,13.41422,52.55361,bicycle + car + 
193141,Neukölln,8010116,Wissmannstraße,March,5,Wednesday,minor,6,Turning,Daylight,0,1,1,0,0,0,Dry,13.42106,52.48139,car + pedestrian + 
193142,Pankow,3020307,Buchholz,March,6,Thursday,minor,5,Crossing,Dawn,0,1,0,0,0,0,Dry,13.42367,52.60453,car + 
193143,Mitte,1011203,Unter den Linden Süd,March,4,Wednesday,minor,6,Turning,Night,0,1,1,0,0,0,Dry,13.3897,52.51211,car + pedestrian + 
193144,Mitte,1022104,Emdener Straße,March,6,Thursday,minor,0,Driving,Daylight,1,0,0,0,0,0,Dry,13.34334,52.52898,bicycle + 
193145,Treptow-Köpenick,9031001,Bohnsdorf,March,14,Wednesday,serious,0,Crossing,Daylight,1,0,0,0,0,1,Dry,13.57355,52.40407,bicycle + other
193146,Reinickendorf,12214422,Klixstraße,March,16,Wednesday,minor,0,Stationary Traffic,Daylight,0,1,0,1,0,0,Wet,13.31091,52.56794,car + motorbike + 
193147,Mitte,1011201,Wilhelmstraße,March,21,Wednesday,minor,0,Stationary Traffic,Night,0,1,0,1,0,0,Dry,13.38074,52.51253,car + motorbike + 
193148,Mitte,1033203,Humboldthain Nordwest,March,8,Wednesday,minor,1,Paralle Traffic,Daylight,1,0,0,0,0,1,Dry,13.37492,52.54238,bicycle + other
193149,Steglitz-Zehlendorf,6020302,Komponistenviertel Lankwitz,March,14,Friday,minor,2,Stationary Traffic,Daylight,0,1,0,0,0,0,Dry,13.33085,52.4446,car + 
193150,Reinickendorf,12214125,Waldidyll/Flughafensee,March,21,Wednesday,minor,5,Crossing,Night,0,1,0,0,0,0,Dry,13.27558,52.57577,car + 
193151,Friedrichshain-Kreuzberg,2050601,Hausburgviertel,March,10,Tuesday,minor,6,Overtaking,Daylight,1,0,1,0,0,0,Dry,13.45132,52.52643,bicycle + pedestrian + 
193152,Neukölln,8010117,Schillerpromenade,March,18,Wednesday,minor,2,Stationary Traffic,Dawn,0,1,0,0,0,0,Dry,13.4275,52.4746,car + 
193153,Friedrichshain-Kreuzberg,2050802,Boxhagener Platz,March,12,Tuesday,minor,5,Turning,Daylight,1,0,0,0,0,1,Wet,13.45203,52.51069,bicycle + other
193154,Treptow-Köpenick,9041601,Müggelheim,March,18,Wednesday,minor,5,Crossing,Dawn,1,1,0,0,0,0,Dry,13.65878,52.41395,bicycle + car + 
193155,Pankow,3061126,Arnimplatz,March,18,Wednesday,minor,5,Crossing,Dawn,1,1,0,0,0,0,Dry,13.41479,52.55386,bicycle + car + 
193156,Spandau,5020625,Borkumer Straße,March,7,Tuesday,minor,5,Turning,Daylight,1,1,0,0,0,0,Dry,13.19573,52.5296,bicycle + car + 
193157,Marzahn-Hellersdorf,10040933,Mahlsdorf Süd,March,17,Wednesday,minor,2,Driving,Dawn,0,1,0,0,0,0,Dry,13.60672,52.48966,car + 
193158,Mitte,1044102,Schillerpark,March,17,Wednesday,minor,5,Turning,Daylight,1,1,0,0,0,0,Dry,13.34646,52.55701,bicycle + car + 
193159,Charlottenburg-Wilmersdorf,4020311,Reichsstraße,March,8,Tuesday,minor,2,Stationary Traffic,Daylight,0,1,0,0,0,0,Dry,13.27662,52.51245,car + 
193160,Lichtenberg,11030721,Rüdigerstraße,March,16,Wednesday,minor,2,Turning,Daylight,0,1,0,0,0,0,Dry,13.47999,52.51709,car + 
193161,Lichtenberg,11010205,Falkenberg West,March,16,Wednesday,minor,2,Turning,Night,0,1,0,0,0,0,Dry,13.52768,52.55733,car + 
193162,Neukölln,8020727,Buckow Mitte,March,16,Thursday,serious,2,Stationary Traffic,Daylight,0,1,0,0,0,0,Wet,13.4347,52.42289,car + 
193163,Friedrichshain-Kreuzberg,2040703,Wriezener Bahnhof/Entwicklungsgebiet,March,16,Wednesday,minor,3,Stationary Traffic,Daylight,1,0,0,0,1,0,Dry,13.44597,52.502,bicycle + truck + 
193164,Mitte,1011303,Alexanderplatzviertel,March,9,Wednesday,minor,5,Turning,Daylight,1,1,0,0,0,0,Dry,13.40276,52.52135,bicycle + car + 
193165,Reinickendorf,12214424,Scharnweberstraße,March,20,Tuesday,serious,0,Other,Night,0,0,0,1,0,0,Wet,13.32901,52.56339,motorbike + 
193166,Reinickendorf,12103115,Breitkopfbecken,March,22,Wednesday,serious,5,Turning,Night,0,1,0,0,0,0,Dry,13.36118,52.57049,car + 
193167,Mitte,1033202,Humboldthain Süd,March,18,Wednesday,minor,9,Driving,Night,0,0,0,0,0,1,Dry,13.38003,52.54032,other
193168,Mitte,1011402,Arkonaplatz,March,10,Thursday,minor,0,Other,Daylight,1,0,0,0,0,0,Wet,13.40515,52.53887,bicycle + 
193169,Steglitz-Zehlendorf,6020302,Komponistenviertel Lankwitz,March,16,Wednesday,minor,2,Stationary Traffic,Daylight,0,1,0,0,0,0,Dry,13.33186,52.44237,car + 
193170,Marzahn-Hellersdorf,10010207,Marzahner Promenade,March,19,Tuesday,minor,5,Crossing,Night,1,1,0,0,0,0,Dry,13.55428,52.54493,bicycle + car + 
193171,Mitte,1044101,Rehberge,March,16,Wednesday,minor,5,Crossing,Daylight,0,1,0,0,0,0,Dry,13.33439,52.55741,car + 
193172,Friedrichshain-Kreuzberg,2010102,Mehringplatz,March,18,Tuesday,minor,1,Paralle Traffic,Dawn,1,0,0,0,0,1,Dry,13.39917,52.50684,bicycle + other
193173,Friedrichshain-Kreuzberg,2030302,Lausitzer Platz,March,15,Wednesday,minor,1,Paralle Traffic,Daylight,1,1,0,0,0,0,Dry,13.43989,52.50214,bicycle + car + 
193174,Reinickendorf,12224230,Heiligensee,March,15,Wednesday,minor,0,Other,Daylight,0,1,0,0,0,0,Dry,13.24019,52.61866,car + 
193175,Pankow,3061227,Humannplatz,March,15,Wednesday,serious,5,Crossing,Daylight,0,1,0,1,0,1,Dry,13.42742,52.55241,car + motorbike + other
193176,Mitte,1022102,Beusselkiez,March,16,Tuesday,minor,5,Turning,Daylight,0,1,0,0,0,0,Dry,13.32854,52.53112,car + 
193177,Friedrichshain-Kreuzberg,2050601,Hausburgviertel,March,12,Wednesday,minor,3,Stationary Traffic,Daylight,1,0,0,0,0,0,Dry,13.45159,52.52757,bicycle + 
193178,Reinickendorf,12214424,Scharnweberstraße,March,12,Wednesday,minor,6,Overtaking,Daylight,1,0,1,0,0,0,Dry,13.32706,52.56336,bicycle + pedestrian + 
193179,Mitte,1011203,Unter den Linden Süd,March,9,Friday,minor,0,Paralle Traffic,Daylight,0,1,0,0,0,0,Dry,13.39269,52.51229,car + 
193180,Spandau,5030832,Rohrdamm,March,15,Tuesday,minor,2,Stationary Traffic,Daylight,0,1,0,0,0,0,Wet,13.27013,52.53649,car + 
193181,Reinickendorf,12214422,Klixstraße,March,11,Wednesday,minor,2,Stationary Traffic,Daylight,0,1,0,0,0,0,Dry,13.31011,52.56796,car + 
193182,Reinickendorf,12231102,Frohnau,March,6,Wednesday,minor,5,Crossing,Daylight,1,1,0,0,0,0,Dry,13.28749,52.63213,bicycle + car + 
193183,Neukölln,8020727,Buckow Mitte,March,8,Thursday,minor,5,Crossing,Daylight,0,1,0,0,0,0,Wet,13.43512,52.42304,car + 
193184,Lichtenberg,11010207,Wartenberg Nord,March,6,Wednesday,minor,6,Overtaking,Daylight,0,0,1,0,0,1,Dry,13.50695,52.57552,pedestrian + other
193185,Marzahn-Hellersdorf,10020416,Böhlener Straße,March,15,Tuesday,minor,6,Overtaking,Daylight,0,0,1,0,0,1,Wet,13.61936,52.54121,pedestrian + other
193186,Charlottenburg-Wilmersdorf,4051551,Brabanter Platz,March,6,Wednesday,minor,6,Turning,Daylight,0,0,1,0,0,1,Dry,13.32045,52.47878,pedestrian + other
193187,Neukölln,8010301,Reuterkiez,March,18,Tuesday,minor,0,Stationary Traffic,Daylight,0,1,0,0,0,1,Dry,13.42827,52.48687,car + other
193188,Pankow,3030405,Karow Nord,March,7,Wednesday,minor,5,Crossing,Daylight,1,1,0,0,0,0,Dry,13.494,52.61527,bicycle + car + 
193189,Marzahn-Hellersdorf,10020413,Gut Hellersdorf,March,7,Wednesday,minor,5,Crossing,Daylight,0,1,0,0,0,1,Dry,13.59173,52.54159,car + other
193190,Marzahn-Hellersdorf,10010309,Springpfuhl,March,17,Tuesday,serious,5,Crossing,Daylight,0,1,0,0,0,0,Wet,13.53863,52.52463,car + 
193191,Marzahn-Hellersdorf,10010309,Springpfuhl,March,7,Wednesday,minor,0,Other,Daylight,0,1,0,0,0,1,Dry,13.55045,52.53353,car + other
193192,Tempelhof-Schöneberg,7040403,Manteuffelstraße,March,19,Tuesday,minor,2,Turning,Night,0,1,0,0,0,1,Dry,13.37588,52.45775,car + other
193193,Pankow,3061227,Humannplatz,March,8,Wednesday,minor,2,Other,Daylight,0,1,0,0,0,0,Dry,13.42483,52.54704,car + 
193194,Mitte,1011201,Wilhelmstraße,March,8,Wednesday,serious,5,Turning,Daylight,1,0,0,0,1,0,Dry,13.38423,52.50993,bicycle + truck + 
193195,Charlottenburg-Wilmersdorf,4010103,Paul-Hertz-Siedlung,March,10,Wednesday,minor,3,Stationary Traffic,Daylight,0,1,0,0,1,0,Dry,13.29329,52.53414,car + truck + 