id,district,lor,street,month,hour,weekday,injury,collision,movement,light_conditions,bicycle,car,pedestrian,motorbike,truck,other_vehicle,road_conditions,longitude,latitude,Combo_type
193196,Reinickendorf,12301204,Wittenau Nord,March,15,Tuesday,minor,5,Crossing,Daylight,1,1,0,0,0,0,Dry,13.30663,52.59163,bicycle + car + 
193197,Charlottenburg-Wilmersdorf,4030726,Droysenstraße,March,11,Wednesday,serious,5,Crossing,Daylight,1,1,0,0,0,0,Dry,13.30676,52.50002,bicycle + car + 
193198,Neukölln,8041036,Zittauer Straße,March,7,Wednesday,minor,5,Crossing,Daylight,1,1,0,0,0,0,Dry,13.47605,52.40934,bicycle + car + 
193199,Mitte,1033203,Humboldthain Nordwest,March,23,Friday,minor,0,Driving,Night,1,0,0,0,0,0,Dry,13.37718,52.54561,bicycle + 
193200,Mitte,1011202,Unter den Linden Nord,March,15,Tuesday,minor,0,Overtaking,Daylight,1,0,1,0,0,0,Wet,13.38819,52.51983,bicycle + pedestrian + 
193201,Charlottenburg-Wilmersdorf,4030620,Alt-Lietzow,March,11,Wednesday,serious,0,Other,Daylight,1,0,0,0,0,0,Dry,13.30394,52.51817,bicycle + 
193202,Mitte,1033203,Humboldthain Nordwest,March,19,Wednesday,fatal,6,Overtaking,Dawn,0,1,1,0,0,1,Dry,13.37369,52.53778,car + pedestrian + other
193203,Treptow-Köpenick,9020701,Adlershof West,March,11,Thursday,minor,5,Turning,Daylight,1,0,0,0,1,0,Dry,13.53862,52.43453,bicycle + truck + 
193204,Charlottenburg-Wilmersdorf,4030726,Droysenstraße,March,13,Tuesday,minor,1,Paralle Traffic,Daylight,1,1,0,0,0,1,Dry,13.30395,52.50425,bicycle + car + other
193205,Spandau,5020626,Adamstraße,March,15,Tuesday,minor,6,Overtaking,Daylight,0,1,1,0,0,0,Wet,13.19774,52.52257,car + pedestrian + 
193206,Steglitz-Zehlendorf,6010209,Feuerbachstraße,March,9,Tuesday,minor,5,Crossing,Daylight,0,1,0,1,0,0,Dry,13.33512,52.46258,car + motorbike + 
193207,Steglitz-Zehlendorf,6020303,Lankwitz Kirche,March,15,Tuesday,serious,1,Paralle Traffic,Daylight,0,1,0,1,0,0,Wet,13.34443,52.43552,car + motorbike + 
193208,Neukölln,8010510,Gewerbegebiet Köllnische Heide,March,8,Tuesday,serious,5,Crossing,Daylight,0,1,0,0,0,0,Dry,13.47051,52.46249,car + 
193209,Pankow,3030711,Blankenburg,March,7,Tuesday,minor,5,Turning,Daylight,1,1,0,0,0,0,Dry,13.4582,52.59331,bicycle + car + 
193210,Neukölln,8010509,Schulenburgpark,March,15,Tuesday,minor,5,Crossing,Daylight,1,1,0,0,0,0,Wet,13.47646,52.46264,bicycle + car + 
193211,Steglitz-Zehlendorf,6040701,Wannsee,March,18,Tuesday,serious,1,Paralle Traffic,Dawn,1,1,0,0,0,0,Dry,13.1853,52.42829,bicycle + car + 
193212,Mitte,1011301,Charitéviertel,March,19,Tuesday,minor,3,Stationary Traffic,Night,0,1,0,0,0,0,Dry,13.37569,52.5284,car + 
193213,Pankow,3061228,Erich-Weinert-Straße,March,16,Friday,minor,2,Stationary Traffic,Daylight,0,1,0,1,0,0,Dry,13.43063,52.55117,car + motorbike + 
193214,Neukölln,8010117,Schillerpromenade,March,15,Tuesday,minor,6,Overtaking,Daylight,0,1,1,0,0,0,Wet,13.42586,52.47832,car + pedestrian + 
193215,Neukölln,8020622,Parchimer Allee,March,15,Tuesday,minor,6,Overtaking,Daylight,0,1,1,0,0,0,Wet,13.43655,52.44936,car + pedestrian + 
193216,Spandau,5010103,Amorbacher Weg,March,19,Tuesday,minor,5,Crossing,Night,0,1,0,0,0,0,Dry,13.19853,52.55531,car + 
193217,Lichtenberg,11020513,Orankesee,March,23,Tuesday,minor,5,Turning,Night,0,1,0,0,0,1,Dry,13.46795,52.54667,car + other
193218,Tempelhof-Schöneberg,7010102,Nollendorfplatz,March,16,Friday,minor,0,Turning,Daylight,0,1,0,1,0,0,Dry,13.34988,52.50045,car + motorbike + 
193219,Mitte,1011102,Großer Tiergarten,March,15,Tuesday,minor,5,Crossing,Daylight,0,1,0,0,0,0,Wet,13.35104,52.5149,car + 
193220,Tempelhof-Schöneberg,7050503,Eisenacher Straße,March,17,Tuesday,serious,0,Driving,Daylight,1,0,0,0,0,0,Dry,13.39586,52.44537,bicycle + 
193221,Neukölln,8010301,Reuterkiez,March,20,Thursday,minor,1,Paralle Traffic,Night,1,1,0,0,0,0,Wet,13.42965,52.48639,bicycle + car + 
193222,Mitte,1044102,Schillerpark,March,11,Tuesday,minor,1,Paralle Traffic,Daylight,0,1,0,0,1,0,Dry,13.34914,52.5567,car + truck + 
193223,Friedrichshain-Kreuzberg,2040502,Friedenstraße,March,15,Tuesday,minor,2,Stationary Traffic,Daylight,0,1,0,0,0,0,Wet,13.42967,52.52311,car + 
193224,Charlottenburg-Wilmersdorf,4030929,Hindemithplatz,March,11,Tuesday,serious,0,Paralle Traffic,Daylight,0,1,0,1,0,0,Dry,13.31365,52.50479,car + motorbike + 
193225,Reinickendorf,12302109,Treuenbrietzener Straße,March,15,Tuesday,minor,5,Crossing,Daylight,0,1,0,0,0,0,Wet,13.36781,52.60274,car + 
193226,Tempelhof-Schöneberg,7050503,Eisenacher Straße,March,11,Tuesday,serious,3,Stationary Traffic,Daylight,0,0,0,1,0,1,Dry,13.40358,52.44817,motorbike + other
193227,Friedrichshain-Kreuzberg,2020204,Urbanstraße,March,9,Tuesday,minor,0,Turning,Daylight,1,0,0,0,0,1,Dry,13.39453,52.4917,bicycle + other
193228,Mitte,1011302,Oranienburger Straße,March,15,Tuesday,minor,3,Stationary Traffic,Daylight,1,0,0,0,0,1,Wet,13.4078,52.52433,bicycle + other
193229,Mitte,1044101,Rehberge,March,9,Tuesday,minor,6,Overtaking,Daylight,0,1,1,0,0,0,Dry,13.33447,52.5412,car + pedestrian + 
193230,Spandau,5020627,Tiefwerder,March,7,Tuesday,minor,6,Turning,Daylight,0,0,1,0,1,0,Dry,13.2157,52.52682,pedestrian + truck + 
193231,Tempelhof-Schöneberg,7010102,Nollendorfplatz,March,14,Friday,minor,5,Turning,Daylight,0,1,0,0,0,0,Dry,13.34618,52.50105,car + 
193232,Steglitz-Zehlendorf,6010209,Feuerbachstraße,March,7,Tuesday,minor,1,Paralle Traffic,Daylight,1,1,0,0,0,0,Wet,13.33563,52.46379,bicycle + car + 
193233,Steglitz-Zehlendorf,6020409,Königsberger Straße,March,9,Tuesday,minor,0,Paralle Traffic,Daylight,0,1,0,0,0,1,Dry,13.32457,52.42841,car + other
193234,Friedrichshain-Kreuzberg,2050803,Stralauer Kiez,March,17,Tuesday,minor,3,Turning,Daylight,0,1,0,1,0,0,Dry,13.4655,52.49866,car + motorbike + 
193235,Mitte,1011303,Alexanderplatzviertel,March,19,Tuesday,minor,6,Overtaking,Night,1,0,1,0,0,0,Dry,13.41012,52.5284,bicycle + pedestrian + 
193236,Friedrichshain-Kreuzberg,2030302,Lausitzer Platz,March,17,Tuesday,serious,6,Overtaking,Dawn,0,1,1,0,0,0,Dry,13.42595,52.50178,car + pedestrian + 
193237,Neukölln,8010301,Reuterkiez,March,16,Tuesday,minor,5,Turning,Daylight,0,1,0,0,0,0,Dry,13.4303,52.48615,car + 
193238,Spandau,5020626,Adamstraße,March,15,Tuesday,minor,0,Overtaking,Daylight,0,0,1,0,0,1,Dry,13.19781,52.52017,pedestrian + other
193239,Tempelhof-Schöneberg,7040401,Neu-Tempelhof,March,13,Tuesday,minor,1,Other,Daylight,1,0,0,0,0,1,Dry,13.38399,52.48396,bicycle + other
193240,Pankow,3020209,Niederschönhausen,March,14,Tuesday,minor,5,Turning,Daylight,1,0,0,0,0,0,Dry,13.39976,52.58125,bicycle + 
193241,Spandau,5010313,Ackerstraße,March,13,Tuesday,minor,6,Overtaking,Daylight,0,1,1,0,0,0,Dry,13.19778,52.54842,car + pedestrian + 
193242,Friedrichshain-Kreuzberg,2050801,Traveplatz,March,21,Tuesday,minor,5,Turning,Night,1,1,0,0,0,0,Dry,13.47391,52.51016,bicycle + car + 
193243,Neukölln,8010303,Donaustraße,March,13,Tuesday,minor,6,Turning,Daylight,0,1,1,0,0,0,Dry,13.43384,52.48181,car + pedestrian + 
193244,Charlottenburg-Wilmersdorf,4010101,Jungfernheide,March,23,Tuesday,minor,3,Stationary Traffic,Night,0,1,0,0,0,1,Wet,13.29678,52.54812,car + other
193245,Mitte,1011303,Alexanderplatzviertel,March,15,Tuesday,minor,2,Stationary Traffic,Daylight,0,1,0,0,0,0,Wet,13.41115,52.52855,car + 
193246,Neukölln,8010118,Silbersteinstraße,March,12,Tuesday,minor,3,Stationary Traffic,Daylight,0,1,0,1,0,1,Wet,13.42894,52.47188,car + motorbike + other
193247,Marzahn-Hellersdorf,10010206,Ringkolonnaden,March,15,Monday,minor,2,Stationary Traffic,Daylight,0,1,0,0,0,0,Wet,13.55174,52.5544,car + 
193248,Charlottenburg-Wilmersdorf,4030415,Schloßgarten,March,21,Thursday,minor,6,Turning,Night,0,1,1,0,0,0,Wet,13.28677,52.51881,car + pedestrian + 
193249,Mitte,1011401,Invalidenstraße,March,15,Monday,minor,1,Paralle Traffic,Daylight,1,1,0,0,0,0,Wet,13.38236,52.53497,bicycle + car + 
193250,Friedrichshain-Kreuzberg,2010101,Askanischer Platz,March,6,Tuesday,minor,5,Turning,Daylight,1,1,0,0,0,0,Dry,13.38759,52.5035,bicycle + car + 
193251,Neukölln,8020625,Handwerker-Siedlung,March,14,Monday,minor,2,Stationary Traffic,Daylight,0,1,0,0,0,0,Wet,13.43646,52.43988,car + 
193252,Treptow-Köpenick,9030903,Kölner Viertel,March,7,Tuesday,minor,5,Crossing,Daylight,1,1,0,0,0,0,Dry,13.53741,52.40482,bicycle + car + 
193253,Tempelhof-Schöneberg,7050502,Fritz-Werner-Straße,March,15,Monday,minor,2,Stationary Traffic,Daylight,0,1,0,0,0,0,Dry,13.38286,52.43826,car + 
193254,Tempelhof-Schöneberg,7020204,Schöneberger Insel,March,15,Monday,minor,0,Turning,Daylight,0,1,0,1,0,0,Wet,13.36024,52.47979,car + motorbike + 
193255,Friedrichshain-Kreuzberg,2020203,Viktoriapark,March,15,Monday,minor,5,Turning,Daylight,1,1,0,0,0,0,Dry,13.38219,52.485,bicycle + car + 
193256,Spandau,5030731,Gartenfelder Straße,March,16,Monday,minor,2,Driving,Daylight,0,1,0,0,0,0,Dry,13.23424,52.53865,car + 
193257,Mitte,1011302,Oranienburger Straße,March,17,Monday,serious,5,Crossing,Dawn,1,0,0,0,0,0,Wet,13.39208,52.52346,bicycle + 
193258,Neukölln,8010301,Reuterkiez,March,13,Friday,minor,2,Turning,Daylight,1,1,0,0,0,0,Dry,13.44427,52.48483,bicycle + car + 
193259,Mitte,1011303,Alexanderplatzviertel,March,8,Tuesday,minor,5,Crossing,Daylight,0,1,0,1,0,0,Dry,13.41006,52.51797,car + motorbike + 
193260,Mitte,1022204,Thomasiusstraße,March,18,Monday,minor,5,Other,Dawn,0,1,0,0,0,0,Wet,13.34688,52.52488,car + 
193261,Tempelhof-Schöneberg,7030303,Grazer Platz,March,18,Monday,minor,6,Turning,Dawn,0,1,1,0,0,0,Wet,13.34726,52.47053,car + pedestrian + 
193262,Pankow,3050923,Weißenseer Spitze,March,8,Tuesday,minor,5,Crossing,Daylight,1,1,0,0,0,0,Dry,13.43251,52.55765,bicycle + car + 
193263,Friedrichshain-Kreuzberg,2030302,Lausitzer Platz,March,18,Monday,minor,6,Overtaking,Dawn,0,0,1,1,0,0,Wet,13.42713,52.50027,pedestrian + motorbike + 
193264,Lichtenberg,11040925,Victoriastadt,March,18,Monday,minor,5,Crossing,Dawn,1,0,0,0,0,1,Wet,13.47433,52.50464,bicycle + other
193265,Reinickendorf,12224229,Konradshöhe/Tegelort,March,9,Tuesday,minor,1,Paralle Traffic,Daylight,1,1,0,0,0,0,Dry,13.22462,52.58331,bicycle + car + 
193266,Spandau,5010310,Eckschanze,March,18,Monday,serious,6,Overtaking,Dawn,0,1,1,0,0,0,Wet,13.20073,52.54882,car + pedestrian + 
193267,Tempelhof-Schöneberg,7060604,Marienfelde Süd,March,20,Monday,minor,5,Turning,Night,1,1,0,0,0,0,Wet,13.36121,52.41249,bicycle + car + 
193268,Steglitz-Zehlendorf,6040807,Zehlendorf Eiche,March,12,Thursday,serious,1,Paralle Traffic,Daylight,0,1,0,0,0,1,Wet,13.26284,52.43897,car + other
193269,Friedrichshain-Kreuzberg,2020206,Graefekiez,March,20,Monday,minor,5,Other,Night,0,1,0,0,0,0,Wet,13.42207,52.49286,car + 
193270,Friedrichshain-Kreuzberg,2030402,Wrangelkiez,March,9,Tuesday,minor,5,Crossing,Daylight,1,1,0,0,0,0,Dry,13.44819,52.49742,bicycle + car + 
193271,Treptow-Köpenick,9051901,Dammvorstadt,March,20,Monday,minor,6,Overtaking,Night,0,1,1,0,0,0,Wet,13.58347,52.4517,car + pedestrian + 
193272,Treptow-Köpenick,9020702,Adlershof Ost,March,14,Tuesday,minor,5,Turning,Daylight,1,1,0,0,0,0,Dry,13.55369,52.43136,bicycle + car + 
193273,Mitte,1033102,Gesundbrunnen,March,22,Monday,minor,5,Turning,Night,1,1,0,0,0,0,Wet,13.38421,52.55568,bicycle + car + 
193274,Steglitz-Zehlendorf,6040810,Dahlem,March,9,Monday,minor,0,Stationary Traffic,Daylight,1,1,0,0,0,0,Dry,13.29911,52.46523,bicycle + car + 
193275,Steglitz-Zehlendorf,6030504,Teltower Damm,March,14,Tuesday,minor,5,Turning,Daylight,1,1,0,0,0,0,Wet,13.27314,52.40974,bicycle + car + 
193276,Pankow,3010101,Bucher Forst,March,15,Monday,minor,5,Crossing,Daylight,0,1,0,0,0,0,Wet,13.48498,52.64879,car + 
193277,Reinickendorf,12302107,Schorfheidestraße,March,15,Monday,minor,0,Driving,Daylight,0,0,0,1,0,0,Wet,13.33758,52.59578,motorbike + 
193278,Spandau,5020626,Adamstraße,March,22,Friday,serious,6,Turning,Night,0,1,1,0,0,0,Dry,13.19548,52.52904,car + pedestrian + 
193279,Friedrichshain-Kreuzberg,2040701,Andreasviertel,March,9,Tuesday,minor,2,Stationary Traffic,Daylight,0,1,0,0,0,0,Wet,13.42499,52.51446,car + 
193280,Neukölln,8010214,Glasower Straße,March,14,Monday,minor,0,Crossing,Daylight,1,1,0,0,0,0,Wet,13.44348,52.46419,bicycle + car + 
193281,Charlottenburg-Wilmersdorf,4030518,Tegeler Weg,March,14,Thursday,serious,6,Overtaking,Daylight,0,1,1,0,0,0,Wet,13.29856,52.52405,car + pedestrian + 
193282,Neukölln,8041037,Alt-Rudow,March,14,Monday,minor,2,Stationary Traffic,Daylight,0,1,0,0,0,0,Wet,13.49536,52.43164,car + 
193283,Lichtenberg,11030720,Herzbergstraße,March,10,Tuesday,minor,5,Crossing,Daylight,0,1,0,0,0,0,Dry,13.49182,52.52304,car + 
193284,Mitte,1011306,Heine-Viertel Ost,March,13,Monday,minor,6,Turning,Daylight,0,0,1,0,0,1,Dry,13.42127,52.50974,pedestrian + other
193285,Tempelhof-Schöneberg,7010101,Wittenbergplatz/Viktoria-Luise-Platz,March,10,Tuesday,minor,6,Other,Daylight,0,1,1,0,0,0,Dry,13.34542,52.49888,car + pedestrian + 
193286,Marzahn-Hellersdorf,10030724,Oberfeldstraße,March,12,Monday,minor,2,Stationary Traffic,Daylight,0,1,0,0,0,0,Dry,13.5656,52.52929,car + 
193287,Neukölln,8020622,Parchimer Allee,March,9,Thursday,serious,1,Paralle Traffic,Daylight,0,1,0,1,0,0,Wet,13.43759,52.45078,car + motorbike + 
193288,Charlottenburg-Wilmersdorf,4030623,Ernst-Reuter-Platz,March,12,Monday,minor,6,Turning,Daylight,0,1,1,0,0,0,Dry,13.32562,52.50917,car + pedestrian + 
193289,Friedrichshain-Kreuzberg,2020206,Graefekiez,March,14,Tuesday,minor,2,Turning,Daylight,0,1,0,0,0,0,Wet,13.40588,52.48951,car + 
193290,Pankow,3030715,Heinersdorf,March,11,Monday,minor,5,Turning,Daylight,0,1,0,0,0,0,Dry,13.42955,52.57186,car + 
193291,Treptow-Köpenick,9052001,Köpenick Nord,March,10,Tuesday,minor,6,Overtaking,Daylight,0,1,1,0,0,0,Dry,13.58389,52.46324,car + pedestrian + 
193292,Marzahn-Hellersdorf,10040932,Alt-Mahlsdorf,March,11,Monday,minor,5,Crossing,Daylight,1,1,0,0,0,0,Dry,13.61994,52.51238,bicycle + car + 
193293,Friedrichshain-Kreuzberg,2020202,Rathaus Yorckstraße,March,7,Monday,minor,3,Stationary Traffic,Daylight,0,1,0,0,1,0,Dry,13.38869,52.49418,car + truck + 
193294,Mitte,1022104,Emdener Straße,March,10,Tuesday,serious,2,Other,Daylight,0,1,0,0,0,0,Dry,13.33916,52.52678,car + 
193295,Tempelhof-Schöneberg,7070704,Nahariyastraße,March,7,Monday,serious,6,Overtaking,Daylight,0,1,1,0,0,0,Dry,13.42301,52.39498,car + pedestrian + 
193296,Lichtenberg,11051330,Karlshorst West,March,8,Monday,minor,1,Paralle Traffic,Daylight,1,1,0,0,0,0,Dry,13.51695,52.49009,bicycle + car + 
193297,Friedrichshain-Kreuzberg,2030402,Wrangelkiez,March,13,Friday,serious,5,Crossing,Daylight,1,1,0,0,0,0,Dry,13.44792,52.49782,bicycle + car + 
193298,Mitte,1011104,Körnerstraße,March,14,Tuesday,minor,6,Overtaking,Daylight,0,1,1,0,0,0,Wet,13.36719,52.50462,car + pedestrian + 
193299,Steglitz-Zehlendorf,6030503,Zehlendorf Mitte,March,9,Monday,serious,5,Crossing,Daylight,0,1,0,0,0,1,Dry,13.24257,52.43389,car + other
193300,Pankow,3061126,Arnimplatz,March,15,Thursday,minor,6,Overtaking,Daylight,0,1,1,0,0,0,Wet,13.41278,52.55749,car + pedestrian + 
193301,Steglitz-Zehlendorf,6020304,Kaiser-Wilhelm-Straße,March,10,Monday,minor,0,Driving,Daylight,1,0,0,0,0,0,Dry,13.33801,52.432,bicycle + 
193302,Reinickendorf,12214125,Waldidyll/Flughafensee,March,13,Tuesday,minor,1,Paralle Traffic,Daylight,0,1,0,0,0,0,Wet,13.29975,52.57031,car + 
193303,Friedrichshain-Kreuzberg,2020206,Graefekiez,March,8,Monday,minor,0,Driving,Daylight,0,0,0,0,0,1,Wet,13.40571,52.48961,other
193304,Reinickendorf,12103218,Teichstraße,March,10,Tuesday,minor,2,Stationary Traffic,Daylight,0,1,0,0,0,0,Wet,13.35182,52.57369,car + 
193305,Friedrichshain-Kreuzberg,2040502,Friedenstraße,March,19,Sunday,minor,5,Other,Night,0,1,0,0,0,0,Dry,13.43307,52.51867,car + 
193306,Neukölln,8010301,Reuterkiez,March,19,Sunday,minor,2,Stationary Traffic,Night,0,1,0,0,0,0,Wet,13.43566,52.484,car + 
193307,Treptow-Köpenick,9010401,Johannisthal West,March,12,Tuesday,minor,0,Overtaking,Daylight,0,1,1,0,0,0,Dry,13.50051,52.44743,car + pedestrian + 
193308,Steglitz-Zehlendorf,6010209,Feuerbachstraße,March,18,Sunday,minor,5,Crossing,Night,0,1,0,0,0,0,Wet,13.3376,52.46031,car + 
193309,Reinickendorf,12103116,Hausotterplatz,March,15,Sunday,serious,5,Crossing,Daylight,0,1,0,1,0,0,Dry,13.37246,52.56821,car + motorbike + 
193310,Reinickendorf,12214422,Klixstraße,March,11,Sunday,minor,2,Stationary Traffic,Daylight,0,1,0,0,0,0,Dry,13.31108,52.56933,car + 
193311,Reinickendorf,12304313,Borsigwalde,March,13,Tuesday,minor,5,Crossing,Daylight,0,1,0,0,0,0,Wet,13.30257,52.58437,car + 
193312,Lichtenberg,11040926,Weitlingstraße,March,10,Sunday,minor,1,Driving,Daylight,0,1,0,0,0,1,Dry,13.49784,52.50193,car + other
193313,Mitte,1011302,Oranienburger Straße,March,11,Sunday,minor,2,Stationary Traffic,Daylight,0,1,0,0,0,0,Dry,13.40659,52.52922,car + 
193314,Charlottenburg-Wilmersdorf,4020312,Branitzer Platz,March,14,Friday,minor,0,Overtaking,Daylight,1,0,1,0,0,0,Dry,13.26099,52.51643,bicycle + pedestrian + 
193315,Friedrichshain-Kreuzberg,2010103,Moritzplatz,March,12,Sunday,minor,5,Crossing,Daylight,0,1,0,0,0,0,Dry,13.41465,52.50015,car + 
193316,Mitte,1033203,Humboldthain Nordwest,March,13,Tuesday,minor,0,Other,Daylight,0,0,0,1,0,0,Wet,13.36423,52.54489,motorbike + 
193317,Spandau,5010206,Gütersloher Weg,March,14,Sunday,minor,5,Turning,Daylight,0,1,0,0,0,0,Wet,13.16536,52.55113,car + 
193318,Mitte,1044202,Sparrplatz,March,14,Sunday,minor,5,Other,Daylight,0,1,0,0,0,0,Wet,13.35266,52.54312,car + 
193319,Pankow,3020209,Niederschönhausen,March,17,Sunday,minor,9,Driving,Dawn,0,1,0,0,0,0,Wet,13.3891,52.58715,car + 
193320,Charlottenburg-Wilmersdorf,4030930,George-Grosz-Platz,March,12,Tuesday,minor,2,Stationary Traffic,Daylight,0,1,0,0,0,0,Wet,13.31649,52.50107,car + 
193321,Treptow-Köpenick,9051901,Dammvorstadt,March,19,Sunday,minor,2,Stationary Traffic,Night,0,1,0,0,0,0,Wet,13.57415,52.45266,car + 
193322,Lichtenberg,11040926,Weitlingstraße,March,12,Monday,minor,0,Crossing,Daylight,0,0,0,0,0,1,Dry,13.4912,52.50134,other
193323,Marzahn-Hellersdorf,10010310,Alt-Marzahn,March,20,Sunday,serious,5,Turning,Night,1,1,0,0,0,0,Wet,13.56624,52.5354,bicycle + car + 
193324,Mitte,1011301,Charitéviertel,March,21,Sunday,minor,2,Stationary Traffic,Night,0,1,0,0,0,0,Wet,13.3877,52.52361,car + 
193325,Reinickendorf,12301203,Wittenau Süd,March,7,Monday,serious,6,Overtaking,Daylight,0,1,1,0,0,0,Wet,13.33435,52.58951,car + pedestrian + 
193326,Pankow,3061227,Humannplatz,March,10,Sunday,minor,1,Paralle Traffic,Daylight,0,1,0,0,0,0,Dry,13.4248,52.55014,car + 
193327,Pankow,3061227,Humannplatz,March,9,Sunday,minor,5,Crossing,Daylight,0,1,0,0,0,1,Dry,13.42332,52.5511,car + other
193328,Mitte,1011204,Leipziger Straße,March,21,Thursday,minor,5,Crossing,Night,0,1,0,0,0,0,Wet,13.40462,52.50896,car + 
193329,Lichtenberg,11020514,Große-Leege-Straße,March,8,Sunday,minor,5,Crossing,Daylight,0,1,0,1,0,0,Dry,13.49376,52.54131,car + motorbike + 
193330,Spandau,5020417,Staakener Straße,March,6,Monday,minor,5,Crossing,Daylight,0,1,0,0,1,0,Wet,13.16509,52.53337,car + truck + 
193331,Lichtenberg,11020515,Landsberger Allee,March,17,Saturday,minor,5,Crossing,Night,0,1,0,1,0,0,Wet,13.49873,52.53821,car + motorbike + 
193332,Friedrichshain-Kreuzberg,2050801,Traveplatz,March,4,Monday,serious,0,Driving,Night,1,0,0,0,0,0,Dry,13.4673,52.50963,bicycle + 
193333,Mitte,1011301,Charitéviertel,March,18,Saturday,serious,1,Paralle Traffic,Night,1,1,0,0,0,0,Wet,13.38766,52.5239,bicycle + car + 
193334,Tempelhof-Schöneberg,7070705,Franziusweg/Rohrbachstraße,March,12,Saturday,serious,1,Paralle Traffic,Daylight,1,1,0,0,0,0,Wet,13.38986,52.39137,bicycle + car + 
193335,Lichtenberg,11041128,Sewanstraße,March,16,Thursday,minor,2,Stationary Traffic,Daylight,0,1,0,0,0,0,Wet,13.50733,52.49772,car + 
193336,Tempelhof-Schöneberg,7020201,Bayerischer Platz,March,13,Saturday,minor,1,Paralle Traffic,Daylight,0,1,0,0,0,0,Wet,13.33925,52.48881,car + 
193337,Steglitz-Zehlendorf,6010208,Bergstraße,March,0,Monday,serious,5,Other,Night,0,1,0,0,0,0,Dry,13.3327,52.45584,car + 
193338,Tempelhof-Schöneberg,7010102,Nollendorfplatz,March,14,Saturday,minor,2,Stationary Traffic,Daylight,0,1,0,0,0,0,Wet,13.35945,52.49437,car + 
193339,Friedrichshain-Kreuzberg,2030302,Lausitzer Platz,March,16,Monday,minor,2,Stationary Traffic,Daylight,1,0,0,0,0,0,Dry,13.44489,52.50117,bicycle + 
193340,Mitte,1011204,Leipziger Straße,March,15,Saturday,minor,2,Stationary Traffic,Daylight,0,1,0,0,0,0,Wet,13.40547,52.51428,car + 
193341,Tempelhof-Schöneberg,2020205,Chamissokiez,March,18,Saturday,minor,2,Stationary Traffic,Dawn,0,1,0,0,0,0,Wet,13.3944,52.48423,car + 
193342,Steglitz-Zehlendorf,6040807,Zehlendorf Eiche,March,17,Monday,minor,6,Overtaking,Daylight,0,1,1,0,0,0,Dry,13.27012,52.44324,car + pedestrian + 
193343,Neukölln,8010404,Rixdorf,March,18,Saturday,minor,6,Overtaking,Dawn,0,1,1,0,0,0,Wet,13.45574,52.47369,car + pedestrian + 
193344,Steglitz-Zehlendorf,6020303,Lankwitz Kirche,March,18,Saturday,minor,6,Turning,Dawn,0,1,1,0,0,0,Wet,13.35411,52.4384,car + pedestrian + 
193345,Charlottenburg-Wilmersdorf,4030931,Breitscheidplatz,March,9,Friday,minor,1,Paralle Traffic,Daylight,1,1,0,0,0,0,Dry,13.33789,52.50179,bicycle + car + 
193346,Treptow-Köpenick,9030902,Wohngebiet II,March,9,Monday,minor,5,Crossing,Daylight,0,1,0,0,0,1,Wet,13.53122,52.40513,car + other
193347,Tempelhof-Schöneberg,7010102,Nollendorfplatz,March,18,Saturday,minor,6,Turning,Dawn,0,1,1,0,0,0,Wet,13.34621,52.49726,car + pedestrian + 
193348,Mitte,1011201,Wilhelmstraße,March,18,Saturday,minor,0,Crossing,Dawn,0,1,0,0,0,1,Wet,13.37647,52.51009,car + other
193349,Lichtenberg,11030721,Rüdigerstraße,March,7,Thursday,minor,6,Overtaking,Daylight,0,1,1,0,0,0,Wet,13.49913,52.51817,car + pedestrian + 
193350,Tempelhof-Schöneberg,7020204,Schöneberger Insel,March,19,Saturday,minor,6,Overtaking,Dawn,0,1,1,0,0,0,Wet,13.36427,52.4762,car + pedestrian + 
193351,Tempelhof-Schöneberg,7060604,Marienfelde Süd,March,11,Monday,minor,5,Turning,Daylight,0,1,0,0,0,0,Dry,13.3761,52.40913,car + 
193352,Marzahn-Hellersdorf,10010102,Havemannstraße,March,19,Saturday,minor,6,Turning,Night,0,1,1,0,0,0,Wet,13.57184,52.5683,car + pedestrian + 
193353,Mitte,1022206,Lüneburger Straße,March,11,Monday,minor,2,Stationary Traffic,Daylight,0,1,0,0,0,0,Wet,13.37201,52.52727,car + 
193354,Mitte,1044103,Westliche Müllerstraße,March,20,Saturday,minor,2,Stationary Traffic,Night,0,1,0,0,0,0,Wet,13.35001,52.54961,car + 
193355,Lichtenberg,11010205,Falkenberg West,March,20,Saturday,minor,5,Turning,Night,0,1,0,0,0,0,Wet,13.51532,52.56699,car + 
193356,Lichtenberg,11020515,Landsberger Allee,March,12,Monday,minor,0,Stationary Traffic,Daylight,0,1,0,1,0,0,Wet,13.47423,52.53543,car + motorbike + 
193357,Mitte,1033101,Soldiner Straße,March,20,Saturday,serious,1,Paralle Traffic,Night,0,1,0,0,1,0,Wet,13.38701,52.56733,car + truck + 
193358,Tempelhof-Schöneberg,7040401,Neu-Tempelhof,March,21,Saturday,minor,6,Other,Night,1,0,1,0,0,0,Wet,13.39976,52.48376,bicycle + pedestrian + 
193359,Charlottenburg-Wilmersdorf,4030929,Hindemithplatz,March,17,Friday,minor,2,Stationary Traffic,Night,0,1,0,0,0,0,Dry,13.31345,52.50346,car + 
193360,Mitte,1033202,Humboldthain Süd,March,21,Saturday,minor,6,Overtaking,Night,0,1,1,0,0,0,Wet,13.39075,52.53587,car + pedestrian + 