id,district,lor,street,month,hour,weekday,injury,collision,movement,light_conditions,bicycle,car,pedestrian,motorbike,truck,other_vehicle,road_conditions,longitude,latitude,Combo_type
193361,Charlottenburg-Wilmersdorf,4041342,Schlangenbader Straße,March,10,Saturday,minor,5,Turning,Daylight,0,1,0,0,0,0,Dry,13.30815,52.4778,car + 
193362,Mitte,1011301,Charitéviertel,March,12,Monday,minor,1,Paralle Traffic,Daylight,1,1,0,0,0,0,Dry,13.38755,52.52458,bicycle + car + 
193363,Lichtenberg,11051229,Rummelsburg,March,10,Saturday,serious,6,Overtaking,Daylight,0,1,1,0,0,0,Dry,13.47677,52.50091,car + pedestrian + 
193364,Tempelhof-Schöneberg,7020204,Schöneberger Insel,March,6,Saturday,serious,1,Driving,Dawn,0,1,0,0,0,1,Dry,13.36147,52.48499,car + other
193365,Neukölln,8010118,Silbersteinstraße,March,18,Friday,minor,5,Crossing,Daylight,0,1,0,0,0,0,Dry,13.43332,52.46408,car + 
193366,Mitte,1033203,Humboldthain Nordwest,March,13,Monday,minor,1,Paralle Traffic,Daylight,0,1,0,0,0,0,Wet,13.37258,52.54017,car + 
193367,Pankow,3040818,Pankow Süd,March,17,Friday,minor,6,Overtaking,Dawn,0,1,1,0,0,0,Wet,13.42012,52.56582,car + pedestrian + 
193368,Mitte,1011306,Heine-Viertel Ost,March,9,Friday,minor,1,Paralle Traffic,Daylight,1,1,0,0,0,0,Wet,13.42218,52.50719,bicycle + car + 
193369,Friedrichshain-Kreuzberg,2040701,Andreasviertel,March,10,Thursday,minor,5,Turning,Daylight,1,1,0,0,0,0,Wet,13.43288,52.51782,bicycle + car + 
193370,Lichtenberg,11020515,Landsberger Allee,March,21,Friday,serious,0,Other,Night,1,0,0,0,0,0,Wet,13.47343,52.536,bicycle + 
193371,Spandau,5010101,Hakenfelde Nord,March,15,Monday,minor,6,Turning,Daylight,0,1,1,0,0,0,Dry,13.20921,52.5654,car + pedestrian + 
193372,Tempelhof-Schöneberg,7030303,Grazer Platz,March,18,Friday,minor,5,Turning,Dawn,1,1,0,0,0,0,Wet,13.34373,52.47116,bicycle + car + 
193373,Treptow-Köpenick,9020801,Spindlersfeld,March,15,Monday,minor,2,Stationary Traffic,Daylight,0,1,0,0,0,0,Wet,13.55869,52.44937,car + 
193374,Charlottenburg-Wilmersdorf,4030725,Amtsgerichtsplatz,March,23,Friday,minor,2,Stationary Traffic,Night,0,1,0,0,0,0,Dry,13.29289,52.50679,car + 
193375,Mitte,1011203,Unter den Linden Süd,March,20,Friday,serious,6,Turning,Night,0,1,1,0,0,0,Wet,13.39122,52.51489,car + pedestrian + 
193376,Neukölln,8030829,Gropiusstadt Nord,March,16,Monday,minor,0,Stationary Traffic,Daylight,0,1,0,1,0,0,Wet,13.45339,52.43142,car + motorbike + 
193377,Friedrichshain-Kreuzberg,2030302,Lausitzer Platz,March,21,Friday,minor,5,Crossing,Night,1,1,0,0,0,0,Dry,13.4264,52.49934,bicycle + car + 
193378,Lichtenberg,11051331,Karlshorst Nord,March,18,Friday,minor,5,Other,Dawn,0,1,0,0,0,1,Wet,13.52802,52.48984,car + other
193379,Tempelhof-Schöneberg,7070703,John-Locke-Straße,March,16,Friday,minor,0,Crossing,Daylight,1,0,0,0,0,1,Dry,13.4089,52.38703,bicycle + other
193380,Lichtenberg,11020412,Hauptstraße,March,16,Monday,minor,2,Stationary Traffic,Daylight,0,1,0,0,0,0,Dry,13.4994,52.5477,car + 
193381,Pankow,3050923,Weißenseer Spitze,March,16,Friday,minor,2,Stationary Traffic,Dawn,0,1,0,1,0,0,Wet,13.43669,52.553,car + motorbike + 
193382,Neukölln,8010302,Bouchéstraße,March,15,Friday,minor,5,Crossing,Daylight,1,1,0,0,0,0,Wet,13.44471,52.48517,bicycle + car + 
193383,Reinickendorf,12224230,Heiligensee,March,17,Monday,minor,6,Other,Daylight,0,1,1,0,0,0,Dry,13.23109,52.61394,car + pedestrian + 
193384,Reinickendorf,12214423,Mellerbogen,March,15,Friday,minor,2,Stationary Traffic,Daylight,0,1,0,0,0,0,Wet,13.31634,52.57097,car + 
193385,Friedrichshain-Kreuzberg,2010103,Moritzplatz,March,15,Friday,minor,1,Paralle Traffic,Daylight,1,1,0,0,0,0,Wet,13.41552,52.4999,bicycle + car + 
193386,Tempelhof-Schöneberg,7010104,Dennewitzplatz,March,20,Thursday,minor,2,Stationary Traffic,Night,0,1,0,0,0,0,Wet,13.36495,52.49382,car + 
193387,Mitte,1011301,Charitéviertel,March,16,Friday,minor,0,Driving,Daylight,0,0,0,1,0,0,Wet,13.38388,52.5299,motorbike + 
193388,Friedrichshain-Kreuzberg,2020204,Urbanstraße,March,17,Monday,serious,5,Turning,Daylight,1,1,0,0,0,0,Dry,13.40049,52.49054,bicycle + car + 
193389,Charlottenburg-Wilmersdorf,4020310,Park Ruhwald,March,1,Friday,serious,9,Driving,Night,0,1,0,0,0,0,Wet,13.2789,52.52605,car + 
193390,Pankow,3061430,Volkspark Prenzlauer Berg,March,16,Monday,minor,2,Stationary Traffic,Daylight,0,1,0,0,0,0,Dry,13.46101,52.52993,car + 
193391,Mitte,1011303,Alexanderplatzviertel,March,1,Friday,serious,5,Turning,Night,1,1,0,0,0,0,Wet,13.41164,52.52396,bicycle + car + 
193392,Treptow-Köpenick,9020702,Adlershof Ost,March,6,Friday,serious,5,Crossing,Dawn,1,1,0,0,0,0,Wet,13.55323,52.4339,bicycle + car + 
193393,Reinickendorf,12214527,Alt-Tegel,March,13,Monday,serious,0,Overtaking,Daylight,0,0,1,0,0,1,Wet,13.28288,52.59053,pedestrian + other
193394,Pankow,3010102,Buch,March,9,Friday,minor,0,Driving,Daylight,0,0,0,1,0,0,Wet,13.51086,52.63397,motorbike + 
193395,Charlottenburg-Wilmersdorf,4030623,Ernst-Reuter-Platz,March,9,Friday,minor,5,Turning,Daylight,1,1,0,0,0,0,Dry,13.3173,52.51217,bicycle + car + 
193396,Charlottenburg-Wilmersdorf,4030623,Ernst-Reuter-Platz,March,14,Friday,minor,3,Stationary Traffic,Daylight,0,1,0,0,0,1,Dry,13.32791,52.50818,car + other
193397,Mitte,1011303,Alexanderplatzviertel,March,15,Friday,serious,0,Driving,Daylight,0,0,0,1,0,0,Wet,13.41652,52.51581,motorbike + 
193398,Spandau,5020628,Graetschelsteig,March,11,Monday,minor,5,Turning,Daylight,0,1,0,0,0,0,Wet,13.18621,52.51764,car + 
193399,Lichtenberg,11020412,Hauptstraße,March,14,Friday,minor,5,Turning,Daylight,1,1,0,0,0,0,Dry,13.50964,52.54629,bicycle + car + 
193400,Friedrichshain-Kreuzberg,2030301,Oranienplatz,April,15,Thursday,minor,6,Overtaking,Daylight,0,1,1,0,0,0,Dry,13.41851,52.50019,car + pedestrian + 
193401,Charlottenburg-Wilmersdorf,4010102,Plötzensee,April,20,Wednesday,minor,2,Stationary Traffic,Night,0,1,0,0,0,0,Dry,13.32419,52.54226,car + 
193402,Neukölln,8010509,Schulenburgpark,April,7,Thursday,minor,5,Crossing,Daylight,0,1,0,1,0,0,Dry,13.47228,52.46515,car + motorbike + 
193403,Steglitz-Zehlendorf,6030504,Teltower Damm,April,18,Wednesday,minor,2,Other,Daylight,0,1,0,0,0,0,Dry,13.26599,52.4285,car + 
193404,Friedrichshain-Kreuzberg,2050801,Traveplatz,April,0,Saturday,minor,2,Turning,Night,1,1,0,0,0,0,Dry,13.47022,52.50625,bicycle + car + 
193405,Steglitz-Zehlendorf,6020409,Königsberger Straße,April,17,Wednesday,minor,2,Stationary Traffic,Daylight,0,1,0,0,0,0,Dry,13.31661,52.43076,car + 
193406,Neukölln,8010404,Rixdorf,April,17,Wednesday,minor,5,Crossing,Daylight,0,1,0,1,0,0,Dry,13.45293,52.47521,car + motorbike + 
193407,Mitte,1033201,Brunnenstraße,April,8,Friday,serious,5,Turning,Daylight,0,1,0,1,0,0,Dry,13.39601,52.53827,car + motorbike + 
193408,Marzahn-Hellersdorf,10030727,Biesdorf Süd,April,16,Wednesday,minor,2,Other,Daylight,1,1,0,0,0,0,Dry,13.56321,52.49645,bicycle + car + 
193409,Friedrichshain-Kreuzberg,2040502,Friedenstraße,April,15,Thursday,minor,2,Stationary Traffic,Daylight,0,1,0,0,0,0,Dry,13.43313,52.52317,car + 
193410,Lichtenberg,11030824,Frankfurter Allee Süd,April,12,Sunday,minor,6,Overtaking,Daylight,0,1,1,0,0,0,Dry,13.48214,52.51099,car + pedestrian + 
193411,Friedrichshain-Kreuzberg,2050602,Samariterviertel,April,16,Wednesday,minor,6,Overtaking,Daylight,0,1,1,0,0,0,Dry,13.4561,52.51643,car + pedestrian + 
193412,Charlottenburg-Wilmersdorf,4030519,Kaiserin-Augusta-Allee,April,13,Saturday,minor,5,Turning,Daylight,0,1,0,0,0,0,Dry,13.30989,52.52573,car + 
193413,Mitte,1033102,Gesundbrunnen,April,15,Wednesday,minor,6,Turning,Daylight,1,0,1,0,0,0,Dry,13.38361,52.55139,bicycle + pedestrian + 
193414,Neukölln,8041038,Waßmannsdorfer Chaussee,April,15,Wednesday,minor,5,Crossing,Daylight,0,1,0,0,0,1,Dry,13.49678,52.41035,car + other
193415,Charlottenburg-Wilmersdorf,4030931,Breitscheidplatz,April,2,Friday,serious,1,Paralle Traffic,Night,1,1,0,0,0,0,Dry,13.32754,52.50359,bicycle + car + 
193416,Pankow,3061227,Humannplatz,April,14,Wednesday,serious,5,Crossing,Daylight,1,0,0,0,0,0,Dry,13.42235,52.54793,bicycle + 
193417,Treptow-Köpenick,9041601,Müggelheim,April,15,Saturday,serious,2,Turning,Daylight,0,1,0,1,0,0,Dry,13.66844,52.40829,car + motorbike + 
193418,Treptow-Köpenick,9041501,Altstadt Kietz,April,14,Wednesday,serious,0,Paralle Traffic,Daylight,1,0,0,0,0,1,Dry,13.57628,52.44137,bicycle + other
193419,Reinickendorf,12103218,Teichstraße,April,16,Wednesday,serious,5,Turning,Daylight,0,1,0,0,0,0,Dry,13.35111,52.5676,car + 
193420,Friedrichshain-Kreuzberg,2040703,Wriezener Bahnhof/Entwicklungsgebiet,April,19,Friday,serious,0,Turning,Dawn,0,0,1,1,0,0,Dry,13.44684,52.50272,pedestrian + motorbike + 
193421,Treptow-Köpenick,9020502,Oberschöneweide Ost,April,12,Wednesday,minor,5,Other,Daylight,0,1,0,0,0,1,Dry,13.55458,52.45588,car + other
193422,Treptow-Köpenick,9010402,Johannisthal Ost,April,14,Thursday,minor,0,Driving,Daylight,1,0,0,0,0,0,Dry,13.51279,52.44801,bicycle + 
193423,Neukölln,8010510,Gewerbegebiet Köllnische Heide,April,12,Wednesday,minor,0,Other,Daylight,1,0,0,0,0,1,Wet,13.45404,52.46914,bicycle + other
193424,Lichtenberg,11010205,Falkenberg West,April,14,Sunday,minor,2,Turning,Daylight,0,1,0,0,0,0,Dry,13.52052,52.56873,car + 
193425,Charlottenburg-Wilmersdorf,4030623,Ernst-Reuter-Platz,April,12,Wednesday,minor,5,Turning,Daylight,1,1,0,0,0,0,Dry,13.31698,52.51243,bicycle + car + 
193426,Charlottenburg-Wilmersdorf,4041136,Hagenplatz,April,10,Wednesday,serious,5,Turning,Daylight,1,1,0,0,0,0,Dry,13.26582,52.48332,bicycle + car + 
193427,Neukölln,8010213,Körnerpark,April,15,Saturday,minor,5,Crossing,Daylight,0,0,0,0,0,1,Dry,13.43554,52.46909,other
193428,Mitte,1011305,Heine-Viertel West,April,9,Wednesday,serious,1,Paralle Traffic,Daylight,1,1,0,0,0,1,Dry,13.40787,52.51261,bicycle + car + other
193429,Mitte,1011302,Oranienburger Straße,April,8,Wednesday,minor,1,Paralle Traffic,Daylight,1,1,0,0,0,1,Dry,13.39875,52.52855,bicycle + car + other
193430,Mitte,1022201,Stephankiez,April,1,Thursday,minor,2,Stationary Traffic,Night,1,0,0,0,0,1,Dry,13.35815,52.53294,bicycle + other
193431,Neukölln,8010303,Donaustraße,April,7,Wednesday,minor,6,Turning,Daylight,0,0,1,0,0,1,Dry,13.43547,52.48089,pedestrian + other
193432,Charlottenburg-Wilmersdorf,4030828,Savignyplatz,April,10,Thursday,minor,5,Turning,Daylight,1,1,0,0,0,0,Dry,13.31764,52.50687,bicycle + car + 
193433,Pankow,3061332,Helmholtzplatz,April,7,Wednesday,minor,1,Paralle Traffic,Daylight,0,1,0,1,0,0,Dry,13.41608,52.54727,car + motorbike + 
193434,Mitte,1044202,Sparrplatz,April,7,Wednesday,minor,5,Crossing,Daylight,1,1,0,0,0,0,Dry,13.35614,52.54332,bicycle + car + 
193435,Neukölln,8010301,Reuterkiez,April,17,Thursday,minor,0,Overtaking,Daylight,1,0,1,0,0,0,Dry,13.43073,52.48659,bicycle + pedestrian + 
193436,Treptow-Köpenick,9020701,Adlershof West,April,7,Wednesday,minor,0,Driving,Daylight,1,0,0,0,0,0,Dry,13.5367,52.43584,bicycle + 
193437,Reinickendorf,12304313,Borsigwalde,April,16,Sunday,minor,5,Turning,Daylight,0,1,0,0,0,0,Dry,13.31543,52.57794,car + 
193438,Pankow,3061131,Falkplatz,April,7,Wednesday,minor,6,Stationary Traffic,Daylight,1,0,1,0,0,0,Dry,13.40866,52.54133,bicycle + pedestrian + 
193439,Pankow,3040512,Wilhelmsruh,April,5,Wednesday,minor,2,Stationary Traffic,Night,0,1,0,0,0,0,Dry,13.38518,52.59121,car + 
193440,Mitte,1022206,Lüneburger Straße,April,17,Friday,minor,6,Overtaking,Daylight,0,1,1,0,0,0,Dry,13.36307,52.52451,car + pedestrian + 
193441,Tempelhof-Schöneberg,7050502,Fritz-Werner-Straße,April,1,Wednesday,minor,5,Crossing,Night,0,1,0,0,0,0,Dry,13.38294,52.43404,car + 
193442,Lichtenberg,11030721,Rüdigerstraße,April,16,Tuesday,minor,6,Other,Daylight,0,1,1,0,0,0,Dry,13.50219,52.51576,car + pedestrian + 
193443,Spandau,5010314,Carl-Schurz-Straße,April,11,Thursday,minor,0,Other,Daylight,0,1,0,0,0,1,Dry,13.18729,52.53644,car + other
193444,Mitte,1044101,Rehberge,April,14,Tuesday,minor,0,Paralle Traffic,Daylight,1,1,0,0,0,0,Dry,13.33396,52.55866,bicycle + car + 
193445,Friedrichshain-Kreuzberg,2040502,Friedenstraße,April,9,Thursday,serious,3,Stationary Traffic,Daylight,0,1,0,1,0,0,Dry,13.43073,52.52331,car + motorbike + 
193446,Neukölln,8010303,Donaustraße,April,16,Tuesday,minor,2,Stationary Traffic,Daylight,0,1,0,0,0,0,Dry,13.42891,52.48575,car + 
193447,Mitte,1044101,Rehberge,April,19,Saturday,minor,5,Turning,Daylight,0,1,0,0,0,1,Dry,13.34533,52.55433,car + other
193448,Neukölln,8010214,Glasower Straße,April,7,Tuesday,minor,6,Other,Daylight,1,0,1,0,0,0,Dry,13.43344,52.46661,bicycle + pedestrian + 
193449,Marzahn-Hellersdorf,10030725,Buckower Ring,April,16,Tuesday,minor,5,Crossing,Daylight,1,1,0,0,0,0,Dry,13.565,52.52227,bicycle + car + 
193450,Charlottenburg-Wilmersdorf,4051653,Prager Platz,April,9,Friday,minor,5,Crossing,Daylight,1,0,0,0,0,0,Dry,13.33308,52.48957,bicycle + 
193451,Charlottenburg-Wilmersdorf,4010101,Jungfernheide,April,15,Saturday,minor,7,Other,Daylight,0,0,0,1,0,0,Dry,13.27091,52.54765,motorbike + 
193452,Charlottenburg-Wilmersdorf,4041344,Rüdesheimer Platz,April,16,Tuesday,minor,5,Crossing,Daylight,0,1,0,0,0,0,Dry,13.31983,52.46881,car + 
193453,Reinickendorf,12301205,Waidmannslust,April,16,Tuesday,minor,2,Turning,Daylight,0,1,0,0,0,1,Dry,13.31993,52.60705,car + other
193454,Charlottenburg-Wilmersdorf,4030518,Tegeler Weg,April,14,Friday,minor,5,Turning,Daylight,0,1,0,1,0,0,Dry,13.2964,52.52926,car + motorbike + 
193455,Steglitz-Zehlendorf,6030610,Lichterfelde West,April,16,Tuesday,minor,6,Overtaking,Daylight,0,1,1,0,0,0,Dry,13.2952,52.44291,car + pedestrian + 
193456,Steglitz-Zehlendorf,6010205,Südende,April,15,Thursday,minor,2,Stationary Traffic,Daylight,0,1,0,0,0,0,Dry,13.34307,52.4474,car + 
193457,Neukölln,8010405,Hertzbergplatz,April,16,Tuesday,minor,1,Driving,Daylight,0,1,0,0,0,0,Dry,13.44462,52.48061,car + 
193458,Mitte,1044201,Reinickendorfer Straße,April,16,Monday,minor,2,Stationary Traffic,Daylight,0,1,0,0,0,0,Dry,13.3769,52.55392,car + 
193459,Neukölln,8030831,Gropiusstadt Ost,April,17,Thursday,minor,5,Crossing,Daylight,1,1,0,0,0,0,Dry,13.47349,52.42411,bicycle + car + 
193460,Mitte,3071537,Kollwitzplatz,April,18,Tuesday,minor,2,Stationary Traffic,Daylight,0,1,0,0,0,0,Dry,13.41615,52.5273,car + 
193461,Pankow,3020209,Niederschönhausen,April,16,Saturday,minor,0,Crossing,Daylight,1,1,0,0,0,0,Dry,13.40172,52.58855,bicycle + car + 
193462,Reinickendorf,12214424,Scharnweberstraße,April,16,Tuesday,minor,5,Turning,Daylight,0,1,0,0,0,1,Dry,13.32181,52.56056,car + other
193463,Steglitz-Zehlendorf,6030610,Lichterfelde West,April,18,Tuesday,minor,0,Stationary Traffic,Daylight,1,0,0,0,0,1,Dry,13.29953,52.44039,bicycle + other
193464,Neukölln,8010404,Rixdorf,April,7,Friday,minor,4,Paralle Traffic,Daylight,1,1,0,0,0,0,Dry,13.44686,52.47248,bicycle + car + 
193465,Friedrichshain-Kreuzberg,2010102,Mehringplatz,April,18,Tuesday,minor,5,Turning,Daylight,0,1,0,1,0,0,Dry,13.39578,52.49837,car + motorbike + 
193466,Mitte,1011304,Karl-Marx-Allee,April,15,Thursday,serious,3,Stationary Traffic,Daylight,1,0,0,0,0,0,Dry,13.41831,52.51673,bicycle + 
193467,Friedrichshain-Kreuzberg,2020203,Viktoriapark,April,18,Tuesday,minor,5,Turning,Daylight,1,1,0,0,0,0,Dry,13.38801,52.49298,bicycle + car + 
193468,Spandau,5020419,Magistratsweg,April,11,Sunday,minor,1,Paralle Traffic,Daylight,1,1,0,0,0,0,Dry,13.15828,52.53225,bicycle + car + 
193469,Charlottenburg-Wilmersdorf,4030415,Schloßgarten,April,17,Tuesday,serious,6,Other,Daylight,0,1,1,0,0,0,Dry,13.29957,52.5204,car + pedestrian + 
193470,Mitte,1011201,Wilhelmstraße,April,16,Thursday,minor,2,Turning,Daylight,1,1,0,0,0,0,Dry,13.37909,52.50701,bicycle + car + 
193471,Lichtenberg,11030720,Herzbergstraße,April,11,Tuesday,serious,2,Stationary Traffic,Daylight,0,1,0,1,0,0,Dry,13.49206,52.53406,car + motorbike + 
193472,Charlottenburg-Wilmersdorf,4030827,Karl-August-Platz,April,15,Sunday,minor,1,Paralle Traffic,Daylight,1,1,0,0,0,0,Dry,13.30466,52.50563,bicycle + car + 
193473,Mitte,1011303,Alexanderplatzviertel,April,17,Tuesday,serious,5,Turning,Daylight,0,1,0,1,0,0,Dry,13.4111,52.52587,car + motorbike + 
193474,Marzahn-Hellersdorf,10010310,Alt-Marzahn,April,8,Tuesday,minor,3,Stationary Traffic,Daylight,0,1,0,0,1,0,Dry,13.53942,52.54003,car + truck + 
193475,Marzahn-Hellersdorf,10010308,Marzahner Chaussee,April,9,Saturday,minor,2,Turning,Daylight,0,1,0,1,0,0,Dry,13.51945,52.51877,car + motorbike + 
193476,Neukölln,8020619,Buschkrugallee Nord,April,23,Tuesday,serious,5,Turning,Night,0,0,0,1,0,1,Dry,13.43848,52.45259,motorbike + other
193477,Mitte,1011302,Oranienburger Straße,April,22,Tuesday,minor,1,Paralle Traffic,Night,0,1,0,0,0,0,Dry,13.39995,52.52711,car + 
193478,Neukölln,8020727,Buckow Mitte,April,20,Friday,serious,5,Crossing,Night,1,1,0,0,0,0,Dry,13.43805,52.42105,bicycle + car + 
193479,Tempelhof-Schöneberg,7010101,Wittenbergplatz/Viktoria-Luise-Platz,April,21,Tuesday,minor,6,Overtaking,Night,0,1,1,0,0,0,Dry,13.34343,52.50152,car + pedestrian + 
193480,Tempelhof-Schöneberg,7030301,Friedenau,April,18,Thursday,minor,6,Overtaking,Daylight,1,0,1,0,0,0,Dry,13.3284,52.47741,bicycle + pedestrian + 
193481,Tempelhof-Schöneberg,7070704,Nahariyastraße,April,21,Tuesday,minor,5,Turning,Night,0,1,0,0,0,1,Dry,13.42308,52.39498,car + other
193482,Mitte,1022101,Huttenkiez,April,22,Sunday,minor,5,Crossing,Night,0,1,0,0,0,0,Dry,13.316,52.52587,car + 
193483,Friedrichshain-Kreuzberg,2010104,Wassertorplatz,April,13,Tuesday,minor,5,Turning,Daylight,0,0,0,0,0,1,Dry,13.40656,52.49847,other
193484,Mitte,1033102,Gesundbrunnen,April,12,Tuesday,minor,2,Stationary Traffic,Daylight,0,1,0,0,0,0,Dry,13.38617,52.54964,car + 
193485,Reinickendorf,12214424,Scharnweberstraße,April,13,Friday,minor,2,Stationary Traffic,Daylight,0,1,0,0,0,0,Dry,13.32599,52.56145,car + 
193486,Pankow,3061227,Humannplatz,April,12,Tuesday,minor,2,Stationary Traffic,Daylight,0,1,0,0,0,0,Dry,13.41686,52.55364,car + 
193487,Friedrichshain-Kreuzberg,2030401,Reichenberger Straße,April,12,Tuesday,minor,0,Turning,Daylight,0,0,0,0,0,1,Dry,13.42743,52.49904,other
193488,Treptow-Köpenick,9052001,Köpenick Nord,April,14,Tuesday,minor,4,Stationary Traffic,Daylight,0,1,0,0,0,0,Dry,13.55825,52.46249,car + 
193489,Neukölln,8030831,Gropiusstadt Ost,April,13,Saturday,minor,2,Stationary Traffic,Daylight,0,1,0,0,0,0,Dry,13.46835,52.42768,car + 
193490,Mitte,1044103,Westliche Müllerstraße,April,11,Tuesday,minor,2,Stationary Traffic,Daylight,0,1,0,0,0,0,Dry,13.34861,52.54848,car + 
193491,Treptow-Köpenick,9010401,Johannisthal West,April,15,Tuesday,minor,2,Stationary Traffic,Daylight,0,1,0,0,1,0,Dry,13.50828,52.45287,car + truck + 
193492,Mitte,1011301,Charitéviertel,April,17,Friday,minor,2,Stationary Traffic,Dawn,0,1,0,0,0,0,Dry,13.388,52.52185,car + 
193493,Spandau,5020625,Borkumer Straße,April,11,Tuesday,minor,1,Driving,Daylight,0,1,0,1,0,0,Dry,13.18951,52.52807,car + motorbike + 
193494,Spandau,5010314,Carl-Schurz-Straße,April,16,Thursday,minor,5,Crossing,Daylight,0,1,0,0,0,0,Dry,13.18827,52.53732,car + 
193495,Reinickendorf,12214422,Klixstraße,April,15,Tuesday,minor,5,Crossing,Daylight,1,0,0,1,0,0,Dry,13.30859,52.57204,bicycle + motorbike + 
193496,Spandau,5010314,Carl-Schurz-Straße,April,19,Sunday,minor,5,Crossing,Daylight,0,1,0,0,0,1,Dry,13.19532,52.53548,car + other
193497,Mitte,1011302,Oranienburger Straße,April,11,Tuesday,minor,3,Stationary Traffic,Daylight,0,1,0,1,0,1,Dry,13.3918,52.52525,car + motorbike + other
193498,Friedrichshain-Kreuzberg,2040703,Wriezener Bahnhof/Entwicklungsgebiet,April,15,Tuesday,serious,3,Stationary Traffic,Daylight,1,1,0,0,0,0,Dry,13.44652,52.50274,bicycle + car + 
193499,Mitte,1033201,Brunnenstraße,April,15,Friday,minor,5,Turning,Daylight,1,1,0,0,0,0,Dry,13.39604,52.53835,bicycle + car + 
193500,Charlottenburg-Wilmersdorf,4030518,Tegeler Weg,April,16,Tuesday,serious,5,Turning,Daylight,0,1,0,1,0,0,Dry,13.29733,52.52652,car + motorbike + 
193501,Charlottenburg-Wilmersdorf,4030417,Schloßstraße,April,10,Tuesday,serious,6,Other,Daylight,0,0,1,0,0,1,Dry,13.30071,52.51578,pedestrian + other
193502,Spandau,5030730,Zitadellenweg,April,11,Thursday,minor,5,Other,Daylight,0,1,0,0,0,0,Dry,13.22709,52.54952,car + 
193503,Mitte,1044202,Sparrplatz,April,10,Tuesday,serious,5,Turning,Daylight,0,1,0,1,0,0,Dry,13.35927,52.54638,car + motorbike + 
193504,Mitte,1022206,Lüneburger Straße,April,11,Tuesday,minor,1,Paralle Traffic,Daylight,1,0,0,0,0,1,Dry,13.37133,52.52706,bicycle + other
193505,Lichtenberg,11051332,Karlshorst Süd,April,8,Thursday,minor,5,Turning,Daylight,1,1,0,0,0,0,Dry,13.52449,52.47865,bicycle + car + 
193506,Friedrichshain-Kreuzberg,2050801,Traveplatz,April,10,Tuesday,minor,0,Overtaking,Daylight,1,1,0,0,0,1,Dry,13.47086,52.51232,bicycle + car + other
193507,Steglitz-Zehlendorf,6010102,Schloßstraße,April,10,Thursday,minor,3,Stationary Traffic,Daylight,0,1,0,1,0,0,Dry,13.32311,52.45642,car + motorbike + 
193508,Mitte,1011306,Heine-Viertel Ost,April,9,Tuesday,minor,1,Paralle Traffic,Daylight,1,0,0,0,0,1,Dry,13.42151,52.50557,bicycle + other
193509,Pankow,3061435,Conrad-Blenkle-Straße,April,20,Saturday,minor,2,Other,Night,1,1,0,0,0,0,Dry,13.44868,52.53104,bicycle + car + 
193510,Mitte,1011302,Oranienburger Straße,April,1,Tuesday,minor,1,Paralle Traffic,Night,1,1,0,0,0,0,Dry,13.39667,52.527,bicycle + car + 
193511,Spandau,5020625,Borkumer Straße,April,5,Tuesday,minor,5,Crossing,Night,0,1,0,0,0,0,Dry,13.19695,52.53139,car + 
193512,Treptow-Köpenick,9041501,Altstadt Kietz,April,12,Friday,minor,5,Other,Daylight,0,1,0,0,0,1,Dry,13.58174,52.44119,car + other
193513,Treptow-Köpenick,9020501,Oberschöneweide West,April,7,Tuesday,minor,5,Crossing,Daylight,0,1,0,1,0,0,Dry,13.50898,52.46384,car + motorbike + 
193514,Spandau,5030832,Rohrdamm,April,14,Thursday,minor,6,Crossing,Daylight,0,1,1,0,0,0,Dry,13.25981,52.54518,car + pedestrian + 
193515,Lichtenberg,11040926,Weitlingstraße,April,7,Tuesday,minor,2,Driving,Daylight,0,1,0,0,0,0,Dry,13.50626,52.50882,car + 
193516,Reinickendorf,12214422,Klixstraße,April,17,Sunday,minor,2,Stationary Traffic,Daylight,0,1,0,0,0,0,Dry,13.31022,52.56796,car + 
193517,Spandau,5020625,Borkumer Straße,April,5,Thursday,minor,2,Stationary Traffic,Night,0,1,0,1,0,0,Dry,13.19834,52.53266,car + motorbike + 
193518,Charlottenburg-Wilmersdorf,4030417,Schloßstraße,April,7,Tuesday,minor,6,Other,Daylight,0,1,1,0,0,0,Dry,13.29138,52.51191,car + pedestrian + 
193519,Pankow,3050923,Weißenseer Spitze,April,16,Saturday,minor,5,Crossing,Daylight,0,1,0,0,0,0,Dry,13.43254,52.55771,car + 
193520,Mitte,1044103,Westliche Müllerstraße,April,8,Tuesday,minor,5,Crossing,Daylight,0,1,0,0,0,0,Dry,13.34861,52.54609,car + 
193521,Mitte,1011105,Nördlicher Landwehrkanal,April,8,Thursday,minor,5,Crossing,Daylight,1,1,0,0,0,0,Dry,13.36396,52.50618,bicycle + car + 
193522,Steglitz-Zehlendorf,6040703,Nikolassee,April,8,Tuesday,serious,0,Stationary Traffic,Daylight,0,1,0,0,0,0,Dry,13.1991,52.44329,car + 
193523,Reinickendorf,12304314,Ziekowstraße/Freie Scholle,April,18,Saturday,minor,2,Stationary Traffic,Daylight,0,1,0,0,0,0,Dry,13.29254,52.59062,car + 
193524,Marzahn-Hellersdorf,10010207,Marzahner Promenade,April,8,Tuesday,minor,5,Turning,Daylight,0,1,0,0,0,0,Dry,13.55584,52.54847,car + 
193525,Charlottenburg-Wilmersdorf,4020311,Reichsstraße,April,9,Tuesday,serious,6,Turning,Daylight,0,1,1,0,0,0,Dry,13.26616,52.51298,car + pedestrian + 