id,district,lor,street,month,hour,weekday,injury,collision,movement,light_conditions,bicycle,car,pedestrian,motorbike,truck,other_vehicle,road_conditions,longitude,latitude,Combo_type
193526,Spandau,5020625,Borkumer Straße,April,11,Friday,serious,6,Overtaking,Daylight,0,1,1,0,0,0,Dry,13.18732,52.53428,car + pedestrian + 
193527,Friedrichshain-Kreuzberg,2020204,Urbanstraße,April,18,Monday,minor,3,Stationary Traffic,Dawn,1,0,0,0,0,0,Dry,13.39082,52.49207,bicycle + 
193528,Neukölln,8041037,Alt-Rudow,April,16,Thursday,minor,6,Stationary Traffic,Daylight,0,1,1,0,0,0,Dry,13.49388,52.41902,car + pedestrian + 
193529,Mitte,1011302,Oranienburger Straße,April,9,Monday,minor,4,Stationary Traffic,Daylight,1,0,0,0,0,0,Dry,13.40564,52.52957,bicycle + 
193530,Neukölln,8030830,Gropiusstadt Süd,April,13,Sunday,minor,5,Turning,Daylight,0,1,0,1,0,0,Dry,13.44692,52.42697,car + motorbike + 
193531,Treptow-Köpenick,9052001,Köpenick Nord,April,19,Monday,minor,5,Turning,Daylight,1,1,0,0,0,0,Dry,13.57961,52.45904,bicycle + car + 
193532,Lichtenberg,11051229,Rummelsburg,April,12,Monday,minor,3,Stationary Traffic,Daylight,0,1,0,0,1,0,Dry,13.47764,52.50052,car + truck + 
193533,Charlottenburg-Wilmersdorf,4020314,Messegelände,April,12,Saturday,minor,5,Turning,Daylight,1,1,0,0,0,0,Dry,13.27345,52.49997,bicycle + car + 
193534,Tempelhof-Schöneberg,7040403,Manteuffelstraße,April,12,Monday,minor,5,Turning,Daylight,1,1,0,0,0,0,Dry,13.38569,52.46573,bicycle + car + 
193535,Neukölln,8010303,Donaustraße,April,16,Monday,minor,1,Paralle Traffic,Daylight,1,1,0,0,0,0,Dry,13.43405,52.4824,bicycle + car + 
193536,Mitte,1011203,Unter den Linden Süd,April,9,Friday,minor,2,Stationary Traffic,Daylight,0,1,0,1,0,0,Dry,13.38449,52.51532,car + motorbike + 
193537,Reinickendorf,12214125,Waldidyll/Flughafensee,April,16,Monday,serious,2,Stationary Traffic,Daylight,0,1,0,0,0,0,Dry,13.25449,52.56177,car + 
193538,Marzahn-Hellersdorf,10020622,Kaulsdorf Nord I,April,17,Thursday,minor,5,Crossing,Daylight,1,1,0,0,0,0,Dry,13.58565,52.52364,bicycle + car + 
193539,Treptow-Köpenick,9020701,Adlershof West,April,16,Monday,minor,5,Crossing,Daylight,1,1,0,0,0,0,Dry,13.54355,52.43378,bicycle + car + 
193540,Neukölln,8041036,Zittauer Straße,April,7,Friday,minor,3,Stationary Traffic,Daylight,1,1,0,0,0,0,Dry,13.47624,52.41843,bicycle + car + 
193541,Neukölln,8010213,Körnerpark,April,15,Monday,minor,5,Crossing,Daylight,1,0,0,0,0,1,Dry,13.43533,52.47023,bicycle + other
193542,Pankow,3040614,Pankow Zentrum,April,12,Thursday,minor,5,Turning,Daylight,0,0,0,0,1,1,Dry,13.42882,52.57912,truck + other
193543,Mitte,1011303,Alexanderplatzviertel,April,15,Monday,minor,2,Overtaking,Daylight,1,1,1,0,0,0,Dry,13.40949,52.52571,bicycle + car + pedestrian + 
193544,Spandau,5020523,Maulbeerallee,April,14,Sunday,minor,5,Turning,Daylight,0,1,0,0,0,0,Dry,13.1625,52.52174,car + 
193545,Mitte,1011303,Alexanderplatzviertel,April,15,Monday,minor,5,Crossing,Daylight,1,0,0,0,0,0,Dry,13.41513,52.52102,bicycle + 
193546,Mitte,1022204,Thomasiusstraße,April,15,Monday,minor,5,Turning,Daylight,1,1,0,0,0,0,Dry,13.34631,52.52495,bicycle + car + 
193547,Spandau,5020521,Döberitzer Weg,April,15,Saturday,minor,5,Turning,Daylight,0,1,0,0,0,0,Dry,13.13796,52.52533,car + 
193548,Spandau,5020417,Staakener Straße,April,13,Monday,minor,0,Crossing,Daylight,1,0,0,0,0,1,Dry,13.17411,52.5338,bicycle + other
193549,Marzahn-Hellersdorf,10010308,Marzahner Chaussee,April,14,Monday,minor,5,Crossing,Daylight,1,0,0,0,0,1,Dry,13.51947,52.53537,bicycle + other
193550,Friedrichshain-Kreuzberg,2010102,Mehringplatz,April,7,Thursday,minor,3,Stationary Traffic,Daylight,1,0,0,0,0,0,Dry,13.39364,52.49812,bicycle + 
193551,Spandau,5020626,Adamstraße,April,14,Monday,minor,5,Crossing,Daylight,0,1,0,1,0,0,Dry,13.19589,52.5274,car + motorbike + 
193552,Marzahn-Hellersdorf,10020620,Kaulsdorf Nord II,April,16,Thursday,minor,2,Stationary Traffic,Daylight,0,1,0,0,0,0,Dry,13.58975,52.5281,car + 
193553,Steglitz-Zehlendorf,6010210,Bismarckstraße,April,16,Monday,serious,6,Overtaking,Daylight,1,0,1,0,0,0,Dry,13.33983,52.4646,bicycle + pedestrian + 
193554,Pankow,3061227,Humannplatz,April,13,Saturday,minor,5,Crossing,Daylight,1,1,0,0,0,0,Dry,13.42214,52.55311,bicycle + car + 
193555,Charlottenburg-Wilmersdorf,4030931,Breitscheidplatz,April,18,Monday,minor,1,Paralle Traffic,Daylight,0,1,0,0,0,0,Dry,13.33365,52.50216,car + 
193556,Marzahn-Hellersdorf,10040931,Mahlsdorf Nord,April,13,Monday,minor,5,Crossing,Daylight,1,1,0,0,0,0,Dry,13.6269,52.52721,bicycle + car + 
193557,Friedrichshain-Kreuzberg,2020206,Graefekiez,April,16,Monday,minor,2,Stationary Traffic,Daylight,0,1,0,0,0,0,Dry,13.40577,52.48969,car + 
193558,Pankow,3061434,Anton-Saefkow-Park,April,19,Sunday,minor,2,Stationary Traffic,Daylight,0,1,0,0,0,0,Dry,13.44374,52.53343,car + 
193559,Charlottenburg-Wilmersdorf,4041136,Hagenplatz,April,12,Monday,minor,1,Paralle Traffic,Daylight,1,1,0,0,0,0,Dry,13.27229,52.4796,bicycle + car + 
193560,Spandau,5030731,Gartenfelder Straße,April,14,Monday,minor,0,Other,Daylight,0,0,0,1,0,0,Wet,13.23251,52.54051,motorbike + 
193561,Charlottenburg-Wilmersdorf,4030828,Savignyplatz,April,19,Wednesday,minor,5,Crossing,Dawn,1,1,0,0,0,0,Dry,13.32498,52.50795,bicycle + car + 
193562,Friedrichshain-Kreuzberg,2010104,Wassertorplatz,April,18,Friday,minor,5,Crossing,Daylight,0,1,0,0,0,0,Dry,13.40648,52.49833,car + 
193563,Mitte,1044201,Reinickendorfer Straße,April,17,Monday,minor,5,Paralle Traffic,Daylight,1,1,0,0,0,0,Dry,13.38064,52.55268,bicycle + car + 
193564,Mitte,1011402,Arkonaplatz,April,18,Wednesday,minor,2,Stationary Traffic,Daylight,0,1,0,0,0,0,Dry,13.3981,52.53477,car + 
193565,Spandau,5020625,Borkumer Straße,April,12,Monday,minor,2,Stationary Traffic,Daylight,0,1,0,0,0,0,Dry,13.19844,52.53314,car + 
193566,Mitte,1011303,Alexanderplatzviertel,April,18,Wednesday,minor,3,Stationary Traffic,Daylight,1,1,0,0,0,0,Dry,13.40912,52.5273,bicycle + car + 
193567,Steglitz-Zehlendorf,6040806,Fischtal,April,14,Thursday,minor,5,Turning,Daylight,0,1,0,1,0,0,Dry,13.25373,52.44496,car + motorbike + 
193568,Steglitz-Zehlendorf,6020303,Lankwitz Kirche,April,16,Monday,minor,5,Crossing,Daylight,1,1,0,0,0,0,Dry,13.35192,52.43596,bicycle + car + 
193569,Neukölln,8010213,Körnerpark,April,18,Wednesday,minor,2,Other,Daylight,1,0,0,0,0,1,Dry,13.44015,52.47043,bicycle + other
193570,Pankow,3040818,Pankow Süd,April,17,Wednesday,minor,1,Driving,Daylight,0,0,0,1,1,0,Dry,13.42609,52.55847,motorbike + truck + 
193571,Charlottenburg-Wilmersdorf,4030623,Ernst-Reuter-Platz,April,9,Thursday,minor,5,Other,Daylight,0,1,0,0,0,0,Dry,13.33045,52.51109,car + 
193572,Mitte,1011402,Arkonaplatz,April,13,Monday,minor,0,Crossing,Daylight,1,1,0,0,0,0,Dry,13.40425,52.53316,bicycle + car + 
193573,Treptow-Köpenick,9020802,Köllnische Vorstadt,April,17,Wednesday,minor,2,Other,Daylight,0,1,0,0,0,0,Dry,13.56218,52.44528,car + 
193574,Charlottenburg-Wilmersdorf,4010102,Plötzensee,April,18,Saturday,minor,6,Overtaking,Dawn,0,0,1,1,0,0,Dry,13.31766,52.54709,pedestrian + motorbike + 
193575,Tempelhof-Schöneberg,7010102,Nollendorfplatz,April,17,Wednesday,minor,0,Stationary Traffic,Daylight,0,1,0,0,0,1,Dry,13.34821,52.50238,car + other
193576,Mitte,1044103,Westliche Müllerstraße,April,13,Monday,minor,1,Paralle Traffic,Daylight,0,1,0,0,0,1,Dry,13.35066,52.54937,car + other
193577,Charlottenburg-Wilmersdorf,4020311,Reichsstraße,April,17,Wednesday,minor,5,Crossing,Daylight,0,1,0,1,0,0,Dry,13.2739,52.50968,car + motorbike + 
193578,Spandau,5030731,Gartenfelder Straße,April,18,Monday,minor,5,Turning,Daylight,1,1,0,0,0,0,Dry,13.2325,52.5405,bicycle + car + 
193579,Friedrichshain-Kreuzberg,2050601,Hausburgviertel,April,17,Wednesday,minor,5,Crossing,Daylight,1,1,0,0,0,0,Dry,13.45227,52.52746,bicycle + car + 
193580,Tempelhof-Schöneberg,7050501,Rathausstraße,April,10,Friday,minor,3,Stationary Traffic,Daylight,0,1,0,1,0,0,Dry,13.37856,52.45138,car + motorbike + 
193581,Tempelhof-Schöneberg,7020201,Bayerischer Platz,April,11,Monday,minor,2,Stationary Traffic,Daylight,0,1,0,0,0,0,Dry,13.34501,52.49032,car + 
193582,Tempelhof-Schöneberg,7040403,Manteuffelstraße,April,16,Wednesday,minor,2,Stationary Traffic,Daylight,0,1,0,0,0,0,Dry,13.37056,52.45568,car + 
193583,Friedrichshain-Kreuzberg,2020204,Urbanstraße,April,16,Wednesday,minor,5,Turning,Daylight,1,1,0,0,0,0,Dry,13.39524,52.49632,bicycle + car + 
193584,Steglitz-Zehlendorf,6030610,Lichterfelde West,April,15,Thursday,minor,3,Turning,Daylight,0,1,0,0,0,0,Dry,13.30966,52.43132,car + 
193585,Steglitz-Zehlendorf,6040701,Wannsee,April,16,Wednesday,minor,4,Stationary Traffic,Daylight,1,1,0,0,0,0,Dry,13.13774,52.39721,bicycle + car + 
193586,Tempelhof-Schöneberg,7050502,Fritz-Werner-Straße,April,14,Friday,minor,5,Crossing,Daylight,0,1,0,0,0,0,Dry,13.38184,52.42931,car + 
193587,Reinickendorf,12301203,Wittenau Süd,April,15,Wednesday,minor,6,Stationary Traffic,Daylight,1,0,1,0,0,0,Dry,13.33435,52.58951,bicycle + pedestrian + 
193588,Charlottenburg-Wilmersdorf,4020311,Reichsstraße,April,15,Wednesday,minor,5,Crossing,Daylight,0,1,0,0,0,0,Dry,13.25731,52.51885,car + 
193589,Steglitz-Zehlendorf,6010205,Südende,April,15,Wednesday,minor,5,Other,Daylight,0,1,0,1,0,0,Dry,13.3391,52.45101,car + motorbike + 
193590,Mitte,1011302,Oranienburger Straße,April,14,Thursday,minor,5,Other,Daylight,0,1,0,1,0,0,Dry,13.39663,52.52403,car + motorbike + 
193591,Tempelhof-Schöneberg,7020204,Schöneberger Insel,April,18,Monday,minor,5,Turning,Daylight,1,1,0,0,0,0,Dry,13.3629,52.47618,bicycle + car + 
193592,Tempelhof-Schöneberg,7040405,Rathaus Tempelhof,April,14,Wednesday,minor,5,Crossing,Daylight,0,1,0,0,0,0,Dry,13.39938,52.45298,car + 
193593,Charlottenburg-Wilmersdorf,4051652,Nikolsburger Platz,April,16,Monday,minor,6,Overtaking,Daylight,0,1,1,0,0,0,Dry,13.32865,52.49273,car + pedestrian + 
193594,Mitte,1011204,Leipziger Straße,April,14,Wednesday,minor,5,Crossing,Daylight,0,1,0,1,0,0,Dry,13.4045,52.50884,car + motorbike + 
193595,Tempelhof-Schöneberg,7040402,Lindenhofsiedlung,April,7,Thursday,minor,0,Other,Daylight,0,0,1,1,0,0,Dry,13.36472,52.45978,pedestrian + motorbike + 
193596,Mitte,1011301,Charitéviertel,April,10,Monday,minor,6,Turning,Daylight,0,1,1,0,0,0,Dry,13.37921,52.52506,car + pedestrian + 
193597,Marzahn-Hellersdorf,10010309,Springpfuhl,April,17,Wednesday,minor,0,Driving,Daylight,0,0,0,1,0,0,Dry,13.53932,52.5257,motorbike + 
193598,Mitte,1033201,Brunnenstraße,April,17,Saturday,minor,6,Other,Daylight,1,0,1,0,0,0,Dry,13.38909,52.54709,bicycle + pedestrian + 
193599,Tempelhof-Schöneberg,7040405,Rathaus Tempelhof,April,8,Wednesday,minor,5,Crossing,Daylight,0,1,0,0,0,0,Dry,13.39453,52.46438,car + 
193600,Marzahn-Hellersdorf,10040830,Kaulsdorf Süd,April,17,Monday,serious,5,Turning,Daylight,0,1,0,1,0,0,Dry,13.58397,52.48362,car + motorbike + 
193601,Tempelhof-Schöneberg,7010104,Dennewitzplatz,April,8,Wednesday,minor,5,Turning,Daylight,1,1,0,0,0,0,Dry,13.36709,52.49321,bicycle + car + 
193602,Mitte,1044101,Rehberge,April,18,Monday,minor,6,Overtaking,Daylight,0,1,1,0,0,0,Dry,13.33351,52.55714,car + pedestrian + 
193603,Friedrichshain-Kreuzberg,2030402,Wrangelkiez,April,9,Tuesday,minor,2,Stationary Traffic,Daylight,1,0,0,0,0,0,Dry,13.44906,52.49713,bicycle + 
193604,Charlottenburg-Wilmersdorf,4041344,Rüdesheimer Platz,April,8,Friday,minor,2,Stationary Traffic,Daylight,0,1,0,0,0,1,Dry,13.31502,52.46949,car + other
193605,Pankow,3020307,Buchholz,April,19,Monday,minor,2,Stationary Traffic,Daylight,0,1,0,1,0,0,Dry,13.41977,52.60602,car + motorbike + 
193606,Mitte,1011202,Unter den Linden Nord,April,18,Tuesday,minor,5,Turning,Daylight,0,1,0,0,0,0,Dry,13.38885,52.51689,car + 
193607,Mitte,1011101,Stülerstraße,April,9,Tuesday,minor,2,Stationary Traffic,Daylight,0,1,0,0,0,0,Dry,13.34079,52.50516,car + 
193608,Charlottenburg-Wilmersdorf,4041134,Bismarckallee,April,16,Thursday,minor,2,Stationary Traffic,Daylight,0,1,0,0,0,0,Dry,13.28491,52.49169,car + 
193609,Pankow,3040512,Wilhelmsruh,April,12,Tuesday,minor,5,Turning,Daylight,1,1,0,0,0,0,Dry,13.36748,52.58636,bicycle + car + 
193610,Neukölln,8020619,Buschkrugallee Nord,April,17,Tuesday,minor,6,Crossing,Daylight,0,1,1,0,0,0,Dry,13.45445,52.45451,car + pedestrian + 
193611,Treptow-Köpenick,9051702,Bölschestraße,April,11,Sunday,minor,2,Stationary Traffic,Daylight,0,1,0,0,0,0,Dry,13.61833,52.45546,car + 
193612,Mitte,1022104,Emdener Straße,April,17,Tuesday,minor,6,Overtaking,Daylight,1,0,1,0,0,0,Dry,13.34342,52.52635,bicycle + pedestrian + 
193613,Lichtenberg,11051331,Karlshorst Nord,April,20,Monday,serious,6,Overtaking,Night,0,1,1,0,0,0,Dry,13.52697,52.48648,car + pedestrian + 
193614,Tempelhof-Schöneberg,7070701,Kettinger Straße/Schillerstraße,April,10,Monday,minor,5,Turning,Daylight,1,0,0,0,1,0,Dry,13.40096,52.41443,bicycle + truck + 
193615,Friedrichshain-Kreuzberg,2020204,Urbanstraße,April,17,Tuesday,minor,2,Stationary Traffic,Daylight,1,1,0,0,0,0,Dry,13.3886,52.4926,bicycle + car + 
193616,Charlottenburg-Wilmersdorf,4020311,Reichsstraße,April,13,Saturday,serious,5,Crossing,Daylight,0,1,0,1,0,0,Dry,13.26009,52.51655,car + motorbike + 
193617,Tempelhof-Schöneberg,7040403,Manteuffelstraße,April,12,Tuesday,minor,5,Crossing,Daylight,0,1,0,0,0,0,Dry,13.37831,52.45749,car + 
193618,Mitte,1011302,Oranienburger Straße,April,9,Monday,minor,5,Crossing,Daylight,1,1,0,0,0,0,Dry,13.40252,52.52807,bicycle + car + 
193619,Mitte,1033203,Humboldthain Nordwest,April,18,Tuesday,minor,2,Stationary Traffic,Daylight,1,1,0,0,0,0,Dry,13.37205,52.53885,bicycle + car + 
193620,Charlottenburg-Wilmersdorf,4061757,Forst Grunewald,April,1,Sunday,serious,9,Driving,Night,0,0,0,1,0,0,Dry,13.21086,52.50071,motorbike + 
193621,Steglitz-Zehlendorf,6040809,Thielallee,April,12,Tuesday,minor,5,Crossing,Daylight,0,1,0,1,0,0,Dry,13.28598,52.44961,car + motorbike + 
193622,Pankow,3061429,Greifswalder Straße,April,14,Wednesday,minor,2,Turning,Daylight,0,1,0,0,0,0,Dry,13.4494,52.53721,car + 
193623,Marzahn-Hellersdorf,10020413,Gut Hellersdorf,April,9,Monday,minor,5,Crossing,Daylight,1,1,0,0,0,0,Dry,13.59289,52.54482,bicycle + car + 
193624,Neukölln,8010404,Rixdorf,April,11,Tuesday,minor,6,Overtaking,Daylight,0,1,1,0,0,0,Dry,13.45568,52.4736,car + pedestrian + 
193625,Neukölln,8010118,Silbersteinstraße,April,1,Saturday,minor,1,Stationary Traffic,Night,1,1,0,0,0,0,Dry,13.42905,52.47167,bicycle + car + 
193626,Steglitz-Zehlendorf,6020409,Königsberger Straße,April,11,Tuesday,minor,5,Crossing,Daylight,0,1,0,0,0,0,Dry,13.32566,52.43425,car + 
193627,Spandau,5030730,Zitadellenweg,April,8,Monday,minor,1,Paralle Traffic,Daylight,0,1,0,0,0,1,Dry,13.21843,52.53742,car + other
193628,Charlottenburg-Wilmersdorf,4020311,Reichsstraße,April,10,Tuesday,minor,5,Crossing,Daylight,0,1,0,0,0,0,Dry,13.26446,52.51463,car + 
193629,Tempelhof-Schöneberg,7010102,Nollendorfplatz,April,8,Monday,minor,2,Stationary Traffic,Daylight,0,0,0,1,0,1,Dry,13.36064,52.49798,motorbike + other
193630,Mitte,1011303,Alexanderplatzviertel,April,18,Tuesday,serious,5,Turning,Dawn,1,1,0,0,0,0,Dry,13.40981,52.52401,bicycle + car + 
193631,Steglitz-Zehlendorf,6010207,Mittelstraße,April,11,Friday,minor,1,Paralle Traffic,Daylight,1,1,0,0,0,1,Dry,13.32606,52.44723,bicycle + car + other
193632,Mitte,1022102,Beusselkiez,April,8,Monday,serious,6,Overtaking,Daylight,0,1,1,0,0,0,Dry,13.32669,52.52761,car + pedestrian + 
193633,Lichtenberg,11030721,Rüdigerstraße,April,20,Tuesday,minor,5,Crossing,Night,1,1,0,0,0,0,Dry,13.50603,52.51536,bicycle + car + 
193634,Charlottenburg-Wilmersdorf,4051652,Nikolsburger Platz,April,10,Tuesday,minor,2,Other,Daylight,1,0,0,0,0,1,Dry,13.32291,52.48979,bicycle + other
193635,Reinickendorf,12214125,Waldidyll/Flughafensee,April,20,Thursday,minor,5,Crossing,Night,0,1,0,0,0,0,Dry,13.29737,52.57785,car + 
193636,Friedrichshain-Kreuzberg,2050803,Stralauer Kiez,April,8,Monday,minor,2,Stationary Traffic,Daylight,1,0,0,0,0,0,Dry,13.45808,52.50503,bicycle + 
193637,Reinickendorf,12103115,Breitkopfbecken,April,21,Tuesday,minor,5,Turning,Night,0,1,0,0,0,0,Dry,13.36085,52.57036,car + 
193638,Mitte,1011401,Invalidenstraße,April,12,Sunday,minor,0,Driving,Daylight,1,0,0,0,0,0,Dry,13.39738,52.53249,bicycle + 
193639,Charlottenburg-Wilmersdorf,4030726,Droysenstraße,April,10,Tuesday,minor,3,Stationary Traffic,Daylight,1,1,0,0,0,0,Dry,13.30346,52.50371,bicycle + car + 
193640,Treptow-Köpenick,9010402,Johannisthal Ost,April,11,Monday,serious,0,Driving,Daylight,0,0,0,1,0,0,Dry,13.50867,52.44264,motorbike + 
193641,Reinickendorf,12214424,Scharnweberstraße,April,17,Monday,minor,2,Stationary Traffic,Daylight,0,1,0,0,0,1,Dry,13.31851,52.56634,car + other
193642,Reinickendorf,12224230,Heiligensee,April,9,Tuesday,minor,3,Stationary Traffic,Daylight,0,1,0,0,0,0,Dry,13.23986,52.61888,car + 
193643,Mitte,1011306,Heine-Viertel Ost,April,19,Friday,minor,2,Stationary Traffic,Daylight,1,1,0,0,0,0,Dry,13.42451,52.50887,bicycle + car + 
193644,Treptow-Köpenick,9010302,Späthsfelde,March,18,Sunday,minor,5,Crossing,Daylight,0,1,0,0,0,0,Dry,13.46149,52.45437,car + 
193645,Tempelhof-Schöneberg,7010104,Dennewitzplatz,April,21,Tuesday,minor,5,Turning,Night,1,1,0,0,0,0,Dry,13.36675,52.49656,bicycle + car + 
193646,Mitte,1044101,Rehberge,March,18,Sunday,minor,3,Stationary Traffic,Daylight,0,1,0,1,0,0,Dry,13.33338,52.56036,car + motorbike + 
193647,Spandau,5030832,Rohrdamm,April,13,Tuesday,minor,2,Stationary Traffic,Daylight,0,1,0,0,0,0,Dry,13.26886,52.53658,car + 
193648,Mitte,1011302,Oranienburger Straße,April,11,Thursday,minor,3,Stationary Traffic,Daylight,1,0,0,0,1,0,Dry,13.40599,52.52505,bicycle + truck + 
193649,Reinickendorf,12301206,Lübars,March,17,Sunday,minor,5,Turning,Daylight,1,0,0,0,0,0,Dry,13.34664,52.61669,bicycle + 
193650,Friedrichshain-Kreuzberg,2050802,Boxhagener Platz,April,22,Tuesday,minor,5,Other,Night,1,1,0,0,0,0,Dry,13.45448,52.51214,bicycle + car + 
193651,Reinickendorf,12214125,Waldidyll/Flughafensee,March,17,Sunday,minor,2,Turning,Daylight,0,1,0,0,0,0,Dry,13.29554,52.55016,car + 
193652,Mitte,1022206,Lüneburger Straße,April,7,Tuesday,minor,5,Crossing,Daylight,1,0,0,1,0,0,Dry,13.36581,52.52538,bicycle + motorbike + 
193653,Treptow-Köpenick,9020502,Oberschöneweide Ost,March,15,Sunday,minor,6,Overtaking,Daylight,0,0,1,0,0,1,Dry,13.52166,52.46059,pedestrian + other
193654,Tempelhof-Schöneberg,7050503,Eisenacher Straße,April,6,Tuesday,minor,3,Stationary Traffic,Daylight,1,1,0,0,0,0,Dry,13.38582,52.45282,bicycle + car + 
193655,Reinickendorf,12214527,Alt-Tegel,April,14,Friday,minor,2,Other,Daylight,0,1,0,1,0,0,Dry,13.2844,52.58876,car + motorbike + 
193656,Mitte,1011401,Invalidenstraße,March,13,Sunday,minor,5,Turning,Daylight,1,1,0,0,0,0,Dry,13.39595,52.53246,bicycle + car + 
193657,Reinickendorf,12214424,Scharnweberstraße,April,13,Tuesday,minor,0,Stationary Traffic,Daylight,0,1,0,0,0,1,Dry,13.32861,52.56242,car + other
193658,Pankow,3040818,Pankow Süd,April,17,Tuesday,serious,5,Crossing,Daylight,0,1,0,0,0,0,Dry,13.4314,52.58058,car + 
193659,Marzahn-Hellersdorf,10020415,Hellersdorfer Promenade,April,17,Thursday,minor,6,Overtaking,Daylight,0,1,1,0,0,0,Dry,13.60403,52.53969,car + pedestrian + 
193660,Reinickendorf,12214422,Klixstraße,March,16,Sunday,minor,3,Stationary Traffic,Daylight,0,1,0,0,0,0,Dry,13.31312,52.57494,car + 
193661,Steglitz-Zehlendorf,6030501,Berlepschstraße,April,11,Tuesday,serious,6,Overtaking,Daylight,0,1,1,0,0,0,Dry,13.23228,52.42693,car + pedestrian + 
193662,Mitte,1011203,Unter den Linden Süd,April,16,Sunday,minor,2,Driving,Daylight,0,1,0,1,0,0,Dry,13.39407,52.51507,car + motorbike + 
193663,Steglitz-Zehlendorf,6010206,Stadtpark,April,22,Tuesday,serious,6,Turning,Night,0,1,1,0,0,0,Dry,13.33777,52.45113,car + pedestrian + 
193664,Charlottenburg-Wilmersdorf,4030931,Breitscheidplatz,March,16,Sunday,serious,2,Stationary Traffic,Daylight,0,1,0,0,0,0,Dry,13.33281,52.50405,car + 
193665,Pankow,3050923,Weißenseer Spitze,March,1,Sunday,minor,6,Overtaking,Night,0,1,1,0,0,0,Dry,13.43056,52.55685,car + pedestrian + 
193666,Charlottenburg-Wilmersdorf,4051652,Nikolsburger Platz,April,9,Tuesday,minor,1,Paralle Traffic,Daylight,1,1,0,0,0,1,Dry,13.32267,52.48824,bicycle + car + other
193667,Spandau,5030832,Rohrdamm,April,18,Friday,minor,5,Turning,Dawn,1,1,0,0,0,0,Dry,13.27532,52.53578,bicycle + car + 
193668,Neukölln,8010117,Schillerpromenade,March,0,Sunday,minor,3,Stationary Traffic,Night,0,1,0,0,0,0,Dry,13.42644,52.4769,car + 
193669,Charlottenburg-Wilmersdorf,4041343,Binger Straße,April,17,Tuesday,minor,1,Paralle Traffic,Daylight,1,1,0,0,0,0,Dry,13.31105,52.477,bicycle + car + 
193670,Spandau,5020419,Magistratsweg,March,9,Sunday,minor,2,Stationary Traffic,Daylight,0,1,0,0,0,0,Dry,13.15793,52.5331,car + 
193671,Spandau,5020625,Borkumer Straße,April,20,Tuesday,minor,0,Driving,Night,1,0,0,0,0,0,Dry,13.19667,52.53106,bicycle + 
193672,Neukölln,8010509,Schulenburgpark,April,15,Thursday,minor,6,Overtaking,Daylight,0,1,1,0,0,0,Dry,13.47468,52.46353,car + pedestrian + 
193673,Spandau,5020524,Weinmeisterhornweg,March,11,Sunday,minor,5,Crossing,Daylight,1,1,0,0,0,0,Dry,13.16952,52.51822,bicycle + car + 
193674,Mitte,1011202,Unter den Linden Nord,April,17,Tuesday,minor,0,Driving,Daylight,1,0,0,0,0,0,Dry,13.38923,52.52202,bicycle + 
193675,Friedrichshain-Kreuzberg,2050801,Traveplatz,April,18,Tuesday,minor,0,Driving,Daylight,1,0,0,0,0,0,Dry,13.45387,52.51406,bicycle + 
193676,Marzahn-Hellersdorf,10010308,Marzahner Chaussee,April,9,Thursday,minor,5,Turning,Daylight,1,1,0,0,0,0,Dry,13.52165,52.52592,bicycle + car + 
193677,Charlottenburg-Wilmersdorf,4030518,Tegeler Weg,March,12,Sunday,minor,5,Turning,Daylight,0,1,0,0,0,0,Dry,13.29639,52.52929,car + 
193678,Pankow,3030406,Alt-Karow,April,7,Tuesday,serious,5,Crossing,Daylight,1,1,0,0,0,0,Dry,13.47951,52.61255,bicycle + car + 
193679,Tempelhof-Schöneberg,7050503,Eisenacher Straße,April,18,Saturday,serious,5,Crossing,Daylight,1,1,0,0,0,0,Dry,13.40809,52.45248,bicycle + car + 
193680,Tempelhof-Schöneberg,7010104,Dennewitzplatz,April,16,Tuesday,minor,1,Paralle Traffic,Daylight,1,1,0,0,0,0,Dry,13.36598,52.49555,bicycle + car + 
193681,Mitte,1011102,Großer Tiergarten,April,16,Tuesday,minor,5,Turning,Daylight,0,1,0,1,0,0,Dry,13.37083,52.5178,car + motorbike + 
193682,Mitte,1011202,Unter den Linden Nord,April,10,Thursday,minor,6,Overtaking,Daylight,0,0,1,0,0,1,Dry,13.38844,52.51925,pedestrian + other
193683,Spandau,5020625,Borkumer Straße,March,13,Saturday,minor,5,Crossing,Daylight,0,1,0,0,0,0,Dry,13.19545,52.53337,car + 
193684,Treptow-Köpenick,9020701,Adlershof West,April,16,Tuesday,minor,5,Turning,Daylight,1,1,0,0,0,0,Dry,13.53522,52.4324,bicycle + car + 
193685,Mitte,1011302,Oranienburger Straße,April,23,Saturday,minor,5,Other,Night,0,1,0,0,0,1,Dry,13.40959,52.52867,car + other
193686,Tempelhof-Schöneberg,7060601,Marienfelder Allee Nordwest,April,16,Tuesday,minor,0,Stationary Traffic,Daylight,0,1,0,0,0,1,Dry,13.35971,52.41894,car + other
193687,Pankow,3020203,Blankenfelde,March,15,Saturday,minor,5,Crossing,Daylight,1,1,0,0,0,0,Dry,13.38163,52.62861,bicycle + car + 
193688,Tempelhof-Schöneberg,7040405,Rathaus Tempelhof,April,15,Tuesday,minor,5,Turning,Daylight,1,1,0,0,0,0,Dry,13.40994,52.45537,bicycle + car + 
193689,Reinickendorf,12103218,Teichstraße,March,15,Saturday,minor,1,Driving,Daylight,0,1,0,0,1,0,Dry,13.3427,52.56657,car + truck + 