id,district,lor,street,month,hour,weekday,injury,collision,movement,light_conditions,bicycle,car,pedestrian,motorbike,truck,other_vehicle,road_conditions,longitude,latitude,Combo_type
193690,Lichtenberg,11030721,Rüdigerstraße,April,15,Tuesday,serious,6,Overtaking,Daylight,0,1,1,0,0,0,Dry,13.47696,52.52298,car + pedestrian + 
193691,Mitte,1011301,Charitéviertel,April,13,Friday,minor,3,Stationary Traffic,Daylight,0,1,0,1,0,0,Dry,13.37728,52.52887,car + motorbike + 
193692,Charlottenburg-Wilmersdorf,4030518,Tegeler Weg,April,14,Tuesday,serious,6,Overtaking,Daylight,0,1,1,0,0,0,Dry,13.2992,52.52353,car + pedestrian + 
193693,Charlottenburg-Wilmersdorf,4030415,Schloßgarten,April,14,Tuesday,minor,2,Stationary Traffic,Daylight,0,1,0,1,0,0,Dry,13.28471,52.51873,car + motorbike + 
193694,Pankow,3061126,Arnimplatz,March,14,Saturday,minor,5,Crossing,Daylight,1,0,0,0,0,0,Dry,13.41344,52.54966,bicycle + 
193695,Neukölln,8010509,Schulenburgpark,April,14,Tuesday,minor,2,Stationary Traffic,Daylight,0,1,0,0,0,0,Dry,13.47081,52.46614,car + 
193696,Tempelhof-Schöneberg,7050503,Eisenacher Straße,April,16,Thursday,minor,5,Turning,Daylight,0,1,0,1,0,0,Dry,13.3879,52.45305,car + motorbike + 
193697,Tempelhof-Schöneberg,7040401,Neu-Tempelhof,March,14,Saturday,minor,5,Turning,Daylight,0,1,0,1,0,0,Dry,13.37702,52.48334,car + motorbike + 
193698,Reinickendorf,12103219,Schäfersee,April,14,Tuesday,minor,5,Turning,Daylight,0,1,0,0,0,1,Dry,13.36291,52.56663,car + other
193699,Lichtenberg,11030721,Rüdigerstraße,April,17,Sunday,serious,5,Other,Daylight,0,1,0,1,0,0,Dry,13.47369,52.52298,car + motorbike + 
193700,Mitte,1011303,Alexanderplatzviertel,April,14,Tuesday,minor,5,Turning,Daylight,1,1,0,0,0,0,Dry,13.40977,52.52402,bicycle + car + 
193701,Friedrichshain-Kreuzberg,2040501,Barnimkiez,April,7,Thursday,minor,6,Overtaking,Daylight,0,1,1,0,0,0,Dry,13.43026,52.52452,car + pedestrian + 
193702,Pankow,3020210,Herthaplatz,March,14,Saturday,minor,2,Turning,Daylight,0,1,0,0,0,0,Dry,13.41958,52.59127,car + 
193703,Friedrichshain-Kreuzberg,2020203,Viktoriapark,April,13,Tuesday,minor,0,Driving,Daylight,1,0,0,0,0,1,Dry,13.37739,52.48947,bicycle + other
193704,Charlottenburg-Wilmersdorf,4051652,Nikolsburger Platz,April,16,Saturday,minor,1,Paralle Traffic,Daylight,1,1,0,0,0,0,Dry,13.32303,52.49049,bicycle + car + 
193705,Reinickendorf,12214527,Alt-Tegel,April,13,Tuesday,minor,5,Turning,Daylight,0,1,0,0,0,0,Dry,13.28083,52.59378,car + 
193706,Tempelhof-Schöneberg,7070705,Franziusweg/Rohrbachstraße,March,14,Saturday,serious,5,Turning,Daylight,1,1,0,0,0,0,Dry,13.38885,52.39842,bicycle + car + 
193707,Pankow,3040614,Pankow Zentrum,April,13,Tuesday,minor,5,Turning,Daylight,0,0,0,1,0,1,Dry,13.41981,52.5728,motorbike + other
193708,Steglitz-Zehlendorf,6020305,Gemeindepark Lankwitz,March,13,Saturday,serious,0,Paralle Traffic,Daylight,0,0,0,1,0,1,Dry,13.3545,52.42978,motorbike + other
193709,Tempelhof-Schöneberg,7020203,Kaiser-Wilhelm-Platz,April,13,Tuesday,minor,1,Paralle Traffic,Daylight,1,1,0,0,0,0,Dry,13.35553,52.49013,bicycle + car + 
193710,Friedrichshain-Kreuzberg,2010103,Moritzplatz,April,7,Friday,minor,0,Turning,Daylight,1,1,0,0,0,0,Dry,13.40931,52.50173,bicycle + car + 
193711,Lichtenberg,11030618,Fennpfuhl West,March,13,Saturday,minor,1,Paralle Traffic,Daylight,0,1,0,0,0,0,Dry,13.47953,52.52597,car + 
193712,Lichtenberg,11030720,Herzbergstraße,April,15,Monday,minor,0,Driving,Daylight,1,0,0,0,0,0,Dry,13.48865,52.5266,bicycle + 
193713,Pankow,3071536,Teutoburger Platz,April,23,Monday,minor,5,Turning,Night,1,0,0,0,0,0,Dry,13.41102,52.53062,bicycle + 
193714,Neukölln,8030829,Gropiusstadt Nord,March,13,Saturday,minor,2,Stationary Traffic,Daylight,0,1,0,0,0,0,Dry,13.45592,52.43427,car + 
193715,Pankow,3010104,Lietzengraben,April,15,Monday,minor,2,Stationary Traffic,Daylight,0,1,0,0,0,0,Dry,13.44449,52.61521,car + 
193716,Reinickendorf,12214125,Waldidyll/Flughafensee,March,13,Saturday,serious,5,Crossing,Daylight,1,1,0,0,0,0,Dry,13.30661,52.55519,bicycle + car + 
193717,Pankow,3040614,Pankow Zentrum,April,15,Monday,minor,6,Turning,Daylight,0,1,1,0,0,0,Dry,13.4117,52.5716,car + pedestrian + 
193718,Marzahn-Hellersdorf,10020414,Helle Mitte,April,16,Friday,serious,6,Overtaking,Daylight,0,1,1,0,0,0,Dry,13.6043,52.53649,car + pedestrian + 
193719,Marzahn-Hellersdorf,10010102,Havemannstraße,March,12,Saturday,minor,6,Overtaking,Daylight,0,1,1,0,0,0,Dry,13.57739,52.56207,car + pedestrian + 
193720,Spandau,5010101,Hakenfelde Nord,April,17,Monday,minor,5,Crossing,Daylight,1,1,0,0,0,0,Dry,13.20895,52.5594,bicycle + car + 
193721,Tempelhof-Schöneberg,7040401,Neu-Tempelhof,April,14,Monday,minor,6,Overtaking,Daylight,0,1,1,0,0,0,Dry,13.37828,52.47828,car + pedestrian + 
193722,Reinickendorf,12103115,Breitkopfbecken,April,14,Thursday,minor,1,Paralle Traffic,Daylight,0,1,0,1,0,0,Dry,13.35963,52.57496,car + motorbike + 
193723,Friedrichshain-Kreuzberg,2020203,Viktoriapark,March,8,Saturday,serious,5,Turning,Daylight,0,1,0,0,0,0,Dry,13.37658,52.48505,car + 
193724,Mitte,1022205,Zillesiedlung,April,15,Monday,minor,2,Other,Daylight,0,1,0,0,0,0,Dry,13.35691,52.52487,car + 
193725,Pankow,3040614,Pankow Zentrum,April,15,Sunday,minor,0,Turning,Daylight,1,1,0,0,0,0,Dry,13.4286,52.58297,bicycle + car + 
193726,Neukölln,8010301,Reuterkiez,April,8,Monday,minor,5,Crossing,Daylight,1,1,0,0,0,0,Dry,13.42687,52.48737,bicycle + car + 
193727,Reinickendorf,12302108,Märkisches Zentrum,March,8,Saturday,minor,1,Driving,Daylight,0,1,0,0,0,0,Dry,13.34191,52.60041,car + 
193728,Tempelhof-Schöneberg,7040405,Rathaus Tempelhof,March,7,Saturday,serious,6,Turning,Daylight,0,0,1,0,0,1,Dry,13.40013,52.4592,pedestrian + other
193729,Charlottenburg-Wilmersdorf,4010101,Jungfernheide,April,22,Monday,minor,5,Turning,Night,0,1,0,0,0,0,Dry,13.29676,52.54812,car + 
193730,Steglitz-Zehlendorf,6040701,Wannsee,April,11,Saturday,serious,5,Turning,Daylight,1,1,0,0,0,0,Dry,13.10924,52.41408,bicycle + car + 
193731,Pankow,3050925,Komponistenviertel Weißensee,April,21,Monday,minor,3,Stationary Traffic,Night,1,1,0,0,0,0,Dry,13.45902,52.55013,bicycle + car + 
193732,Pankow,3061131,Falkplatz,March,8,Saturday,minor,0,Driving,Daylight,1,0,0,0,0,0,Dry,13.40785,52.54937,bicycle + 
193733,Neukölln,8020622,Parchimer Allee,April,20,Monday,minor,6,Other,Night,0,1,1,0,0,0,Dry,13.44469,52.44674,car + pedestrian + 
193734,Spandau,5020626,Adamstraße,March,13,Saturday,minor,0,Driving,Daylight,0,0,0,1,0,0,Dry,13.19781,52.51938,motorbike + 
193735,Friedrichshain-Kreuzberg,2010103,Moritzplatz,April,20,Monday,minor,6,Turning,Night,0,1,1,0,0,0,Dry,13.41813,52.49941,car + pedestrian + 
193736,Charlottenburg-Wilmersdorf,4051448,Schaperstraße,April,19,Friday,minor,4,Paralle Traffic,Dawn,1,0,0,0,0,0,Dry,13.33561,52.49599,bicycle + 
193737,Tempelhof-Schöneberg,7010102,Nollendorfplatz,March,0,Saturday,minor,5,Crossing,Night,0,1,0,0,0,0,Dry,13.34627,52.50107,car + 
193738,Friedrichshain-Kreuzberg,2010102,Mehringplatz,April,20,Monday,minor,2,Stationary Traffic,Night,0,1,0,1,0,0,Dry,13.39625,52.49838,car + motorbike + 
193739,Neukölln,8010405,Hertzbergplatz,April,19,Monday,minor,2,Other,Dawn,0,1,0,1,0,0,Dry,13.44534,52.48241,car + motorbike + 
193740,Spandau,5010311,Eiswerder,April,17,Thursday,minor,2,Stationary Traffic,Daylight,0,1,0,0,0,0,Dry,13.22215,52.54883,car + 
193741,Friedrichshain-Kreuzberg,2030302,Lausitzer Platz,March,15,Saturday,minor,0,Overtaking,Daylight,1,0,1,0,0,0,Dry,13.43143,52.49941,bicycle + pedestrian + 
193742,Mitte,1022206,Lüneburger Straße,April,18,Monday,minor,5,Turning,Daylight,0,1,0,1,0,0,Dry,13.36584,52.52531,car + motorbike + 
193743,Charlottenburg-Wilmersdorf,4051655,Babelsberger Straße,April,19,Sunday,minor,6,Turning,Night,0,1,1,0,0,0,Dry,13.33079,52.48715,car + pedestrian + 
193744,Lichtenberg,11020514,Große-Leege-Straße,April,18,Monday,minor,5,Turning,Daylight,1,1,0,0,0,0,Dry,13.49167,52.53997,bicycle + car + 
193745,Lichtenberg,11030619,Fennpfuhl Ost,March,15,Saturday,minor,2,Turning,Daylight,0,1,0,0,0,0,Dry,13.47615,52.53309,car + 
193746,Treptow-Köpenick,9020802,Köllnische Vorstadt,April,17,Monday,minor,2,Stationary Traffic,Daylight,0,1,0,0,1,0,Dry,13.56203,52.43739,car + truck + 
193747,Reinickendorf,12304314,Ziekowstraße/Freie Scholle,April,12,Thursday,minor,5,Turning,Daylight,0,1,0,0,0,1,Dry,13.292,52.59059,car + other
193748,Charlottenburg-Wilmersdorf,4030725,Amtsgerichtsplatz,April,16,Monday,minor,2,Stationary Traffic,Daylight,0,1,0,0,0,0,Dry,13.294,52.50683,car + 
193749,Treptow-Köpenick,9041501,Altstadt Kietz,March,15,Saturday,minor,5,Crossing,Daylight,1,1,0,0,0,0,Dry,13.57388,52.44455,bicycle + car + 
193750,Friedrichshain-Kreuzberg,2020206,Graefekiez,April,8,Monday,minor,3,Stationary Traffic,Daylight,0,1,0,0,0,0,Dry,13.41941,52.48757,car + 
193751,Pankow,3061332,Helmholtzplatz,April,12,Sunday,minor,2,Stationary Traffic,Daylight,1,1,0,0,0,0,Dry,13.41609,52.545,bicycle + car + 
193752,Mitte,1011105,Nördlicher Landwehrkanal,April,8,Monday,minor,5,Crossing,Daylight,1,1,0,0,0,0,Dry,13.37188,52.50908,bicycle + car + 
193753,Marzahn-Hellersdorf,10020412,Alte Hellersdorfer Straße,March,15,Saturday,minor,5,Turning,Daylight,0,1,0,0,0,0,Dry,13.59291,52.54844,car + 
193754,Friedrichshain-Kreuzberg,2020206,Graefekiez,March,16,Saturday,minor,5,Other,Daylight,0,1,0,0,0,0,Dry,13.42335,52.48672,car + 
193755,Charlottenburg-Wilmersdorf,4030931,Breitscheidplatz,April,8,Monday,minor,5,Turning,Daylight,1,0,0,1,0,0,Dry,13.33921,52.50313,bicycle + motorbike + 
193756,Friedrichshain-Kreuzberg,2050602,Samariterviertel,April,14,Saturday,minor,0,Crossing,Daylight,0,1,0,1,0,0,Dry,13.4668,52.52016,car + motorbike + 
193757,Pankow,3061228,Erich-Weinert-Straße,April,8,Monday,minor,2,Stationary Traffic,Daylight,0,1,0,0,0,0,Dry,13.43178,52.54403,car + 
193758,Treptow-Köpenick,9020601,Schnellerstraße,March,16,Saturday,minor,2,Stationary Traffic,Daylight,0,1,0,0,0,1,Dry,13.50401,52.46089,car + other
193759,Treptow-Köpenick,9051801,Rahnsdorf/Hessenwinkel,April,7,Monday,minor,2,Stationary Traffic,Daylight,0,1,0,0,0,0,Dry,13.69659,52.43671,car + 
193760,Mitte,1044202,Sparrplatz,March,20,Saturday,minor,6,Turning,Night,0,1,1,0,0,0,Dry,13.34942,52.54234,car + pedestrian + 
193761,Friedrichshain-Kreuzberg,2050802,Boxhagener Platz,April,7,Monday,minor,6,Other,Daylight,1,0,1,0,0,0,Dry,13.45361,52.50809,bicycle + pedestrian + 
193762,Lichtenberg,11030618,Fennpfuhl West,April,14,Friday,minor,0,Other,Daylight,0,1,0,0,0,0,Dry,13.4625,52.53006,car + 
193763,Reinickendorf,12302108,Märkisches Zentrum,March,21,Saturday,minor,5,Crossing,Night,0,1,0,0,0,0,Dry,13.34941,52.6039,car + 
193764,Mitte,1011202,Unter den Linden Nord,April,8,Monday,minor,2,Stationary Traffic,Daylight,1,1,0,0,0,0,Dry,13.38094,52.51637,bicycle + car + 
193765,Pankow,3061227,Humannplatz,April,9,Monday,minor,5,Crossing,Daylight,0,1,0,0,0,0,Dry,13.42744,52.5524,car + 
193766,Tempelhof-Schöneberg,7060602,Kirchstraße,April,17,Thursday,serious,0,Other,Daylight,1,0,0,0,0,0,Dry,13.37357,52.4246,bicycle + 
193767,Mitte,1044103,Westliche Müllerstraße,March,21,Saturday,minor,1,Paralle Traffic,Night,1,1,0,0,0,0,Dry,13.34773,52.54361,bicycle + car + 
193768,Friedrichshain-Kreuzberg,2040701,Andreasviertel,April,10,Monday,minor,5,Crossing,Daylight,0,1,0,0,0,0,Dry,13.43017,52.51029,car + 
193769,Steglitz-Zehlendorf,6020411,Schütte-Lanz-Straße,April,18,Saturday,minor,6,Overtaking,Daylight,0,1,1,0,0,0,Dry,13.31995,52.4188,car + pedestrian + 
193770,Mitte,1011301,Charitéviertel,April,10,Monday,minor,5,Crossing,Daylight,0,1,0,0,0,0,Dry,13.37861,52.52868,car + 
193771,Treptow-Köpenick,9010101,Elsenstraße,March,14,Saturday,minor,2,Stationary Traffic,Daylight,1,1,0,1,0,0,Dry,13.45513,52.48814,bicycle + car + motorbike + 
193772,Friedrichshain-Kreuzberg,2050801,Traveplatz,March,21,Saturday,minor,0,Other,Night,1,0,0,0,0,0,Dry,13.4685,52.50698,bicycle + 
193773,Charlottenburg-Wilmersdorf,4020311,Reichsstraße,April,10,Monday,minor,5,Crossing,Daylight,0,1,0,0,0,0,Dry,13.26693,52.51414,car + 
193774,Friedrichshain-Kreuzberg,2010104,Wassertorplatz,April,14,Friday,minor,5,Turning,Daylight,0,1,0,0,0,0,Dry,13.40665,52.49843,car + 
193775,Marzahn-Hellersdorf,10010308,Marzahner Chaussee,April,11,Monday,minor,2,Stationary Traffic,Daylight,0,1,0,0,0,0,Dry,13.51955,52.52782,car + 
193776,Pankow,3061332,Helmholtzplatz,March,20,Saturday,minor,0,Driving,Night,1,0,0,0,0,0,Dry,13.41383,52.54242,bicycle + 
193777,Mitte,1022202,Heidestraße,April,12,Monday,minor,2,Stationary Traffic,Daylight,0,1,0,1,0,0,Dry,13.36045,52.53714,car + motorbike + 
193778,Charlottenburg-Wilmersdorf,4041137,Flinsberger Platz,April,22,Friday,serious,2,Stationary Traffic,Night,0,1,0,0,0,0,Dry,13.29979,52.48743,car + 
193779,Neukölln,8010213,Körnerpark,April,13,Monday,minor,6,Other,Daylight,0,1,1,0,0,0,Dry,13.43275,52.46808,car + pedestrian + 
193780,Tempelhof-Schöneberg,7020203,Kaiser-Wilhelm-Platz,March,11,Saturday,minor,5,Crossing,Daylight,0,1,0,0,0,1,Dry,13.36015,52.49046,car + other
193781,Spandau,5020625,Borkumer Straße,April,12,Monday,minor,5,Crossing,Daylight,0,1,0,0,0,0,Dry,13.18515,52.5342,car + 
193782,Friedrichshain-Kreuzberg,2040703,Wriezener Bahnhof/Entwicklungsgebiet,March,23,Friday,minor,5,Other,Night,1,1,0,0,0,0,Dry,13.44583,52.5019,bicycle + car + 
193783,Neukölln,8010301,Reuterkiez,April,12,Monday,minor,2,Turning,Daylight,0,1,0,0,0,1,Dry,13.42898,52.48662,car + other
193784,Steglitz-Zehlendorf,6010101,Fichtenberg,April,11,Thursday,minor,5,Turning,Daylight,0,1,0,0,0,0,Dry,13.31782,52.45794,car + 
193785,Friedrichshain-Kreuzberg,2020206,Graefekiez,March,9,Friday,minor,1,Other,Daylight,0,1,0,0,0,0,Dry,13.41547,52.49007,car + 
193786,Marzahn-Hellersdorf,10030724,Oberfeldstraße,April,15,Monday,minor,5,Crossing,Daylight,1,1,0,0,0,0,Dry,13.54941,52.52355,bicycle + car + 
193787,Pankow,3061332,Helmholtzplatz,April,15,Monday,minor,1,Paralle Traffic,Daylight,1,1,0,0,0,0,Dry,13.42536,52.54434,bicycle + car + 
193788,Friedrichshain-Kreuzberg,2030402,Wrangelkiez,April,10,Thursday,minor,2,Stationary Traffic,Daylight,0,1,0,1,0,0,Dry,13.44677,52.49849,car + motorbike + 
193789,Charlottenburg-Wilmersdorf,4041241,Breite Straße,March,13,Friday,minor,5,Turning,Daylight,1,0,0,0,0,1,Dry,13.28906,52.47067,bicycle + other
193790,Lichtenberg,11010204,Falkenberg Ost,April,15,Monday,minor,5,Crossing,Daylight,1,1,0,0,0,0,Dry,13.52977,52.5698,bicycle + car + 
193791,Mitte,1022103,Westhafen,April,19,Saturday,minor,5,Crossing,Dawn,0,1,0,0,0,0,Dry,13.34172,52.53486,car + 
193792,Charlottenburg-Wilmersdorf,4041241,Breite Straße,April,15,Monday,minor,1,Paralle Traffic,Daylight,1,1,0,0,0,0,Dry,13.29398,52.47572,bicycle + car + 
193793,Tempelhof-Schöneberg,7060604,Marienfelde Süd,March,12,Friday,minor,2,Turning,Daylight,0,1,0,0,0,0,Dry,13.37605,52.40912,car + 
193794,Neukölln,8010213,Körnerpark,April,16,Monday,minor,1,Paralle Traffic,Daylight,1,1,0,0,0,0,Dry,13.43091,52.46918,bicycle + car + 
193795,Tempelhof-Schöneberg,7030301,Friedenau,March,12,Friday,minor,5,Crossing,Daylight,1,1,0,0,0,0,Dry,13.33262,52.46887,bicycle + car + 
193796,Neukölln,8010301,Reuterkiez,April,11,Friday,minor,5,Crossing,Daylight,0,1,0,0,0,1,Dry,13.428,52.49254,car + other
193797,Charlottenburg-Wilmersdorf,4020310,Park Ruhwald,April,18,Wednesday,minor,6,Overtaking,Daylight,1,0,1,0,0,0,Dry,13.27967,52.51829,bicycle + pedestrian + 
193798,Friedrichshain-Kreuzberg,2010104,Wassertorplatz,April,15,Thursday,minor,5,Turning,Daylight,0,1,0,0,0,0,Dry,13.40659,52.49835,car + 
193799,Mitte,1033102,Gesundbrunnen,April,13,Sunday,minor,6,Overtaking,Daylight,0,1,1,0,0,0,Dry,13.39215,52.55432,car + pedestrian + 
193800,Spandau,5040936,Jägerallee,April,15,Wednesday,serious,0,Turning,Daylight,0,0,0,0,0,1,Dry,13.14432,52.45419,other
193801,Marzahn-Hellersdorf,10040933,Mahlsdorf Süd,April,19,Wednesday,minor,5,Turning,Daylight,1,1,0,0,0,0,Dry,13.60296,52.48447,bicycle + car + 
193802,Charlottenburg-Wilmersdorf,4030827,Karl-August-Platz,April,9,Wednesday,minor,3,Stationary Traffic,Daylight,1,1,0,0,0,0,Dry,13.31289,52.50628,bicycle + car + 
193803,Mitte,1011401,Invalidenstraße,April,10,Saturday,serious,0,Driving,Daylight,1,0,0,0,0,0,Dry,13.39768,52.5325,bicycle + 
193804,Spandau,5010208,Germersheimer Platz,April,17,Friday,minor,5,Turning,Daylight,1,0,0,0,0,1,Dry,13.18881,52.54683,bicycle + other
193805,Friedrichshain-Kreuzberg,2050802,Boxhagener Platz,April,15,Friday,minor,6,Other,Daylight,1,0,1,0,0,0,Dry,13.45049,52.50865,bicycle + pedestrian + 
193806,Neukölln,8010212,Rollberg,April,16,Friday,minor,2,Stationary Traffic,Daylight,0,1,0,0,0,0,Dry,13.43542,52.47871,car + 
193807,Treptow-Köpenick,9041501,Altstadt Kietz,April,13,Friday,minor,0,Other,Daylight,1,0,0,0,0,0,Dry,13.57762,52.44377,bicycle + 
193808,Charlottenburg-Wilmersdorf,4030415,Schloßgarten,April,14,Friday,minor,2,Stationary Traffic,Daylight,0,1,0,0,0,0,Dry,13.28683,52.51882,car + 
193809,Spandau,5010206,Gütersloher Weg,April,11,Friday,minor,5,Crossing,Daylight,1,1,0,0,0,0,Dry,13.16148,52.54612,bicycle + car + 
193810,Treptow-Köpenick,9051701,Hirschgarten,April,10,Friday,serious,0,Stationary Traffic,Daylight,0,1,0,1,0,0,Dry,13.59535,52.453,car + motorbike + 
193811,Tempelhof-Schöneberg,7040404,Marienhöhe,April,8,Friday,minor,9,Driving,Daylight,0,1,0,0,0,0,Dry,13.37025,52.45163,car + 
193812,Charlottenburg-Wilmersdorf,4030620,Alt-Lietzow,April,9,Friday,minor,5,Other,Daylight,0,1,0,0,0,0,Dry,13.30123,52.51907,car + 
193813,Charlottenburg-Wilmersdorf,4030623,Ernst-Reuter-Platz,April,12,Friday,minor,3,Stationary Traffic,Daylight,0,1,0,1,0,0,Dry,13.3225,52.51365,car + motorbike + 
193814,Spandau,5030731,Gartenfelder Straße,April,14,Friday,minor,2,Turning,Daylight,0,1,0,0,0,0,Dry,13.2327,52.53945,car + 
193815,Charlottenburg-Wilmersdorf,4041344,Rüdesheimer Platz,April,14,Friday,minor,0,Driving,Daylight,1,0,0,0,0,0,Dry,13.30989,52.46774,bicycle + 
193816,Charlottenburg-Wilmersdorf,4020204,Olympiagelände,April,11,Friday,minor,0,Driving,Daylight,0,0,0,1,0,0,Dry,13.23145,52.50986,motorbike + 
193817,Mitte,1011303,Alexanderplatzviertel,April,16,Friday,minor,6,Turning,Daylight,1,0,1,0,0,0,Dry,13.40697,52.51852,bicycle + pedestrian + 
193818,Charlottenburg-Wilmersdorf,4020310,Park Ruhwald,April,16,Friday,serious,5,Crossing,Daylight,0,1,0,0,0,0,Dry,13.27277,52.51949,car + 
193819,Tempelhof-Schöneberg,7040401,Neu-Tempelhof,April,14,Wednesday,serious,5,Crossing,Daylight,1,1,0,0,0,0,Dry,13.3858,52.47156,bicycle + car + 
193820,Tempelhof-Schöneberg,7030303,Grazer Platz,April,17,Friday,minor,3,Turning,Daylight,1,0,0,0,0,1,Dry,13.35572,52.45735,bicycle + other
193821,Pankow,3061429,Greifswalder Straße,April,17,Friday,serious,1,Paralle Traffic,Daylight,1,1,0,0,0,0,Dry,13.45212,52.53947,bicycle + car + 
193822,Reinickendorf,12214125,Waldidyll/Flughafensee,April,18,Friday,minor,2,Stationary Traffic,Daylight,0,1,0,0,0,0,Dry,13.29569,52.54947,car + 
193823,Charlottenburg-Wilmersdorf,4030931,Breitscheidplatz,April,20,Friday,minor,2,Stationary Traffic,Night,0,1,0,0,0,0,Dry,13.33827,52.50343,car + 
193824,Neukölln,8010301,Reuterkiez,April,17,Friday,minor,5,Other,Daylight,0,1,0,0,0,0,Dry,13.44015,52.4816,car + 
193825,Charlottenburg-Wilmersdorf,4020313,Königin-Elisabeth-Straße,April,18,Friday,minor,0,Driving,Daylight,1,0,0,0,0,0,Dry,13.2798,52.50627,bicycle + 
193826,Reinickendorf,12214527,Alt-Tegel,April,15,Thursday,minor,0,Driving,Daylight,1,0,0,0,0,0,Dry,13.28814,52.58489,bicycle + 
193827,Neukölln,8010117,Schillerpromenade,April,19,Thursday,minor,6,Overtaking,Daylight,1,0,1,0,0,0,Dry,13.42743,52.47472,bicycle + pedestrian + 
193828,Mitte,1011101,Stülerstraße,April,16,Thursday,minor,0,Turning,Daylight,1,1,0,0,0,0,Dry,13.35153,52.50952,bicycle + car + 
193829,Friedrichshain-Kreuzberg,2010104,Wassertorplatz,April,20,Thursday,minor,6,Overtaking,Night,0,0,1,1,0,0,Dry,13.4172,52.499,pedestrian + motorbike + 
193830,Treptow-Köpenick,9041601,Müggelheim,April,14,Thursday,minor,2,Turning,Daylight,1,0,0,0,0,1,Dry,13.65374,52.4167,bicycle + other
193831,Reinickendorf,12301203,Wittenau Süd,April,20,Thursday,minor,1,Paralle Traffic,Dawn,0,1,0,1,0,0,Dry,13.32542,52.58947,car + motorbike + 
193832,Lichtenberg,11041128,Sewanstraße,April,20,Thursday,minor,1,Paralle Traffic,Dawn,0,1,0,1,0,0,Dry,13.51908,52.49456,car + motorbike + 
193833,Treptow-Köpenick,9051901,Dammvorstadt,April,14,Thursday,minor,5,Paralle Traffic,Daylight,1,1,0,0,0,0,Dry,13.56513,52.45638,bicycle + car + 
193834,Marzahn-Hellersdorf,10020416,Böhlener Straße,April,5,Thursday,minor,5,Other,Daylight,0,1,0,1,0,0,Dry,13.62284,52.53972,car + motorbike + 
193835,Charlottenburg-Wilmersdorf,4030931,Breitscheidplatz,April,20,Thursday,serious,5,Other,Daylight,0,1,0,1,0,0,Dry,13.33157,52.50524,car + motorbike + 
193836,Steglitz-Zehlendorf,6010209,Feuerbachstraße,April,19,Thursday,minor,5,Crossing,Dawn,1,1,0,0,0,0,Dry,13.33658,52.46315,bicycle + car + 
193837,Marzahn-Hellersdorf,10010203,Gewerbegebiet Bitterfelder Straße,April,12,Thursday,minor,5,Turning,Daylight,0,1,0,0,0,0,Dry,13.53823,52.55434,car + 
193838,Neukölln,8020625,Handwerker-Siedlung,April,12,Thursday,minor,6,Overtaking,Daylight,0,1,1,0,0,0,Dry,13.44915,52.43697,car + pedestrian + 
193839,Mitte,1033102,Gesundbrunnen,April,11,Thursday,minor,6,Other,Daylight,0,0,1,0,0,1,Dry,13.38367,52.55522,pedestrian + other
193840,Friedrichshain-Kreuzberg,2030301,Oranienplatz,April,19,Thursday,minor,5,Crossing,Daylight,1,1,0,0,0,0,Dry,13.42216,52.49918,bicycle + car + 
193841,Steglitz-Zehlendorf,6020409,Königsberger Straße,April,19,Thursday,minor,2,Stationary Traffic,Dawn,0,1,0,0,0,0,Dry,13.31092,52.42104,car + 
193842,Friedrichshain-Kreuzberg,2050601,Hausburgviertel,April,18,Thursday,minor,6,Turning,Daylight,0,1,1,0,0,0,Dry,13.45062,52.52238,car + pedestrian + 
193843,Charlottenburg-Wilmersdorf,4051655,Babelsberger Straße,April,18,Thursday,minor,5,Crossing,Daylight,1,1,0,0,0,0,Dry,13.33278,52.47973,bicycle + car + 
193844,Friedrichshain-Kreuzberg,2050601,Hausburgviertel,April,18,Thursday,minor,5,Turning,Daylight,1,1,0,0,0,0,Dry,13.45075,52.52713,bicycle + car + 
193845,Mitte,1011302,Oranienburger Straße,April,10,Thursday,minor,4,Stationary Traffic,Daylight,1,0,0,0,0,1,Dry,13.39827,52.52355,bicycle + other
193846,Reinickendorf,12302110,Dannenwalder Weg,April,8,Thursday,minor,5,Turning,Daylight,1,1,0,0,0,0,Dry,13.3537,52.59656,bicycle + car + 
193847,Mitte,1022204,Thomasiusstraße,April,7,Thursday,minor,1,Paralle Traffic,Daylight,1,1,0,0,0,0,Dry,13.34951,52.5244,bicycle + car + 
193848,Spandau,5010314,Carl-Schurz-Straße,April,5,Thursday,minor,2,Other,Daylight,0,0,0,1,0,1,Dry,13.20108,52.53848,motorbike + other
193849,Reinickendorf,12103115,Breitkopfbecken,April,12,Thursday,minor,5,Turning,Daylight,0,1,0,0,0,0,Dry,13.35914,52.57425,car + 
193850,Spandau,5030730,Zitadellenweg,April,12,Thursday,minor,2,Stationary Traffic,Daylight,0,1,0,0,0,0,Dry,13.22722,52.53766,car + 
193851,Mitte,1011301,Charitéviertel,April,11,Thursday,minor,0,Driving,Daylight,1,0,0,0,0,0,Dry,13.38264,52.53047,bicycle + 
193852,Steglitz-Zehlendorf,6030609,Augustaplatz,April,4,Thursday,minor,1,Driving,Night,1,1,0,0,0,0,Dry,13.31216,52.44852,bicycle + car + 
193853,Pankow,3030715,Heinersdorf,April,17,Thursday,minor,5,Turning,Daylight,0,1,0,1,0,0,Dry,13.44436,52.56523,car + motorbike + 