id,district,lor,street,month,hour,weekday,injury,collision,movement,light_conditions,bicycle,car,pedestrian,motorbike,truck,other_vehicle,road_conditions,longitude,latitude,Combo_type
193854,Mitte,1033102,Gesundbrunnen,April,17,Thursday,minor,2,Stationary Traffic,Daylight,0,1,0,0,0,0,Dry,13.38154,52.55217,car + 
193855,Mitte,1011103,Lützowstraße,April,16,Thursday,minor,0,Stationary Traffic,Daylight,0,1,0,0,0,1,Dry,13.35158,52.50518,car + other
193856,Treptow-Köpenick,9010101,Elsenstraße,April,16,Thursday,minor,5,Turning,Daylight,1,1,0,0,0,0,Dry,13.45419,52.49396,bicycle + car + 
193857,Mitte,1011201,Wilhelmstraße,April,15,Thursday,minor,5,Crossing,Daylight,1,1,0,0,0,0,Dry,13.3793,52.50703,bicycle + car + 
193858,Charlottenburg-Wilmersdorf,4051448,Schaperstraße,April,15,Thursday,minor,2,Turning,Daylight,0,1,0,0,0,1,Dry,13.32366,52.4936,car + other
193859,Spandau,5010311,Eiswerder,April,15,Thursday,minor,2,Stationary Traffic,Daylight,0,1,0,0,0,0,Dry,13.2078,52.5547,car + 
193860,Charlottenburg-Wilmersdorf,4051549,Rathaus Wilmersdorf,April,15,Thursday,minor,5,Other,Daylight,0,1,0,0,0,0,Dry,13.32036,52.4837,car + 
193861,Spandau,5020523,Maulbeerallee,April,14,Thursday,minor,5,Crossing,Daylight,0,1,0,0,0,0,Dry,13.16945,52.52694,car + 
193862,Tempelhof-Schöneberg,7040405,Rathaus Tempelhof,April,14,Thursday,minor,5,Turning,Daylight,0,1,0,0,0,0,Dry,13.40403,52.46347,car + 
193863,Marzahn-Hellersdorf,10030724,Oberfeldstraße,April,17,Wednesday,minor,2,Crossing,Daylight,1,1,0,0,0,0,Dry,13.56562,52.52918,bicycle + car + 
193864,Steglitz-Zehlendorf,6040810,Dahlem,April,17,Wednesday,minor,1,Driving,Daylight,1,1,0,0,0,0,Dry,13.30072,52.46125,bicycle + car + 
193865,Mitte,1044201,Reinickendorfer Straße,April,9,Wednesday,minor,3,Stationary Traffic,Daylight,0,1,0,0,1,0,Dry,13.37532,52.55644,car + truck + 
193866,Mitte,1011302,Oranienburger Straße,April,12,Wednesday,minor,6,Other,Daylight,0,1,1,0,0,0,Dry,13.39859,52.52544,car + pedestrian + 
193867,Mitte,1033102,Gesundbrunnen,April,19,Wednesday,minor,0,Driving,Daylight,0,1,0,1,0,0,Dry,13.39136,52.55546,car + motorbike + 
193868,Mitte,1011401,Invalidenstraße,April,23,Wednesday,minor,1,Paralle Traffic,Night,1,1,0,0,0,0,Dry,13.39021,52.5318,bicycle + car + 
193869,Steglitz-Zehlendorf,6020409,Königsberger Straße,April,23,Wednesday,minor,8,Driving,Night,0,1,0,0,0,0,Dry,13.31484,52.4306,car + 
193870,Pankow,3040512,Wilhelmsruh,April,22,Wednesday,minor,5,Crossing,Night,0,1,0,0,0,0,Dry,13.36995,52.58934,car + 
193871,Steglitz-Zehlendorf,6040701,Wannsee,April,22,Wednesday,minor,0,Driving,Night,1,0,0,0,0,0,Dry,13.16113,52.43386,bicycle + 
193872,Spandau,5020415,Isenburger Weg,April,22,Wednesday,serious,5,Crossing,Night,0,1,0,0,0,1,Dry,13.13002,52.54072,car + other
193873,Reinickendorf,12302109,Treuenbrietzener Straße,April,20,Wednesday,minor,6,Other,Dawn,0,1,1,0,0,0,Dry,13.356,52.59764,car + pedestrian + 
193874,Charlottenburg-Wilmersdorf,4020314,Messegelände,April,20,Wednesday,minor,3,Turning,Night,0,0,0,1,1,0,Dry,13.27908,52.50362,motorbike + truck + 
193875,Spandau,5010312,Kurstraße,April,18,Wednesday,minor,2,Stationary Traffic,Daylight,0,1,0,0,0,0,Dry,13.20943,52.53841,car + 
193876,Mitte,1044103,Westliche Müllerstraße,April,11,Wednesday,minor,1,Other,Daylight,1,1,0,0,0,0,Dry,13.35125,52.54899,bicycle + car + 
193877,Treptow-Köpenick,9020802,Köllnische Vorstadt,April,10,Wednesday,minor,5,Crossing,Daylight,1,1,0,0,0,0,Dry,13.56603,52.44505,bicycle + car + 
193878,Tempelhof-Schöneberg,7070701,Kettinger Straße/Schillerstraße,April,10,Wednesday,minor,5,Turning,Daylight,0,1,0,0,0,0,Dry,13.40106,52.41457,car + 
193879,Pankow,3071638,Winsstraße,April,10,Wednesday,minor,3,Stationary Traffic,Daylight,1,1,0,0,0,0,Dry,13.41852,52.52853,bicycle + car + 
193880,Charlottenburg-Wilmersdorf,4030931,Breitscheidplatz,April,17,Wednesday,minor,6,Other,Daylight,1,0,0,0,0,1,Dry,13.33382,52.50442,bicycle + other
193881,Spandau,5030833,Motardstraße,April,9,Wednesday,minor,2,Stationary Traffic,Daylight,0,1,0,0,0,1,Dry,13.24805,52.53644,car + other
193882,Treptow-Köpenick,9010301,Baumschulenstraße,April,9,Wednesday,minor,5,Crossing,Daylight,1,1,0,0,0,0,Dry,13.4925,52.46999,bicycle + car + 
193883,Friedrichshain-Kreuzberg,2030301,Oranienplatz,April,9,Wednesday,minor,6,Overtaking,Daylight,1,0,1,0,0,0,Dry,13.4203,52.4967,bicycle + pedestrian + 
193884,Friedrichshain-Kreuzberg,2050801,Traveplatz,April,9,Wednesday,minor,3,Stationary Traffic,Daylight,1,0,0,1,0,0,Dry,13.45788,52.51275,bicycle + motorbike + 
193885,Spandau,5020625,Borkumer Straße,April,8,Wednesday,minor,2,Stationary Traffic,Daylight,0,1,0,0,0,0,Dry,13.1834,52.53281,car + 
193886,Pankow,3050920,Weißer See,April,8,Wednesday,minor,5,Crossing,Daylight,0,1,0,0,0,1,Dry,13.45858,52.55777,car + other
193887,Spandau,5010101,Hakenfelde Nord,April,16,Wednesday,minor,6,Other,Daylight,0,1,1,0,0,0,Dry,13.21495,52.56069,car + pedestrian + 
193888,Pankow,3020209,Niederschönhausen,April,7,Wednesday,minor,0,Crossing,Daylight,0,1,0,1,0,0,Dry,13.39838,52.59245,car + motorbike + 
193889,Mitte,1044201,Reinickendorfer Straße,April,12,Wednesday,minor,5,Crossing,Daylight,1,1,0,0,0,0,Dry,13.37001,52.55292,bicycle + car + 
193890,Lichtenberg,11030721,Rüdigerstraße,April,9,Wednesday,serious,5,Crossing,Daylight,0,1,0,1,0,0,Dry,13.49332,52.51448,car + motorbike + 
193891,Pankow,3040512,Wilhelmsruh,April,13,Wednesday,minor,8,Driving,Daylight,0,1,0,0,0,0,Dry,13.38663,52.59014,car + 
193892,Mitte,1044103,Westliche Müllerstraße,April,13,Wednesday,minor,6,Overtaking,Daylight,1,0,1,0,0,0,Dry,13.34959,52.549,bicycle + pedestrian + 
193893,Lichtenberg,11010102,Dorf Wartenberg,April,14,Wednesday,minor,2,Turning,Daylight,1,1,0,0,0,0,Dry,13.51903,52.57737,bicycle + car + 
193894,Marzahn-Hellersdorf,10040933,Mahlsdorf Süd,April,14,Wednesday,minor,5,Crossing,Daylight,0,1,0,0,1,0,Dry,13.59098,52.48306,car + truck + 
193895,Treptow-Köpenick,9041601,Müggelheim,April,15,Wednesday,minor,4,Stationary Traffic,Daylight,0,1,0,0,1,0,Dry,13.68866,52.42535,car + truck + 
193896,Tempelhof-Schöneberg,7040401,Neu-Tempelhof,April,15,Wednesday,minor,2,Stationary Traffic,Daylight,0,1,0,0,0,0,Dry,13.38136,52.48276,car + 
193897,Charlottenburg-Wilmersdorf,4051445,Eisenzahnstraße,April,15,Wednesday,minor,5,Crossing,Daylight,0,1,0,1,0,0,Dry,13.3065,52.4928,car + motorbike + 
193898,Mitte,1011302,Oranienburger Straße,April,15,Wednesday,minor,5,Turning,Daylight,1,1,0,0,0,0,Dry,13.39373,52.52861,bicycle + car + 
193899,Spandau,5030731,Gartenfelder Straße,April,15,Wednesday,minor,1,Paralle Traffic,Daylight,0,1,0,1,0,0,Dry,13.24078,52.53893,car + motorbike + 
193900,Spandau,5010206,Gütersloher Weg,April,16,Wednesday,serious,2,Driving,Daylight,0,1,0,1,0,0,Dry,13.15694,52.55273,car + motorbike + 
193901,Friedrichshain-Kreuzberg,2050803,Stralauer Kiez,April,16,Wednesday,minor,0,Paralle Traffic,Daylight,1,1,0,0,0,0,Dry,13.46845,52.50252,bicycle + car + 
193902,Pankow,3071536,Teutoburger Platz,April,16,Wednesday,minor,6,Overtaking,Daylight,1,0,1,0,0,0,Dry,13.40957,52.53841,bicycle + pedestrian + 
193903,Treptow-Köpenick,9051901,Dammvorstadt,April,16,Wednesday,minor,2,Stationary Traffic,Daylight,0,0,0,1,0,1,Dry,13.58005,52.45554,motorbike + other
193904,Neukölln,8020620,Tempelhofer Weg,April,16,Wednesday,serious,2,Driving,Daylight,0,1,0,0,0,0,Dry,13.4346,52.45102,car + 
193905,Pankow,3050924,Behaimstraße,April,16,Wednesday,minor,0,Driving,Daylight,1,0,0,0,0,0,Dry,13.44387,52.55073,bicycle + 
193906,Spandau,5020628,Graetschelsteig,April,11,Wednesday,serious,0,Other,Daylight,0,1,0,0,0,0,Dry,13.18861,52.52158,car + 
193907,Friedrichshain-Kreuzberg,2010103,Moritzplatz,April,16,Tuesday,minor,0,Paralle Traffic,Daylight,0,1,0,1,0,0,Dry,13.39981,52.49867,car + motorbike + 
193908,Friedrichshain-Kreuzberg,2050601,Hausburgviertel,April,15,Tuesday,minor,5,Turning,Daylight,1,1,0,0,0,0,Dry,13.45084,52.52736,bicycle + car + 
193909,Friedrichshain-Kreuzberg,2050801,Traveplatz,April,18,Tuesday,minor,5,Crossing,Daylight,0,1,0,0,0,0,Dry,13.46686,52.51271,car + 
193910,Treptow-Köpenick,9041501,Altstadt Kietz,April,11,Tuesday,minor,5,Crossing,Daylight,1,0,0,0,0,1,Dry,13.57769,52.44425,bicycle + other
193911,Friedrichshain-Kreuzberg,2020203,Viktoriapark,April,9,Tuesday,minor,5,Turning,Daylight,1,1,0,0,0,0,Dry,13.38759,52.49306,bicycle + car + 
193912,Friedrichshain-Kreuzberg,2020206,Graefekiez,April,10,Tuesday,minor,2,Stationary Traffic,Daylight,1,1,0,0,0,0,Dry,13.41935,52.49003,bicycle + car + 
193913,Mitte,1011301,Charitéviertel,April,9,Tuesday,minor,5,Turning,Daylight,1,1,0,0,0,0,Dry,13.38709,52.52712,bicycle + car + 
193914,Mitte,1033102,Gesundbrunnen,April,8,Tuesday,minor,6,Stationary Traffic,Daylight,1,0,1,0,0,0,Dry,13.39186,52.5498,bicycle + pedestrian + 
193915,Mitte,1011202,Unter den Linden Nord,April,17,Tuesday,minor,0,Other,Daylight,0,0,0,1,0,0,Dry,13.38604,52.51969,motorbike + 
193916,Reinickendorf,12214424,Scharnweberstraße,April,20,Tuesday,minor,2,Stationary Traffic,Night,0,1,0,0,0,0,Dry,13.32205,52.56059,car + 
193917,Lichtenberg,11040926,Weitlingstraße,April,19,Tuesday,minor,5,Turning,Dawn,1,1,0,0,0,0,Dry,13.51966,52.50584,bicycle + car + 
193918,Friedrichshain-Kreuzberg,2020206,Graefekiez,April,10,Tuesday,minor,6,Overtaking,Daylight,1,0,1,0,0,0,Dry,13.42363,52.49052,bicycle + pedestrian + 
193919,Reinickendorf,12214421,Reinickes Hof,April,18,Tuesday,minor,3,Stationary Traffic,Daylight,0,1,0,0,0,0,Dry,13.3329,52.57778,car + 
193920,Spandau,5010312,Kurstraße,April,7,Tuesday,minor,2,Stationary Traffic,Daylight,0,1,0,0,0,0,Dry,13.20941,52.53841,car + 
193921,Marzahn-Hellersdorf,10020414,Helle Mitte,April,18,Tuesday,minor,4,Paralle Traffic,Daylight,0,1,0,1,0,0,Dry,13.60201,52.53849,car + motorbike + 
193922,Neukölln,8010117,Schillerpromenade,April,18,Tuesday,minor,5,Crossing,Daylight,1,1,0,0,0,0,Dry,13.42411,52.47732,bicycle + car + 
193923,Friedrichshain-Kreuzberg,2040503,Richard-Sorge-Viertel,April,6,Tuesday,minor,5,Crossing,Daylight,0,0,0,1,0,1,Dry,13.44789,52.51956,motorbike + other
193924,Tempelhof-Schöneberg,7030301,Friedenau,April,18,Tuesday,minor,2,Stationary Traffic,Daylight,0,1,0,0,0,0,Dry,13.32848,52.47098,car + 
193925,Tempelhof-Schöneberg,7010101,Wittenbergplatz/Viktoria-Luise-Platz,April,9,Tuesday,minor,5,Turning,Daylight,1,1,0,0,0,0,Dry,13.34373,52.50155,bicycle + car + 
193926,Friedrichshain-Kreuzberg,2010101,Askanischer Platz,April,8,Tuesday,minor,2,Stationary Traffic,Daylight,0,1,0,0,0,0,Dry,13.38791,52.5029,car + 
193927,Pankow,3061430,Volkspark Prenzlauer Berg,April,3,Tuesday,serious,5,Turning,Night,0,1,0,1,0,0,Dry,13.45582,52.53081,car + motorbike + 
193928,Reinickendorf,12302110,Dannenwalder Weg,April,9,Tuesday,minor,0,Turning,Daylight,0,1,0,0,0,1,Dry,13.35492,52.59663,car + other
193929,Friedrichshain-Kreuzberg,2030401,Reichenberger Straße,April,22,Tuesday,minor,0,Stationary Traffic,Night,0,1,0,1,0,0,Dry,13.42207,52.49595,car + motorbike + 
193930,Neukölln,8010117,Schillerpromenade,April,21,Tuesday,minor,5,Turning,Night,1,1,0,0,0,0,Dry,13.42719,52.47522,bicycle + car + 
193931,Tempelhof-Schöneberg,7030301,Friedenau,April,17,Tuesday,minor,1,Paralle Traffic,Daylight,1,1,0,0,0,0,Dry,13.32149,52.47034,bicycle + car + 
193932,Treptow-Köpenick,9010401,Johannisthal West,April,16,Tuesday,minor,3,Stationary Traffic,Daylight,0,1,0,1,0,0,Dry,13.50916,52.453,car + motorbike + 
193933,Charlottenburg-Wilmersdorf,4051448,Schaperstraße,April,16,Tuesday,minor,1,Paralle Traffic,Daylight,1,1,0,0,0,0,Dry,13.33555,52.49805,bicycle + car + 
193934,Tempelhof-Schöneberg,7050505,Hundsteinweg,April,15,Tuesday,serious,4,Stationary Traffic,Daylight,0,1,0,0,0,0,Dry,13.4052,52.43946,car + 
193935,Steglitz-Zehlendorf,6010205,Südende,April,14,Tuesday,minor,3,Stationary Traffic,Daylight,0,1,0,0,1,0,Dry,13.35979,52.44647,car + truck + 
193936,Treptow-Köpenick,9020802,Köllnische Vorstadt,April,11,Tuesday,minor,6,Turning,Daylight,0,1,1,0,0,0,Dry,13.5593,52.44671,car + pedestrian + 
193937,Spandau,5020626,Adamstraße,April,11,Tuesday,minor,2,Stationary Traffic,Daylight,0,1,0,0,0,0,Dry,13.17742,52.52534,car + 
193938,Friedrichshain-Kreuzberg,2030401,Reichenberger Straße,April,23,Tuesday,minor,0,Driving,Night,0,0,0,1,0,0,Dry,13.44198,52.49397,motorbike + 
193939,Neukölln,8010301,Reuterkiez,April,14,Monday,minor,1,Paralle Traffic,Daylight,1,0,0,0,0,1,Dry,13.4259,52.48772,bicycle + other
193940,Mitte,1022206,Lüneburger Straße,April,13,Wednesday,serious,6,Overtaking,Daylight,0,1,1,0,0,0,Dry,13.36908,52.52649,car + pedestrian + 
193941,Charlottenburg-Wilmersdorf,4030623,Ernst-Reuter-Platz,April,8,Wednesday,minor,2,Stationary Traffic,Daylight,0,1,0,0,0,0,Dry,13.32347,52.51585,car + 
193942,Lichtenberg,11030618,Fennpfuhl West,April,15,Monday,minor,6,Other,Daylight,0,0,1,0,0,1,Dry,13.47974,52.52444,pedestrian + other
193943,Mitte,1011306,Heine-Viertel Ost,April,6,Monday,minor,5,Crossing,Daylight,1,1,0,0,0,0,Dry,13.41789,52.50657,bicycle + car + 
193944,Marzahn-Hellersdorf,10030727,Biesdorf Süd,April,5,Monday,minor,5,Crossing,Dawn,1,1,0,0,0,0,Dry,13.5606,52.48761,bicycle + car + 
193945,Friedrichshain-Kreuzberg,2020205,Chamissokiez,April,17,Monday,minor,1,Paralle Traffic,Daylight,1,0,0,0,0,1,Dry,13.39064,52.48956,bicycle + other
193946,Charlottenburg-Wilmersdorf,4051448,Schaperstraße,April,18,Monday,minor,5,Turning,Daylight,0,1,0,1,0,0,Dry,13.33536,52.49926,car + motorbike + 
193947,Friedrichshain-Kreuzberg,2020204,Urbanstraße,April,19,Monday,minor,2,Stationary Traffic,Daylight,1,1,0,0,0,0,Dry,13.39548,52.4962,bicycle + car + 
193948,Treptow-Köpenick,9010301,Baumschulenstraße,April,19,Monday,minor,6,Turning,Daylight,0,1,1,0,0,0,Dry,13.49143,52.4692,car + pedestrian + 
193949,Pankow,3040513,Schönholz,April,18,Monday,minor,5,Crossing,Daylight,1,1,0,0,0,0,Dry,13.38978,52.57429,bicycle + car + 
193950,Neukölln,8020728,Buckow Ost,April,18,Monday,serious,6,Overtaking,Daylight,0,1,1,0,0,0,Dry,13.4489,52.41941,car + pedestrian + 
193951,Neukölln,8020619,Buschkrugallee Nord,April,16,Monday,minor,5,Turning,Daylight,1,1,0,0,0,0,Dry,13.45313,52.45271,bicycle + car + 
193952,Neukölln,8010213,Körnerpark,April,16,Monday,minor,0,Paralle Traffic,Daylight,0,1,0,1,0,0,Dry,13.4315,52.46856,car + motorbike + 
193953,Friedrichshain-Kreuzberg,2030302,Lausitzer Platz,April,9,Wednesday,minor,3,Stationary Traffic,Daylight,1,0,0,0,1,0,Dry,13.44193,52.50109,bicycle + truck + 
193954,Neukölln,8020625,Handwerker-Siedlung,April,14,Monday,minor,5,Crossing,Daylight,1,1,0,0,0,0,Dry,13.4349,52.42876,bicycle + car + 
193955,Tempelhof-Schöneberg,7030301,Friedenau,April,16,Monday,minor,5,Crossing,Daylight,0,1,0,0,0,0,Dry,13.32416,52.47358,car + 
193956,Spandau,5010311,Eiswerder,April,15,Monday,minor,2,Stationary Traffic,Daylight,0,1,0,0,0,0,Dry,13.22216,52.55578,car + 
193957,Mitte,1011204,Leipziger Straße,April,15,Monday,minor,5,Turning,Daylight,0,1,0,1,0,0,Dry,13.40529,52.51434,car + motorbike + 
193958,Marzahn-Hellersdorf,10010309,Springpfuhl,April,15,Monday,serious,6,Overtaking,Daylight,0,0,1,0,0,1,Dry,13.54038,52.52574,pedestrian + other
193959,Spandau,5020627,Tiefwerder,April,14,Monday,minor,2,Stationary Traffic,Daylight,0,1,0,0,0,0,Dry,13.20775,52.52859,car + 
193960,Treptow-Köpenick,9041601,Müggelheim,April,13,Monday,minor,5,Crossing,Daylight,0,1,0,0,0,0,Dry,13.65439,52.41092,car + 
193961,Tempelhof-Schöneberg,7050505,Hundsteinweg,April,12,Monday,minor,3,Stationary Traffic,Daylight,0,1,0,0,0,0,Dry,13.40557,52.43943,car + 
193962,Treptow-Köpenick,9041501,Altstadt Kietz,April,8,Monday,minor,5,Turning,Daylight,1,1,0,0,0,0,Dry,13.58247,52.44272,bicycle + car + 
193963,Friedrichshain-Kreuzberg,2010102,Mehringplatz,April,9,Monday,minor,5,Crossing,Daylight,1,1,0,0,0,0,Dry,13.39018,52.50449,bicycle + car + 
193964,Neukölln,8041040,Waltersdorfer Chaussee Ost,April,9,Monday,minor,2,Stationary Traffic,Daylight,0,1,0,0,0,0,Dry,13.50614,52.41852,car + 
193965,Treptow-Köpenick,9051901,Dammvorstadt,April,11,Monday,minor,5,Crossing,Daylight,1,1,0,0,0,0,Dry,13.57446,52.44874,bicycle + car + 
193966,Neukölln,8040933,Vogelviertel Süd,April,10,Monday,minor,5,Crossing,Daylight,1,1,0,0,0,0,Dry,13.45874,52.44023,bicycle + car + 
193967,Tempelhof-Schöneberg,7040401,Neu-Tempelhof,April,10,Monday,minor,5,Turning,Daylight,1,1,0,0,0,0,Dry,13.37736,52.48211,bicycle + car + 
193968,Friedrichshain-Kreuzberg,2020205,Chamissokiez,April,11,Monday,minor,1,Paralle Traffic,Daylight,0,1,0,1,0,0,Dry,13.39392,52.48973,car + motorbike + 
193969,Friedrichshain-Kreuzberg,2030401,Reichenberger Straße,April,11,Monday,minor,0,Crossing,Daylight,0,1,0,0,0,1,Dry,13.43514,52.49402,car + other
193970,Treptow-Köpenick,9030901,Dorf Altglienicke,April,12,Monday,minor,2,Stationary Traffic,Daylight,0,1,0,0,0,0,Dry,13.52614,52.42376,car + 
193971,Mitte,1011401,Invalidenstraße,April,12,Monday,minor,0,Driving,Daylight,1,0,0,0,0,0,Dry,13.39878,52.53259,bicycle + 
193972,Tempelhof-Schöneberg,7010104,Dennewitzplatz,April,12,Sunday,minor,2,Other,Daylight,0,1,0,0,0,0,Wet,13.36113,52.4959,car + 
193973,Steglitz-Zehlendorf,6030504,Teltower Damm,April,11,Sunday,minor,5,Crossing,Daylight,0,1,0,0,0,0,Wet,13.27173,52.42729,car + 
193974,Charlottenburg-Wilmersdorf,4041136,Hagenplatz,April,11,Sunday,minor,5,Crossing,Daylight,0,1,0,0,0,0,Wet,13.27552,52.48276,car + 
193975,Pankow,3030406,Alt-Karow,April,11,Sunday,minor,5,Crossing,Daylight,0,1,0,0,0,0,Wet,13.47397,52.60983,car + 
193976,Treptow-Köpenick,9010101,Elsenstraße,April,9,Sunday,minor,5,Crossing,Daylight,0,1,0,0,0,0,Wet,13.45429,52.49595,car + 
193977,Marzahn-Hellersdorf,10020412,Alte Hellersdorfer Straße,April,5,Sunday,minor,1,Paralle Traffic,Dawn,0,1,0,0,0,1,Wet,13.59185,52.54556,car + other
193978,Treptow-Köpenick,9041301,Kietzer Feld/Nachtheide,April,16,Sunday,serious,5,Turning,Daylight,0,1,0,0,0,0,Dry,13.59662,52.43699,car + 
193979,Charlottenburg-Wilmersdorf,4030725,Amtsgerichtsplatz,April,16,Sunday,serious,5,Turning,Daylight,0,1,0,1,0,0,Dry,13.30292,52.5055,car + motorbike + 
193980,Spandau,5010103,Amorbacher Weg,April,20,Sunday,minor,1,Paralle Traffic,Night,1,1,0,0,0,0,Dry,13.1991,52.56209,bicycle + car + 
193981,Steglitz-Zehlendorf,6040804,Krumme Lanke,April,22,Sunday,minor,5,Crossing,Night,0,1,0,1,0,0,Dry,13.22953,52.4338,car + motorbike + 
193982,Steglitz-Zehlendorf,6030610,Lichterfelde West,April,10,Saturday,minor,3,Stationary Traffic,Daylight,0,1,0,0,0,0,Dry,13.30984,52.43135,car + 
193983,Neukölln,8010301,Reuterkiez,April,15,Saturday,minor,3,Stationary Traffic,Daylight,0,1,0,0,0,0,Dry,13.42785,52.48702,car + 
193984,Charlottenburg-Wilmersdorf,4030931,Breitscheidplatz,April,18,Saturday,minor,1,Paralle Traffic,Daylight,1,1,0,0,0,0,Dry,13.33735,52.50129,bicycle + car + 
193985,Mitte,1022204,Thomasiusstraße,April,22,Saturday,serious,5,Turning,Night,1,1,0,0,0,0,Dry,13.34636,52.52495,bicycle + car + 
193986,Mitte,1011302,Oranienburger Straße,April,19,Saturday,minor,5,Turning,Daylight,1,1,0,0,0,0,Dry,13.40793,52.52688,bicycle + car + 
193987,Pankow,3071633,Thälmannpark,April,18,Saturday,minor,5,Crossing,Daylight,0,1,0,0,0,0,Dry,13.42663,52.54291,car + 
193988,Neukölln,8010118,Silbersteinstraße,April,18,Saturday,minor,5,Crossing,Daylight,0,1,0,0,0,0,Dry,13.43344,52.46405,car + 
193989,Tempelhof-Schöneberg,7030301,Friedenau,April,16,Saturday,minor,6,Overtaking,Daylight,0,1,1,0,0,0,Dry,13.34004,52.47552,car + pedestrian + 
193990,Steglitz-Zehlendorf,6010206,Stadtpark,April,14,Saturday,minor,1,Paralle Traffic,Daylight,1,1,0,0,0,0,Dry,13.33664,52.45119,bicycle + car + 
193991,Lichtenberg,11030720,Herzbergstraße,April,13,Saturday,minor,2,Stationary Traffic,Daylight,0,1,0,0,0,0,Dry,13.51461,52.5353,car + 
193992,Charlottenburg-Wilmersdorf,4030931,Breitscheidplatz,April,12,Saturday,serious,6,Overtaking,Daylight,0,1,1,0,0,0,Dry,13.33823,52.5021,car + pedestrian + 
193993,Marzahn-Hellersdorf,10020414,Helle Mitte,April,12,Saturday,minor,2,Overtaking,Daylight,0,1,1,0,0,0,Dry,13.60422,52.53884,car + pedestrian + 
193994,Pankow,3010102,Buch,April,11,Saturday,minor,5,Crossing,Daylight,1,1,0,0,0,0,Dry,13.49641,52.6348,bicycle + car + 
193995,Mitte,1022206,Lüneburger Straße,April,10,Saturday,serious,6,Overtaking,Daylight,0,1,1,0,0,0,Dry,13.37028,52.52661,car + pedestrian + 
193996,Mitte,1022201,Stephankiez,April,0,Saturday,minor,4,Stationary Traffic,Night,0,1,0,0,0,0,Dry,13.36367,52.52861,car + 
193997,Tempelhof-Schöneberg,7030301,Friedenau,April,10,Friday,minor,6,Overtaking,Daylight,0,1,1,0,0,0,Dry,13.32639,52.47642,car + pedestrian + 
193998,Tempelhof-Schöneberg,7040404,Marienhöhe,April,14,Friday,minor,5,Paralle Traffic,Daylight,0,1,0,0,0,0,Dry,13.37763,52.45286,car + 
193999,Charlottenburg-Wilmersdorf,4010101,Jungfernheide,April,14,Friday,minor,5,Turning,Daylight,0,1,0,1,0,0,Dry,13.29535,52.53961,car + motorbike + 
194000,Spandau,5010314,Carl-Schurz-Straße,April,11,Wednesday,minor,0,Turning,Daylight,0,1,0,0,0,1,Dry,13.20067,52.53871,car + other
194001,Reinickendorf,12304313,Borsigwalde,April,14,Friday,serious,5,Crossing,Daylight,0,1,0,1,0,0,Dry,13.30556,52.58204,car + motorbike + 
194002,Reinickendorf,12214424,Scharnweberstraße,April,13,Friday,minor,1,Paralle Traffic,Daylight,0,1,0,0,0,1,Dry,13.33153,52.56211,car + other
194003,Neukölln,8020625,Handwerker-Siedlung,April,11,Friday,minor,5,Crossing,Daylight,1,1,0,0,0,0,Dry,13.43523,52.43932,bicycle + car + 
194004,Mitte,1033102,Gesundbrunnen,April,11,Friday,minor,5,Crossing,Daylight,1,1,0,0,0,0,Dry,13.38383,52.55501,bicycle + car + 
194005,Lichtenberg,11030721,Rüdigerstraße,April,10,Friday,minor,5,Turning,Daylight,1,1,0,0,0,0,Dry,13.47789,52.51462,bicycle + car + 
194006,Charlottenburg-Wilmersdorf,4020313,Königin-Elisabeth-Straße,April,9,Friday,minor,3,Stationary Traffic,Daylight,0,1,0,0,0,1,Dry,13.27715,52.50738,car + other
194007,Pankow,3040818,Pankow Süd,April,8,Friday,minor,1,Paralle Traffic,Daylight,1,1,0,0,0,0,Dry,13.42212,52.56018,bicycle + car + 
194008,Mitte,1011203,Unter den Linden Süd,April,8,Friday,minor,3,Stationary Traffic,Daylight,1,0,0,0,1,0,Dry,13.38615,52.51544,bicycle + truck + 
194009,Mitte,1011103,Lützowstraße,April,12,Friday,minor,2,Driving,Daylight,0,1,0,1,0,0,Dry,13.36049,52.50039,car + motorbike + 
194010,Neukölln,8041038,Waßmannsdorfer Chaussee,April,7,Friday,minor,5,Crossing,Daylight,1,1,0,0,0,0,Dry,13.49494,52.41265,bicycle + car + 
194011,Friedrichshain-Kreuzberg,2020204,Urbanstraße,April,13,Friday,minor,2,Stationary Traffic,Daylight,0,1,0,0,0,1,Dry,13.3893,52.49246,car + other
194012,Reinickendorf,12301203,Wittenau Süd,April,10,Friday,minor,5,Turning,Daylight,0,1,0,0,0,1,Dry,13.33409,52.5956,car + other
194013,Mitte,1011203,Unter den Linden Süd,April,8,Friday,minor,5,Crossing,Daylight,1,1,0,0,0,0,Dry,13.38906,52.51558,bicycle + car + 
194014,Treptow-Köpenick,9041501,Altstadt Kietz,April,8,Friday,serious,6,Overtaking,Daylight,0,1,1,0,0,0,Dry,13.58178,52.44269,car + pedestrian + 
194015,Treptow-Köpenick,9030901,Dorf Altglienicke,April,23,Friday,minor,1,Paralle Traffic,Night,0,1,0,0,0,0,Dry,13.54226,52.4177,car + 
194016,Neukölln,8030830,Gropiusstadt Süd,April,21,Friday,minor,5,Crossing,Night,0,1,0,0,0,0,Dry,13.44828,52.42738,car + 
194017,Friedrichshain-Kreuzberg,2020206,Graefekiez,April,19,Friday,minor,5,Other,Dawn,0,1,0,0,0,0,Dry,13.41924,52.49006,car + 