id,district,lor,street,month,hour,weekday,injury,collision,movement,light_conditions,bicycle,car,pedestrian,motorbike,truck,other_vehicle,road_conditions,longitude,latitude,Combo_type
194018,Spandau,5010314,Carl-Schurz-Straße,April,17,Friday,serious,6,Overtaking,Daylight,0,1,1,0,0,0,Dry,13.19896,52.53487,car + pedestrian + 
194019,Mitte,1011101,Stülerstraße,April,17,Friday,minor,0,Driving,Daylight,0,1,0,0,0,0,Dry,13.35191,52.5078,car + 
194020,Steglitz-Zehlendorf,6030501,Berlepschstraße,April,17,Friday,minor,5,Crossing,Daylight,1,1,0,0,0,0,Dry,13.24483,52.42586,bicycle + car + 
194021,Pankow,3051017,Rennbahnstraße,April,6,Friday,minor,5,Crossing,Daylight,0,1,0,0,0,0,Dry,13.46117,52.56269,car + 
194022,Spandau,5040937,Kladower Damm,April,3,Friday,serious,8,Driving,Night,0,1,0,0,0,1,Dry,13.14486,52.45492,car + other
194023,Treptow-Köpenick,9010202,Köpenicker Landstraße,April,9,Thursday,minor,5,Crossing,Daylight,1,1,0,0,0,0,Dry,13.47856,52.4716,bicycle + car + 
194024,Charlottenburg-Wilmersdorf,4051445,Eisenzahnstraße,April,9,Thursday,minor,6,Turning,Daylight,0,1,1,0,0,0,Dry,13.30519,52.49678,car + pedestrian + 
194025,Mitte,1044202,Sparrplatz,April,19,Thursday,serious,6,Overtaking,Dawn,0,1,1,0,0,0,Dry,13.35766,52.54109,car + pedestrian + 
194026,Charlottenburg-Wilmersdorf,4020310,Park Ruhwald,April,14,Thursday,minor,2,Stationary Traffic,Daylight,0,1,0,0,1,0,Dry,13.27928,52.52432,car + truck + 
194027,Friedrichshain-Kreuzberg,2030302,Lausitzer Platz,April,19,Thursday,minor,5,Turning,Daylight,1,1,0,0,0,0,Dry,13.43767,52.50035,bicycle + car + 
194028,Steglitz-Zehlendorf,6040807,Zehlendorf Eiche,April,14,Thursday,minor,5,Turning,Daylight,1,0,0,1,0,0,Dry,13.26513,52.44217,bicycle + motorbike + 
194029,Steglitz-Zehlendorf,6020410,Oberhofer Platz,April,14,Thursday,minor,5,Crossing,Daylight,1,1,0,0,0,0,Dry,13.33422,52.41747,bicycle + car + 
194030,Mitte,1022106,Elberfelder Straße,April,17,Thursday,minor,0,Driving,Dawn,1,0,0,0,0,0,Dry,13.33099,52.52396,bicycle + 
194031,Mitte,1011305,Heine-Viertel West,April,13,Thursday,minor,5,Crossing,Daylight,1,1,0,0,0,0,Dry,13.41146,52.51282,bicycle + car + 
194032,Steglitz-Zehlendorf,6010206,Stadtpark,April,17,Thursday,minor,5,Crossing,Daylight,0,1,0,1,0,1,Dry,13.33887,52.44901,car + motorbike + other
194033,Reinickendorf,12304313,Borsigwalde,April,12,Thursday,minor,5,Turning,Daylight,0,1,0,0,0,1,Dry,13.31542,52.57793,car + other
194034,Treptow-Köpenick,9041301,Kietzer Feld/Nachtheide,April,12,Thursday,minor,5,Turning,Daylight,1,1,0,0,0,0,Dry,13.58659,52.44095,bicycle + car + 
194035,Marzahn-Hellersdorf,10010308,Marzahner Chaussee,April,11,Thursday,minor,2,Stationary Traffic,Daylight,0,1,0,0,0,0,Dry,13.51796,52.53553,car + 
194036,Mitte,1033102,Gesundbrunnen,April,10,Thursday,minor,5,Turning,Daylight,1,1,0,0,0,0,Dry,13.38418,52.55604,bicycle + car + 
194037,Tempelhof-Schöneberg,7040403,Manteuffelstraße,April,17,Thursday,minor,0,Turning,Daylight,0,1,0,0,0,1,Dry,13.37611,52.45872,car + other
194038,Mitte,1033202,Humboldthain Süd,April,10,Thursday,minor,6,Overtaking,Daylight,0,1,1,0,0,0,Dry,13.3836,52.53669,car + pedestrian + 
194039,Reinickendorf,12214527,Alt-Tegel,April,9,Thursday,minor,6,Overtaking,Daylight,0,1,1,0,0,0,Dry,13.28888,52.58279,car + pedestrian + 
194040,Mitte,1011302,Oranienburger Straße,April,9,Thursday,minor,3,Stationary Traffic,Daylight,1,1,0,0,0,0,Dry,13.40167,52.52896,bicycle + car + 
194041,Steglitz-Zehlendorf,6020305,Gemeindepark Lankwitz,April,8,Thursday,minor,5,Turning,Daylight,1,1,0,0,0,0,Dry,13.35071,52.42809,bicycle + car + 
194042,Pankow,3061228,Erich-Weinert-Straße,April,8,Thursday,minor,2,Stationary Traffic,Daylight,0,1,0,0,0,1,Dry,13.43158,52.54392,car + other
194043,Mitte,1022205,Zillesiedlung,April,7,Thursday,minor,5,Crossing,Daylight,1,1,0,0,0,0,Dry,13.3575,52.52441,bicycle + car + 
194044,Charlottenburg-Wilmersdorf,4041137,Flinsberger Platz,April,7,Thursday,minor,5,Crossing,Daylight,0,0,0,1,1,0,Dry,13.29002,52.48229,motorbike + truck + 
194045,Mitte,1011302,Oranienburger Straße,April,7,Thursday,serious,0,Driving,Daylight,0,0,0,1,0,0,Wet,13.40133,52.52963,motorbike + 
194046,Tempelhof-Schöneberg,7040403,Manteuffelstraße,April,20,Wednesday,minor,5,Turning,Night,1,1,0,0,0,0,Dry,13.38544,52.4661,bicycle + car + 
194047,Mitte,1011201,Wilhelmstraße,April,9,Wednesday,serious,1,Paralle Traffic,Daylight,1,1,0,0,0,0,Dry,13.37734,52.5108,bicycle + car + 
194048,Tempelhof-Schöneberg,7050505,Hundsteinweg,April,9,Thursday,minor,0,Driving,Daylight,0,0,0,1,0,0,Dry,13.41061,52.43899,motorbike + 
194049,Mitte,1011303,Alexanderplatzviertel,April,16,Thursday,serious,6,Overtaking,Daylight,0,1,1,0,0,0,Dry,13.41648,52.52183,car + pedestrian + 
194050,Tempelhof-Schöneberg,7070703,John-Locke-Straße,April,16,Thursday,minor,2,Stationary Traffic,Daylight,0,1,0,0,0,0,Dry,13.39791,52.39598,car + 
194051,Lichtenberg,11020513,Orankesee,April,15,Thursday,minor,5,Turning,Daylight,0,1,0,0,0,1,Dry,13.46817,52.54536,car + other
194052,Friedrichshain-Kreuzberg,2020203,Viktoriapark,April,18,Thursday,minor,5,Crossing,Daylight,0,1,0,0,0,1,Dry,13.37671,52.48947,car + other
194053,Treptow-Köpenick,9020501,Oberschöneweide West,April,16,Wednesday,minor,5,Turning,Daylight,1,1,0,0,0,0,Dry,13.50967,52.47287,bicycle + car + 
194054,Reinickendorf,12224230,Heiligensee,April,16,Wednesday,minor,5,Turning,Daylight,1,1,0,0,0,0,Dry,13.24406,52.61508,bicycle + car + 
194055,Treptow-Köpenick,9051702,Bölschestraße,April,17,Wednesday,minor,5,Crossing,Daylight,1,1,0,0,0,0,Dry,13.61858,52.45552,bicycle + car + 
194056,Tempelhof-Schöneberg,7070704,Nahariyastraße,April,18,Wednesday,minor,5,Turning,Dawn,1,1,0,0,0,0,Dry,13.4236,52.39265,bicycle + car + 
194057,Treptow-Köpenick,9010402,Johannisthal Ost,April,13,Wednesday,minor,1,Paralle Traffic,Daylight,0,1,0,0,0,0,Dry,13.5029,52.43649,car + 
194058,Lichtenberg,11030824,Frankfurter Allee Süd,April,13,Wednesday,minor,6,Overtaking,Daylight,0,1,1,0,0,0,Dry,13.47621,52.51271,car + pedestrian + 
194059,Charlottenburg-Wilmersdorf,4030519,Kaiserin-Augusta-Allee,April,12,Wednesday,minor,5,Turning,Daylight,1,0,0,0,0,1,Dry,13.30663,52.52887,bicycle + other
194060,Friedrichshain-Kreuzberg,2040503,Richard-Sorge-Viertel,April,12,Wednesday,minor,2,Stationary Traffic,Daylight,0,1,0,0,0,0,Dry,13.44621,52.52605,car + 
194061,Steglitz-Zehlendorf,6010205,Südende,April,11,Wednesday,minor,6,Overtaking,Daylight,0,0,1,0,0,1,Dry,13.34273,52.44717,pedestrian + other
194062,Pankow,3071536,Teutoburger Platz,April,20,Wednesday,minor,0,Stationary Traffic,Night,1,1,0,0,0,0,Dry,13.41005,52.53887,bicycle + car + 
194063,Neukölln,8010214,Glasower Straße,April,9,Wednesday,minor,2,Other,Daylight,0,0,0,1,0,1,Dry,13.43444,52.46673,motorbike + other
194064,Treptow-Köpenick,9052001,Köpenick Nord,April,9,Tuesday,minor,6,Other,Daylight,0,1,1,0,0,0,Dry,13.57826,52.45949,car + pedestrian + 
194065,Pankow,3061228,Erich-Weinert-Straße,April,9,Tuesday,minor,6,Turning,Daylight,0,1,1,0,0,0,Dry,13.4382,52.54636,car + pedestrian + 
194066,Charlottenburg-Wilmersdorf,4030623,Ernst-Reuter-Platz,April,14,Tuesday,minor,0,Crossing,Daylight,1,0,0,1,0,0,Dry,13.32209,52.51182,bicycle + motorbike + 
194067,Mitte,1044101,Rehberge,April,9,Tuesday,minor,2,Stationary Traffic,Daylight,0,1,0,0,0,1,Dry,13.3344,52.54141,car + other
194068,Spandau,5030730,Zitadellenweg,April,6,Tuesday,serious,5,Turning,Daylight,1,0,0,0,0,1,Dry,13.22627,52.53753,bicycle + other
194069,Charlottenburg-Wilmersdorf,4051656,Hildegardstraße,April,14,Monday,minor,6,Overtaking,Daylight,1,0,1,0,0,0,Dry,13.32615,52.47989,bicycle + pedestrian + 
194070,Mitte,1011105,Nördlicher Landwehrkanal,April,8,Tuesday,serious,5,Crossing,Daylight,1,1,0,0,0,0,Dry,13.37359,52.5114,bicycle + car + 
194071,Steglitz-Zehlendorf,6040810,Dahlem,April,8,Tuesday,minor,5,Crossing,Daylight,1,1,0,0,0,0,Dry,13.30393,52.46032,bicycle + car + 
194072,Charlottenburg-Wilmersdorf,4051549,Rathaus Wilmersdorf,April,8,Tuesday,minor,0,Turning,Daylight,1,1,0,0,0,0,Dry,13.31389,52.48746,bicycle + car + 
194073,Steglitz-Zehlendorf,6030605,Botanischer Garten,April,8,Tuesday,minor,5,Crossing,Daylight,1,1,0,0,0,0,Dry,13.29387,52.44388,bicycle + car + 
194074,Mitte,1011301,Charitéviertel,April,8,Tuesday,minor,5,Crossing,Daylight,1,1,0,0,0,0,Dry,13.37921,52.52259,bicycle + car + 
194075,Pankow,3020307,Buchholz,April,7,Tuesday,minor,2,Stationary Traffic,Daylight,0,1,0,0,1,0,Dry,13.42915,52.60832,car + truck + 
194076,Lichtenberg,11030721,Rüdigerstraße,April,7,Tuesday,minor,5,Other,Daylight,1,1,0,0,0,0,Dry,13.49947,52.5216,bicycle + car + 
194077,Tempelhof-Schöneberg,7040403,Manteuffelstraße,April,16,Tuesday,serious,5,Turning,Daylight,1,1,0,0,0,0,Dry,13.37226,52.45559,bicycle + car + 
194078,Treptow-Köpenick,9020501,Oberschöneweide West,April,16,Tuesday,serious,5,Crossing,Daylight,1,1,0,0,0,0,Dry,13.50706,52.46315,bicycle + car + 
194079,Mitte,1033102,Gesundbrunnen,April,17,Tuesday,minor,5,Crossing,Daylight,1,1,0,0,0,0,Dry,13.38626,52.54959,bicycle + car + 
194080,Marzahn-Hellersdorf,10030724,Oberfeldstraße,April,17,Tuesday,minor,2,Turning,Daylight,1,1,0,0,0,0,Dry,13.5628,52.51421,bicycle + car + 
194081,Tempelhof-Schöneberg,7060604,Marienfelde Süd,April,17,Tuesday,minor,2,Stationary Traffic,Daylight,0,1,0,0,0,0,Dry,13.35836,52.413,car + 
194082,Friedrichshain-Kreuzberg,2040502,Friedenstraße,April,18,Tuesday,serious,5,Turning,Daylight,1,0,0,0,0,1,Dry,13.44061,52.51702,bicycle + other
194083,Friedrichshain-Kreuzberg,2040502,Friedenstraße,April,18,Tuesday,minor,5,Turning,Daylight,1,0,0,0,0,1,Dry,13.43954,52.52389,bicycle + other
194084,Steglitz-Zehlendorf,6020301,Alt-Lankwitz,April,18,Tuesday,minor,5,Turning,Daylight,0,1,0,1,0,0,Dry,13.35584,52.43374,car + motorbike + 
194085,Mitte,1022106,Elberfelder Straße,April,19,Tuesday,minor,6,Overtaking,Daylight,0,1,1,0,0,0,Dry,13.34087,52.52561,car + pedestrian + 
194086,Spandau,5010311,Eiswerder,April,7,Tuesday,minor,2,Stationary Traffic,Daylight,0,1,0,0,0,0,Dry,13.2082,52.54539,car + 
194087,Reinickendorf,12301204,Wittenau Nord,April,7,Tuesday,minor,5,Crossing,Daylight,1,1,0,0,0,0,Dry,13.3214,52.59362,bicycle + car + 
194088,Charlottenburg-Wilmersdorf,4041134,Bismarckallee,April,19,Tuesday,serious,5,Crossing,Dawn,1,1,0,0,0,0,Dry,13.28425,52.48528,bicycle + car + 
194089,Tempelhof-Schöneberg,7040401,Neu-Tempelhof,April,19,Tuesday,minor,5,Crossing,Dawn,0,1,0,1,0,0,Dry,13.37925,52.47252,car + motorbike + 
194090,Friedrichshain-Kreuzberg,2020202,Rathaus Yorckstraße,April,19,Tuesday,minor,5,Turning,Daylight,1,1,0,0,0,0,Dry,13.38974,52.49591,bicycle + car + 
194091,Friedrichshain-Kreuzberg,2020204,Urbanstraße,April,12,Tuesday,minor,0,Driving,Daylight,0,0,0,1,0,0,Dry,13.40029,52.49028,motorbike + 
194092,Spandau,5020625,Borkumer Straße,April,15,Tuesday,minor,2,Stationary Traffic,Daylight,0,1,0,0,0,0,Dry,13.19686,52.53107,car + 
194093,Mitte,1011302,Oranienburger Straße,April,17,Tuesday,minor,2,Stationary Traffic,Daylight,1,0,0,0,0,0,Dry,13.39773,52.52791,bicycle + 
194094,Steglitz-Zehlendorf,6010205,Südende,April,15,Monday,minor,3,Turning,Daylight,0,1,0,0,0,0,Dry,13.35491,52.44891,car + 
194095,Steglitz-Zehlendorf,6030502,Zehlendorf Süd,April,6,Monday,minor,0,Turning,Daylight,1,1,0,0,0,0,Wet,13.25125,52.41554,bicycle + car + 
194096,Pankow,3061429,Greifswalder Straße,April,21,Monday,minor,5,Crossing,Night,1,0,0,0,0,1,Dry,13.44487,52.53912,bicycle + other
194097,Marzahn-Hellersdorf,10010311,Landsberger Tor,April,20,Monday,serious,6,Overtaking,Night,0,1,1,0,0,0,Dry,13.57749,52.54758,car + pedestrian + 
194098,Charlottenburg-Wilmersdorf,4030415,Schloßgarten,April,8,Monday,minor,2,Stationary Traffic,Daylight,0,1,0,0,0,0,Wet,13.29327,52.51935,car + 
194099,Friedrichshain-Kreuzberg,2010104,Wassertorplatz,April,18,Monday,serious,6,Overtaking,Daylight,0,1,1,0,0,0,Dry,13.39987,52.49842,car + pedestrian + 
194100,Treptow-Köpenick,9031202,Schmöckwitz/Rauchfangswerder,April,18,Monday,serious,5,Crossing,Daylight,1,1,0,0,0,0,Dry,13.65586,52.36793,bicycle + car + 
194101,Pankow,3040512,Wilhelmsruh,April,17,Monday,minor,5,Other,Daylight,1,1,0,0,0,0,Dry,13.36325,52.58515,bicycle + car + 
194102,Lichtenberg,11040925,Victoriastadt,April,17,Monday,minor,5,Turning,Daylight,1,1,0,0,0,0,Dry,13.47817,52.50671,bicycle + car + 
194103,Treptow-Köpenick,9010302,Späthsfelde,April,16,Monday,minor,0,Overtaking,Daylight,0,0,1,0,0,1,Dry,13.48858,52.45128,pedestrian + other
194104,Pankow,3050925,Komponistenviertel Weißensee,April,16,Monday,minor,1,Paralle Traffic,Daylight,1,1,0,0,0,0,Dry,13.46055,52.54617,bicycle + car + 
194105,Spandau,5010314,Carl-Schurz-Straße,April,16,Monday,minor,3,Stationary Traffic,Daylight,0,1,0,0,1,0,Dry,13.20221,52.53988,car + truck + 
194106,Mitte,7010102,Nollendorfplatz,April,6,Monday,minor,2,Stationary Traffic,Dawn,0,1,0,0,0,0,Wet,13.34991,52.50283,car + 
194107,Neukölln,8010510,Gewerbegebiet Köllnische Heide,April,7,Monday,minor,5,Crossing,Daylight,0,1,0,0,0,0,Wet,13.47262,52.46113,car + 
194108,Tempelhof-Schöneberg,7030301,Friedenau,April,7,Monday,minor,0,Other,Daylight,0,1,0,1,0,0,Wet,13.32091,52.47159,car + motorbike + 
194109,Pankow,3050919,Gustav-Adolf-Straße,April,8,Monday,minor,6,Overtaking,Daylight,0,1,1,0,0,0,Wet,13.44357,52.55757,car + pedestrian + 
194110,Charlottenburg-Wilmersdorf,4010102,Plötzensee,April,8,Monday,minor,5,Turning,Daylight,1,1,0,0,0,0,Wet,13.32597,52.53887,bicycle + car + 
194111,Neukölln,8010301,Reuterkiez,April,9,Monday,minor,4,Stationary Traffic,Daylight,0,1,0,0,0,0,Wet,13.44014,52.48169,car + 
194112,Charlottenburg-Wilmersdorf,4020314,Messegelände,April,9,Monday,minor,2,Stationary Traffic,Daylight,0,1,0,0,0,0,Wet,13.28151,52.50129,car + 
194113,Friedrichshain-Kreuzberg,2040503,Richard-Sorge-Viertel,April,9,Monday,minor,6,Overtaking,Daylight,0,1,1,0,0,0,Wet,13.44508,52.5257,car + pedestrian + 
194114,Steglitz-Zehlendorf,6030607,Goerzwerke,April,10,Monday,minor,2,Stationary Traffic,Daylight,0,1,0,0,0,1,Wet,13.29773,52.42154,car + other
194115,Reinickendorf,12103218,Teichstraße,April,10,Monday,minor,2,Driving,Daylight,0,1,0,0,0,0,Wet,13.35339,52.56808,car + 
194116,Reinickendorf,12304313,Borsigwalde,April,10,Monday,serious,5,Turning,Daylight,0,1,0,0,0,0,Wet,13.31542,52.57793,car + 
194117,Spandau,5020523,Maulbeerallee,April,10,Monday,minor,6,Turning,Daylight,0,1,1,0,0,0,Wet,13.16279,52.52005,car + pedestrian + 
194118,Mitte,1011301,Charitéviertel,April,11,Monday,minor,2,Other,Daylight,1,1,0,0,0,0,Dry,13.37643,52.52305,bicycle + car + 
194119,Friedrichshain-Kreuzberg,2010104,Wassertorplatz,April,13,Monday,minor,5,Crossing,Daylight,1,1,0,0,0,0,Wet,13.403,52.49839,bicycle + car + 
194120,Marzahn-Hellersdorf,10020414,Helle Mitte,April,13,Monday,minor,0,Overtaking,Daylight,0,1,1,0,0,0,Dry,13.60479,52.5387,car + pedestrian + 
194121,Spandau,5020523,Maulbeerallee,April,15,Monday,serious,5,Crossing,Daylight,1,1,0,0,0,0,Dry,13.16772,52.524,bicycle + car + 
194122,Marzahn-Hellersdorf,10010102,Havemannstraße,April,15,Monday,serious,6,Other,Daylight,0,1,1,0,0,0,Dry,13.57754,52.56651,car + pedestrian + 
194123,Charlottenburg-Wilmersdorf,4020204,Olympiagelände,April,15,Monday,minor,2,Turning,Daylight,1,0,0,0,0,1,Dry,13.2494,52.51563,bicycle + other
194124,Treptow-Köpenick,9051801,Rahnsdorf/Hessenwinkel,April,16,Monday,minor,5,Other,Daylight,0,1,0,0,0,0,Dry,13.71857,52.42843,car + 
194125,Charlottenburg-Wilmersdorf,4030623,Ernst-Reuter-Platz,April,16,Monday,minor,1,Paralle Traffic,Daylight,1,1,0,0,0,0,Dry,13.32607,52.50792,bicycle + car + 
194126,Mitte,1033203,Humboldthain Nordwest,April,8,Monday,minor,1,Paralle Traffic,Daylight,1,0,0,0,1,0,Wet,13.37929,52.55103,bicycle + truck + 
194127,Steglitz-Zehlendorf,6040808,Hüttenweg,April,7,Monday,minor,0,Crossing,Daylight,0,1,0,1,0,0,Wet,13.26877,52.44789,car + motorbike + 
194128,Reinickendorf,12103117,Letteplatz,April,6,Monday,minor,2,Turning,Dawn,0,1,0,1,0,0,Wet,13.36453,52.56269,car + motorbike + 
194129,Charlottenburg-Wilmersdorf,4030725,Amtsgerichtsplatz,April,9,Monday,serious,8,Driving,Daylight,1,0,0,0,0,0,Wet,13.29495,52.50635,bicycle + 
194130,Friedrichshain-Kreuzberg,2040501,Barnimkiez,April,8,Monday,minor,0,Driving,Daylight,0,0,0,1,0,0,Wet,13.44196,52.5254,motorbike + 
194131,Charlottenburg-Wilmersdorf,4051448,Schaperstraße,April,6,Monday,minor,0,Driving,Daylight,0,0,0,1,0,0,Wet,13.33537,52.49935,motorbike + 
194132,Mitte,1011402,Arkonaplatz,April,17,Sunday,minor,0,Driving,Daylight,1,0,0,0,0,0,Dry,13.39947,52.53274,bicycle + 
194133,Mitte,1044201,Reinickendorfer Straße,April,21,Sunday,minor,0,Other,Night,0,0,0,0,1,1,Dry,13.36011,52.54691,truck + other
194134,Mitte,1022106,Elberfelder Straße,April,23,Sunday,minor,5,Turning,Night,1,1,0,0,0,0,Dry,13.34293,52.52528,bicycle + car + 
194135,Lichtenberg,11041128,Sewanstraße,April,18,Sunday,minor,1,Paralle Traffic,Daylight,1,1,0,0,0,0,Dry,13.50226,52.49821,bicycle + car + 
194136,Lichtenberg,11010205,Falkenberg West,April,17,Sunday,minor,4,Stationary Traffic,Daylight,0,1,0,0,0,0,Dry,13.52775,52.55728,car + 
194137,Friedrichshain-Kreuzberg,2020206,Graefekiez,April,16,Sunday,minor,5,Crossing,Daylight,0,1,0,0,0,0,Dry,13.41308,52.49179,car + 
194138,Neukölln,8010510,Gewerbegebiet Köllnische Heide,April,14,Sunday,minor,0,Stationary Traffic,Daylight,0,1,0,1,0,0,Dry,13.46102,52.46843,car + motorbike + 
194139,Lichtenberg,11020412,Hauptstraße,April,13,Sunday,minor,5,Turning,Daylight,1,0,0,0,0,1,Dry,13.50152,52.54911,bicycle + other
194140,Friedrichshain-Kreuzberg,2020206,Graefekiez,April,8,Sunday,minor,1,Paralle Traffic,Daylight,1,1,0,0,0,0,Wet,13.42013,52.49594,bicycle + car + 
194141,Friedrichshain-Kreuzberg,2010103,Moritzplatz,April,11,Sunday,minor,5,Turning,Daylight,0,1,0,0,0,0,Dry,13.40918,52.50177,car + 
194142,Lichtenberg,11030721,Rüdigerstraße,April,13,Sunday,minor,0,Driving,Daylight,0,0,0,1,0,0,Dry,13.48024,52.52044,motorbike + 
194143,Friedrichshain-Kreuzberg,2030401,Reichenberger Straße,April,17,Saturday,minor,5,Other,Daylight,1,1,0,0,0,0,Dry,13.43643,52.49587,bicycle + car + 
194144,Neukölln,8010303,Donaustraße,April,0,Saturday,minor,6,Turning,Night,0,1,1,0,0,0,Wet,13.43789,52.4812,car + pedestrian + 
194145,Tempelhof-Schöneberg,7050502,Fritz-Werner-Straße,April,21,Saturday,minor,2,Stationary Traffic,Night,0,1,0,0,0,0,Dry,13.38755,52.43924,car + 
194146,Steglitz-Zehlendorf,6030502,Zehlendorf Süd,April,15,Saturday,minor,0,Other,Daylight,1,0,0,0,0,0,Dry,13.25155,52.41375,bicycle + 
194147,Mitte,1011302,Oranienburger Straße,April,0,Saturday,minor,5,Crossing,Night,1,1,0,0,0,0,Wet,13.40957,52.52867,bicycle + car + 
194148,Charlottenburg-Wilmersdorf,4030930,George-Grosz-Platz,April,16,Saturday,minor,3,Stationary Traffic,Daylight,1,1,0,0,0,0,Dry,13.31623,52.50103,bicycle + car + 
194149,Mitte,1044202,Sparrplatz,April,15,Saturday,minor,5,Crossing,Daylight,1,0,0,0,0,0,Dry,13.35138,52.53944,bicycle + 
194150,Charlottenburg-Wilmersdorf,4030622,Richard-Wagner-Straße,April,14,Saturday,minor,5,Turning,Daylight,1,1,0,0,0,0,Dry,13.30502,52.5129,bicycle + car + 
194151,Treptow-Köpenick,9041501,Altstadt Kietz,April,14,Saturday,minor,4,Stationary Traffic,Daylight,1,0,0,0,0,0,Dry,13.57488,52.44431,bicycle + 
194152,Spandau,5030731,Gartenfelder Straße,April,13,Saturday,minor,2,Stationary Traffic,Daylight,0,1,0,0,0,0,Dry,13.24039,52.54305,car + 
194153,Pankow,3061126,Arnimplatz,April,13,Saturday,minor,5,Turning,Daylight,1,0,0,0,0,1,Dry,13.4143,52.5539,bicycle + other
194154,Tempelhof-Schöneberg,7040401,Neu-Tempelhof,April,13,Saturday,minor,5,Turning,Daylight,1,0,0,1,0,0,Dry,13.38796,52.48458,bicycle + motorbike + 
194155,Mitte,1044101,Rehberge,April,12,Saturday,minor,6,Overtaking,Daylight,0,0,1,0,1,0,Dry,13.34712,52.5533,pedestrian + truck + 
194156,Neukölln,8010301,Reuterkiez,April,11,Saturday,minor,0,Turning,Daylight,1,1,0,0,0,0,Dry,13.42897,52.48784,bicycle + car + 
194157,Lichtenberg,11030721,Rüdigerstraße,April,10,Saturday,minor,6,Turning,Daylight,0,1,1,0,0,0,Dry,13.4985,52.51571,car + pedestrian + 
194158,Reinickendorf,12231102,Frohnau,April,8,Saturday,serious,3,Stationary Traffic,Daylight,1,0,0,0,0,0,Dry,13.27958,52.63013,bicycle + 
194159,Pankow,3050925,Komponistenviertel Weißensee,April,3,Saturday,minor,0,Driving,Night,0,1,0,0,0,0,Wet,13.46583,52.55141,car + 
194160,Lichtenberg,11030619,Fennpfuhl Ost,April,23,Saturday,minor,0,Driving,Night,1,0,0,0,0,0,Dry,13.48531,52.5265,bicycle + 
194161,Pankow,3061131,Falkplatz,April,9,Friday,minor,5,Turning,Daylight,1,1,0,0,0,0,Dry,13.41318,52.54768,bicycle + car + 
194162,Treptow-Köpenick,9010301,Baumschulenstraße,April,17,Friday,minor,5,Crossing,Daylight,1,1,0,0,0,0,Dry,13.48696,52.46566,bicycle + car + 
194163,Mitte,1011401,Invalidenstraße,April,23,Friday,minor,5,Turning,Night,1,0,0,1,0,0,Dry,13.38958,52.53173,bicycle + motorbike + 
194164,Friedrichshain-Kreuzberg,2030301,Oranienplatz,April,20,Friday,minor,5,Turning,Dawn,1,1,0,0,0,0,Dry,13.42068,52.50326,bicycle + car + 
194165,Pankow,3040513,Schönholz,April,20,Friday,minor,5,Crossing,Daylight,1,1,0,0,0,0,Dry,13.38978,52.57429,bicycle + car + 
194166,Neukölln,8020622,Parchimer Allee,April,19,Friday,minor,2,Stationary Traffic,Dawn,0,1,0,0,0,0,Dry,13.43379,52.44396,car + 
194167,Pankow,3020210,Herthaplatz,April,18,Friday,minor,5,Crossing,Daylight,1,1,0,0,0,0,Dry,13.42254,52.58619,bicycle + car + 
194168,Steglitz-Zehlendorf,6040810,Dahlem,April,18,Friday,minor,5,Paralle Traffic,Daylight,1,1,0,0,0,0,Dry,13.30412,52.45942,bicycle + car + 
194169,Reinickendorf,12301205,Waidmannslust,April,22,Friday,minor,1,Paralle Traffic,Night,0,1,0,0,0,0,Dry,13.3178,52.60642,car + 
194170,Neukölln,8020619,Buschkrugallee Nord,April,20,Friday,serious,5,Turning,Daylight,0,1,0,0,0,0,Dry,13.45225,52.45254,car + 
194171,Charlottenburg-Wilmersdorf,4051446,Preußenpark,April,9,Friday,minor,5,Crossing,Daylight,1,1,0,0,0,0,Dry,13.30819,52.49715,bicycle + car + 
194172,Tempelhof-Schöneberg,7040403,Manteuffelstraße,April,8,Friday,minor,0,Other,Daylight,0,1,0,0,0,1,Dry,13.37836,52.45404,car + other
194173,Pankow,3071638,Winsstraße,April,7,Friday,minor,1,Paralle Traffic,Daylight,1,0,0,0,0,1,Dry,13.43054,52.53457,bicycle + other
194174,Mitte,1011105,Nördlicher Landwehrkanal,April,7,Friday,minor,1,Paralle Traffic,Daylight,1,1,0,0,0,0,Dry,13.37452,52.50457,bicycle + car + 
194175,Tempelhof-Schöneberg,7010104,Dennewitzplatz,April,9,Friday,minor,1,Paralle Traffic,Daylight,1,1,0,0,0,0,Dry,13.36666,52.49219,bicycle + car + 
194176,Mitte,1044101,Rehberge,April,10,Friday,minor,3,Stationary Traffic,Daylight,0,1,0,0,1,0,Dry,13.33538,52.54157,car + truck + 
194177,Charlottenburg-Wilmersdorf,4030417,Schloßstraße,April,12,Friday,minor,5,Crossing,Daylight,1,0,0,1,0,0,Dry,13.29159,52.51071,bicycle + motorbike + 
194178,Friedrichshain-Kreuzberg,2050801,Traveplatz,April,12,Friday,minor,5,Turning,Daylight,1,1,0,0,0,0,Dry,13.47435,52.51066,bicycle + car + 
194179,Mitte,1011203,Unter den Linden Süd,April,14,Friday,minor,5,Crossing,Daylight,0,1,0,0,1,0,Dry,13.39164,52.51222,car + truck + 
194180,Spandau,5030730,Zitadellenweg,April,14,Friday,minor,2,Stationary Traffic,Daylight,0,1,0,0,0,0,Dry,13.2258,52.55429,car + 
194181,Charlottenburg-Wilmersdorf,4020311,Reichsstraße,April,14,Friday,minor,3,Stationary Traffic,Daylight,1,1,0,0,0,0,Dry,13.27117,52.51002,bicycle + car + 