id,district,lor,street,month,hour,weekday,injury,collision,movement,light_conditions,bicycle,car,pedestrian,motorbike,truck,other_vehicle,road_conditions,longitude,latitude,Combo_type
194182,Charlottenburg-Wilmersdorf,4030827,Karl-August-Platz,April,14,Friday,minor,3,Stationary Traffic,Daylight,1,1,0,0,0,0,Dry,13.30569,52.50994,bicycle + car + 
194183,Marzahn-Hellersdorf,11030720,Herzbergstraße,April,15,Friday,minor,2,Stationary Traffic,Daylight,0,1,0,0,0,0,Dry,13.51686,52.53531,car + 
194184,Mitte,1022104,Emdener Straße,April,17,Friday,minor,1,Paralle Traffic,Daylight,1,1,0,0,0,0,Dry,13.3385,52.52653,bicycle + car + 
194185,Treptow-Köpenick,9031001,Bohnsdorf,April,16,Friday,minor,2,Stationary Traffic,Daylight,0,1,0,0,0,1,Dry,13.55846,52.40639,car + other
194186,Pankow,3061332,Helmholtzplatz,April,16,Friday,minor,6,Overtaking,Daylight,0,1,1,0,0,0,Dry,13.42332,52.54278,car + pedestrian + 
194187,Steglitz-Zehlendorf,6030504,Teltower Damm,April,16,Friday,minor,5,Crossing,Daylight,1,1,0,0,0,0,Dry,13.27875,52.43094,bicycle + car + 
194188,Neukölln,8010301,Reuterkiez,April,16,Friday,minor,2,Stationary Traffic,Daylight,0,1,0,0,0,0,Dry,13.42979,52.49199,car + 
194189,Steglitz-Zehlendorf,6030609,Augustaplatz,April,17,Friday,minor,2,Stationary Traffic,Daylight,0,1,0,1,0,0,Dry,13.31599,52.44162,car + motorbike + 
194190,Neukölln,8010301,Reuterkiez,April,17,Friday,minor,5,Turning,Daylight,0,1,0,0,0,0,Dry,13.42894,52.48659,car + 
194191,Tempelhof-Schöneberg,7030301,Friedenau,April,13,Friday,minor,1,Paralle Traffic,Daylight,0,1,0,0,0,0,Dry,13.33751,52.47463,car + 
194192,Marzahn-Hellersdorf,10040933,Mahlsdorf Süd,April,11,Thursday,minor,5,Crossing,Daylight,1,1,0,0,0,0,Dry,13.61743,52.48394,bicycle + car + 
194193,Marzahn-Hellersdorf,10020414,Helle Mitte,April,20,Thursday,minor,0,Turning,Dawn,0,1,0,0,0,1,Dry,13.60475,52.53655,car + other
194194,Tempelhof-Schöneberg,7010104,Dennewitzplatz,April,12,Thursday,minor,5,Crossing,Daylight,1,1,0,0,0,0,Dry,13.36932,52.4928,bicycle + car + 
194195,Charlottenburg-Wilmersdorf,4020311,Reichsstraße,April,16,Thursday,minor,6,Turning,Daylight,0,1,1,0,0,0,Dry,13.27008,52.51065,car + pedestrian + 
194196,Charlottenburg-Wilmersdorf,4020314,Messegelände,April,18,Thursday,minor,3,Stationary Traffic,Daylight,0,1,0,0,1,0,Dry,13.2796,52.50478,car + truck + 
194197,Tempelhof-Schöneberg,7040402,Lindenhofsiedlung,April,18,Thursday,minor,2,Turning,Daylight,0,1,0,0,0,0,Dry,13.35937,52.4567,car + 
194198,Neukölln,8020727,Buckow Mitte,April,17,Thursday,minor,2,Stationary Traffic,Daylight,0,1,0,1,0,0,Dry,13.43644,52.42386,car + motorbike + 
194199,Tempelhof-Schöneberg,7010104,Dennewitzplatz,April,7,Thursday,minor,6,Overtaking,Daylight,0,1,1,0,0,0,Dry,13.36134,52.49587,car + pedestrian + 
194200,Tempelhof-Schöneberg,7050503,Eisenacher Straße,April,6,Thursday,minor,3,Stationary Traffic,Daylight,0,1,0,0,0,0,Dry,13.39589,52.45294,car + 
194201,Pankow,3071537,Kollwitzplatz,April,17,Thursday,minor,1,Paralle Traffic,Daylight,1,1,0,0,0,0,Dry,13.41443,52.53834,bicycle + car + 
194202,Tempelhof-Schöneberg,7040404,Marienhöhe,April,16,Thursday,minor,0,Crossing,Daylight,0,1,0,1,0,0,Dry,13.36872,52.45063,car + motorbike + 
194203,Spandau,5020629,Börnicker Straße,April,16,Thursday,minor,0,Crossing,Daylight,0,1,0,0,0,1,Dry,13.20868,52.51056,car + other
194204,Friedrichshain-Kreuzberg,2040703,Wriezener Bahnhof/Entwicklungsgebiet,April,16,Thursday,minor,5,Driving,Daylight,0,1,0,1,0,0,Dry,13.44322,52.51204,car + motorbike + 
194205,Treptow-Köpenick,9051901,Dammvorstadt,April,16,Thursday,serious,5,Crossing,Daylight,1,1,0,0,0,0,Dry,13.55827,52.45572,bicycle + car + 
194206,Charlottenburg-Wilmersdorf,4041134,Bismarckallee,April,16,Thursday,minor,0,Overtaking,Daylight,1,0,1,0,0,0,Dry,13.28427,52.49564,bicycle + pedestrian + 
194207,Pankow,3020307,Buchholz,April,15,Thursday,serious,5,Crossing,Daylight,1,1,0,0,0,0,Dry,13.43743,52.59223,bicycle + car + 
194208,Charlottenburg-Wilmersdorf,4051448,Schaperstraße,April,16,Thursday,minor,2,Stationary Traffic,Daylight,0,1,0,0,0,0,Dry,13.33065,52.49613,car + 
194209,Steglitz-Zehlendorf,6040804,Krumme Lanke,April,15,Thursday,minor,5,Turning,Daylight,1,1,0,0,0,0,Dry,13.24151,52.44396,bicycle + car + 
194210,Treptow-Köpenick,9020802,Köllnische Vorstadt,April,15,Thursday,minor,3,Stationary Traffic,Daylight,0,1,0,1,0,0,Dry,13.57,52.44459,car + motorbike + 
194211,Friedrichshain-Kreuzberg,2050601,Hausburgviertel,April,5,Thursday,serious,2,Stationary Traffic,Daylight,1,1,0,0,0,0,Dry,13.45023,52.52719,bicycle + car + 
194212,Mitte,1011303,Alexanderplatzviertel,April,15,Thursday,minor,2,Turning,Daylight,1,1,0,0,0,0,Dry,13.41182,52.52397,bicycle + car + 
194213,Lichtenberg,11040925,Victoriastadt,April,13,Thursday,minor,5,Paralle Traffic,Daylight,1,1,0,0,0,1,Dry,13.47266,52.50357,bicycle + car + other
194214,Treptow-Köpenick,9041501,Altstadt Kietz,April,12,Thursday,serious,5,Crossing,Daylight,1,1,0,0,0,0,Dry,13.58593,52.44129,bicycle + car + 
194215,Pankow,3030711,Blankenburg,April,12,Thursday,minor,5,Crossing,Daylight,1,0,0,0,0,1,Dry,13.45324,52.59337,bicycle + other
194216,Treptow-Köpenick,9041301,Kietzer Feld/Nachtheide,April,12,Thursday,minor,0,Crossing,Daylight,1,1,0,0,0,0,Dry,13.58467,52.42868,bicycle + car + 
194217,Spandau,5020415,Isenburger Weg,April,12,Thursday,minor,5,Crossing,Daylight,0,1,0,1,0,0,Dry,13.14246,52.53965,car + motorbike + 
194218,Friedrichshain-Kreuzberg,2050601,Hausburgviertel,April,12,Thursday,minor,5,Turning,Daylight,0,1,0,1,0,0,Dry,13.45074,52.52713,car + motorbike + 
194219,Tempelhof-Schöneberg,7010101,Wittenbergplatz/Viktoria-Luise-Platz,April,11,Thursday,minor,5,Crossing,Daylight,1,1,0,0,0,0,Dry,13.34292,52.50015,bicycle + car + 
194220,Pankow,3050923,Weißenseer Spitze,April,10,Thursday,minor,3,Stationary Traffic,Daylight,1,1,0,0,0,0,Dry,13.44459,52.55314,bicycle + car + 
194221,Treptow-Köpenick,9030901,Dorf Altglienicke,April,9,Thursday,minor,5,Turning,Daylight,1,0,0,0,1,0,Dry,13.52591,52.42308,bicycle + truck + 
194222,Neukölln,8010302,Bouchéstraße,April,9,Thursday,minor,1,Paralle Traffic,Daylight,1,1,0,0,0,0,Dry,13.44146,52.48887,bicycle + car + 
194223,Reinickendorf,12301203,Wittenau Süd,April,9,Thursday,minor,0,Stationary Traffic,Daylight,0,0,0,0,0,1,Dry,13.33358,52.59556,other
194224,Pankow,3050919,Gustav-Adolf-Straße,April,9,Thursday,minor,5,Turning,Daylight,1,1,0,0,0,0,Dry,13.45416,52.56225,bicycle + car + 
194225,Tempelhof-Schöneberg,7030303,Grazer Platz,April,8,Thursday,minor,5,Crossing,Daylight,1,1,0,0,0,0,Dry,13.34877,52.461,bicycle + car + 
194226,Mitte,1011402,Arkonaplatz,April,8,Thursday,minor,5,Crossing,Daylight,1,1,0,0,0,0,Dry,13.40308,52.5337,bicycle + car + 
194227,Friedrichshain-Kreuzberg,2030401,Reichenberger Straße,April,13,Thursday,minor,1,Other,Daylight,0,1,0,0,0,0,Dry,13.4349,52.49639,car + 
194228,Pankow,3061429,Greifswalder Straße,April,16,Thursday,minor,5,Other,Daylight,1,1,0,0,0,0,Dry,13.45198,52.54283,bicycle + car + 
194229,Spandau,5030730,Zitadellenweg,April,20,Wednesday,minor,1,Driving,Night,0,1,0,0,0,0,Dry,13.2284,52.54853,car + 
194230,Spandau,5010209,An der Kappe,April,20,Wednesday,serious,5,Crossing,Night,0,1,0,1,0,0,Dry,13.17196,52.55001,car + motorbike + 
194231,Treptow-Köpenick,9051801,Rahnsdorf/Hessenwinkel,April,16,Wednesday,minor,0,Crossing,Daylight,1,1,0,0,0,0,Dry,13.71114,52.43287,bicycle + car + 
194232,Friedrichshain-Kreuzberg,2010103,Moritzplatz,April,22,Wednesday,minor,6,Turning,Night,0,1,1,0,0,0,Dry,13.41462,52.50025,car + pedestrian + 
194233,Treptow-Köpenick,9052001,Köpenick Nord,April,11,Wednesday,minor,0,Crossing,Daylight,0,1,0,0,0,0,Dry,13.55324,52.46969,car + 
194234,Mitte,1022206,Lüneburger Straße,April,11,Wednesday,minor,2,Stationary Traffic,Daylight,0,1,0,1,0,0,Dry,13.36736,52.52571,car + motorbike + 
194235,Mitte,1044101,Rehberge,April,20,Wednesday,minor,5,Crossing,Night,0,1,0,0,0,1,Dry,13.33343,52.5609,car + other
194236,Charlottenburg-Wilmersdorf,4051446,Preußenpark,April,5,Wednesday,minor,6,Turning,Dawn,1,0,1,0,0,0,Dry,13.31453,52.49041,bicycle + pedestrian + 
194237,Friedrichshain-Kreuzberg,2020205,Chamissokiez,April,20,Wednesday,minor,5,Crossing,Dawn,1,0,0,0,0,0,Dry,13.38935,52.48974,bicycle + 
194238,Tempelhof-Schöneberg,7020204,Schöneberger Insel,April,22,Wednesday,minor,3,Stationary Traffic,Night,0,1,0,0,0,0,Dry,13.3573,52.47819,car + 
194239,Mitte,1011101,Stülerstraße,April,21,Wednesday,minor,5,Other,Night,0,1,0,1,0,0,Dry,13.34337,52.50463,car + motorbike + 
194240,Charlottenburg-Wilmersdorf,4030930,George-Grosz-Platz,April,20,Wednesday,minor,5,Crossing,Dawn,1,1,0,0,0,0,Dry,13.31678,52.50114,bicycle + car + 
194241,Steglitz-Zehlendorf,6040809,Thielallee,April,18,Wednesday,minor,3,Stationary Traffic,Daylight,1,1,0,0,0,0,Dry,13.28917,52.44635,bicycle + car + 
194242,Tempelhof-Schöneberg,7030303,Grazer Platz,April,18,Wednesday,minor,0,Stationary Traffic,Daylight,1,0,0,0,0,1,Dry,13.35666,52.47291,bicycle + other
194243,Spandau,5010313,Ackerstraße,April,17,Wednesday,minor,6,Other,Daylight,0,1,1,0,0,0,Dry,13.20124,52.54122,car + pedestrian + 
194244,Steglitz-Zehlendorf,6030503,Zehlendorf Mitte,April,20,Wednesday,minor,1,Driving,Dawn,0,1,0,0,0,0,Dry,13.27339,52.43089,car + 
194245,Mitte,1011103,Lützowstraße,April,13,Wednesday,minor,0,Driving,Daylight,1,0,0,0,0,0,Dry,13.36094,52.50209,bicycle + 
194246,Pankow,3020307,Buchholz,April,17,Wednesday,minor,1,Driving,Daylight,0,1,0,1,0,0,Dry,13.43714,52.59429,car + motorbike + 
194247,Tempelhof-Schöneberg,7040405,Rathaus Tempelhof,April,17,Wednesday,minor,2,Stationary Traffic,Daylight,0,1,0,0,0,0,Dry,13.40003,52.45841,car + 
194248,Marzahn-Hellersdorf,10020414,Helle Mitte,April,12,Wednesday,minor,2,Stationary Traffic,Daylight,0,1,0,1,0,0,Dry,13.60438,52.53867,car + motorbike + 
194249,Friedrichshain-Kreuzberg,2040502,Friedenstraße,April,12,Wednesday,minor,2,Other,Daylight,0,1,0,0,0,1,Dry,13.43714,52.52106,car + other
194250,Lichtenberg,11030720,Herzbergstraße,April,16,Wednesday,minor,6,Overtaking,Daylight,0,1,1,0,0,0,Dry,13.4907,52.52656,car + pedestrian + 
194251,Mitte,1011401,Invalidenstraße,April,13,Wednesday,minor,1,Paralle Traffic,Daylight,1,1,0,0,0,0,Dry,13.40053,52.5306,bicycle + car + 
194252,Friedrichshain-Kreuzberg,2040703,Wriezener Bahnhof/Entwicklungsgebiet,April,13,Wednesday,minor,5,Turning,Daylight,1,1,0,0,0,0,Dry,13.44679,52.50268,bicycle + car + 
194253,Spandau,5010313,Ackerstraße,April,13,Wednesday,minor,5,Turning,Daylight,0,1,0,0,0,0,Dry,13.19849,52.54285,car + 
194254,Mitte,1011402,Arkonaplatz,April,15,Wednesday,minor,5,Crossing,Daylight,1,1,0,0,0,0,Dry,13.40297,52.5337,bicycle + car + 
194255,Mitte,1044101,Rehberge,April,15,Wednesday,minor,5,Turning,Daylight,1,1,0,0,0,0,Dry,13.3355,52.54211,bicycle + car + 
194256,Mitte,1033201,Brunnenstraße,April,10,Wednesday,minor,5,Turning,Daylight,0,1,0,0,0,1,Dry,13.39601,52.53827,car + other
194257,Lichtenberg,11051229,Rummelsburg,April,10,Wednesday,minor,2,Turning,Daylight,1,0,0,0,0,1,Dry,13.4699,52.5023,bicycle + other
194258,Mitte,1011301,Charitéviertel,April,10,Wednesday,minor,6,Turning,Daylight,1,0,1,0,0,0,Dry,13.3797,52.52261,bicycle + pedestrian + 
194259,Spandau,5010314,Carl-Schurz-Straße,April,9,Wednesday,minor,2,Stationary Traffic,Daylight,0,1,0,0,0,0,Dry,13.19692,52.5382,car + 
194260,Marzahn-Hellersdorf,10030724,Oberfeldstraße,April,8,Wednesday,minor,5,Turning,Daylight,1,1,0,0,0,0,Dry,13.558,52.52964,bicycle + car + 
194261,Pankow,3040614,Pankow Zentrum,April,6,Wednesday,minor,2,Turning,Daylight,0,1,0,0,0,0,Dry,13.42,52.5848,car + 
194262,Neukölln,8010117,Schillerpromenade,April,17,Wednesday,minor,1,Turning,Daylight,0,1,1,0,0,1,Dry,13.42554,52.47979,car + pedestrian + other
194263,Tempelhof-Schöneberg,7040405,Rathaus Tempelhof,April,14,Tuesday,minor,5,Turning,Daylight,1,1,0,0,0,0,Dry,13.3983,52.46509,bicycle + car + 
194264,Pankow,3061228,Erich-Weinert-Straße,April,21,Tuesday,minor,6,Overtaking,Night,1,1,1,0,0,0,Dry,13.43834,52.54316,bicycle + car + pedestrian + 
194265,Reinickendorf,12304314,Ziekowstraße/Freie Scholle,April,21,Tuesday,minor,2,Turning,Night,0,1,0,0,0,0,Dry,13.29259,52.58951,car + 
194266,Mitte,1033202,Humboldthain Süd,April,21,Tuesday,minor,0,Other,Night,0,0,0,1,0,0,Dry,13.39371,52.53759,motorbike + 
194267,Lichtenberg,11010102,Dorf Wartenberg,April,10,Tuesday,minor,5,Turning,Daylight,0,1,0,1,0,0,Dry,13.51805,52.57486,car + motorbike + 
194268,Charlottenburg-Wilmersdorf,4010102,Plötzensee,April,10,Tuesday,minor,5,Crossing,Daylight,1,1,0,0,0,0,Dry,13.30231,52.54789,bicycle + car + 
194269,Treptow-Köpenick,9020701,Adlershof West,April,20,Tuesday,minor,5,Turning,Night,0,1,0,0,0,0,Dry,13.54518,52.42573,car + 
194270,Reinickendorf,12302211,Lübarser Straße,April,10,Tuesday,minor,2,Turning,Daylight,0,1,0,0,0,0,Dry,13.32653,52.60466,car + 
194271,Spandau,5010314,Carl-Schurz-Straße,April,12,Tuesday,minor,2,Stationary Traffic,Daylight,0,1,0,0,0,0,Dry,13.1996,52.53503,car + 
194272,Charlottenburg-Wilmersdorf,4041342,Schlangenbader Straße,April,17,Tuesday,minor,5,Turning,Daylight,0,1,0,1,0,0,Dry,13.30083,52.47396,car + motorbike + 
194273,Spandau,5020417,Staakener Straße,April,10,Tuesday,minor,8,Driving,Daylight,0,1,0,0,0,0,Dry,13.15965,52.52882,car + 
194274,Mitte,1011201,Wilhelmstraße,April,9,Tuesday,minor,5,Crossing,Daylight,1,1,0,0,0,0,Dry,13.37672,52.5108,bicycle + car + 
194275,Tempelhof-Schöneberg,7020203,Kaiser-Wilhelm-Platz,April,9,Tuesday,minor,0,Turning,Daylight,0,1,0,0,0,1,Dry,13.35302,52.48467,car + other
194276,Charlottenburg-Wilmersdorf,4030621,Spreestadt,April,9,Tuesday,serious,5,Turning,Daylight,1,1,0,0,0,0,Dry,13.33577,52.51344,bicycle + car + 
194277,Pankow,3061228,Erich-Weinert-Straße,April,8,Tuesday,minor,5,Turning,Daylight,0,1,0,0,0,0,Dry,13.42858,52.54783,car + 
194278,Pankow,3061430,Volkspark Prenzlauer Berg,April,9,Tuesday,minor,2,Stationary Traffic,Daylight,0,0,0,1,0,1,Dry,13.4499,52.53684,motorbike + other
194279,Charlottenburg-Wilmersdorf,4051448,Schaperstraße,April,9,Tuesday,minor,3,Stationary Traffic,Daylight,0,1,0,0,0,0,Dry,13.33443,52.49863,car + 
194280,Pankow,3050919,Gustav-Adolf-Straße,April,8,Tuesday,minor,5,Crossing,Daylight,0,1,0,0,0,0,Dry,13.45609,52.56146,car + 
194281,Spandau,5010205,An der Tränke,April,8,Tuesday,serious,5,Turning,Daylight,0,1,0,1,0,0,Dry,13.13152,52.54952,car + motorbike + 
194282,Spandau,5010314,Carl-Schurz-Straße,April,8,Tuesday,minor,5,Other,Daylight,0,1,0,1,0,0,Dry,13.2091,52.53262,car + motorbike + 
194283,Mitte,1033203,Humboldthain Nordwest,April,8,Tuesday,serious,5,Crossing,Daylight,1,1,0,0,0,0,Dry,13.37329,52.53804,bicycle + car + 
194284,Spandau,5020625,Borkumer Straße,April,7,Tuesday,minor,5,Turning,Daylight,1,0,0,0,0,1,Dry,13.19858,52.53281,bicycle + other
194285,Treptow-Köpenick,9020501,Oberschöneweide West,April,6,Tuesday,minor,5,Crossing,Daylight,1,1,0,0,0,0,Dry,13.50274,52.48028,bicycle + car + 
194286,Friedrichshain-Kreuzberg,2020203,Viktoriapark,April,11,Tuesday,serious,2,Stationary Traffic,Daylight,0,1,0,1,0,0,Dry,13.38105,52.49277,car + motorbike + 
194287,Charlottenburg-Wilmersdorf,4041239,Stadion Wilmersdorf,April,11,Tuesday,minor,5,Turning,Daylight,1,1,0,0,0,0,Dry,13.30938,52.4792,bicycle + car + 
194288,Mitte,1022204,Thomasiusstraße,April,11,Tuesday,minor,5,Turning,Daylight,0,1,0,0,0,0,Dry,13.34786,52.52476,car + 
194289,Spandau,5020417,Staakener Straße,April,12,Tuesday,minor,2,Other,Daylight,1,1,0,0,0,0,Dry,13.15467,52.53938,bicycle + car + 
194290,Neukölln,8020620,Tempelhofer Weg,April,12,Tuesday,minor,0,Other,Daylight,0,1,0,0,0,0,Dry,13.43311,52.45232,car + 
194291,Reinickendorf,12214422,Klixstraße,April,12,Tuesday,minor,2,Stationary Traffic,Daylight,0,1,0,0,0,0,Dry,13.31021,52.56796,car + 
194292,Treptow-Köpenick,9052001,Köpenick Nord,April,13,Tuesday,minor,2,Stationary Traffic,Daylight,0,1,0,0,0,0,Dry,13.5547,52.46648,car + 
194293,Charlottenburg-Wilmersdorf,4051550,Leon-Jessel-Platz,April,14,Tuesday,minor,0,Other,Daylight,0,1,0,0,0,1,Dry,13.3212,52.48986,car + other
194294,Tempelhof-Schöneberg,7050503,Eisenacher Straße,April,13,Tuesday,minor,2,Stationary Traffic,Daylight,0,1,0,0,0,1,Dry,13.40122,52.44586,car + other
194295,Charlottenburg-Wilmersdorf,4030622,Richard-Wagner-Straße,April,14,Tuesday,minor,1,Paralle Traffic,Daylight,1,1,0,0,0,0,Dry,13.30649,52.51694,bicycle + car + 
194296,Neukölln,8010404,Rixdorf,April,14,Tuesday,minor,0,Stationary Traffic,Daylight,0,1,0,1,0,0,Dry,13.45506,52.47438,car + motorbike + 
194297,Spandau,5040936,Jägerallee,April,15,Tuesday,minor,2,Stationary Traffic,Daylight,0,1,0,0,0,0,Dry,13.13833,52.45809,car + 
194298,Charlottenburg-Wilmersdorf,4051446,Preußenpark,April,15,Tuesday,minor,6,Overtaking,Daylight,0,1,1,0,0,0,Dry,13.31794,52.49834,car + pedestrian + 
194299,Treptow-Köpenick,9051702,Bölschestraße,April,16,Tuesday,serious,5,Turning,Daylight,1,1,0,0,0,0,Dry,13.62547,52.45694,bicycle + car + 
194300,Mitte,1011302,Oranienburger Straße,April,16,Tuesday,minor,5,Crossing,Daylight,1,1,0,0,0,0,Dry,13.40348,52.52744,bicycle + car + 
194301,Mitte,1022207,Hansaviertel,April,16,Tuesday,minor,5,Turning,Daylight,0,1,0,1,0,0,Dry,13.33987,52.51879,car + motorbike + 
194302,Mitte,1044101,Rehberge,April,15,Monday,minor,2,Turning,Daylight,0,1,0,0,0,0,Dry,13.33647,52.5421,car + 
194303,Neukölln,8030831,Gropiusstadt Ost,April,14,Monday,minor,5,Turning,Daylight,1,1,0,0,0,0,Dry,13.48224,52.42549,bicycle + car + 
194304,Friedrichshain-Kreuzberg,2010102,Mehringplatz,April,15,Monday,minor,2,Stationary Traffic,Daylight,0,1,0,0,0,0,Dry,13.40081,52.50564,car + 
194305,Mitte,1044201,Reinickendorfer Straße,April,22,Monday,minor,1,Paralle Traffic,Night,0,1,0,1,0,0,Dry,13.36459,52.54986,car + motorbike + 
194306,Charlottenburg-Wilmersdorf,4020314,Messegelände,April,19,Monday,minor,5,Other,Night,0,1,0,0,0,0,Dry,13.27929,52.50353,car + 
194307,Mitte,1033203,Humboldthain Nordwest,April,0,Monday,minor,2,Stationary Traffic,Night,0,1,0,0,0,0,Dry,13.37458,52.53728,car + 
194308,Lichtenberg,11040926,Weitlingstraße,April,23,Monday,minor,5,Crossing,Night,0,1,0,0,0,0,Dry,13.50176,52.50474,car + 
194309,Reinickendorf,12214527,Alt-Tegel,April,18,Monday,minor,6,Overtaking,Daylight,0,1,1,0,0,0,Dry,13.27495,52.58186,car + pedestrian + 
194310,Marzahn-Hellersdorf,10010207,Marzahner Promenade,April,18,Monday,minor,5,Turning,Daylight,0,1,0,0,0,0,Dry,13.56232,52.54706,car + 
194311,Treptow-Köpenick,9041301,Kietzer Feld/Nachtheide,April,18,Monday,serious,0,Driving,Daylight,0,0,0,1,0,0,Dry,13.63034,52.42369,motorbike + 
194312,Pankow,3061429,Greifswalder Straße,April,16,Monday,serious,2,Stationary Traffic,Daylight,1,0,0,0,0,0,Dry,13.4487,52.53754,bicycle + 
194313,Treptow-Köpenick,9041501,Altstadt Kietz,April,14,Monday,minor,0,Other,Daylight,1,0,1,0,0,0,Dry,13.58032,52.44346,bicycle + pedestrian + 
194314,Marzahn-Hellersdorf,10040931,Mahlsdorf Nord,April,14,Monday,minor,5,Crossing,Daylight,1,0,0,0,0,0,Dry,13.63498,52.52986,bicycle + 
194315,Treptow-Köpenick,9020701,Adlershof West,April,14,Monday,serious,4,Driving,Daylight,0,1,0,0,0,0,Dry,13.53257,52.44123,car + 
194316,Treptow-Köpenick,9031001,Bohnsdorf,April,13,Monday,minor,0,Turning,Daylight,0,1,0,0,0,1,Dry,13.57744,52.40228,car + other
194317,Neukölln,8030830,Gropiusstadt Süd,April,13,Monday,minor,2,Stationary Traffic,Daylight,1,1,0,0,0,0,Dry,13.45023,52.42794,bicycle + car + 
194318,Treptow-Köpenick,9041601,Müggelheim,April,10,Monday,minor,5,Crossing,Daylight,1,1,0,0,0,0,Dry,13.66078,52.41264,bicycle + car + 
194319,Friedrichshain-Kreuzberg,2020202,Rathaus Yorckstraße,April,9,Monday,serious,5,Crossing,Daylight,0,1,0,1,0,0,Dry,13.38521,52.49853,car + motorbike + 
194320,Treptow-Köpenick,9030901,Dorf Altglienicke,April,10,Sunday,serious,5,Crossing,Daylight,0,1,0,0,0,1,Dry,13.52857,52.4125,car + other
194321,Charlottenburg-Wilmersdorf,4010101,Jungfernheide,April,18,Sunday,minor,6,Overtaking,Daylight,1,0,1,0,0,0,Dry,13.29521,52.53931,bicycle + pedestrian + 
194322,Tempelhof-Schöneberg,7060604,Marienfelde Süd,April,16,Sunday,minor,5,Crossing,Daylight,1,1,0,0,0,0,Dry,13.38002,52.4105,bicycle + car + 
194323,Neukölln,8020726,Buckow West,April,16,Sunday,minor,5,Crossing,Daylight,0,1,0,1,0,0,Dry,13.40997,52.41647,car + motorbike + 
194324,Treptow-Köpenick,9041301,Kietzer Feld/Nachtheide,April,16,Sunday,minor,6,Other,Daylight,1,0,1,0,0,0,Dry,13.59333,52.43824,bicycle + pedestrian + 
194325,Friedrichshain-Kreuzberg,2030302,Lausitzer Platz,April,15,Sunday,minor,6,Other,Daylight,1,0,1,0,0,0,Dry,13.42877,52.49939,bicycle + pedestrian + 
194326,Pankow,3061126,Arnimplatz,April,11,Sunday,minor,5,Other,Daylight,1,1,0,0,0,0,Dry,13.41438,52.5536,bicycle + car + 
194327,Marzahn-Hellersdorf,10010204,Wuhletalstraße,April,17,Sunday,serious,1,Paralle Traffic,Daylight,1,1,0,0,0,0,Dry,13.57147,52.55851,bicycle + car + 
194328,Neukölln,8010404,Rixdorf,April,3,Sunday,minor,1,Driving,Night,0,1,0,0,0,1,Dry,13.4439,52.47179,car + other
194329,Lichtenberg,11010206,Wartenberg Süd,April,14,Sunday,minor,0,Turning,Daylight,0,0,0,0,0,1,Dry,13.52051,52.57033,other
194330,Pankow,3071536,Teutoburger Platz,April,16,Sunday,minor,1,Driving,Daylight,0,1,0,1,0,0,Dry,13.41172,52.54017,car + motorbike + 
194331,Lichtenberg,11030619,Fennpfuhl Ost,April,7,Sunday,minor,0,Driving,Daylight,1,0,0,0,0,0,Dry,13.47965,52.52743,bicycle + 
194332,Mitte,1044201,Reinickendorfer Straße,April,15,Sunday,minor,5,Turning,Daylight,0,1,0,0,0,1,Dry,13.37376,52.55666,car + other
194333,Mitte,1033201,Brunnenstraße,April,18,Sunday,minor,0,Driving,Daylight,0,0,0,1,0,0,Dry,13.39282,52.5425,motorbike + 
194334,Spandau,5010313,Ackerstraße,April,3,Saturday,fatal,9,Driving,Night,0,1,0,0,1,0,Dry,13.19457,52.54527,car + truck + 
194335,Pankow,3020203,Blankenfelde,April,17,Saturday,minor,5,Turning,Daylight,1,1,0,0,0,0,Dry,13.38269,52.62971,bicycle + car + 
194336,Treptow-Köpenick,9051702,Bölschestraße,April,9,Saturday,serious,1,Paralle Traffic,Daylight,1,1,0,0,0,0,Dry,13.63158,52.44678,bicycle + car + 
194337,Tempelhof-Schöneberg,7060604,Marienfelde Süd,April,14,Saturday,minor,1,Paralle Traffic,Daylight,1,1,0,0,0,0,Dry,13.34624,52.41403,bicycle + car + 
194338,Charlottenburg-Wilmersdorf,4030827,Karl-August-Platz,April,20,Saturday,minor,1,Paralle Traffic,Dawn,1,1,0,0,0,0,Dry,13.31184,52.50647,bicycle + car + 
194339,Friedrichshain-Kreuzberg,2010104,Wassertorplatz,April,18,Saturday,minor,5,Turning,Daylight,1,1,0,0,0,0,Dry,13.40657,52.49847,bicycle + car + 
194340,Neukölln,8010404,Rixdorf,April,15,Saturday,minor,3,Stationary Traffic,Daylight,1,1,0,0,0,0,Dry,13.44254,52.46981,bicycle + car + 
194341,Treptow-Köpenick,9051702,Bölschestraße,April,15,Saturday,minor,6,Overtaking,Daylight,0,1,1,0,0,0,Dry,13.62479,52.4515,car + pedestrian + 
194342,Spandau,5010206,Gütersloher Weg,April,13,Saturday,minor,5,Turning,Daylight,0,1,0,0,0,0,Dry,13.1654,52.55119,car + 
194343,Steglitz-Zehlendorf,6030501,Berlepschstraße,April,13,Saturday,minor,0,Other,Daylight,1,0,0,0,0,0,Dry,13.23,52.42989,bicycle + 
194344,Friedrichshain-Kreuzberg,2020203,Viktoriapark,April,12,Saturday,minor,5,Turning,Daylight,0,1,0,0,0,1,Dry,13.38637,52.49008,car + other
194345,Neukölln,8010301,Reuterkiez,April,11,Saturday,minor,2,Turning,Daylight,0,0,0,1,0,1,Dry,13.43795,52.48267,motorbike + other