id,district,lor,street,month,hour,weekday,injury,collision,movement,light_conditions,bicycle,car,pedestrian,motorbike,truck,other_vehicle,road_conditions,longitude,latitude,Combo_type
194346,Tempelhof-Schöneberg,7070703,John-Locke-Straße,April,1,Saturday,minor,0,Crossing,Night,0,1,0,0,0,1,Dry,13.40075,52.38678,car + other
194347,Neukölln,8041037,Alt-Rudow,April,7,Saturday,serious,5,Crossing,Daylight,0,1,0,0,0,0,Dry,13.49514,52.43173,car + 
194348,Reinickendorf,12214424,Scharnweberstraße,April,8,Saturday,minor,5,Turning,Daylight,1,1,0,0,0,0,Dry,13.32931,52.56343,bicycle + car + 
194349,Steglitz-Zehlendorf,6010205,Südende,April,9,Saturday,minor,5,Crossing,Daylight,1,1,0,0,0,0,Dry,13.34967,52.44978,bicycle + car + 
194350,Tempelhof-Schöneberg,7070703,John-Locke-Straße,April,10,Saturday,minor,2,Stationary Traffic,Daylight,0,1,0,0,0,0,Dry,13.40648,52.38667,car + 
194351,Steglitz-Zehlendorf,6030609,Augustaplatz,April,10,Saturday,serious,6,Turning,Daylight,0,1,1,0,0,0,Dry,13.31579,52.44319,car + pedestrian + 
194352,Tempelhof-Schöneberg,7050501,Rathausstraße,April,10,Saturday,minor,2,Turning,Daylight,0,1,0,0,0,0,Dry,13.38591,52.44557,car + 
194353,Friedrichshain-Kreuzberg,2040701,Andreasviertel,April,5,Saturday,serious,5,Crossing,Night,0,1,0,0,0,1,Dry,13.43289,52.51784,car + other
194354,Lichtenberg,11030721,Rüdigerstraße,May,14,Thursday,minor,5,Other,Daylight,1,1,0,0,0,0,Wet,13.49173,52.52058,bicycle + car + 
194355,Mitte,1033102,Gesundbrunnen,May,14,Thursday,minor,0,Stationary Traffic,Daylight,1,1,0,0,0,0,Dry,13.38765,52.55001,bicycle + car + 
194356,Steglitz-Zehlendorf,6010207,Mittelstraße,May,17,Thursday,minor,1,Paralle Traffic,Daylight,1,1,0,0,0,0,Dry,13.32706,52.45484,bicycle + car + 
194357,Treptow-Köpenick,9020701,Adlershof West,May,12,Thursday,minor,5,Crossing,Daylight,1,1,0,0,0,0,Dry,13.54354,52.43379,bicycle + car + 
194358,Steglitz-Zehlendorf,6020306,Lankwitz Süd,May,17,Thursday,minor,5,Crossing,Daylight,0,1,0,0,0,0,Dry,13.36179,52.42544,car + 
194359,Treptow-Köpenick,9010302,Späthsfelde,May,14,Thursday,minor,5,Crossing,Daylight,0,1,0,1,0,0,Wet,13.48834,52.45129,car + motorbike + 
194360,Charlottenburg-Wilmersdorf,4030828,Savignyplatz,May,13,Thursday,minor,1,Paralle Traffic,Daylight,1,1,0,0,0,0,Wet,13.31883,52.50608,bicycle + car + 
194361,Friedrichshain-Kreuzberg,2040503,Richard-Sorge-Viertel,May,17,Thursday,minor,2,Stationary Traffic,Daylight,1,1,0,0,0,0,Dry,13.44431,52.51784,bicycle + car + 
194362,Tempelhof-Schöneberg,7010101,Wittenbergplatz/Viktoria-Luise-Platz,May,14,Thursday,minor,5,Turning,Daylight,1,1,0,0,0,0,Dry,13.34356,52.50152,bicycle + car + 
194363,Lichtenberg,11040926,Weitlingstraße,May,17,Thursday,minor,5,Turning,Daylight,1,1,0,0,0,0,Dry,13.48835,52.50213,bicycle + car + 
194364,Pankow,3020209,Niederschönhausen,May,16,Thursday,minor,5,Crossing,Daylight,1,1,0,0,0,0,Dry,13.40267,52.59676,bicycle + car + 
194365,Friedrichshain-Kreuzberg,2040701,Andreasviertel,May,16,Thursday,minor,0,Crossing,Daylight,1,1,0,0,0,0,Dry,13.42673,52.51575,bicycle + car + 
194366,Reinickendorf,12103218,Teichstraße,May,16,Thursday,minor,2,Stationary Traffic,Daylight,0,1,0,0,1,0,Dry,13.33227,52.56349,car + truck + 
194367,Treptow-Köpenick,9031202,Schmöckwitz/Rauchfangswerder,May,5,Thursday,serious,4,Stationary Traffic,Dawn,0,0,0,0,0,1,Wet,13.65557,52.37462,other
194368,Treptow-Köpenick,9041501,Altstadt Kietz,May,9,Thursday,serious,6,Crossing,Daylight,0,1,1,0,0,0,Dry,13.57674,52.44436,car + pedestrian + 
194369,Charlottenburg-Wilmersdorf,4051652,Nikolsburger Platz,May,8,Thursday,minor,3,Stationary Traffic,Daylight,1,1,0,0,0,0,Dry,13.32255,52.48672,bicycle + car + 
194370,Mitte,1011302,Oranienburger Straße,May,9,Thursday,minor,5,Crossing,Daylight,1,0,0,0,0,1,Dry,13.40954,52.52889,bicycle + other
194371,Neukölln,8010404,Rixdorf,May,7,Thursday,minor,2,Crossing,Daylight,1,0,0,0,0,0,Dry,13.45003,52.47659,bicycle + 
194372,Friedrichshain-Kreuzberg,2020201,Gleisdreieck/Entwicklungsgebiet,May,7,Thursday,minor,5,Turning,Daylight,1,1,0,0,0,0,Wet,13.37321,52.5035,bicycle + car + 
194373,Marzahn-Hellersdorf,10020622,Kaulsdorf Nord I,May,7,Thursday,minor,5,Crossing,Daylight,1,1,0,0,0,0,Dry,13.58667,52.51658,bicycle + car + 
194374,Friedrichshain-Kreuzberg,2050601,Hausburgviertel,May,7,Thursday,minor,5,Turning,Daylight,1,0,0,0,0,1,Wet,13.45075,52.52713,bicycle + other
194375,Reinickendorf,12214422,Klixstraße,May,7,Thursday,minor,5,Turning,Daylight,1,0,0,0,0,1,Dry,13.31463,52.57723,bicycle + other
194376,Marzahn-Hellersdorf,10030724,Oberfeldstraße,May,14,Thursday,minor,5,Turning,Daylight,0,0,0,1,0,1,Wet,13.56478,52.52225,motorbike + other
194377,Reinickendorf,12103115,Breitkopfbecken,May,13,Thursday,minor,5,Crossing,Daylight,1,1,0,0,0,0,Wet,13.37214,52.57216,bicycle + car + 
194378,Friedrichshain-Kreuzberg,2050601,Hausburgviertel,May,13,Thursday,serious,4,Stationary Traffic,Daylight,0,1,0,0,1,0,Wet,13.45411,52.52232,car + truck + 
194379,Spandau,5020523,Maulbeerallee,May,13,Thursday,serious,5,Turning,Daylight,0,1,0,0,0,0,Dry,13.16265,52.52008,car + 
194380,Treptow-Köpenick,9052001,Köpenick Nord,May,12,Thursday,minor,5,Turning,Daylight,1,0,0,0,0,0,Dry,13.58123,52.46028,bicycle + 
194381,Mitte,1011105,Nördlicher Landwehrkanal,May,11,Thursday,serious,5,Crossing,Daylight,0,1,0,0,0,0,Dry,13.3686,52.50628,car + 
194382,Charlottenburg-Wilmersdorf,4041137,Flinsberger Platz,May,10,Thursday,minor,5,Turning,Daylight,0,1,0,0,0,0,Dry,13.29001,52.48222,car + 
194383,Charlottenburg-Wilmersdorf,4020208,Kranzallee,May,10,Thursday,minor,6,Turning,Daylight,0,1,1,0,0,0,Dry,13.2284,52.50684,car + pedestrian + 
194384,Marzahn-Hellersdorf,10020414,Helle Mitte,May,6,Wednesday,minor,5,Turning,Daylight,1,1,0,0,0,0,Dry,13.60462,52.5367,bicycle + car + 
194385,Lichtenberg,11041128,Sewanstraße,May,10,Wednesday,minor,3,Stationary Traffic,Daylight,0,0,0,1,0,1,Dry,13.52459,52.49555,motorbike + other
194386,Pankow,3071537,Kollwitzplatz,May,13,Wednesday,minor,5,Turning,Daylight,1,1,0,0,0,0,Dry,13.41763,52.53832,bicycle + car + 
194387,Spandau,5040934,Alt-Gatow,May,10,Wednesday,minor,2,Stationary Traffic,Daylight,0,1,0,0,0,0,Dry,13.18245,52.48642,car + 
194388,Tempelhof-Schöneberg,7030303,Grazer Platz,May,20,Wednesday,minor,6,Overtaking,Daylight,0,1,1,0,0,0,Dry,13.34971,52.46526,car + pedestrian + 
194389,Spandau,5040936,Jägerallee,May,18,Wednesday,minor,5,Crossing,Daylight,0,1,0,0,0,0,Dry,13.12207,52.45323,car + 
194390,Friedrichshain-Kreuzberg,2050802,Boxhagener Platz,May,8,Wednesday,minor,0,Stationary Traffic,Daylight,1,1,0,0,0,0,Dry,13.46293,52.50512,bicycle + car + 
194391,Lichtenberg,11041022,Rosenfelder Ring,May,7,Wednesday,serious,6,Overtaking,Daylight,0,0,1,0,0,1,Dry,13.5192,52.5133,pedestrian + other
194392,Spandau,5010101,Hakenfelde Nord,May,21,Wednesday,minor,5,Crossing,Night,1,1,0,0,0,0,Dry,13.19685,52.56301,bicycle + car + 
194393,Pankow,3061228,Erich-Weinert-Straße,May,20,Wednesday,serious,5,Turning,Dawn,1,1,0,0,0,0,Dry,13.42792,52.54551,bicycle + car + 
194394,Marzahn-Hellersdorf,10040933,Mahlsdorf Süd,May,16,Wednesday,minor,5,Crossing,Daylight,1,1,0,0,0,0,Dry,13.60558,52.4878,bicycle + car + 
194395,Tempelhof-Schöneberg,7030303,Grazer Platz,May,16,Wednesday,minor,5,Turning,Daylight,0,1,0,1,0,0,Dry,13.34851,52.45892,car + motorbike + 
194396,Neukölln,8041036,Zittauer Straße,May,15,Wednesday,minor,5,Crossing,Daylight,1,1,0,0,0,0,Dry,13.48818,52.41337,bicycle + car + 
194397,Mitte,1011303,Alexanderplatzviertel,May,15,Wednesday,minor,2,Turning,Daylight,1,1,0,0,0,0,Dry,13.40978,52.52402,bicycle + car + 
194398,Mitte,1022206,Lüneburger Straße,May,17,Wednesday,minor,2,Stationary Traffic,Daylight,0,1,0,0,0,0,Dry,13.36019,52.52341,car + 
194399,Charlottenburg-Wilmersdorf,4020310,Park Ruhwald,May,17,Wednesday,minor,5,Crossing,Daylight,0,1,0,0,0,0,Dry,13.28021,52.51848,car + 
194400,Mitte,1011303,Alexanderplatzviertel,May,16,Wednesday,minor,2,Stationary Traffic,Daylight,0,1,0,1,0,0,Dry,13.41676,52.52625,car + motorbike + 
194401,Charlottenburg-Wilmersdorf,4030930,George-Grosz-Platz,May,16,Wednesday,minor,2,Stationary Traffic,Daylight,0,1,0,0,0,0,Dry,13.31503,52.50086,car + 
194402,Steglitz-Zehlendorf,6040805,Fischerhüttenstraße,May,16,Wednesday,minor,0,Driving,Daylight,1,0,0,0,0,0,Dry,13.25529,52.44063,bicycle + 
194403,Tempelhof-Schöneberg,7030303,Grazer Platz,May,15,Wednesday,minor,2,Stationary Traffic,Daylight,0,1,0,0,0,0,Dry,13.3492,52.45915,car + 
194404,Tempelhof-Schöneberg,7040403,Manteuffelstraße,May,14,Wednesday,minor,3,Stationary Traffic,Daylight,0,1,0,1,0,0,Dry,13.37759,52.4653,car + motorbike + 
194405,Spandau,5010101,Hakenfelde Nord,May,7,Wednesday,serious,5,Crossing,Daylight,1,1,0,0,0,0,Dry,13.21887,52.55985,bicycle + car + 
194406,Friedrichshain-Kreuzberg,2010101,Askanischer Platz,May,13,Wednesday,minor,0,Turning,Daylight,1,0,0,0,0,1,Dry,13.37698,52.50197,bicycle + other
194407,Friedrichshain-Kreuzberg,2050801,Traveplatz,May,15,Wednesday,serious,0,Driving,Daylight,0,0,0,1,0,0,Dry,13.47064,52.50587,motorbike + 
194408,Charlottenburg-Wilmersdorf,4010101,Jungfernheide,May,14,Wednesday,minor,2,Stationary Traffic,Daylight,0,1,0,0,0,0,Dry,13.29577,52.54804,car + 
194409,Mitte,1044101,Rehberge,May,13,Wednesday,serious,5,Turning,Daylight,0,1,0,1,0,0,Dry,13.34514,52.5543,car + motorbike + 
194410,Treptow-Köpenick,9041301,Kietzer Feld/Nachtheide,May,13,Wednesday,minor,2,Stationary Traffic,Daylight,0,1,0,0,0,0,Dry,13.59274,52.43845,car + 
194411,Steglitz-Zehlendorf,6030503,Zehlendorf Mitte,May,12,Wednesday,minor,6,Other,Daylight,0,1,1,0,0,0,Dry,13.2655,52.43211,car + pedestrian + 
194412,Neukölln,8041037,Alt-Rudow,May,12,Wednesday,minor,6,Other,Daylight,0,1,1,0,0,0,Dry,13.49642,52.41712,car + pedestrian + 
194413,Mitte,1011303,Alexanderplatzviertel,May,11,Wednesday,minor,2,Stationary Traffic,Daylight,0,1,0,0,0,0,Dry,13.41123,52.52395,car + 
194414,Neukölln,8010213,Körnerpark,May,11,Wednesday,minor,5,Turning,Daylight,1,1,0,0,0,0,Dry,13.4357,52.46909,bicycle + car + 
194415,Mitte,1011204,Leipziger Straße,May,9,Wednesday,minor,5,Turning,Daylight,0,1,0,1,0,0,Dry,13.39671,52.51099,car + motorbike + 
194416,Mitte,1033202,Humboldthain Süd,May,9,Wednesday,minor,5,Crossing,Daylight,1,1,0,0,0,0,Dry,13.37986,52.54017,bicycle + car + 
194417,Friedrichshain-Kreuzberg,2030402,Wrangelkiez,May,9,Wednesday,minor,5,Turning,Daylight,0,1,0,1,0,0,Dry,13.4489,52.49723,car + motorbike + 
194418,Neukölln,8010509,Schulenburgpark,May,9,Wednesday,minor,0,Driving,Daylight,0,0,0,1,0,0,Dry,13.4733,52.46465,motorbike + 
194419,Charlottenburg-Wilmersdorf,4041134,Bismarckallee,May,9,Wednesday,serious,2,Stationary Traffic,Daylight,0,1,0,0,0,0,Dry,13.28486,52.49128,car + 
194420,Spandau,5020417,Staakener Straße,May,9,Wednesday,minor,5,Crossing,Daylight,0,1,0,0,0,0,Dry,13.17918,52.53385,car + 
194421,Treptow-Köpenick,9020701,Adlershof West,May,9,Wednesday,minor,5,Crossing,Daylight,0,1,0,0,0,0,Dry,13.52247,52.42839,car + 
194422,Pankow,3040818,Pankow Süd,May,8,Wednesday,minor,2,Turning,Daylight,0,1,0,0,0,0,Dry,13.4299,52.55288,car + 
194423,Friedrichshain-Kreuzberg,2040701,Andreasviertel,May,8,Wednesday,minor,5,Turning,Daylight,1,1,0,0,0,0,Dry,13.4287,52.51893,bicycle + car + 
194424,Lichtenberg,11020513,Orankesee,May,8,Wednesday,minor,0,Turning,Daylight,0,0,0,0,1,1,Dry,13.46892,52.54334,truck + other
194425,Charlottenburg-Wilmersdorf,4030828,Savignyplatz,May,7,Wednesday,minor,0,Paralle Traffic,Daylight,1,1,0,0,0,0,Dry,13.32612,52.50824,bicycle + car + 
194426,Mitte,1022202,Heidestraße,May,6,Wednesday,minor,5,Turning,Daylight,0,1,0,1,0,0,Dry,13.36897,52.52962,car + motorbike + 
194427,Charlottenburg-Wilmersdorf,4020311,Reichsstraße,May,8,Tuesday,minor,0,Stationary Traffic,Daylight,0,1,0,0,0,0,Dry,13.26129,52.50793,car + 
194428,Mitte,1011101,Stülerstraße,May,19,Tuesday,minor,0,Crossing,Daylight,0,1,0,1,0,0,Dry,13.35205,52.50634,car + motorbike + 
194429,Mitte,1011103,Lützowstraße,May,19,Tuesday,minor,5,Crossing,Daylight,1,1,0,0,0,0,Dry,13.35286,52.50399,bicycle + car + 
194430,Friedrichshain-Kreuzberg,2040703,Wriezener Bahnhof/Entwicklungsgebiet,May,19,Tuesday,minor,1,Paralle Traffic,Daylight,1,1,0,0,0,0,Dry,13.4454,52.50306,bicycle + car + 
194431,Friedrichshain-Kreuzberg,2030301,Oranienplatz,May,22,Tuesday,minor,1,Paralle Traffic,Night,1,1,0,0,0,0,Dry,13.41514,52.50359,bicycle + car + 
194432,Pankow,3061429,Greifswalder Straße,May,18,Tuesday,minor,6,Stationary Traffic,Daylight,1,0,1,0,0,0,Dry,13.44164,52.54328,bicycle + pedestrian + 
194433,Reinickendorf,12302107,Schorfheidestraße,May,18,Tuesday,minor,5,Turning,Daylight,0,1,0,1,0,0,Dry,13.34608,52.59149,car + motorbike + 
194434,Tempelhof-Schöneberg,7050503,Eisenacher Straße,May,18,Tuesday,minor,0,Driving,Daylight,0,1,0,0,0,0,Dry,13.40032,52.445,car + 
194435,Lichtenberg,11020514,Große-Leege-Straße,May,13,Tuesday,minor,2,Stationary Traffic,Daylight,0,1,0,0,0,0,Dry,13.49125,52.54346,car + 
194436,Neukölln,8010214,Glasower Straße,May,17,Tuesday,minor,5,Turning,Daylight,0,1,0,1,0,0,Dry,13.442,52.46767,car + motorbike + 
194437,Treptow-Köpenick,9020702,Adlershof Ost,May,17,Tuesday,serious,0,Driving,Daylight,1,1,0,0,0,0,Dry,13.54891,52.43821,bicycle + car + 
194438,Pankow,3050924,Behaimstraße,May,17,Tuesday,minor,4,Paralle Traffic,Daylight,0,1,0,0,0,1,Dry,13.44638,52.55359,car + other
194439,Spandau,5010314,Carl-Schurz-Straße,May,16,Tuesday,minor,2,Stationary Traffic,Daylight,0,1,0,0,0,0,Dry,13.20721,52.53888,car + 
194440,Pankow,3061228,Erich-Weinert-Straße,May,16,Tuesday,minor,5,Turning,Daylight,1,1,0,0,0,0,Dry,13.43912,52.54733,bicycle + car + 
194441,Spandau,5010314,Carl-Schurz-Straße,May,15,Tuesday,minor,2,Stationary Traffic,Daylight,0,1,0,1,0,0,Dry,13.19788,52.5391,car + motorbike + 
194442,Charlottenburg-Wilmersdorf,4030622,Richard-Wagner-Straße,May,16,Tuesday,serious,6,Other,Daylight,0,1,1,0,0,0,Dry,13.30456,52.51684,car + pedestrian + 
194443,Friedrichshain-Kreuzberg,2050801,Traveplatz,May,15,Tuesday,serious,3,Stationary Traffic,Daylight,1,1,0,0,0,0,Dry,13.4584,52.51266,bicycle + car + 
194444,Friedrichshain-Kreuzberg,2020203,Viktoriapark,May,15,Tuesday,minor,2,Stationary Traffic,Daylight,0,1,0,0,0,0,Dry,13.38774,52.49279,car + 
194445,Friedrichshain-Kreuzberg,2050802,Boxhagener Platz,May,12,Tuesday,minor,1,Paralle Traffic,Daylight,1,1,0,0,0,0,Dry,13.45419,52.5103,bicycle + car + 
194446,Charlottenburg-Wilmersdorf,4030518,Tegeler Weg,May,11,Tuesday,minor,4,Stationary Traffic,Daylight,0,1,0,0,1,0,Dry,13.30543,52.52877,car + truck + 
194447,Mitte,1011401,Invalidenstraße,May,10,Tuesday,minor,3,Stationary Traffic,Daylight,1,1,0,0,0,0,Dry,13.3848,52.53224,bicycle + car + 
194448,Charlottenburg-Wilmersdorf,4030929,Hindemithplatz,May,9,Tuesday,minor,5,Crossing,Daylight,1,1,0,0,0,0,Dry,13.31184,52.50057,bicycle + car + 
194449,Charlottenburg-Wilmersdorf,4030519,Kaiserin-Augusta-Allee,May,8,Tuesday,minor,5,Crossing,Daylight,0,1,0,1,0,0,Dry,13.30607,52.52573,car + motorbike + 
194450,Reinickendorf,12302107,Schorfheidestraße,May,8,Tuesday,minor,2,Turning,Daylight,0,1,0,0,0,1,Dry,13.34719,52.59621,car + other
194451,Mitte,1011201,Wilhelmstraße,May,7,Tuesday,minor,1,Paralle Traffic,Daylight,1,1,0,0,0,0,Dry,13.3822,52.51375,bicycle + car + 
194452,Reinickendorf,12301205,Waidmannslust,May,7,Tuesday,minor,5,Crossing,Daylight,1,1,0,0,0,0,Dry,13.30951,52.60386,bicycle + car + 
194453,Mitte,1011303,Alexanderplatzviertel,May,7,Tuesday,minor,3,Stationary Traffic,Daylight,0,1,0,0,0,0,Dry,13.41711,52.52654,car + 
194454,Reinickendorf,12214421,Reinickes Hof,May,5,Tuesday,minor,2,Stationary Traffic,Dawn,0,1,0,1,0,0,Wet,13.33081,52.57147,car + motorbike + 
194455,Pankow,3061126,Arnimplatz,May,15,Monday,serious,5,Turning,Daylight,1,1,0,0,0,0,Dry,13.41032,52.55083,bicycle + car + 
194456,Steglitz-Zehlendorf,6020409,Königsberger Straße,May,10,Monday,minor,1,Paralle Traffic,Daylight,0,1,0,0,0,0,Dry,13.32367,52.43079,car + 
194457,Mitte,1011204,Leipziger Straße,May,16,Monday,minor,2,Turning,Daylight,0,1,0,0,0,1,Dry,13.40252,52.51185,car + other
194458,Mitte,1022104,Emdener Straße,May,22,Monday,minor,5,Crossing,Night,1,1,0,0,0,0,Dry,13.34289,52.52637,bicycle + car + 
194459,Charlottenburg-Wilmersdorf,4030621,Spreestadt,May,20,Monday,serious,6,Overtaking,Night,0,1,1,0,0,0,Dry,13.32235,52.52119,car + pedestrian + 
194460,Mitte,1011305,Heine-Viertel West,May,19,Monday,serious,5,Crossing,Daylight,1,1,0,0,0,0,Dry,13.41363,52.51129,bicycle + car + 
194461,Mitte,1011103,Lützowstraße,May,19,Monday,minor,2,Stationary Traffic,Night,0,1,0,0,0,0,Dry,13.35826,52.5012,car + 
194462,Friedrichshain-Kreuzberg,2020202,Rathaus Yorckstraße,May,18,Monday,minor,0,Turning,Daylight,1,1,0,0,0,0,Dry,13.38935,52.49611,bicycle + car + 
194463,Steglitz-Zehlendorf,6040808,Hüttenweg,May,18,Monday,minor,2,Stationary Traffic,Daylight,0,1,0,0,0,0,Wet,13.27069,52.45066,car + 
194464,Tempelhof-Schöneberg,7040403,Manteuffelstraße,May,17,Monday,serious,2,Stationary Traffic,Daylight,0,1,0,1,0,0,Dry,13.37582,52.45748,car + motorbike + 
194465,Tempelhof-Schöneberg,7010103,Barbarossaplatz,May,16,Monday,minor,5,Crossing,Daylight,1,1,0,0,0,0,Dry,13.35497,52.49017,bicycle + car + 
194466,Lichtenberg,11020412,Hauptstraße,May,17,Monday,minor,5,Crossing,Daylight,0,1,0,0,0,0,Dry,13.51947,52.54626,car + 
194467,Steglitz-Zehlendorf,6040701,Wannsee,May,16,Monday,minor,1,Paralle Traffic,Daylight,1,1,0,0,0,0,Dry,13.1851,52.42867,bicycle + car + 
194468,Steglitz-Zehlendorf,6030610,Lichterfelde West,May,16,Monday,minor,2,Stationary Traffic,Daylight,0,1,0,0,0,0,Dry,13.30214,52.43805,car + 
194469,Spandau,5010339,Freiheit,May,17,Monday,minor,1,Paralle Traffic,Daylight,0,1,0,0,0,1,Dry,13.24243,52.52803,car + other
194470,Pankow,3061126,Arnimplatz,May,16,Monday,minor,5,Turning,Daylight,1,1,0,0,0,0,Dry,13.41431,52.55361,bicycle + car + 
194471,Charlottenburg-Wilmersdorf,4030930,George-Grosz-Platz,May,16,Monday,minor,0,Crossing,Daylight,0,1,0,0,0,1,Dry,13.31942,52.50147,car + other
194472,Neukölln,8030831,Gropiusstadt Ost,May,15,Monday,minor,2,Stationary Traffic,Daylight,0,1,0,0,0,0,Dry,13.47124,52.42971,car + 
194473,Mitte,1011203,Unter den Linden Süd,May,15,Monday,minor,1,Paralle Traffic,Daylight,1,1,0,0,0,1,Dry,13.3943,52.51509,bicycle + car + other
194474,Pankow,3010102,Buch,May,14,Monday,minor,1,Paralle Traffic,Daylight,1,1,0,0,0,0,Dry,13.49368,52.62664,bicycle + car + 
194475,Steglitz-Zehlendorf,6040809,Thielallee,May,14,Monday,minor,5,Turning,Daylight,1,1,0,0,0,0,Dry,13.29287,52.45806,bicycle + car + 
194476,Charlottenburg-Wilmersdorf,4030623,Ernst-Reuter-Platz,May,13,Monday,minor,0,Paralle Traffic,Daylight,0,1,0,0,0,0,Dry,13.32609,52.50804,car + 
194477,Treptow-Köpenick,9041601,Müggelheim,May,13,Monday,minor,5,Crossing,Daylight,1,1,0,0,0,0,Dry,13.67051,52.42201,bicycle + car + 
194478,Reinickendorf,12103115,Breitkopfbecken,May,16,Monday,minor,5,Crossing,Daylight,1,1,0,0,0,0,Dry,13.37353,52.5747,bicycle + car + 
194479,Tempelhof-Schöneberg,7040404,Marienhöhe,May,13,Monday,minor,5,Crossing,Daylight,1,1,0,0,0,0,Dry,13.37174,52.45288,bicycle + car + 
194480,Steglitz-Zehlendorf,6030608,Schweizer Viertel,May,12,Monday,minor,1,Paralle Traffic,Daylight,0,1,0,0,0,0,Dry,13.30254,52.4252,car + 
194481,Tempelhof-Schöneberg,7050502,Fritz-Werner-Straße,May,11,Monday,serious,3,Stationary Traffic,Daylight,1,0,0,0,1,0,Dry,13.38734,52.43989,bicycle + truck + 
194482,Tempelhof-Schöneberg,7070702,Alt-Lichtenrade/Töpchiner Weg,May,6,Monday,minor,5,Crossing,Daylight,0,1,0,1,0,0,Dry,13.42002,52.40164,car + motorbike + 
194483,Marzahn-Hellersdorf,10020517,Adele-Sandrock-Straße,May,7,Monday,minor,6,Turning,Daylight,0,1,1,0,0,0,Dry,13.60714,52.53366,car + pedestrian + 
194484,Charlottenburg-Wilmersdorf,4041241,Breite Straße,May,12,Monday,minor,5,Turning,Daylight,1,1,0,0,0,0,Dry,13.29816,52.47345,bicycle + car + 
194485,Steglitz-Zehlendorf,6040810,Dahlem,May,7,Monday,minor,6,Overtaking,Daylight,1,0,1,0,0,0,Dry,13.2831,52.45881,bicycle + pedestrian + 
194486,Neukölln,8010509,Schulenburgpark,May,6,Monday,minor,5,Crossing,Daylight,0,1,0,1,0,0,Dry,13.47358,52.46182,car + motorbike + 
194487,Pankow,3020209,Niederschönhausen,May,6,Monday,minor,5,Crossing,Daylight,0,1,0,1,0,0,Dry,13.39765,52.58603,car + motorbike + 
194488,Steglitz-Zehlendorf,6020304,Kaiser-Wilhelm-Straße,May,7,Monday,minor,5,Other,Daylight,1,1,0,0,0,0,Dry,13.33751,52.42852,bicycle + car + 
194489,Spandau,5010314,Carl-Schurz-Straße,May,7,Monday,minor,5,Turning,Daylight,0,1,0,0,0,0,Dry,13.21136,52.53223,car + 
194490,Reinickendorf,12302110,Dannenwalder Weg,May,7,Monday,minor,6,Overtaking,Daylight,0,1,1,0,0,0,Dry,13.35313,52.59652,car + pedestrian + 
194491,Tempelhof-Schöneberg,7040401,Neu-Tempelhof,May,8,Monday,serious,5,Crossing,Daylight,0,1,0,0,0,0,Dry,13.38445,52.48022,car + 
194492,Steglitz-Zehlendorf,6030607,Goerzwerke,May,8,Monday,minor,0,Crossing,Daylight,0,1,0,1,0,0,Dry,13.28492,52.41743,car + motorbike + 
194493,Lichtenberg,11041022,Rosenfelder Ring,May,8,Monday,serious,6,Overtaking,Daylight,0,1,1,0,0,0,Dry,13.51928,52.51346,car + pedestrian + 
194494,Mitte,1011203,Unter den Linden Süd,May,9,Monday,minor,3,Stationary Traffic,Daylight,1,0,0,0,0,0,Dry,13.39667,52.51563,bicycle + 
194495,Treptow-Köpenick,9020701,Adlershof West,May,9,Monday,minor,3,Stationary Traffic,Daylight,0,1,0,0,0,1,Dry,13.53965,52.43492,car + other
194496,Charlottenburg-Wilmersdorf,4051655,Babelsberger Straße,May,9,Monday,minor,6,Overtaking,Daylight,0,1,1,0,0,0,Dry,13.3306,52.4787,car + pedestrian + 
194497,Steglitz-Zehlendorf,6040810,Dahlem,May,10,Monday,minor,5,Turning,Daylight,0,1,0,0,0,0,Dry,13.27051,52.4509,car + 
194498,Mitte,1011304,Karl-Marx-Allee,May,10,Monday,minor,5,Crossing,Daylight,1,0,0,0,0,1,Dry,13.4177,52.51797,bicycle + other
194499,Charlottenburg-Wilmersdorf,4020310,Park Ruhwald,May,10,Monday,serious,2,Stationary Traffic,Daylight,0,1,0,0,0,0,Dry,13.24975,52.52389,car + 
194500,Charlottenburg-Wilmersdorf,4030929,Hindemithplatz,May,10,Monday,minor,2,Stationary Traffic,Daylight,1,1,0,0,0,0,Dry,13.31339,52.50443,bicycle + car + 
194501,Charlottenburg-Wilmersdorf,4030827,Karl-August-Platz,May,11,Monday,minor,1,Paralle Traffic,Daylight,1,1,0,0,0,0,Dry,13.30752,52.50572,bicycle + car + 
194502,Treptow-Köpenick,9020601,Schnellerstraße,May,11,Monday,minor,5,Turning,Daylight,1,1,0,0,0,0,Dry,13.50352,52.46068,bicycle + car + 
194503,Reinickendorf,12103116,Hausotterplatz,May,11,Monday,minor,6,Overtaking,Daylight,0,1,1,0,0,0,Dry,13.3791,52.5687,car + pedestrian + 
194504,Spandau,5010312,Kurstraße,May,11,Monday,minor,5,Turning,Daylight,1,1,0,0,0,0,Dry,13.20473,52.54418,bicycle + car + 
194505,Treptow-Köpenick,9051702,Bölschestraße,May,12,Monday,minor,0,Driving,Daylight,1,0,0,0,0,0,Dry,13.62475,52.45118,bicycle + 
194506,Spandau,5020417,Staakener Straße,May,12,Monday,minor,3,Stationary Traffic,Daylight,0,1,0,0,0,0,Dry,13.17344,52.53363,car + 
194507,Mitte,1033202,Humboldthain Süd,May,5,Sunday,minor,6,Overtaking,Dawn,1,0,1,0,0,0,Dry,13.38683,52.53916,bicycle + pedestrian + 
194508,Mitte,1011201,Wilhelmstraße,May,15,Sunday,minor,5,Turning,Daylight,1,1,0,0,0,0,Dry,13.37663,52.50938,bicycle + car + 
194509,Neukölln,8010404,Rixdorf,May,17,Sunday,minor,0,Other,Daylight,0,1,0,1,0,0,Dry,13.4481,52.47779,car + motorbike + 