id,district,lor,street,month,hour,weekday,injury,collision,movement,light_conditions,bicycle,car,pedestrian,motorbike,truck,other_vehicle,road_conditions,longitude,latitude,Combo_type
194510,Steglitz-Zehlendorf,6020303,Lankwitz Kirche,May,17,Sunday,minor,1,Paralle Traffic,Daylight,1,1,0,0,0,0,Dry,13.34482,52.43745,bicycle + car + 
194511,Neukölln,8010118,Silbersteinstraße,May,14,Sunday,minor,5,Turning,Daylight,1,1,0,0,0,0,Dry,13.42907,52.47191,bicycle + car + 
194512,Pankow,3071537,Kollwitzplatz,May,14,Sunday,minor,6,Overtaking,Daylight,1,0,1,0,0,0,Dry,13.42192,52.53553,bicycle + pedestrian + 
194513,Neukölln,8010118,Silbersteinstraße,May,12,Sunday,minor,6,Overtaking,Daylight,0,0,1,1,0,0,Dry,13.43002,52.46985,pedestrian + motorbike + 
194514,Friedrichshain-Kreuzberg,2020204,Urbanstraße,May,14,Sunday,serious,6,Overtaking,Daylight,1,0,1,0,0,0,Dry,13.40089,52.49327,bicycle + pedestrian + 
194515,Marzahn-Hellersdorf,10020621,Gelbes Viertel,May,18,Sunday,serious,6,Overtaking,Daylight,0,1,1,0,0,0,Dry,13.59176,52.5294,car + pedestrian + 
194516,Neukölln,8041037,Alt-Rudow,May,20,Sunday,serious,5,Crossing,Dawn,0,1,0,0,0,0,Dry,13.49112,52.42396,car + 
194517,Friedrichshain-Kreuzberg,2010104,Wassertorplatz,May,11,Sunday,serious,6,Overtaking,Daylight,0,1,1,0,0,0,Dry,13.41597,52.49869,car + pedestrian + 
194518,Neukölln,8020726,Buckow West,May,9,Sunday,minor,5,Crossing,Daylight,0,1,0,1,0,0,Dry,13.40996,52.41648,car + motorbike + 
194519,Charlottenburg-Wilmersdorf,4030929,Hindemithplatz,May,8,Sunday,serious,0,Turning,Daylight,0,1,0,0,0,0,Dry,13.31305,52.50061,car + 
194520,Reinickendorf,12301205,Waidmannslust,May,3,Sunday,serious,1,Paralle Traffic,Night,0,1,0,0,0,0,Dry,13.30708,52.60237,car + 
194521,Steglitz-Zehlendorf,6010101,Fichtenberg,May,13,Sunday,minor,2,Stationary Traffic,Daylight,0,1,0,0,0,1,Dry,13.31868,52.45445,car + other
194522,Reinickendorf,12214527,Alt-Tegel,May,14,Sunday,minor,5,Turning,Daylight,0,1,0,0,0,0,Dry,13.28078,52.59379,car + 
194523,Tempelhof-Schöneberg,7010101,Wittenbergplatz/Viktoria-Luise-Platz,May,16,Saturday,serious,6,Turning,Daylight,0,0,1,0,0,1,Dry,13.34568,52.49421,pedestrian + other
194524,Charlottenburg-Wilmersdorf,4051655,Babelsberger Straße,May,12,Saturday,minor,1,Paralle Traffic,Daylight,0,1,0,0,0,0,Dry,13.33393,52.48596,car + 
194525,Pankow,3040614,Pankow Zentrum,May,19,Saturday,minor,5,Turning,Dawn,1,1,0,0,0,0,Dry,13.42872,52.57798,bicycle + car + 
194526,Mitte,1011402,Arkonaplatz,May,17,Saturday,minor,5,Crossing,Daylight,1,0,0,0,0,1,Dry,13.40521,52.5341,bicycle + other
194527,Reinickendorf,12302108,Märkisches Zentrum,May,21,Saturday,serious,6,Overtaking,Night,0,1,1,0,0,0,Dry,13.33912,52.59757,car + pedestrian + 
194528,Reinickendorf,12302108,Märkisches Zentrum,May,21,Saturday,minor,6,Stationary Traffic,Night,0,1,1,0,0,0,Dry,13.33907,52.59844,car + pedestrian + 
194529,Mitte,1044101,Rehberge,May,19,Saturday,minor,5,Turning,Daylight,1,1,0,0,0,0,Dry,13.34518,52.55442,bicycle + car + 
194530,Treptow-Köpenick,9020802,Köllnische Vorstadt,May,19,Saturday,minor,5,Crossing,Daylight,0,1,0,0,0,0,Dry,13.56616,52.43945,car + 
194531,Tempelhof-Schöneberg,7050501,Rathausstraße,May,17,Saturday,minor,5,Turning,Daylight,0,1,0,1,0,0,Dry,13.37396,52.44513,car + motorbike + 
194532,Treptow-Köpenick,9041501,Altstadt Kietz,May,18,Saturday,minor,2,Stationary Traffic,Daylight,0,1,0,0,0,0,Wet,13.58059,52.4431,car + 
194533,Marzahn-Hellersdorf,10040933,Mahlsdorf Süd,May,18,Saturday,serious,1,Paralle Traffic,Daylight,0,1,0,1,0,0,Dry,13.6245,52.48967,car + motorbike + 
194534,Mitte,1044202,Sparrplatz,May,18,Saturday,minor,2,Stationary Traffic,Daylight,0,1,0,0,0,0,Dry,13.3517,52.54282,car + 
194535,Marzahn-Hellersdorf,10020413,Gut Hellersdorf,May,17,Saturday,minor,5,Crossing,Daylight,0,1,0,1,0,0,Dry,13.60132,52.53582,car + motorbike + 
194536,Mitte,1011306,Heine-Viertel Ost,May,16,Saturday,minor,1,Paralle Traffic,Daylight,0,1,0,0,0,0,Dry,13.42014,52.51004,car + 
194537,Friedrichshain-Kreuzberg,2030401,Reichenberger Straße,May,1,Saturday,minor,5,Crossing,Night,0,1,0,0,0,0,Wet,13.43281,52.49471,car + 
194538,Spandau,5020523,Maulbeerallee,May,14,Saturday,serious,0,Stationary Traffic,Daylight,0,1,0,0,0,1,Dry,13.16344,52.51991,car + other
194539,Mitte,1044101,Rehberge,May,14,Saturday,minor,6,Overtaking,Daylight,0,1,1,0,0,0,Wet,13.34869,52.55052,car + pedestrian + 
194540,Marzahn-Hellersdorf,10020413,Gut Hellersdorf,May,13,Saturday,serious,0,Driving,Daylight,1,0,0,0,0,0,Dry,13.58624,52.5386,bicycle + 
194541,Neukölln,8041040,Waltersdorfer Chaussee Ost,May,13,Saturday,minor,5,Turning,Daylight,1,1,0,0,0,0,Dry,13.49754,52.41607,bicycle + car + 
194542,Reinickendorf,12301206,Lübars,May,12,Saturday,minor,5,Crossing,Daylight,1,1,0,0,0,0,Dry,13.34041,52.61584,bicycle + car + 
194543,Pankow,3030406,Alt-Karow,May,11,Saturday,minor,5,Crossing,Daylight,0,1,0,0,0,0,Dry,13.47403,52.60999,car + 
194544,Steglitz-Zehlendorf,6040701,Wannsee,May,10,Saturday,minor,0,Driving,Daylight,0,1,0,0,0,0,Dry,13.18652,52.42555,car + 
194545,Charlottenburg-Wilmersdorf,4051551,Brabanter Platz,May,3,Friday,minor,1,Driving,Night,0,1,0,0,0,0,Dry,13.31957,52.47888,car + 
194546,Marzahn-Hellersdorf,10040933,Mahlsdorf Süd,May,8,Friday,minor,5,Turning,Daylight,1,1,0,0,0,0,Dry,13.61389,52.50399,bicycle + car + 
194547,Treptow-Köpenick,9051901,Dammvorstadt,May,12,Friday,minor,6,Other,Daylight,0,1,1,0,0,0,Dry,13.57884,52.45799,car + pedestrian + 
194548,Spandau,5040936,Jägerallee,May,14,Friday,minor,6,Stationary Traffic,Daylight,0,1,1,0,0,0,Dry,13.13638,52.45227,car + pedestrian + 
194549,Tempelhof-Schöneberg,7030301,Friedenau,May,22,Friday,minor,2,Turning,Night,0,1,0,0,0,0,Dry,13.32996,52.4663,car + 
194550,Tempelhof-Schöneberg,7040403,Manteuffelstraße,May,6,Friday,minor,3,Stationary Traffic,Daylight,0,1,0,0,0,1,Dry,13.37686,52.46131,car + other
194551,Friedrichshain-Kreuzberg,2030402,Wrangelkiez,May,21,Friday,minor,6,Overtaking,Night,1,0,1,0,0,0,Dry,13.44211,52.49852,bicycle + pedestrian + 
194552,Neukölln,8010303,Donaustraße,May,19,Friday,minor,1,Paralle Traffic,Daylight,1,1,0,0,0,1,Dry,13.43961,52.48153,bicycle + car + other
194553,Neukölln,8010301,Reuterkiez,May,7,Friday,minor,5,Crossing,Daylight,0,1,0,0,0,0,Dry,13.42819,52.4934,car + 
194554,Reinickendorf,12103219,Schäfersee,May,18,Friday,minor,5,Turning,Daylight,0,1,0,0,0,0,Dry,13.35392,52.56209,car + 
194555,Tempelhof-Schöneberg,7010104,Dennewitzplatz,May,18,Friday,minor,1,Paralle Traffic,Daylight,1,1,0,0,0,1,Dry,13.36792,52.4933,bicycle + car + other
194556,Lichtenberg,11020411,Malchower Weg,May,7,Friday,minor,1,Driving,Daylight,0,1,0,0,1,0,Dry,13.49427,52.55952,car + truck + 
194557,Treptow-Köpenick,9020701,Adlershof West,May,17,Friday,minor,5,Crossing,Daylight,1,1,0,0,0,0,Dry,13.52233,52.42856,bicycle + car + 
194558,Mitte,1011302,Oranienburger Straße,May,8,Friday,minor,5,Turning,Daylight,1,1,0,0,0,0,Dry,13.40947,52.5288,bicycle + car + 
194559,Mitte,1011201,Wilhelmstraße,May,8,Friday,minor,1,Paralle Traffic,Daylight,1,1,0,0,0,0,Dry,13.38234,52.51346,bicycle + car + 
194560,Steglitz-Zehlendorf,6040701,Wannsee,May,0,Friday,minor,1,Paralle Traffic,Night,1,0,0,0,1,1,Dry,13.14148,52.4117,bicycle + truck + other
194561,Mitte,1011301,Charitéviertel,May,8,Friday,minor,2,Stationary Traffic,Daylight,0,1,0,1,0,0,Dry,13.37448,52.52802,car + motorbike + 
194562,Spandau,5020626,Adamstraße,May,9,Friday,serious,6,Overtaking,Daylight,0,1,1,0,0,0,Dry,13.19603,52.52095,car + pedestrian + 
194563,Tempelhof-Schöneberg,7060603,Marienfelde Nordost,May,9,Friday,serious,6,Overtaking,Daylight,0,1,1,0,0,0,Dry,13.3834,52.41128,car + pedestrian + 
194564,Mitte,1011204,Leipziger Straße,May,9,Friday,minor,5,Paralle Traffic,Daylight,0,1,0,1,0,0,Dry,13.39121,52.50865,car + motorbike + 
194565,Mitte,1022106,Elberfelder Straße,May,10,Friday,minor,1,Paralle Traffic,Daylight,0,1,0,1,0,0,Dry,13.33236,52.51961,car + motorbike + 
194566,Steglitz-Zehlendorf,6010209,Feuerbachstraße,May,11,Friday,minor,2,Stationary Traffic,Daylight,0,1,0,0,0,0,Dry,13.33149,52.46375,car + 
194567,Spandau,5020625,Borkumer Straße,May,12,Friday,minor,2,Stationary Traffic,Daylight,0,1,0,0,0,0,Dry,13.19958,52.53442,car + 
194568,Neukölln,8010301,Reuterkiez,May,12,Friday,minor,5,Turning,Daylight,1,0,0,0,0,1,Dry,13.43385,52.48981,bicycle + other
194569,Friedrichshain-Kreuzberg,2020204,Urbanstraße,May,13,Friday,serious,5,Crossing,Daylight,0,1,0,1,0,0,Dry,13.39632,52.49105,car + motorbike + 
194570,Steglitz-Zehlendorf,6010101,Fichtenberg,May,13,Friday,minor,5,Other,Daylight,1,1,0,0,0,0,Dry,13.31428,52.45755,bicycle + car + 
194571,Pankow,3061332,Helmholtzplatz,May,13,Friday,minor,0,Other,Daylight,0,1,0,1,0,0,Dry,13.42536,52.54341,car + motorbike + 
194572,Mitte,1033102,Gesundbrunnen,May,14,Friday,minor,2,Stationary Traffic,Daylight,0,1,0,1,0,0,Dry,13.39025,52.55555,car + motorbike + 
194573,Friedrichshain-Kreuzberg,2020203,Viktoriapark,May,15,Friday,minor,5,Other,Daylight,0,1,0,1,0,0,Dry,13.3757,52.48934,car + motorbike + 
194574,Reinickendorf,12301203,Wittenau Süd,May,15,Friday,serious,5,Turning,Daylight,1,1,0,0,0,0,Dry,13.3341,52.58978,bicycle + car + 
194575,Mitte,1011204,Leipziger Straße,May,16,Thursday,minor,1,Paralle Traffic,Daylight,1,1,0,0,0,1,Dry,13.3919,52.51004,bicycle + car + other
194576,Pankow,3061429,Greifswalder Straße,May,8,Thursday,minor,5,Crossing,Daylight,1,1,0,0,0,0,Dry,13.44589,52.54465,bicycle + car + 
194577,Neukölln,8010510,Gewerbegebiet Köllnische Heide,May,6,Thursday,serious,2,Other,Daylight,0,1,0,1,0,0,Dry,13.46981,52.4629,car + motorbike + 
194578,Mitte,1011203,Unter den Linden Süd,May,11,Thursday,minor,6,Turning,Daylight,0,1,1,0,0,0,Dry,13.39113,52.51399,car + pedestrian + 
194579,Treptow-Köpenick,9020701,Adlershof West,May,18,Thursday,minor,5,Turning,Daylight,1,1,0,0,0,0,Dry,13.54514,52.42573,bicycle + car + 
194580,Mitte,1011305,Heine-Viertel West,May,18,Thursday,minor,0,Crossing,Daylight,1,1,0,0,0,0,Dry,13.40881,52.51195,bicycle + car + 
194581,Mitte,1011306,Heine-Viertel Ost,May,8,Thursday,minor,5,Crossing,Daylight,1,1,0,0,0,0,Dry,13.41963,52.50617,bicycle + car + 
194582,Reinickendorf,12214422,Klixstraße,May,16,Thursday,minor,5,Turning,Daylight,1,1,0,0,0,0,Dry,13.3133,52.57682,bicycle + car + 
194583,Charlottenburg-Wilmersdorf,4030621,Spreestadt,May,15,Thursday,minor,1,Paralle Traffic,Daylight,0,1,0,1,0,0,Dry,13.32689,52.52193,car + motorbike + 
194584,Friedrichshain-Kreuzberg,2010103,Moritzplatz,May,14,Thursday,minor,5,Paralle Traffic,Daylight,1,1,0,0,0,0,Dry,13.41452,52.50442,bicycle + car + 
194585,Neukölln,8030830,Gropiusstadt Süd,May,15,Thursday,serious,5,Turning,Daylight,0,1,0,0,0,0,Dry,13.44697,52.42709,car + 
194586,Reinickendorf,12301203,Wittenau Süd,May,15,Thursday,minor,2,Stationary Traffic,Daylight,0,1,0,0,0,0,Dry,13.31864,52.58138,car + 
194587,Pankow,3051022,Hansastraße,May,15,Thursday,serious,5,Turning,Daylight,0,1,0,1,0,0,Dry,13.47482,52.54959,car + motorbike + 
194588,Steglitz-Zehlendorf,6010101,Fichtenberg,May,9,Thursday,serious,5,Crossing,Daylight,1,1,0,0,0,0,Dry,13.30978,52.46657,bicycle + car + 
194589,Spandau,5030730,Zitadellenweg,May,12,Thursday,minor,5,Crossing,Daylight,0,0,0,1,0,1,Dry,13.21942,52.53898,motorbike + other
194590,Mitte,1022103,Westhafen,May,12,Thursday,minor,5,Turning,Daylight,1,0,0,0,1,0,Dry,13.32817,52.53534,bicycle + truck + 
194591,Charlottenburg-Wilmersdorf,4030725,Amtsgerichtsplatz,May,11,Thursday,minor,5,Crossing,Daylight,0,1,0,0,0,0,Dry,13.29278,52.50669,car + 
194592,Steglitz-Zehlendorf,6010102,Schloßstraße,May,15,Thursday,minor,6,Other,Daylight,0,1,1,0,0,0,Dry,13.32076,52.45706,car + pedestrian + 
194593,Treptow-Köpenick,9030903,Kölner Viertel,May,15,Thursday,minor,6,Other,Daylight,0,1,1,0,0,0,Dry,13.53927,52.4008,car + pedestrian + 
194594,Tempelhof-Schöneberg,7010104,Dennewitzplatz,May,10,Thursday,minor,5,Crossing,Daylight,1,1,0,0,0,0,Dry,13.36643,52.49526,bicycle + car + 
194595,Friedrichshain-Kreuzberg,2050803,Stralauer Kiez,May,10,Thursday,minor,5,Turning,Daylight,0,1,0,0,0,1,Dry,13.46404,52.50049,car + other
194596,Tempelhof-Schöneberg,7030303,Grazer Platz,May,8,Thursday,minor,2,Stationary Traffic,Daylight,0,1,0,0,0,1,Dry,13.34815,52.46416,car + other
194597,Mitte,1011303,Alexanderplatzviertel,May,8,Thursday,minor,3,Stationary Traffic,Daylight,0,0,0,0,0,1,Dry,13.4097,52.52261,other
194598,Friedrichshain-Kreuzberg,2010102,Mehringplatz,May,8,Thursday,serious,0,Driving,Daylight,0,0,0,1,0,0,Dry,13.39808,52.50681,motorbike + 
194599,Friedrichshain-Kreuzberg,2040701,Andreasviertel,May,0,Thursday,minor,1,Paralle Traffic,Night,1,1,0,0,0,0,Dry,13.43138,52.51355,bicycle + car + 
194600,Tempelhof-Schöneberg,7040403,Manteuffelstraße,May,8,Thursday,minor,0,Driving,Daylight,1,0,0,0,0,0,Dry,13.37642,52.45938,bicycle + 
194601,Friedrichshain-Kreuzberg,2040703,Wriezener Bahnhof/Entwicklungsgebiet,May,16,Wednesday,minor,6,Turning,Daylight,1,0,1,0,0,0,Dry,13.43496,52.50864,bicycle + pedestrian + 
194602,Steglitz-Zehlendorf,6030610,Lichterfelde West,May,19,Wednesday,minor,5,Turning,Daylight,0,1,0,0,0,0,Dry,13.30969,52.43146,car + 
194603,Neukölln,8010303,Donaustraße,May,19,Wednesday,serious,3,Stationary Traffic,Daylight,0,1,0,0,0,0,Dry,13.43383,52.48198,car + 
194604,Friedrichshain-Kreuzberg,2030401,Reichenberger Straße,May,22,Wednesday,minor,6,Overtaking,Night,1,0,1,0,0,0,Dry,13.42748,52.49902,bicycle + pedestrian + 
194605,Pankow,3030716,Märchenland,May,12,Wednesday,minor,5,Turning,Daylight,1,1,0,0,0,0,Dry,13.47695,52.56699,bicycle + car + 
194606,Spandau,5020625,Borkumer Straße,May,21,Wednesday,serious,2,Stationary Traffic,Night,0,1,0,1,0,0,Dry,13.19362,52.53382,car + motorbike + 
194607,Reinickendorf,12302107,Schorfheidestraße,May,19,Wednesday,minor,5,Turning,Daylight,0,1,0,1,0,0,Dry,13.34609,52.59152,car + motorbike + 
194608,Friedrichshain-Kreuzberg,2040701,Andreasviertel,May,18,Wednesday,minor,6,Other,Daylight,0,1,1,0,0,0,Dry,13.43739,52.51089,car + pedestrian + 
194609,Treptow-Köpenick,9010101,Elsenstraße,May,18,Wednesday,minor,6,Turning,Daylight,0,1,1,0,0,0,Dry,13.45414,52.49594,car + pedestrian + 
194610,Tempelhof-Schöneberg,7040403,Manteuffelstraße,May,14,Wednesday,minor,6,Other,Daylight,1,0,1,0,0,0,Dry,13.38525,52.46362,bicycle + pedestrian + 
194611,Charlottenburg-Wilmersdorf,4031032,Halensee,May,13,Wednesday,minor,5,Turning,Daylight,0,1,0,1,0,0,Dry,13.29594,52.49594,car + motorbike + 
194612,Steglitz-Zehlendorf,6040809,Thielallee,May,13,Wednesday,minor,1,Paralle Traffic,Daylight,1,1,0,0,0,1,Dry,13.30236,52.4573,bicycle + car + other
194613,Spandau,5030731,Gartenfelder Straße,May,12,Wednesday,minor,2,Turning,Daylight,0,1,0,1,0,0,Dry,13.24287,52.54371,car + motorbike + 
194614,Charlottenburg-Wilmersdorf,4030620,Alt-Lietzow,May,12,Wednesday,minor,3,Stationary Traffic,Daylight,1,1,0,0,0,0,Dry,13.31384,52.51563,bicycle + car + 
194615,Friedrichshain-Kreuzberg,2010103,Moritzplatz,May,17,Wednesday,minor,5,Turning,Daylight,0,1,0,1,0,0,Dry,13.40171,52.50105,car + motorbike + 
194616,Neukölln,8020625,Handwerker-Siedlung,May,12,Wednesday,minor,5,Crossing,Daylight,0,1,0,0,0,0,Dry,13.43511,52.42865,car + 
194617,Reinickendorf,12231102,Frohnau,May,12,Wednesday,minor,5,Crossing,Daylight,1,1,0,0,0,0,Dry,13.29426,52.62946,bicycle + car + 
194618,Charlottenburg-Wilmersdorf,4051448,Schaperstraße,May,15,Wednesday,minor,0,Turning,Daylight,0,1,0,0,0,1,Dry,13.32461,52.49876,car + other
194619,Charlottenburg-Wilmersdorf,4051549,Rathaus Wilmersdorf,May,15,Wednesday,minor,0,Stationary Traffic,Daylight,1,1,0,0,0,0,Dry,13.32029,52.48493,bicycle + car + 
194620,Marzahn-Hellersdorf,10020622,Kaulsdorf Nord I,May,16,Wednesday,minor,2,Driving,Daylight,0,1,0,0,0,0,Dry,13.57686,52.51323,car + 
194621,Friedrichshain-Kreuzberg,2010103,Moritzplatz,May,10,Wednesday,minor,0,Driving,Daylight,0,0,0,1,0,0,Wet,13.4103,52.50378,motorbike + 
194622,Reinickendorf,12304313,Borsigwalde,April,17,Tuesday,minor,5,Crossing,Daylight,1,1,0,0,0,0,Dry,13.29542,52.58278,bicycle + car + 
194623,Tempelhof-Schöneberg,7010104,Dennewitzplatz,April,6,Tuesday,serious,5,Crossing,Daylight,0,1,0,1,0,0,Dry,13.36596,52.49529,car + motorbike + 
194624,Mitte,1033102,Gesundbrunnen,April,9,Tuesday,minor,2,Turning,Daylight,0,1,0,0,0,0,Dry,13.3845,52.55601,car + 
194625,Treptow-Köpenick,9020701,Adlershof West,April,15,Tuesday,minor,6,Stationary Traffic,Daylight,1,0,1,0,0,0,Dry,13.54001,52.43485,bicycle + pedestrian + 
194626,Friedrichshain-Kreuzberg,2030301,Oranienplatz,April,17,Tuesday,minor,1,Paralle Traffic,Daylight,0,1,0,1,0,0,Dry,13.41831,52.49992,car + motorbike + 
194627,Mitte,1044101,Rehberge,April,7,Tuesday,minor,2,Stationary Traffic,Dawn,0,1,0,0,0,0,Dry,13.33445,52.54269,car + 
194628,Treptow-Köpenick,9020701,Adlershof West,April,23,Tuesday,minor,5,Crossing,Night,0,1,0,1,0,0,Dry,13.52249,52.42839,car + motorbike + 
194629,Mitte,1033203,Humboldthain Nordwest,April,15,Tuesday,serious,5,Turning,Daylight,0,0,0,1,0,1,Dry,13.37458,52.53723,motorbike + other
194630,Mitte,1044201,Reinickendorfer Straße,April,15,Tuesday,minor,3,Stationary Traffic,Daylight,1,1,0,0,0,0,Dry,13.38035,52.55279,bicycle + car + 
194631,Treptow-Köpenick,9010401,Johannisthal West,April,15,Tuesday,minor,5,Crossing,Daylight,1,1,0,0,0,0,Dry,13.50358,52.44523,bicycle + car + 
194632,Tempelhof-Schöneberg,7040401,Neu-Tempelhof,April,15,Tuesday,minor,5,Crossing,Daylight,1,0,0,0,0,1,Dry,13.37679,52.48347,bicycle + other
194633,Tempelhof-Schöneberg,7030301,Friedenau,April,15,Tuesday,minor,5,Crossing,Daylight,1,1,0,0,0,0,Dry,13.32501,52.4664,bicycle + car + 
194634,Charlottenburg-Wilmersdorf,4020314,Messegelände,April,15,Tuesday,serious,5,Other,Daylight,1,1,0,0,0,0,Dry,13.27924,52.50108,bicycle + car + 
194635,Friedrichshain-Kreuzberg,2010102,Mehringplatz,April,15,Tuesday,serious,5,Turning,Daylight,1,1,0,0,0,0,Dry,13.40165,52.50614,bicycle + car + 
194636,Mitte,1022201,Stephankiez,April,15,Tuesday,serious,5,Other,Daylight,0,1,0,1,0,0,Dry,13.34771,52.53105,car + motorbike + 
194637,Friedrichshain-Kreuzberg,2010102,Mehringplatz,April,14,Tuesday,minor,5,Crossing,Daylight,1,1,0,0,0,0,Dry,13.39898,52.50376,bicycle + car + 
194638,Mitte,1022101,Huttenkiez,April,14,Tuesday,minor,5,Turning,Daylight,1,0,0,0,1,0,Dry,13.32653,52.5326,bicycle + truck + 
194639,Marzahn-Hellersdorf,10040933,Mahlsdorf Süd,April,14,Tuesday,minor,3,Stationary Traffic,Daylight,1,0,0,0,0,1,Dry,13.61403,52.48788,bicycle + other
194640,Charlottenburg-Wilmersdorf,4030724,Lietzensee,April,15,Tuesday,minor,1,Paralle Traffic,Daylight,0,1,0,0,0,0,Dry,13.2895,52.50942,car + 
194641,Tempelhof-Schöneberg,7020203,Kaiser-Wilhelm-Platz,April,13,Tuesday,minor,5,Other,Daylight,1,1,0,0,0,0,Dry,13.35585,52.48621,bicycle + car + 
194642,Charlottenburg-Wilmersdorf,4051446,Preußenpark,April,11,Tuesday,minor,5,Turning,Daylight,1,1,0,0,0,0,Dry,13.31513,52.49414,bicycle + car + 
194643,Treptow-Köpenick,9020501,Oberschöneweide West,April,6,Tuesday,minor,5,Other,Daylight,0,1,0,0,1,0,Dry,13.50901,52.46654,car + truck + 
194644,Pankow,3061228,Erich-Weinert-Straße,May,18,Thursday,minor,2,Stationary Traffic,Daylight,0,1,0,0,0,0,Dry,13.43894,52.5475,car + 
194645,Marzahn-Hellersdorf,10010203,Gewerbegebiet Bitterfelder Straße,April,6,Tuesday,minor,1,Paralle Traffic,Daylight,0,1,0,0,1,0,Dry,13.53438,52.53966,car + truck + 
194646,Spandau,5030731,Gartenfelder Straße,April,6,Tuesday,minor,5,Crossing,Daylight,0,1,0,0,0,0,Dry,13.23728,52.54631,car + 
194647,Tempelhof-Schöneberg,7050502,Fritz-Werner-Straße,May,18,Thursday,minor,5,Crossing,Daylight,0,1,0,0,0,0,Dry,13.38359,52.43583,car + 
194648,Pankow,3061126,Arnimplatz,May,14,Thursday,minor,5,Crossing,Daylight,1,0,0,0,0,0,Wet,13.40845,52.55097,bicycle + 
194649,Mitte,1044201,Reinickendorfer Straße,April,6,Tuesday,minor,2,Stationary Traffic,Daylight,0,1,0,0,0,0,Dry,13.37516,52.55645,car + 
194650,Marzahn-Hellersdorf,10030724,Oberfeldstraße,May,14,Thursday,serious,2,Stationary Traffic,Daylight,0,1,0,0,0,0,Wet,13.5638,52.51878,car + 
194651,Lichtenberg,11040926,Weitlingstraße,May,14,Thursday,minor,5,Crossing,Daylight,1,1,0,0,0,0,Wet,13.51616,52.50563,bicycle + car + 
194652,Steglitz-Zehlendorf,6010102,Schloßstraße,May,16,Friday,minor,1,Paralle Traffic,Daylight,1,1,0,0,0,0,Dry,13.32182,52.45977,bicycle + car + 
194653,Lichtenberg,11030618,Fennpfuhl West,May,16,Friday,minor,2,Turning,Daylight,0,0,0,1,0,1,Dry,13.45893,52.52599,motorbike + other
194654,Friedrichshain-Kreuzberg,2040701,Andreasviertel,May,16,Friday,minor,2,Stationary Traffic,Daylight,0,1,0,1,0,0,Dry,13.42432,52.51324,car + motorbike + 
194655,Reinickendorf,12214125,Waldidyll/Flughafensee,May,15,Friday,serious,2,Stationary Traffic,Daylight,0,1,0,0,0,0,Dry,13.29554,52.55016,car + 
194656,Mitte,1011301,Charitéviertel,May,15,Friday,minor,1,Paralle Traffic,Daylight,1,1,0,0,0,0,Dry,13.37931,52.52455,bicycle + car + 
194657,Spandau,5040934,Alt-Gatow,May,15,Friday,minor,5,Turning,Daylight,0,1,0,1,0,0,Dry,13.17497,52.47475,car + motorbike + 
194658,Friedrichshain-Kreuzberg,2010102,Mehringplatz,May,15,Friday,minor,2,Stationary Traffic,Daylight,0,1,0,0,0,1,Dry,13.39292,52.50686,car + other
194659,Lichtenberg,11020513,Orankesee,May,13,Friday,minor,5,Turning,Daylight,0,0,0,0,1,1,Dry,13.46918,52.54264,truck + other
194660,Charlottenburg-Wilmersdorf,4051448,Schaperstraße,May,13,Friday,serious,5,Turning,Daylight,1,1,0,0,0,0,Dry,13.32612,52.49472,bicycle + car + 
194661,Mitte,1011302,Oranienburger Straße,May,13,Friday,minor,0,Paralle Traffic,Daylight,1,0,0,0,0,1,Dry,13.39014,52.52777,bicycle + other
194662,Friedrichshain-Kreuzberg,2030301,Oranienplatz,May,13,Friday,minor,5,Crossing,Daylight,0,1,0,0,0,0,Dry,13.41631,52.50164,car + 
194663,Lichtenberg,2050803,Stralauer Kiez,May,12,Friday,minor,3,Stationary Traffic,Daylight,1,0,0,0,0,1,Dry,13.46889,52.50092,bicycle + other
194664,Treptow-Köpenick,9020701,Adlershof West,May,11,Friday,minor,0,Crossing,Daylight,0,1,0,0,0,1,Dry,13.54206,52.42936,car + other
194665,Treptow-Köpenick,9010101,Elsenstraße,May,9,Thursday,minor,3,Stationary Traffic,Daylight,1,0,0,0,0,1,Dry,13.44445,52.49298,bicycle + other
194666,Steglitz-Zehlendorf,6030609,Augustaplatz,May,20,Thursday,minor,2,Stationary Traffic,Dawn,0,1,0,0,0,0,Dry,13.31527,52.44972,car + 
194667,Spandau,5030832,Rohrdamm,May,19,Thursday,minor,5,Turning,Daylight,0,1,0,0,0,0,Wet,13.27184,52.5366,car + 
194668,Mitte,1022201,Stephankiez,May,19,Thursday,minor,5,Crossing,Daylight,1,1,0,0,0,0,Wet,13.36132,52.53137,bicycle + car + 
194669,Mitte,1044203,Leopoldplatz,May,19,Thursday,minor,2,Stationary Traffic,Daylight,0,1,0,0,0,0,Wet,13.36374,52.55634,car + 
194670,Reinickendorf,12214125,Waldidyll/Flughafensee,May,23,Thursday,minor,0,Driving,Night,0,0,0,1,0,0,Wet,13.29788,52.57815,motorbike + 
194671,Steglitz-Zehlendorf,6020408,Lichterfelde Süd,May,8,Thursday,minor,0,Driving,Daylight,0,0,0,0,0,1,Wet,13.30515,52.41789,other
194672,Spandau,5010312,Kurstraße,May,12,Thursday,minor,2,Overtaking,Daylight,0,1,1,0,0,0,Wet,13.20215,52.54679,car + pedestrian + 
194673,Charlottenburg-Wilmersdorf,4020314,Messegelände,May,12,Thursday,minor,2,Stationary Traffic,Daylight,0,1,0,0,1,0,Wet,13.28152,52.50132,car + truck + 
194674,Steglitz-Zehlendorf,6020408,Lichterfelde Süd,May,12,Thursday,minor,6,Turning,Daylight,0,0,1,0,0,1,Wet,13.31014,52.41888,pedestrian + other