id,district,lor,street,month,hour,weekday,injury,collision,movement,light_conditions,bicycle,car,pedestrian,motorbike,truck,other_vehicle,road_conditions,longitude,latitude,Combo_type
194675,Friedrichshain-Kreuzberg,2020204,Urbanstraße,May,11,Thursday,minor,5,Crossing,Daylight,0,1,0,0,0,0,Wet,13.39859,52.49631,car + 
194676,Marzahn-Hellersdorf,10030724,Oberfeldstraße,May,10,Thursday,minor,6,Turning,Daylight,0,1,1,0,0,0,Wet,13.55952,52.53401,car + pedestrian + 
194677,Friedrichshain-Kreuzberg,2050802,Boxhagener Platz,May,10,Thursday,minor,0,Turning,Daylight,0,1,0,0,0,1,Wet,13.45166,52.51076,car + other
194678,Friedrichshain-Kreuzberg,2040701,Andreasviertel,May,10,Thursday,minor,2,Stationary Traffic,Daylight,0,0,0,0,0,1,Wet,13.43421,52.50862,other
194679,Friedrichshain-Kreuzberg,2040703,Wriezener Bahnhof/Entwicklungsgebiet,May,9,Thursday,minor,5,Crossing,Daylight,1,1,0,0,0,0,Wet,13.43787,52.51017,bicycle + car + 
194680,Friedrichshain-Kreuzberg,2030401,Reichenberger Straße,May,9,Thursday,minor,5,Crossing,Daylight,0,1,0,1,0,0,Wet,13.42954,52.49822,car + motorbike + 
194681,Reinickendorf,12103116,Hausotterplatz,May,9,Thursday,minor,5,Crossing,Daylight,0,1,0,0,0,0,Wet,13.3795,52.5707,car + 
194682,Friedrichshain-Kreuzberg,2020204,Urbanstraße,May,8,Thursday,minor,2,Stationary Traffic,Daylight,0,1,0,0,0,0,Wet,13.39806,52.49653,car + 
194683,Mitte,1044201,Reinickendorfer Straße,May,8,Thursday,minor,5,Turning,Daylight,0,1,0,0,0,0,Wet,13.37713,52.55371,car + 
194684,Friedrichshain-Kreuzberg,2050602,Samariterviertel,May,8,Thursday,serious,5,Turning,Daylight,0,1,0,1,0,0,Wet,13.46283,52.51499,car + motorbike + 
194685,Pankow,3030715,Heinersdorf,May,8,Thursday,minor,4,Stationary Traffic,Daylight,0,1,0,0,1,0,Wet,13.44226,52.56981,car + truck + 
194686,Tempelhof-Schöneberg,7050501,Rathausstraße,May,6,Thursday,minor,6,Turning,Daylight,0,1,1,0,0,0,Wet,13.37802,52.44255,car + pedestrian + 
194687,Charlottenburg-Wilmersdorf,4030621,Spreestadt,May,5,Thursday,serious,1,Driving,Dawn,0,1,0,0,0,0,Wet,13.32815,52.5214,car + 
194688,Lichtenberg,11030721,Rüdigerstraße,May,2,Thursday,serious,6,Overtaking,Night,0,0,1,0,1,0,Wet,13.48013,52.51949,pedestrian + truck + 
194689,Steglitz-Zehlendorf,6020303,Lankwitz Kirche,May,17,Thursday,serious,6,Overtaking,Daylight,0,1,1,0,0,0,Dry,13.34428,52.43371,car + pedestrian + 
194690,Pankow,3071537,Kollwitzplatz,May,17,Thursday,minor,2,Stationary Traffic,Daylight,0,1,0,1,0,0,Wet,13.41703,52.5283,car + motorbike + 
194691,Spandau,5010314,Carl-Schurz-Straße,May,13,Thursday,minor,1,Paralle Traffic,Daylight,1,1,0,0,0,0,Wet,13.21192,52.53216,bicycle + car + 
194692,Lichtenberg,11041128,Sewanstraße,May,17,Thursday,serious,1,Paralle Traffic,Daylight,1,1,0,0,0,0,Dry,13.50762,52.49175,bicycle + car + 
194693,Friedrichshain-Kreuzberg,2030402,Wrangelkiez,May,17,Thursday,minor,1,Paralle Traffic,Daylight,1,1,0,0,0,0,Dry,13.44658,52.4986,bicycle + car + 
194694,Friedrichshain-Kreuzberg,2050602,Samariterviertel,May,16,Thursday,minor,0,Turning,Daylight,0,0,0,1,0,1,Wet,13.46283,52.51498,motorbike + other
194695,Mitte,1044201,Reinickendorfer Straße,May,16,Thursday,minor,6,Overtaking,Daylight,0,1,1,0,0,0,Wet,13.37908,52.55243,car + pedestrian + 
194696,Mitte,1011201,Wilhelmstraße,May,15,Thursday,minor,6,Turning,Daylight,0,1,1,0,0,0,Wet,13.38151,52.51508,car + pedestrian + 
194697,Pankow,3040818,Pankow Süd,May,15,Thursday,minor,1,Paralle Traffic,Daylight,1,1,0,0,0,0,Wet,13.42042,52.55618,bicycle + car + 
194698,Charlottenburg-Wilmersdorf,4030623,Ernst-Reuter-Platz,May,15,Thursday,minor,5,Paralle Traffic,Daylight,0,0,0,1,0,1,Wet,13.32497,52.50997,motorbike + other
194699,Reinickendorf,12301203,Wittenau Süd,May,15,Thursday,serious,0,Driving,Daylight,0,0,0,1,0,0,Wet,13.32798,52.58833,motorbike + 
194700,Tempelhof-Schöneberg,7040403,Manteuffelstraße,May,14,Thursday,minor,2,Stationary Traffic,Daylight,0,1,0,0,0,0,Wet,13.3755,52.45598,car + 
194701,Mitte,1044201,Reinickendorfer Straße,May,14,Thursday,minor,2,Stationary Traffic,Daylight,0,1,0,0,0,0,Wet,13.38237,52.55588,car + 
194702,Marzahn-Hellersdorf,10010310,Alt-Marzahn,May,10,Wednesday,minor,2,Stationary Traffic,Daylight,0,1,0,0,0,0,Dry,13.57132,52.54586,car + 
194703,Charlottenburg-Wilmersdorf,4020311,Reichsstraße,May,10,Wednesday,serious,5,Crossing,Daylight,0,1,0,1,0,0,Dry,13.2715,52.50969,car + motorbike + 
194704,Tempelhof-Schöneberg,7040406,Germaniagarten,May,11,Wednesday,minor,5,Turning,Daylight,1,1,0,0,0,0,Dry,13.41812,52.46044,bicycle + car + 
194705,Mitte,1011303,Alexanderplatzviertel,May,12,Wednesday,minor,5,Crossing,Daylight,1,1,0,0,0,0,Dry,13.40965,52.51829,bicycle + car + 
194706,Pankow,3061131,Falkplatz,May,14,Wednesday,minor,2,Stationary Traffic,Daylight,0,0,0,0,1,1,Dry,13.41042,52.54118,truck + other
194707,Treptow-Köpenick,9052001,Köpenick Nord,May,14,Wednesday,minor,5,Crossing,Daylight,1,1,0,0,0,0,Wet,13.58047,52.46256,bicycle + car + 
194708,Spandau,5010206,Gütersloher Weg,May,15,Wednesday,minor,1,Paralle Traffic,Daylight,1,1,0,0,0,0,Dry,13.16068,52.54853,bicycle + car + 
194709,Spandau,5020626,Adamstraße,May,16,Wednesday,minor,5,Crossing,Daylight,1,1,0,0,0,0,Dry,13.19603,52.52735,bicycle + car + 
194710,Charlottenburg-Wilmersdorf,4031032,Halensee,May,16,Wednesday,minor,2,Stationary Traffic,Daylight,0,1,0,0,0,0,Dry,13.28582,52.49522,car + 
194711,Spandau,5020521,Döberitzer Weg,May,16,Wednesday,minor,2,Stationary Traffic,Daylight,0,1,0,0,0,0,Dry,13.12199,52.52875,car + 
194712,Mitte,1011305,Heine-Viertel West,May,17,Wednesday,minor,1,Paralle Traffic,Daylight,1,1,0,0,0,0,Dry,13.40464,52.50796,bicycle + car + 
194713,Charlottenburg-Wilmersdorf,4030415,Schloßgarten,May,17,Wednesday,minor,2,Stationary Traffic,Daylight,0,1,0,0,0,0,Dry,13.28593,52.51877,car + 
194714,Marzahn-Hellersdorf,10020413,Gut Hellersdorf,May,18,Wednesday,minor,5,Crossing,Daylight,1,1,0,0,0,0,Dry,13.60132,52.53582,bicycle + car + 
194715,Marzahn-Hellersdorf,10020517,Adele-Sandrock-Straße,May,15,Wednesday,serious,6,Overtaking,Daylight,0,1,1,0,0,0,Wet,13.61991,52.53911,car + pedestrian + 
194716,Spandau,5020420,Werkstraße,May,12,Wednesday,minor,0,Paralle Traffic,Daylight,0,1,0,0,0,1,Dry,13.13144,52.53642,car + other
194717,Charlottenburg-Wilmersdorf,4030725,Amtsgerichtsplatz,May,17,Wednesday,minor,2,Stationary Traffic,Daylight,0,1,0,0,0,0,Dry,13.30228,52.50764,car + 
194718,Mitte,1011101,Stülerstraße,May,10,Wednesday,minor,2,Stationary Traffic,Daylight,0,1,0,0,0,0,Dry,13.3441,52.50636,car + 
194719,Pankow,3061126,Arnimplatz,May,10,Wednesday,minor,2,Turning,Daylight,0,0,0,1,0,0,Dry,13.40612,52.55409,motorbike + 
194720,Charlottenburg-Wilmersdorf,4030726,Droysenstraße,May,9,Wednesday,serious,6,Other,Daylight,0,1,1,0,0,0,Dry,13.30197,52.49897,car + pedestrian + 
194721,Mitte,1022204,Thomasiusstraße,May,9,Wednesday,minor,5,Crossing,Daylight,1,1,0,0,0,0,Dry,13.34626,52.52496,bicycle + car + 
194722,Friedrichshain-Kreuzberg,2020204,Urbanstraße,May,9,Wednesday,minor,5,Turning,Daylight,1,1,0,0,0,0,Dry,13.40203,52.49254,bicycle + car + 
194723,Mitte,1011304,Karl-Marx-Allee,May,9,Wednesday,minor,2,Stationary Traffic,Daylight,1,0,0,0,0,0,Dry,13.42391,52.51366,bicycle + 
194724,Charlottenburg-Wilmersdorf,4020313,Königin-Elisabeth-Straße,May,9,Wednesday,minor,3,Stationary Traffic,Daylight,0,1,0,0,0,0,Dry,13.28157,52.51264,car + 
194725,Friedrichshain-Kreuzberg,2020203,Viktoriapark,May,9,Wednesday,minor,2,Turning,Daylight,0,1,0,0,0,0,Dry,13.38711,52.49315,car + 
194726,Charlottenburg-Wilmersdorf,4030726,Droysenstraße,May,22,Wednesday,minor,0,Turning,Night,0,1,0,1,0,0,Dry,13.30195,52.49912,car + motorbike + 
194727,Mitte,1011203,Unter den Linden Süd,May,8,Wednesday,minor,2,Crossing,Daylight,1,1,0,0,0,0,Dry,13.38912,52.51563,bicycle + car + 
194728,Friedrichshain-Kreuzberg,2010103,Moritzplatz,May,8,Wednesday,minor,6,Turning,Daylight,0,0,1,0,0,1,Dry,13.41451,52.50011,pedestrian + other
194729,Reinickendorf,12214125,Waldidyll/Flughafensee,May,8,Wednesday,minor,5,Crossing,Daylight,1,1,0,0,0,0,Dry,13.30018,52.56997,bicycle + car + 
194730,Lichtenberg,11030721,Rüdigerstraße,May,8,Wednesday,minor,1,Paralle Traffic,Daylight,1,1,0,0,0,0,Dry,13.47895,52.52036,bicycle + car + 
194731,Tempelhof-Schöneberg,7020202,Volkspark (Rudolf-Wilde-Park),May,7,Wednesday,minor,5,Crossing,Daylight,1,1,0,0,0,0,Dry,13.34223,52.48395,bicycle + car + 
194732,Treptow-Köpenick,9020701,Adlershof West,May,7,Wednesday,minor,6,Overtaking,Daylight,0,1,1,0,0,0,Dry,13.53989,52.43501,car + pedestrian + 
194733,Mitte,1033203,Humboldthain Nordwest,May,21,Wednesday,minor,8,Driving,Night,0,1,0,0,0,0,Wet,13.37682,52.5434,car + 
194734,Neukölln,8010404,Rixdorf,May,7,Wednesday,minor,6,Overtaking,Daylight,0,1,1,0,0,0,Dry,13.44431,52.47385,car + pedestrian + 
194735,Treptow-Köpenick,9020802,Köllnische Vorstadt,May,7,Wednesday,minor,5,Crossing,Daylight,0,1,0,1,0,0,Dry,13.56912,52.44416,car + motorbike + 
194736,Spandau,5010339,Freiheit,May,7,Wednesday,serious,5,Turning,Daylight,1,1,0,0,0,0,Dry,13.22745,52.52841,bicycle + car + 
194737,Spandau,5030832,Rohrdamm,May,6,Wednesday,minor,2,Stationary Traffic,Daylight,0,1,0,0,0,0,Dry,13.27326,52.53622,car + 
194738,Charlottenburg-Wilmersdorf,4051448,Schaperstraße,May,18,Wednesday,minor,5,Turning,Daylight,1,1,0,0,0,0,Wet,13.32367,52.49361,bicycle + car + 
194739,Treptow-Köpenick,9031101,Grünau,May,7,Tuesday,minor,4,Stationary Traffic,Daylight,1,0,0,0,0,0,Dry,13.57444,52.41391,bicycle + 
194740,Lichtenberg,11020515,Landsberger Allee,May,6,Tuesday,minor,5,Turning,Daylight,1,1,0,0,0,0,Dry,13.47328,52.53617,bicycle + car + 
194741,Charlottenburg-Wilmersdorf,4051551,Brabanter Platz,May,18,Tuesday,minor,5,Turning,Daylight,0,1,0,0,0,0,Dry,13.32029,52.47879,car + 
194742,Treptow-Köpenick,9051901,Dammvorstadt,May,17,Tuesday,minor,6,Overtaking,Daylight,0,1,1,0,0,0,Dry,13.57257,52.45137,car + pedestrian + 
194743,Reinickendorf,12214422,Klixstraße,May,16,Tuesday,minor,6,Turning,Daylight,0,1,1,0,0,0,Dry,13.31428,52.57669,car + pedestrian + 
194744,Mitte,1033101,Soldiner Straße,May,16,Tuesday,serious,6,Overtaking,Daylight,0,1,1,0,0,0,Dry,13.37382,52.55798,car + pedestrian + 
194745,Spandau,5030730,Zitadellenweg,May,5,Tuesday,minor,5,Turning,Daylight,1,1,0,0,0,0,Dry,13.22137,52.53686,bicycle + car + 
194746,Spandau,5010209,An der Kappe,May,19,Tuesday,minor,5,Crossing,Daylight,0,1,0,0,0,0,Dry,13.17167,52.54992,car + 
194747,Spandau,5030731,Gartenfelder Straße,May,16,Tuesday,serious,5,Other,Daylight,0,1,0,0,1,0,Dry,13.24798,52.54543,car + truck + 
194748,Mitte,1011301,Charitéviertel,May,17,Tuesday,minor,8,Driving,Daylight,0,1,0,0,0,0,Dry,13.38735,52.52578,car + 
194749,Mitte,1033203,Humboldthain Nordwest,May,13,Tuesday,minor,5,Turning,Daylight,0,1,0,0,0,0,Dry,13.3786,52.54478,car + 
194750,Charlottenburg-Wilmersdorf,4031032,Halensee,May,22,Tuesday,serious,6,Overtaking,Night,0,1,1,0,0,0,Dry,13.29009,52.49692,car + pedestrian + 
194751,Tempelhof-Schöneberg,7070705,Franziusweg/Rohrbachstraße,May,13,Tuesday,minor,5,Turning,Daylight,1,1,0,0,0,0,Dry,13.39287,52.39134,bicycle + car + 
194752,Reinickendorf,12302108,Märkisches Zentrum,May,13,Tuesday,minor,5,Crossing,Daylight,1,1,0,0,0,0,Dry,13.33912,52.59755,bicycle + car + 
194753,Pankow,3061228,Erich-Weinert-Straße,May,13,Tuesday,minor,5,Turning,Daylight,1,1,0,0,0,0,Dry,13.42789,52.54553,bicycle + car + 
194754,Tempelhof-Schöneberg,7030301,Friedenau,May,11,Tuesday,minor,5,Turning,Daylight,1,1,0,0,0,0,Dry,13.32843,52.46479,bicycle + car + 
194755,Tempelhof-Schöneberg,7010102,Nollendorfplatz,May,9,Tuesday,minor,5,Turning,Daylight,1,1,0,0,0,0,Dry,13.34618,52.501,bicycle + car + 
194756,Lichtenberg,11051331,Karlshorst Nord,May,9,Tuesday,minor,0,Other,Daylight,1,0,0,0,0,0,Dry,13.53068,52.48377,bicycle + 
194757,Treptow-Köpenick,9041501,Altstadt Kietz,May,15,Tuesday,minor,0,Overtaking,Daylight,0,0,1,0,0,1,Dry,13.58058,52.44336,pedestrian + other
194758,Tempelhof-Schöneberg,7060603,Marienfelde Nordost,May,9,Tuesday,serious,5,Other,Daylight,0,1,0,0,0,0,Dry,13.38735,52.4118,car + 
194759,Steglitz-Zehlendorf,6040810,Dahlem,May,9,Tuesday,minor,2,Stationary Traffic,Daylight,0,1,0,0,0,0,Dry,13.27071,52.45113,car + 
194760,Spandau,5020625,Borkumer Straße,May,8,Tuesday,minor,3,Turning,Daylight,0,1,0,0,1,0,Dry,13.19824,52.53302,car + truck + 
194761,Pankow,3040614,Pankow Zentrum,May,8,Tuesday,minor,2,Stationary Traffic,Daylight,0,1,0,0,1,0,Dry,13.42107,52.57305,car + truck + 
194762,Tempelhof-Schöneberg,7050501,Rathausstraße,May,7,Tuesday,minor,5,Turning,Daylight,1,0,0,0,0,1,Dry,13.37301,52.43683,bicycle + other
194763,Spandau,5010103,Amorbacher Weg,May,7,Tuesday,minor,5,Other,Daylight,0,1,0,1,0,0,Dry,13.19112,52.55611,car + motorbike + 
194764,Pankow,3040818,Pankow Süd,May,7,Tuesday,minor,5,Crossing,Daylight,0,1,0,0,0,0,Dry,13.42215,52.55393,car + 
194765,Treptow-Köpenick,9020701,Adlershof West,May,16,Tuesday,minor,2,Stationary Traffic,Daylight,0,1,0,0,0,1,Dry,13.5373,52.43803,car + other
194766,Pankow,3061131,Falkplatz,May,16,Tuesday,minor,5,Crossing,Daylight,1,1,0,0,0,0,Dry,13.41192,52.54274,bicycle + car + 
194767,Pankow,3061227,Humannplatz,May,16,Tuesday,minor,5,Crossing,Daylight,1,1,0,0,0,0,Dry,13.42702,52.55221,bicycle + car + 
194768,Neukölln,8041037,Alt-Rudow,May,15,Tuesday,minor,2,Stationary Traffic,Daylight,0,1,0,0,0,0,Dry,13.49136,52.42856,car + 
194769,Friedrichshain-Kreuzberg,2030302,Lausitzer Platz,May,15,Tuesday,minor,1,Paralle Traffic,Daylight,1,1,0,0,0,0,Dry,13.43384,52.50192,bicycle + car + 
194770,Tempelhof-Schöneberg,7040403,Manteuffelstraße,May,15,Tuesday,minor,1,Paralle Traffic,Daylight,1,0,0,0,0,1,Dry,13.37553,52.46166,bicycle + other
194771,Mitte,1022204,Thomasiusstraße,May,11,Tuesday,minor,5,Crossing,Daylight,1,0,0,1,0,0,Dry,13.35227,52.52402,bicycle + motorbike + 
194772,Neukölln,8010118,Silbersteinstraße,May,11,Tuesday,minor,0,Stationary Traffic,Daylight,1,0,0,0,0,1,Dry,13.43184,52.4666,bicycle + other
194773,Marzahn-Hellersdorf,10010206,Ringkolonnaden,May,14,Monday,minor,5,Crossing,Daylight,0,1,0,0,0,0,Dry,13.57354,52.55233,car + 
194774,Friedrichshain-Kreuzberg,2020204,Urbanstraße,May,16,Monday,minor,6,Other,Daylight,1,0,1,0,0,0,Dry,13.39989,52.496,bicycle + pedestrian + 
194775,Pankow,3061441,Eldenaer Straße,May,12,Monday,minor,1,Paralle Traffic,Daylight,1,1,0,0,0,0,Dry,13.46413,52.52296,bicycle + car + 
194776,Tempelhof-Schöneberg,7060604,Marienfelde Süd,May,9,Monday,serious,0,Paralle Traffic,Daylight,0,1,0,0,0,1,Dry,13.35468,52.41333,car + other
194777,Lichtenberg,11040926,Weitlingstraße,May,15,Monday,minor,5,Crossing,Daylight,1,1,0,0,0,0,Dry,13.50236,52.50875,bicycle + car + 
194778,Spandau,5020524,Weinmeisterhornweg,May,11,Monday,serious,0,Driving,Daylight,0,1,0,1,0,0,Dry,13.17809,52.51685,car + motorbike + 
194779,Mitte,1011305,Heine-Viertel West,May,9,Monday,minor,3,Stationary Traffic,Daylight,1,0,0,0,0,0,Dry,13.40856,52.51213,bicycle + 
194780,Friedrichshain-Kreuzberg,2040701,Andreasviertel,May,15,Monday,minor,5,Crossing,Daylight,0,1,0,0,0,0,Dry,13.43028,52.5105,car + 
194781,Lichtenberg,11010204,Falkenberg Ost,May,15,Monday,minor,6,Other,Daylight,0,0,1,1,0,0,Dry,13.52757,52.56744,pedestrian + motorbike + 
194782,Pankow,3061435,Conrad-Blenkle-Straße,May,14,Monday,minor,2,Turning,Daylight,1,1,0,0,0,0,Dry,13.44908,52.52888,bicycle + car + 
194783,Lichtenberg,11041128,Sewanstraße,May,14,Monday,minor,5,Turning,Daylight,1,1,0,0,0,0,Dry,13.5232,52.49557,bicycle + car + 
194784,Lichtenberg,11040926,Weitlingstraße,May,14,Monday,serious,5,Other,Daylight,0,1,0,0,0,1,Dry,13.5199,52.5058,car + other
194785,Spandau,5030832,Rohrdamm,May,14,Monday,minor,5,Crossing,Daylight,1,1,0,0,0,0,Dry,13.26181,52.54136,bicycle + car + 
194786,Neukölln,8041035,Blumenviertel,May,13,Monday,minor,2,Stationary Traffic,Daylight,0,1,0,0,0,0,Dry,13.47436,52.43875,car + 
194787,Friedrichshain-Kreuzberg,2030402,Wrangelkiez,May,11,Monday,minor,5,Turning,Daylight,0,1,0,1,0,0,Dry,13.44551,52.49921,car + motorbike + 
194788,Mitte,1033203,Humboldthain Nordwest,May,10,Monday,minor,2,Turning,Daylight,1,1,0,0,0,0,Dry,13.37462,52.53731,bicycle + car + 
194789,Marzahn-Hellersdorf,10010310,Alt-Marzahn,May,9,Monday,minor,2,Stationary Traffic,Daylight,0,1,0,0,0,0,Dry,13.5636,52.54472,car + 
194790,Neukölln,8010303,Donaustraße,May,10,Monday,minor,0,Driving,Daylight,0,0,0,1,0,0,Dry,13.43512,52.48329,motorbike + 
194791,Mitte,1011303,Alexanderplatzviertel,May,9,Monday,serious,5,Turning,Daylight,1,0,0,0,1,0,Dry,13.40977,52.52402,bicycle + truck + 
194792,Lichtenberg,11020514,Große-Leege-Straße,May,15,Monday,minor,5,Crossing,Daylight,0,1,0,0,0,0,Dry,13.49394,52.54112,car + 
194793,Treptow-Köpenick,9041301,Kietzer Feld/Nachtheide,May,14,Monday,minor,8,Driving,Daylight,0,1,0,0,0,0,Dry,13.58672,52.42437,car + 
194794,Friedrichshain-Kreuzberg,2030401,Reichenberger Straße,May,8,Monday,serious,5,Turning,Daylight,1,1,0,0,0,0,Dry,13.43415,52.49664,bicycle + car + 
194795,Mitte,1011204,Leipziger Straße,May,8,Monday,minor,1,Paralle Traffic,Daylight,1,1,0,0,0,1,Dry,13.39989,52.50931,bicycle + car + other
194796,Tempelhof-Schöneberg,7010102,Nollendorfplatz,May,8,Monday,serious,6,Overtaking,Daylight,0,0,1,1,0,0,Dry,13.34978,52.5005,pedestrian + motorbike + 
194797,Steglitz-Zehlendorf,6010210,Bismarckstraße,May,8,Monday,minor,2,Other,Daylight,0,1,0,1,1,0,Dry,13.34307,52.46271,car + motorbike + truck + 
194798,Treptow-Köpenick,9031101,Grünau,May,8,Monday,minor,5,Turning,Daylight,1,0,0,0,1,0,Dry,13.56418,52.42446,bicycle + truck + 
194799,Steglitz-Zehlendorf,6040810,Dahlem,May,7,Monday,minor,0,Driving,Daylight,0,0,0,1,0,0,Dry,13.27945,52.46208,motorbike + 
194800,Charlottenburg-Wilmersdorf,4041344,Rüdesheimer Platz,May,7,Monday,minor,5,Crossing,Daylight,0,1,0,1,0,0,Dry,13.31623,52.47632,car + motorbike + 
194801,Tempelhof-Schöneberg,7060604,Marienfelde Süd,May,12,Monday,minor,5,Crossing,Daylight,1,1,0,0,0,0,Dry,13.38222,52.4011,bicycle + car + 
194802,Friedrichshain-Kreuzberg,2050801,Traveplatz,May,20,Monday,minor,5,Crossing,Daylight,0,1,0,0,0,1,Dry,13.46881,52.51095,car + other
194803,Tempelhof-Schöneberg,7050501,Rathausstraße,May,19,Monday,minor,1,Driving,Daylight,0,1,0,0,0,0,Dry,13.38254,52.45245,car + 
194804,Reinickendorf,12214424,Scharnweberstraße,May,18,Monday,minor,2,Stationary Traffic,Daylight,0,1,0,0,0,0,Dry,13.33099,52.56243,car + 
194805,Reinickendorf,12214423,Mellerbogen,May,18,Monday,serious,6,Overtaking,Dawn,0,1,1,0,0,0,Dry,13.32075,52.57594,car + pedestrian + 
194806,Charlottenburg-Wilmersdorf,4041343,Binger Straße,May,18,Monday,minor,6,Other,Daylight,0,1,1,0,0,0,Dry,13.3108,52.47938,car + pedestrian + 
194807,Marzahn-Hellersdorf,10020412,Alte Hellersdorfer Straße,May,17,Monday,minor,5,Crossing,Daylight,1,1,0,0,0,0,Dry,13.59889,52.54647,bicycle + car + 
194808,Mitte,1011305,Heine-Viertel West,May,17,Monday,minor,1,Paralle Traffic,Daylight,1,0,0,0,0,1,Dry,13.41439,52.50833,bicycle + other
194809,Spandau,5020625,Borkumer Straße,May,16,Monday,serious,6,Overtaking,Daylight,0,1,1,0,0,0,Dry,13.1955,52.53348,car + pedestrian + 
194810,Friedrichshain-Kreuzberg,2050601,Hausburgviertel,May,16,Monday,minor,5,Crossing,Daylight,0,1,0,0,0,1,Dry,13.44909,52.52434,car + other
194811,Treptow-Köpenick,9010101,Elsenstraße,May,15,Monday,minor,5,Turning,Daylight,1,0,0,0,0,1,Dry,13.4542,52.49395,bicycle + other
194812,Mitte,1011305,Heine-Viertel West,May,13,Monday,minor,5,Crossing,Daylight,1,1,0,0,0,0,Dry,13.4173,52.51243,bicycle + car + 
194813,Spandau,5010206,Gütersloher Weg,May,12,Monday,minor,3,Crossing,Daylight,0,1,0,0,0,0,Dry,13.16819,52.55076,car + 
194814,Neukölln,8010508,Weiße Siedlung,May,20,Sunday,minor,0,Other,Dawn,1,1,0,0,0,0,Dry,13.46266,52.47753,bicycle + car + 
194815,Charlottenburg-Wilmersdorf,4031032,Halensee,May,19,Sunday,minor,1,Other,Daylight,1,1,0,0,0,0,Dry,13.30021,52.49864,bicycle + car + 
194816,Steglitz-Zehlendorf,6030609,Augustaplatz,May,18,Sunday,minor,5,Other,Daylight,0,1,0,1,0,0,Dry,13.31073,52.43232,car + motorbike + 
194817,Tempelhof-Schöneberg,7010102,Nollendorfplatz,May,17,Sunday,minor,5,Turning,Daylight,1,1,0,0,0,0,Dry,13.35321,52.49803,bicycle + car + 
194818,Steglitz-Zehlendorf,6020408,Lichterfelde Süd,May,17,Sunday,minor,1,Paralle Traffic,Daylight,1,1,0,0,0,0,Dry,13.30647,52.41035,bicycle + car + 
194819,Treptow-Köpenick,9051702,Bölschestraße,May,16,Sunday,minor,6,Other,Daylight,0,0,1,1,0,0,Dry,13.62352,52.45662,pedestrian + motorbike + 
194820,Treptow-Köpenick,9051901,Dammvorstadt,May,16,Sunday,minor,5,Turning,Daylight,1,1,0,0,0,0,Dry,13.57222,52.4511,bicycle + car + 
194821,Pankow,3061227,Humannplatz,May,16,Sunday,minor,2,Stationary Traffic,Daylight,0,1,0,1,0,0,Dry,13.42975,52.55152,car + motorbike + 
194822,Steglitz-Zehlendorf,6040804,Krumme Lanke,May,16,Sunday,minor,5,Crossing,Daylight,0,1,0,0,0,0,Dry,13.23384,52.43864,car + 
194823,Steglitz-Zehlendorf,6030609,Augustaplatz,May,12,Sunday,minor,1,Other,Daylight,1,1,0,0,0,0,Dry,13.31186,52.43503,bicycle + car + 
194824,Marzahn-Hellersdorf,10020517,Adele-Sandrock-Straße,May,15,Sunday,minor,5,Turning,Daylight,0,1,0,0,0,0,Dry,13.60943,52.53306,car + 
194825,Treptow-Köpenick,9052001,Köpenick Nord,May,14,Sunday,minor,3,Stationary Traffic,Daylight,0,1,0,0,0,0,Dry,13.59023,52.4706,car + 
194826,Pankow,3030711,Blankenburg,May,12,Sunday,minor,0,Crossing,Daylight,1,1,0,0,0,0,Dry,13.45395,52.59331,bicycle + car + 
194827,Neukölln,8010301,Reuterkiez,May,16,Sunday,minor,3,Stationary Traffic,Daylight,1,1,0,0,0,0,Dry,13.43515,52.49117,bicycle + car + 
194828,Mitte,1022102,Beusselkiez,May,11,Sunday,serious,5,Other,Daylight,0,1,0,1,0,0,Dry,13.32846,52.53237,car + motorbike + 
194829,Friedrichshain-Kreuzberg,2020203,Viktoriapark,May,9,Sunday,minor,4,Stationary Traffic,Daylight,1,0,0,0,0,0,Dry,13.38468,52.49363,bicycle + 
194830,Charlottenburg-Wilmersdorf,4020314,Messegelände,May,10,Sunday,serious,5,Turning,Daylight,0,1,0,0,0,0,Dry,13.27915,52.50371,car + 
194831,Friedrichshain-Kreuzberg,2020206,Graefekiez,May,13,Sunday,minor,6,Overtaking,Daylight,1,0,1,0,0,0,Dry,13.42217,52.48708,bicycle + pedestrian + 
194832,Mitte,1011301,Charitéviertel,May,13,Sunday,minor,2,Turning,Daylight,1,1,0,0,0,0,Dry,13.38735,52.52384,bicycle + car + 
194833,Treptow-Köpenick,9020502,Oberschöneweide Ost,May,10,Sunday,minor,5,Turning,Daylight,0,1,0,0,0,1,Dry,13.55438,52.4557,car + other
194834,Neukölln,8010303,Donaustraße,May,4,Sunday,minor,5,Other,Dawn,0,1,0,0,0,0,Wet,13.42885,52.48414,car + 
194835,Treptow-Köpenick,9010101,Elsenstraße,May,20,Sunday,minor,0,Other,Daylight,0,1,0,0,0,0,Dry,13.45825,52.4859,car + 
194836,Reinickendorf,12302109,Treuenbrietzener Straße,May,19,Sunday,serious,5,Crossing,Daylight,0,1,0,0,0,0,Dry,13.36048,52.59937,car + 
194837,Tempelhof-Schöneberg,7020202,Volkspark (Rudolf-Wilde-Park),May,12,Saturday,minor,5,Crossing,Daylight,1,0,0,0,0,1,Dry,13.34483,52.48006,bicycle + other
194838,Spandau,5020419,Magistratsweg,May,18,Sunday,minor,5,Crossing,Daylight,0,1,0,1,0,0,Dry,13.15439,52.5329,car + motorbike + 
194839,Mitte,1044101,Rehberge,May,14,Saturday,minor,6,Turning,Daylight,0,1,1,0,0,0,Dry,13.34627,52.55254,car + pedestrian + 
194840,Charlottenburg-Wilmersdorf,4030931,Breitscheidplatz,May,18,Sunday,serious,2,Stationary Traffic,Daylight,0,1,0,0,0,0,Dry,13.3356,52.50533,car + 
194841,Spandau,5010101,Hakenfelde Nord,May,17,Sunday,serious,6,Overtaking,Daylight,0,1,1,0,0,0,Dry,13.21435,52.56476,car + pedestrian + 