id,district,lor,street,month,hour,weekday,injury,collision,movement,light_conditions,bicycle,car,pedestrian,motorbike,truck,other_vehicle,road_conditions,longitude,latitude,Combo_type
194842,Mitte,1022104,Emdener Straße,May,11,Saturday,minor,3,Stationary Traffic,Daylight,1,0,0,0,0,0,Dry,13.33935,52.52648,bicycle + 
194843,Charlottenburg-Wilmersdorf,4041137,Flinsberger Platz,May,16,Sunday,minor,1,Paralle Traffic,Daylight,0,1,0,0,0,0,Dry,13.28549,52.48138,car + 
194844,Mitte,1022202,Heidestraße,May,17,Sunday,serious,5,Turning,Daylight,0,1,0,0,0,1,Dry,13.36027,52.53731,car + other
194845,Spandau,5020625,Borkumer Straße,May,12,Saturday,minor,2,Other,Daylight,0,1,0,0,0,0,Dry,13.19609,52.53154,car + 
194846,Neukölln,8010301,Reuterkiez,May,16,Sunday,minor,0,Driving,Daylight,0,0,0,1,0,0,Wet,13.43203,52.48539,motorbike + 
194847,Lichtenberg,11030618,Fennpfuhl West,May,17,Saturday,serious,0,Driving,Daylight,0,0,0,1,0,0,Wet,13.47153,52.53208,motorbike + 
194848,Treptow-Köpenick,9051801,Rahnsdorf/Hessenwinkel,May,16,Sunday,serious,5,Crossing,Daylight,1,1,0,0,0,0,Dry,13.6931,52.43903,bicycle + car + 
194849,Mitte,1011401,Invalidenstraße,May,16,Sunday,minor,3,Stationary Traffic,Daylight,1,1,0,0,0,0,Dry,13.39738,52.53249,bicycle + car + 
194850,Steglitz-Zehlendorf,6020304,Kaiser-Wilhelm-Straße,May,23,Saturday,minor,5,Turning,Night,0,1,0,0,0,0,Dry,13.33818,52.43191,car + 
194851,Spandau,5010313,Ackerstraße,May,19,Saturday,minor,5,Turning,Daylight,0,1,0,0,0,0,Wet,13.19424,52.54569,car + 
194852,Steglitz-Zehlendorf,6020302,Komponistenviertel Lankwitz,May,16,Sunday,minor,0,Driving,Daylight,0,1,0,1,0,0,Wet,13.34314,52.43982,car + motorbike + 
194853,Mitte,1022206,Lüneburger Straße,May,15,Sunday,minor,5,Turning,Daylight,1,1,0,0,0,0,Dry,13.35947,52.52329,bicycle + car + 
194854,Spandau,5020523,Maulbeerallee,May,18,Saturday,minor,5,Crossing,Dawn,0,1,0,0,0,0,Wet,13.16636,52.52402,car + 
194855,Steglitz-Zehlendorf,6040703,Nikolassee,May,13,Sunday,minor,1,Paralle Traffic,Daylight,1,1,0,0,0,0,Dry,13.21881,52.43241,bicycle + car + 
194856,Friedrichshain-Kreuzberg,2030401,Reichenberger Straße,May,18,Saturday,minor,5,Turning,Daylight,1,1,0,0,0,0,Wet,13.42968,52.49817,bicycle + car + 
194857,Pankow,3020307,Buchholz,May,12,Saturday,minor,5,Crossing,Daylight,1,1,0,0,0,0,Dry,13.42944,52.60069,bicycle + car + 
194858,Steglitz-Zehlendorf,6040701,Wannsee,May,13,Sunday,minor,0,Crossing,Daylight,0,1,0,1,0,0,Dry,13.15864,52.4195,car + motorbike + 
194859,Spandau,5010206,Gütersloher Weg,May,12,Sunday,minor,0,Turning,Daylight,0,1,0,1,0,0,Dry,13.1653,52.55112,car + motorbike + 
194860,Spandau,5010207,Darbystraße,May,11,Saturday,minor,5,Turning,Daylight,0,1,0,0,0,0,Dry,13.18292,52.54787,car + 
194861,Mitte,1011104,Körnerstraße,May,11,Sunday,minor,2,Stationary Traffic,Daylight,0,1,0,0,0,0,Dry,13.37132,52.50489,car + 
194862,Charlottenburg-Wilmersdorf,4020313,Königin-Elisabeth-Straße,May,12,Saturday,minor,5,Turning,Daylight,1,1,0,0,0,0,Dry,13.28153,52.51289,bicycle + car + 
194863,Pankow,3030406,Alt-Karow,May,11,Sunday,serious,1,Paralle Traffic,Daylight,1,1,0,0,0,0,Dry,13.47637,52.60971,bicycle + car + 
194864,Charlottenburg-Wilmersdorf,4030621,Spreestadt,May,20,Saturday,minor,5,Turning,Daylight,0,1,0,1,0,0,Wet,13.32635,52.51913,car + motorbike + 
194865,Charlottenburg-Wilmersdorf,4030827,Karl-August-Platz,May,9,Sunday,minor,5,Turning,Daylight,1,1,0,0,0,0,Dry,13.31379,52.50636,bicycle + car + 
194866,Steglitz-Zehlendorf,6020409,Königsberger Straße,May,13,Saturday,minor,5,Crossing,Daylight,1,0,0,0,0,0,Dry,13.31372,52.42647,bicycle + 
194867,Mitte,1022205,Zillesiedlung,May,1,Sunday,minor,0,Other,Night,1,1,0,0,0,0,Wet,13.36425,52.52779,bicycle + car + 
194868,Charlottenburg-Wilmersdorf,4041342,Schlangenbader Straße,May,15,Saturday,minor,1,Paralle Traffic,Daylight,1,1,0,0,0,0,Wet,13.30186,52.47297,bicycle + car + 
194869,Charlottenburg-Wilmersdorf,4041240,Messelpark,May,10,Saturday,minor,0,Other,Daylight,1,0,0,0,0,0,Dry,13.28177,52.4763,bicycle + 
194870,Steglitz-Zehlendorf,6020302,Komponistenviertel Lankwitz,May,15,Saturday,minor,5,Crossing,Daylight,1,1,0,0,0,0,Wet,13.33445,52.43743,bicycle + car + 
194871,Mitte,1011104,Körnerstraße,May,23,Saturday,minor,5,Turning,Night,1,1,0,0,0,0,Dry,13.36558,52.50311,bicycle + car + 
194872,Friedrichshain-Kreuzberg,2040701,Andreasviertel,May,16,Saturday,minor,5,Crossing,Daylight,1,1,0,0,0,0,Wet,13.43066,52.51109,bicycle + car + 
194873,Steglitz-Zehlendorf,6030610,Lichterfelde West,May,9,Saturday,minor,1,Paralle Traffic,Daylight,1,1,0,0,0,0,Dry,13.29406,52.44204,bicycle + car + 
194874,Marzahn-Hellersdorf,10030724,Oberfeldstraße,May,9,Saturday,minor,5,Crossing,Daylight,0,1,0,0,0,0,Dry,13.55796,52.52965,car + 
194875,Mitte,1011303,Alexanderplatzviertel,May,17,Saturday,minor,1,Paralle Traffic,Daylight,0,1,0,0,0,0,Wet,13.40954,52.51818,car + 
194876,Marzahn-Hellersdorf,10010311,Landsberger Tor,May,9,Saturday,minor,5,Crossing,Daylight,1,1,0,0,0,0,Dry,13.58336,52.54933,bicycle + car + 
194877,Marzahn-Hellersdorf,10010205,Marzahn Ost,May,11,Saturday,minor,5,Turning,Daylight,1,1,0,0,0,0,Dry,13.58311,52.54936,bicycle + car + 
194878,Treptow-Köpenick,9010101,Elsenstraße,May,5,Saturday,minor,0,Other,Daylight,1,0,0,0,0,0,Dry,13.44916,52.48831,bicycle + 
194879,Treptow-Köpenick,9010402,Johannisthal Ost,May,1,Saturday,minor,1,Paralle Traffic,Night,1,1,0,0,0,0,Dry,13.50642,52.43758,bicycle + car + 
194880,Reinickendorf,12224229,Konradshöhe/Tegelort,May,17,Saturday,minor,5,Crossing,Daylight,0,1,0,0,0,0,Wet,13.22923,52.57328,car + 
194881,Treptow-Köpenick,9010302,Späthsfelde,May,20,Saturday,minor,6,Overtaking,Daylight,0,1,1,0,0,0,Dry,13.48037,52.45327,car + pedestrian + 
194882,Mitte,1011301,Charitéviertel,May,15,Saturday,minor,0,Driving,Daylight,0,0,0,1,0,0,Wet,13.37925,52.52946,motorbike + 
194883,Marzahn-Hellersdorf,10040828,Kaulsdorf Nord,May,19,Saturday,serious,0,Driving,Daylight,1,0,0,0,0,0,Dry,13.59074,52.51422,bicycle + 
194884,Mitte,1033101,Soldiner Straße,May,11,Saturday,minor,6,Overtaking,Daylight,1,0,1,0,0,0,Dry,13.38486,52.55661,bicycle + pedestrian + 
194885,Spandau,5020625,Borkumer Straße,May,18,Saturday,minor,5,Turning,Daylight,0,1,0,0,0,0,Dry,13.19452,52.5337,car + 
194886,Marzahn-Hellersdorf,10010204,Wuhletalstraße,May,4,Saturday,minor,5,Crossing,Dawn,0,1,0,0,0,0,Dry,13.57456,52.55522,car + 
194887,Mitte,1011305,Heine-Viertel West,May,8,Saturday,minor,5,Turning,Daylight,1,1,0,0,0,0,Dry,13.41279,52.50627,bicycle + car + 
194888,Marzahn-Hellersdorf,10030727,Biesdorf Süd,May,18,Saturday,minor,2,Other,Daylight,0,1,0,0,0,0,Dry,13.55968,52.4793,car + 
194889,Friedrichshain-Kreuzberg,2020202,Rathaus Yorckstraße,May,15,Friday,minor,3,Stationary Traffic,Daylight,1,0,0,0,0,0,Dry,13.38684,52.49642,bicycle + 
194890,Neukölln,8020622,Parchimer Allee,May,8,Friday,minor,5,Other,Daylight,0,1,0,0,0,0,Dry,13.43683,52.44862,car + 
194891,Mitte,1044101,Rehberge,May,10,Saturday,minor,2,Stationary Traffic,Daylight,0,1,0,0,0,0,Dry,13.3362,52.5579,car + 
194892,Tempelhof-Schöneberg,7070703,John-Locke-Straße,May,7,Friday,minor,6,Turning,Daylight,0,1,1,0,0,0,Dry,13.40323,52.38668,car + pedestrian + 
194893,Spandau,5030731,Gartenfelder Straße,May,10,Saturday,serious,2,Other,Daylight,0,1,0,1,0,0,Dry,13.24745,52.5383,car + motorbike + 
194894,Pankow,3030406,Alt-Karow,May,7,Friday,minor,5,Crossing,Daylight,1,1,0,0,0,0,Wet,13.4734,52.61255,bicycle + car + 
194895,Mitte,1011401,Invalidenstraße,May,11,Saturday,minor,1,Paralle Traffic,Daylight,1,1,0,0,0,0,Dry,13.40052,52.5306,bicycle + car + 
194896,Spandau,5020625,Borkumer Straße,May,11,Saturday,serious,6,Turning,Daylight,0,1,1,0,0,0,Dry,13.19258,52.52866,car + pedestrian + 
194897,Neukölln,8010301,Reuterkiez,May,7,Friday,minor,0,Other,Daylight,1,0,0,0,0,1,Wet,13.43894,52.48749,bicycle + other
194898,Pankow,3020307,Buchholz,May,7,Friday,minor,0,Crossing,Daylight,1,1,0,0,0,0,Wet,13.42639,52.60312,bicycle + car + 
194899,Pankow,3051022,Hansastraße,May,12,Saturday,minor,2,Stationary Traffic,Daylight,0,1,0,1,0,0,Dry,13.47607,52.55078,car + motorbike + 
194900,Spandau,5010101,Hakenfelde Nord,May,12,Saturday,fatal,2,Stationary Traffic,Daylight,0,1,0,0,0,0,Dry,13.20852,52.56146,car + 
194901,Neukölln,8040933,Vogelviertel Süd,May,6,Friday,minor,5,Turning,Dawn,0,1,0,0,0,0,Dry,13.46909,52.43435,car + 
194902,Charlottenburg-Wilmersdorf,4020205,Siedlung Ruhleben,May,12,Saturday,minor,2,Stationary Traffic,Daylight,0,1,0,0,0,0,Dry,13.24775,52.51887,car + 
194903,Lichtenberg,11020411,Malchower Weg,May,5,Friday,minor,5,Crossing,Daylight,1,1,0,0,0,0,Wet,13.49969,52.5624,bicycle + car + 
194904,Charlottenburg-Wilmersdorf,4010102,Plötzensee,May,13,Saturday,minor,5,Turning,Daylight,0,1,0,0,0,1,Dry,13.32624,52.53804,car + other
194905,Mitte,1044101,Rehberge,May,12,Saturday,minor,2,Stationary Traffic,Daylight,0,1,0,0,0,1,Dry,13.33461,52.54125,car + other
194906,Treptow-Köpenick,9052001,Köpenick Nord,May,5,Friday,minor,5,Crossing,Daylight,1,1,0,0,0,0,Dry,13.58064,52.4601,bicycle + car + 
194907,Marzahn-Hellersdorf,10020622,Kaulsdorf Nord I,May,13,Saturday,minor,2,Other,Daylight,0,1,0,0,0,1,Dry,13.5874,52.52314,car + other
194908,Pankow,3050923,Weißenseer Spitze,May,5,Friday,minor,1,Paralle Traffic,Daylight,1,1,0,0,0,0,Wet,13.43129,52.55355,bicycle + car + 
194909,Spandau,5010339,Freiheit,May,14,Saturday,serious,1,Paralle Traffic,Daylight,0,1,0,1,0,0,Dry,13.23586,52.52917,car + motorbike + 
194910,Friedrichshain-Kreuzberg,2040701,Andreasviertel,May,21,Friday,serious,5,Crossing,Night,1,1,0,0,0,0,Dry,13.42399,52.51333,bicycle + car + 
194911,Steglitz-Zehlendorf,6030608,Schweizer Viertel,May,14,Saturday,minor,5,Crossing,Daylight,0,1,0,0,0,0,Dry,13.30301,52.42905,car + 
194912,Mitte,1011303,Alexanderplatzviertel,May,18,Friday,minor,1,Paralle Traffic,Daylight,1,1,0,0,0,1,Dry,13.40439,52.52219,bicycle + car + other
194913,Pankow,3030716,Märchenland,May,15,Saturday,minor,5,Crossing,Daylight,1,1,0,0,0,0,Dry,13.46536,52.56715,bicycle + car + 
194914,Tempelhof-Schöneberg,7010102,Nollendorfplatz,May,15,Saturday,minor,2,Stationary Traffic,Daylight,0,1,0,0,0,0,Dry,13.35003,52.49466,car + 
194915,Charlottenburg-Wilmersdorf,4030620,Alt-Lietzow,May,17,Friday,minor,5,Crossing,Daylight,0,1,0,0,0,0,Dry,13.30114,52.51907,car + 
194916,Treptow-Köpenick,9031001,Bohnsdorf,May,17,Friday,serious,6,Overtaking,Daylight,0,1,1,0,0,0,Dry,13.55371,52.39928,car + pedestrian + 
194917,Charlottenburg-Wilmersdorf,4030417,Schloßstraße,May,15,Saturday,minor,2,Stationary Traffic,Daylight,0,1,0,0,0,1,Dry,13.30059,52.5176,car + other
194918,Friedrichshain-Kreuzberg,2010101,Askanischer Platz,May,17,Saturday,serious,3,Turning,Daylight,1,1,0,0,0,0,Dry,13.38665,52.50532,bicycle + car + 
194919,Marzahn-Hellersdorf,10040829,Alt-Kaulsdorf,May,17,Friday,serious,5,Crossing,Daylight,0,1,0,0,0,1,Dry,13.58966,52.50929,car + other
194920,Treptow-Köpenick,9010402,Johannisthal Ost,May,22,Saturday,minor,5,Turning,Night,0,1,0,1,0,0,Dry,13.50313,52.43378,car + motorbike + 
194921,Friedrichshain-Kreuzberg,2010101,Askanischer Platz,May,16,Friday,minor,2,Stationary Traffic,Daylight,0,1,0,0,0,0,Dry,13.38536,52.50219,car + 
194922,Pankow,3051017,Rennbahnstraße,May,7,Friday,minor,5,Crossing,Daylight,1,1,0,0,0,0,Dry,13.46264,52.55977,bicycle + car + 
194923,Tempelhof-Schöneberg,7040405,Rathaus Tempelhof,May,15,Friday,minor,3,Stationary Traffic,Daylight,0,1,0,1,1,0,Dry,13.38441,52.45587,car + motorbike + truck + 
194924,Lichtenberg,11051330,Karlshorst West,May,14,Friday,serious,5,Turning,Daylight,0,1,0,0,0,1,Dry,13.52706,52.49209,car + other
194925,Mitte,1011203,Unter den Linden Süd,May,13,Friday,minor,5,Crossing,Daylight,0,1,0,1,0,0,Dry,13.39056,52.51307,car + motorbike + 
194926,Marzahn-Hellersdorf,10030725,Buckower Ring,May,17,Friday,minor,1,Stationary Traffic,Daylight,1,1,0,0,0,0,Dry,13.57121,52.51308,bicycle + car + 
194927,Marzahn-Hellersdorf,10020517,Adele-Sandrock-Straße,May,14,Friday,serious,6,Overtaking,Daylight,0,1,1,0,0,0,Dry,13.62194,52.53045,car + pedestrian + 
194928,Friedrichshain-Kreuzberg,2010101,Askanischer Platz,May,0,Friday,minor,0,Driving,Night,1,0,0,0,0,0,Wet,13.38769,52.50332,bicycle + 
194929,Mitte,1011301,Charitéviertel,May,14,Friday,serious,6,Overtaking,Daylight,0,0,1,0,0,1,Dry,13.38751,52.52481,pedestrian + other
194930,Reinickendorf,12231101,Hermsdorf,May,11,Friday,minor,5,Crossing,Daylight,1,1,0,0,0,0,Dry,13.31107,52.62198,bicycle + car + 
194931,Spandau,5010314,Carl-Schurz-Straße,May,13,Friday,minor,2,Stationary Traffic,Daylight,0,1,0,0,0,0,Dry,13.18344,52.54133,car + 
194932,Spandau,5030832,Rohrdamm,May,11,Friday,minor,2,Stationary Traffic,Daylight,0,1,0,0,0,0,Dry,13.27079,52.53653,car + 
194933,Neukölln,8010405,Hertzbergplatz,May,19,Friday,minor,1,Paralle Traffic,Daylight,0,1,0,0,0,0,Dry,13.4455,52.48111,car + 
194934,Mitte,1044201,Reinickendorfer Straße,May,13,Friday,minor,6,Overtaking,Daylight,0,1,1,0,0,0,Dry,13.38381,52.55576,car + pedestrian + 
194935,Lichtenberg,11030721,Rüdigerstraße,May,22,Friday,serious,6,Turning,Night,0,0,1,0,0,1,Dry,13.49261,52.51206,pedestrian + other
194936,Tempelhof-Schöneberg,7040406,Germaniagarten,May,14,Friday,minor,2,Turning,Daylight,0,1,0,0,0,0,Dry,13.41804,52.46047,car + 
194937,Steglitz-Zehlendorf,6040807,Zehlendorf Eiche,May,20,Friday,minor,1,Paralle Traffic,Daylight,0,1,0,1,0,0,Dry,13.26187,52.44034,car + motorbike + 
194938,Neukölln,8010214,Glasower Straße,May,12,Friday,serious,6,Overtaking,Daylight,0,0,1,0,0,1,Dry,13.43237,52.46648,pedestrian + other
194939,Pankow,3061227,Humannplatz,May,19,Friday,minor,5,Turning,Daylight,0,1,0,0,0,0,Dry,13.4207,52.54881,car + 
194940,Treptow-Köpenick,9041301,Kietzer Feld/Nachtheide,May,19,Friday,minor,2,Stationary Traffic,Daylight,0,1,0,0,0,0,Dry,13.59996,52.43571,car + 
194941,Neukölln,8020622,Parchimer Allee,May,11,Friday,minor,1,Paralle Traffic,Daylight,0,1,0,0,0,1,Dry,13.43701,52.44855,car + other
194942,Friedrichshain-Kreuzberg,2020203,Viktoriapark,May,10,Friday,minor,5,Crossing,Daylight,1,1,0,0,0,0,Dry,13.38662,52.49008,bicycle + car + 
194943,Mitte,1011301,Charitéviertel,May,18,Friday,minor,0,Turning,Daylight,1,1,0,0,0,0,Dry,13.37429,52.5302,bicycle + car + 
194944,Friedrichshain-Kreuzberg,2050801,Traveplatz,May,18,Friday,minor,3,Stationary Traffic,Daylight,1,1,0,0,0,0,Dry,13.46921,52.51153,bicycle + car + 
194945,Mitte,1011301,Charitéviertel,May,0,Friday,minor,0,Turning,Night,1,1,0,0,0,0,Dry,13.37941,52.52943,bicycle + car + 
194946,Reinickendorf,12231101,Hermsdorf,May,17,Friday,minor,5,Turning,Daylight,0,1,0,0,0,0,Dry,13.30913,52.61484,car + 
194947,Spandau,5010314,Carl-Schurz-Straße,May,13,Thursday,minor,5,Other,Daylight,1,1,0,0,0,0,Dry,13.19079,52.54003,bicycle + car + 
194948,Charlottenburg-Wilmersdorf,4030930,George-Grosz-Platz,May,17,Friday,minor,3,Stationary Traffic,Daylight,1,1,0,0,0,0,Dry,13.32044,52.49975,bicycle + car + 
194949,Lichtenberg,11051229,Rummelsburg,May,17,Friday,serious,5,Turning,Daylight,1,0,0,0,0,1,Dry,13.49268,52.49109,bicycle + other
194950,Treptow-Köpenick,9051702,Bölschestraße,May,12,Thursday,serious,5,Crossing,Daylight,1,0,0,0,0,0,Dry,13.61841,52.45253,bicycle + 
194951,Treptow-Köpenick,9020701,Adlershof West,May,17,Friday,minor,2,Stationary Traffic,Daylight,0,1,0,0,0,0,Dry,13.52884,52.42637,car + 
194952,Charlottenburg-Wilmersdorf,4051551,Brabanter Platz,May,9,Friday,minor,0,Stationary Traffic,Daylight,0,0,0,1,0,1,Dry,13.31917,52.47889,motorbike + other
194953,Pankow,3071639,Bötzowstraße,May,6,Thursday,minor,6,Overtaking,Daylight,1,0,1,0,0,0,Dry,13.43594,52.53305,bicycle + pedestrian + 
194954,Pankow,3071638,Winsstraße,May,9,Friday,minor,1,Paralle Traffic,Daylight,1,1,0,0,0,0,Dry,13.42294,52.52841,bicycle + car + 
194955,Reinickendorf,12231101,Hermsdorf,May,9,Friday,minor,4,Other,Daylight,0,1,0,0,0,0,Dry,13.29284,52.60836,car + 
194956,Tempelhof-Schöneberg,7020201,Bayerischer Platz,May,18,Thursday,minor,5,Crossing,Daylight,1,1,0,0,0,0,Dry,13.34499,52.49163,bicycle + car + 
194957,Reinickendorf,12301206,Lübars,May,16,Friday,minor,5,Turning,Daylight,1,1,0,0,0,0,Dry,13.35461,52.6181,bicycle + car + 
194958,Spandau,5020419,Magistratsweg,May,13,Thursday,minor,1,Paralle Traffic,Daylight,0,1,0,0,0,1,Dry,13.14829,52.53283,car + other
194959,Pankow,3061227,Humannplatz,May,8,Friday,minor,5,Crossing,Daylight,0,1,0,0,0,0,Dry,13.42744,52.5524,car + 
194960,Spandau,5010314,Carl-Schurz-Straße,May,12,Thursday,minor,0,Driving,Daylight,0,1,0,1,0,0,Wet,13.19274,52.53602,car + motorbike + 
194961,Pankow,3071536,Teutoburger Platz,May,9,Friday,minor,1,Paralle Traffic,Daylight,1,0,0,0,0,1,Dry,13.41172,52.53291,bicycle + other
194962,Spandau,5020417,Staakener Straße,May,5,Thursday,serious,5,Crossing,Daylight,0,1,0,0,0,0,Wet,13.1543,52.53385,car + 
194963,Charlottenburg-Wilmersdorf,4041134,Bismarckallee,May,16,Friday,minor,5,Crossing,Daylight,1,0,0,0,0,1,Dry,13.28528,52.49467,bicycle + other
194964,Pankow,3050925,Komponistenviertel Weißensee,May,10,Friday,serious,6,Turning,Daylight,0,1,1,0,0,0,Dry,13.45958,52.54809,car + pedestrian + 
194965,Friedrichshain-Kreuzberg,2050803,Stralauer Kiez,May,21,Thursday,minor,5,Crossing,Night,1,1,0,0,0,0,Wet,13.46057,52.50036,bicycle + car + 
194966,Friedrichshain-Kreuzberg,2040703,Wriezener Bahnhof/Entwicklungsgebiet,May,20,Thursday,minor,1,Paralle Traffic,Dawn,1,1,0,0,0,1,Wet,13.43564,52.50781,bicycle + car + other
194967,Pankow,3010102,Buch,May,8,Friday,minor,3,Stationary Traffic,Daylight,1,1,0,0,0,0,Dry,13.49439,52.63581,bicycle + car + 
194968,Pankow,3071537,Kollwitzplatz,May,8,Friday,serious,2,Stationary Traffic,Daylight,0,1,0,0,0,0,Dry,13.42088,52.53375,car + 
194969,Reinickendorf,12103218,Teichstraße,May,19,Thursday,serious,5,Crossing,Daylight,0,1,0,1,0,0,Dry,13.35085,52.58407,car + motorbike + 
194970,Pankow,3071639,Bötzowstraße,May,8,Friday,minor,2,Stationary Traffic,Daylight,0,1,0,0,0,1,Dry,13.4293,52.52867,car + other
194971,Mitte,1011306,Heine-Viertel Ost,May,19,Thursday,minor,1,Paralle Traffic,Daylight,1,1,0,0,0,0,Dry,13.42414,52.50815,bicycle + car + 
194972,Pankow,3030715,Heinersdorf,May,8,Friday,minor,5,Turning,Daylight,0,1,0,0,1,0,Dry,13.42961,52.57184,car + truck + 
194973,Steglitz-Zehlendorf,6010103,Markelstraße,May,16,Thursday,minor,1,Stationary Traffic,Daylight,1,1,0,0,0,0,Dry,13.31754,52.46554,bicycle + car + 
194974,Spandau,5010314,Carl-Schurz-Straße,May,7,Friday,minor,5,Crossing,Daylight,1,1,0,0,0,0,Dry,13.19853,52.53955,bicycle + car + 
194975,Neukölln,8010509,Schulenburgpark,May,16,Thursday,minor,0,Paralle Traffic,Daylight,0,1,0,0,0,1,Dry,13.4667,52.46904,car + other
194976,Pankow,3061429,Greifswalder Straße,May,21,Friday,minor,5,Turning,Night,0,1,0,1,0,0,Dry,13.45255,52.5392,car + motorbike + 
194977,Pankow,3061441,Eldenaer Straße,May,18,Friday,minor,5,Crossing,Daylight,0,1,0,0,0,0,Dry,13.46577,52.52335,car + 
194978,Marzahn-Hellersdorf,10040933,Mahlsdorf Süd,May,15,Thursday,minor,5,Turning,Daylight,1,1,0,0,0,0,Wet,13.60102,52.47925,bicycle + car + 
194979,Mitte,1011402,Arkonaplatz,May,15,Thursday,minor,5,Crossing,Daylight,0,1,0,0,0,0,Dry,13.39806,52.53487,car + 
194980,Steglitz-Zehlendorf,6030502,Zehlendorf Süd,May,16,Friday,serious,5,Crossing,Daylight,1,1,0,0,0,0,Dry,13.25478,52.41477,bicycle + car + 
194981,Spandau,5030832,Rohrdamm,May,15,Thursday,minor,2,Stationary Traffic,Daylight,0,1,0,0,0,0,Dry,13.27326,52.53622,car + 
194982,Reinickendorf,12103116,Hausotterplatz,May,16,Tuesday,serious,1,Paralle Traffic,Daylight,1,1,0,0,0,0,Dry,13.37923,52.56919,bicycle + car + 
194983,Neukölln,8041037,Alt-Rudow,May,16,Tuesday,minor,0,Driving,Daylight,0,0,0,1,0,0,Dry,13.51444,52.42397,motorbike + 
194984,Tempelhof-Schöneberg,7020203,Kaiser-Wilhelm-Platz,May,16,Tuesday,serious,0,Other,Daylight,0,0,0,1,0,0,Dry,13.3603,52.48831,motorbike + 
194985,Charlottenburg-Wilmersdorf,4020311,Reichsstraße,May,17,Tuesday,minor,0,Crossing,Daylight,0,1,0,1,0,0,Dry,13.2739,52.50968,car + motorbike + 
194986,Pankow,3040513,Schönholz,May,17,Tuesday,minor,5,Crossing,Daylight,1,1,0,0,0,0,Dry,13.38977,52.57429,bicycle + car + 
194987,Charlottenburg-Wilmersdorf,4030621,Spreestadt,May,11,Tuesday,minor,6,Overtaking,Daylight,0,1,1,0,0,0,Dry,13.32209,52.52108,car + pedestrian + 
194988,Spandau,5020629,Börnicker Straße,May,11,Tuesday,minor,5,Crossing,Daylight,1,1,0,0,0,0,Dry,13.18257,52.5101,bicycle + car + 
194989,Tempelhof-Schöneberg,7010101,Wittenbergplatz/Viktoria-Luise-Platz,May,18,Tuesday,minor,6,Turning,Daylight,0,1,1,0,0,0,Dry,13.34567,52.4942,car + pedestrian + 
194990,Spandau,5010101,Hakenfelde Nord,May,18,Tuesday,minor,4,Stationary Traffic,Daylight,1,0,0,0,0,0,Dry,13.21628,52.56545,bicycle + 
194991,Spandau,5030730,Zitadellenweg,May,21,Tuesday,minor,5,Crossing,Night,1,1,0,0,0,0,Dry,13.21356,52.53859,bicycle + car + 
194992,Tempelhof-Schöneberg,7020201,Bayerischer Platz,May,17,Tuesday,minor,5,Crossing,Daylight,0,1,0,0,0,0,Dry,13.34493,52.49036,car + 
194993,Friedrichshain-Kreuzberg,2010102,Mehringplatz,May,19,Tuesday,minor,0,Stationary Traffic,Daylight,1,1,0,0,0,0,Dry,13.39612,52.49799,bicycle + car + 
194994,Treptow-Köpenick,9031202,Schmöckwitz/Rauchfangswerder,May,18,Tuesday,fatal,0,Driving,Daylight,1,0,0,0,0,0,Dry,13.68352,52.37053,bicycle + 
194995,Pankow,3061429,Greifswalder Straße,May,18,Monday,minor,5,Turning,Daylight,1,1,0,0,0,0,Dry,13.44153,52.54333,bicycle + car + 
194996,Steglitz-Zehlendorf,6040809,Thielallee,May,11,Monday,minor,5,Crossing,Daylight,0,1,0,0,0,0,Dry,13.28532,52.44505,car + 
194997,Charlottenburg-Wilmersdorf,4031032,Halensee,May,20,Monday,minor,5,Other,Night,0,1,0,0,0,0,Dry,13.29901,52.49841,car + 
194998,Charlottenburg-Wilmersdorf,4020313,Königin-Elisabeth-Straße,May,19,Monday,minor,6,Other,Daylight,0,1,1,0,0,0,Dry,13.27503,52.50813,car + pedestrian + 
194999,Tempelhof-Schöneberg,7050505,Hundsteinweg,May,19,Monday,minor,2,Stationary Traffic,Daylight,0,1,0,0,0,1,Wet,13.40071,52.43983,car + other
195000,Mitte,1011306,Heine-Viertel Ost,May,18,Monday,serious,1,Paralle Traffic,Daylight,1,0,0,0,0,1,Dry,13.42014,52.51004,bicycle + other
195001,Friedrichshain-Kreuzberg,2020206,Graefekiez,May,17,Monday,minor,5,Turning,Daylight,1,1,0,0,0,0,Dry,13.4179,52.48777,bicycle + car + 
195002,Pankow,3050920,Weißer See,May,18,Monday,minor,0,Driving,Daylight,1,0,0,0,0,0,Wet,13.45063,52.55243,bicycle + 
195003,Marzahn-Hellersdorf,10020517,Adele-Sandrock-Straße,May,18,Monday,minor,0,Driving,Daylight,0,0,0,1,0,0,Wet,13.60802,52.5336,motorbike + 
195004,Tempelhof-Schöneberg,7070703,John-Locke-Straße,May,7,Monday,minor,5,Crossing,Daylight,1,1,0,0,0,0,Dry,13.39538,52.39689,bicycle + car + 
195005,Neukölln,8010118,Silbersteinstraße,May,7,Monday,minor,5,Turning,Daylight,1,1,0,0,0,0,Dry,13.43055,52.46843,bicycle + car + 
195006,Reinickendorf,12304314,Ziekowstraße/Freie Scholle,May,8,Monday,minor,2,Stationary Traffic,Daylight,0,1,0,0,0,0,Dry,13.28538,52.59511,car + 
195007,Spandau,5020625,Borkumer Straße,May,10,Monday,minor,6,Other,Daylight,0,1,1,0,0,0,Dry,13.1943,52.52898,car + pedestrian + 
195008,Marzahn-Hellersdorf,10010311,Landsberger Tor,May,10,Monday,minor,6,Overtaking,Daylight,0,1,1,0,0,0,Dry,13.57869,52.53996,car + pedestrian + 
195009,Reinickendorf,12103117,Letteplatz,May,18,Monday,minor,2,Stationary Traffic,Daylight,0,1,0,0,0,0,Dry,13.37708,52.56094,car + 