id,district,lor,street,month,hour,weekday,injury,collision,movement,light_conditions,bicycle,car,pedestrian,motorbike,truck,other_vehicle,road_conditions,longitude,latitude,Combo_type
195010,Reinickendorf,12301203,Wittenau Süd,May,10,Monday,minor,5,Turning,Daylight,1,0,0,0,1,0,Dry,13.32627,52.59162,bicycle + truck + 
195011,Mitte,1033102,Gesundbrunnen,May,10,Monday,minor,5,Turning,Daylight,1,1,0,0,0,0,Dry,13.3842,52.55604,bicycle + car + 
195012,Charlottenburg-Wilmersdorf,4051653,Prager Platz,May,18,Monday,minor,5,Turning,Daylight,1,1,0,0,0,0,Dry,13.33074,52.49316,bicycle + car + 
195013,Neukölln,8010404,Rixdorf,May,11,Monday,serious,6,Overtaking,Daylight,0,1,1,0,0,0,Dry,13.44413,52.47964,car + pedestrian + 
195014,Mitte,1022106,Elberfelder Straße,May,12,Monday,serious,2,Stationary Traffic,Daylight,0,1,0,0,0,0,Dry,13.33024,52.52382,car + 
195015,Friedrichshain-Kreuzberg,2030302,Lausitzer Platz,May,18,Monday,minor,6,Overtaking,Daylight,0,1,1,1,0,0,Dry,13.44194,52.50086,car + pedestrian + motorbike + 
195016,Tempelhof-Schöneberg,7040404,Marienhöhe,May,13,Monday,minor,2,Stationary Traffic,Daylight,0,1,0,0,0,0,Dry,13.36282,52.44766,car + 
195017,Marzahn-Hellersdorf,10040932,Alt-Mahlsdorf,May,15,Monday,minor,2,Stationary Traffic,Daylight,0,1,0,0,0,0,Dry,13.61228,52.51131,car + 
195018,Treptow-Köpenick,9031001,Bohnsdorf,May,17,Monday,minor,6,Turning,Daylight,0,1,1,0,0,0,Dry,13.56698,52.41216,car + pedestrian + 
195019,Reinickendorf,12231102,Frohnau,May,10,Monday,minor,0,Driving,Daylight,1,0,0,0,0,0,Dry,13.28841,52.63207,bicycle + 
195020,Steglitz-Zehlendorf,6020302,Komponistenviertel Lankwitz,May,16,Monday,minor,2,Stationary Traffic,Daylight,0,1,0,0,0,0,Dry,13.33429,52.44292,car + 
195021,Mitte,1022104,Emdener Straße,May,16,Monday,minor,2,Stationary Traffic,Daylight,0,1,0,0,0,0,Dry,13.34068,52.52643,car + 
195022,Friedrichshain-Kreuzberg,2020206,Graefekiez,May,15,Monday,minor,5,Crossing,Daylight,1,1,0,0,0,0,Dry,13.42197,52.49302,bicycle + car + 
195023,Friedrichshain-Kreuzberg,2020205,Chamissokiez,May,15,Monday,minor,2,Other,Daylight,1,1,0,0,0,0,Dry,13.3935,52.48915,bicycle + car + 
195024,Reinickendorf,12214527,Alt-Tegel,May,12,Monday,minor,5,Paralle Traffic,Daylight,1,1,0,0,0,0,Dry,13.2882,52.58628,bicycle + car + 
195025,Pankow,3061227,Humannplatz,May,18,Monday,minor,2,Stationary Traffic,Daylight,0,1,0,0,0,1,Wet,13.41503,52.55384,car + other
195026,Lichtenberg,11010309,Zingster Straße West,May,13,Sunday,serious,5,Crossing,Daylight,1,1,0,0,0,0,Dry,13.50161,52.5661,bicycle + car + 
195027,Reinickendorf,12224230,Heiligensee,May,13,Sunday,minor,0,Paralle Traffic,Daylight,1,1,0,0,0,0,Dry,13.22581,52.62785,bicycle + car + 
195028,Tempelhof-Schöneberg,7030301,Friedenau,May,14,Sunday,minor,5,Crossing,Daylight,0,1,0,0,0,0,Dry,13.3289,52.47132,car + 
195029,Treptow-Köpenick,9020802,Köllnische Vorstadt,May,9,Sunday,minor,1,Paralle Traffic,Daylight,1,1,0,0,0,1,Dry,13.56578,52.43932,bicycle + car + other
195030,Friedrichshain-Kreuzberg,2030301,Oranienplatz,May,9,Sunday,minor,5,Crossing,Daylight,0,1,0,0,0,0,Dry,13.41927,52.50125,car + 
195031,Friedrichshain-Kreuzberg,2010104,Wassertorplatz,May,12,Sunday,minor,2,Turning,Daylight,1,1,0,0,0,0,Dry,13.40686,52.49847,bicycle + car + 
195032,Charlottenburg-Wilmersdorf,4051448,Schaperstraße,May,14,Sunday,minor,6,Overtaking,Daylight,1,0,1,0,0,0,Dry,13.32704,52.4951,bicycle + pedestrian + 
195033,Pankow,3020210,Herthaplatz,May,14,Sunday,minor,2,Stationary Traffic,Daylight,0,1,0,1,0,0,Dry,13.43054,52.5895,car + motorbike + 
195034,Mitte,1011303,Alexanderplatzviertel,May,17,Sunday,serious,5,Crossing,Daylight,1,0,0,0,0,0,Dry,13.41928,52.52529,bicycle + 
195035,Treptow-Köpenick,9010401,Johannisthal West,May,18,Sunday,minor,6,Overtaking,Daylight,0,0,1,0,0,1,Dry,13.49897,52.44584,pedestrian + other
195036,Friedrichshain-Kreuzberg,2030401,Reichenberger Straße,May,6,Sunday,minor,1,Paralle Traffic,Daylight,0,1,0,0,0,0,Dry,13.4368,52.49284,car + 
195037,Lichtenberg,11030619,Fennpfuhl Ost,May,3,Sunday,minor,5,Crossing,Night,0,1,0,0,0,1,Dry,13.47959,52.52665,car + other
195038,Spandau,5020521,Döberitzer Weg,May,13,Sunday,minor,2,Stationary Traffic,Daylight,0,1,0,0,0,0,Dry,13.13767,52.52539,car + 
195039,Steglitz-Zehlendorf,6020409,Königsberger Straße,May,1,Sunday,serious,1,Paralle Traffic,Night,0,1,0,0,0,0,Dry,13.31556,52.43067,car + 
195040,Charlottenburg-Wilmersdorf,4030620,Alt-Lietzow,May,13,Sunday,minor,0,Other,Daylight,1,0,0,0,0,0,Dry,13.30445,52.51806,bicycle + 
195041,Mitte,1011202,Unter den Linden Nord,May,22,Sunday,minor,6,Overtaking,Night,1,0,1,0,0,0,Dry,13.38091,52.51622,bicycle + pedestrian + 
195042,Mitte,1033102,Gesundbrunnen,May,23,Sunday,minor,3,Stationary Traffic,Night,0,1,0,0,0,1,Dry,13.38785,52.55574,car + other
195043,Neukölln,8010211,Flughafenstraße,May,22,Sunday,minor,3,Stationary Traffic,Night,1,1,0,0,0,0,Dry,13.42519,52.48037,bicycle + car + 
195044,Pankow,3061227,Humannplatz,May,20,Sunday,minor,0,Driving,Daylight,1,0,0,0,0,0,Dry,13.42015,52.5483,bicycle + 
195045,Lichtenberg,11010310,Mühlengrund,May,17,Saturday,minor,3,Stationary Traffic,Daylight,0,1,0,0,0,0,Dry,13.50552,52.56351,car + 
195046,Neukölln,8010404,Rixdorf,May,22,Saturday,minor,2,Paralle Traffic,Night,1,1,0,0,0,0,Dry,13.44666,52.47838,bicycle + car + 
195047,Pankow,3040614,Pankow Zentrum,May,11,Saturday,minor,2,Stationary Traffic,Daylight,0,1,0,0,1,0,Dry,13.42457,52.58618,car + truck + 
195048,Mitte,1022101,Huttenkiez,May,16,Saturday,minor,6,Stationary Traffic,Daylight,0,0,1,0,0,1,Dry,13.32865,52.52404,pedestrian + other
195049,Friedrichshain-Kreuzberg,2040701,Andreasviertel,May,15,Saturday,minor,1,Paralle Traffic,Daylight,0,1,0,1,0,0,Dry,13.43626,52.51645,car + motorbike + 
195050,Friedrichshain-Kreuzberg,2050804,Stralauer Halbinsel,May,16,Saturday,minor,5,Other,Daylight,0,1,0,1,0,0,Dry,13.46667,52.4973,car + motorbike + 
195051,Neukölln,8010404,Rixdorf,May,22,Saturday,minor,1,Paralle Traffic,Night,0,1,0,1,0,0,Dry,13.44707,52.47621,car + motorbike + 
195052,Spandau,5020625,Borkumer Straße,May,23,Saturday,minor,2,Stationary Traffic,Night,0,1,0,0,0,0,Dry,13.19833,52.53265,car + 
195053,Friedrichshain-Kreuzberg,2050801,Traveplatz,May,13,Saturday,minor,5,Crossing,Daylight,1,1,0,0,0,0,Dry,13.46314,52.51146,bicycle + car + 
195054,Friedrichshain-Kreuzberg,2030402,Wrangelkiez,May,13,Saturday,minor,5,Other,Daylight,1,1,0,0,0,0,Dry,13.44397,52.50012,bicycle + car + 
195055,Friedrichshain-Kreuzberg,2050803,Stralauer Kiez,May,13,Saturday,minor,3,Stationary Traffic,Daylight,0,1,0,0,0,0,Dry,13.46142,52.50097,car + 
195056,Marzahn-Hellersdorf,10040933,Mahlsdorf Süd,May,11,Saturday,minor,5,Turning,Daylight,1,1,0,0,0,0,Dry,13.60376,52.48549,bicycle + car + 
195057,Charlottenburg-Wilmersdorf,4030930,George-Grosz-Platz,May,10,Saturday,minor,2,Stationary Traffic,Daylight,0,1,0,0,0,0,Dry,13.31705,52.50132,car + 
195058,Friedrichshain-Kreuzberg,2040702,Weberwiese,May,10,Saturday,minor,6,Overtaking,Daylight,1,0,1,0,0,0,Dry,13.44979,52.51024,bicycle + pedestrian + 
195059,Tempelhof-Schöneberg,7040401,Neu-Tempelhof,May,9,Saturday,minor,6,Overtaking,Daylight,0,1,1,0,0,0,Dry,13.37454,52.47923,car + pedestrian + 
195060,Tempelhof-Schöneberg,7040403,Manteuffelstraße,May,10,Saturday,minor,5,Turning,Daylight,0,1,0,0,0,0,Dry,13.37202,52.46985,car + 
195061,Steglitz-Zehlendorf,6020304,Kaiser-Wilhelm-Straße,May,11,Saturday,minor,5,Crossing,Daylight,0,1,0,0,0,0,Dry,13.33403,52.43023,car + 
195062,Charlottenburg-Wilmersdorf,4030931,Breitscheidplatz,May,11,Saturday,serious,5,Paralle Traffic,Daylight,0,1,0,1,0,0,Dry,13.3405,52.50432,car + motorbike + 
195063,Mitte,1022205,Zillesiedlung,May,21,Saturday,minor,3,Stationary Traffic,Night,0,1,0,1,0,0,Dry,13.3647,52.52637,car + motorbike + 
195064,Mitte,1044202,Sparrplatz,May,20,Saturday,minor,0,Other,Daylight,0,1,0,0,0,0,Dry,13.36173,52.54486,car + 
195065,Pankow,3061126,Arnimplatz,May,20,Saturday,minor,5,Turning,Daylight,1,1,0,0,0,0,Dry,13.4026,52.55426,bicycle + car + 
195066,Reinickendorf,12231102,Frohnau,May,19,Saturday,minor,1,Paralle Traffic,Daylight,1,1,0,0,0,0,Dry,13.29154,52.63312,bicycle + car + 
195067,Mitte,1011302,Oranienburger Straße,May,19,Saturday,minor,2,Stationary Traffic,Daylight,0,1,0,0,0,0,Dry,13.39266,52.5283,car + 
195068,Pankow,3071536,Teutoburger Platz,May,19,Saturday,minor,5,Other,Daylight,1,1,0,0,0,0,Dry,13.41052,52.53934,bicycle + car + 
195069,Lichtenberg,11030721,Rüdigerstraße,May,19,Saturday,minor,5,Crossing,Daylight,1,0,0,0,0,0,Dry,13.49509,52.51811,bicycle + 
195070,Neukölln,8010404,Rixdorf,May,18,Saturday,minor,5,Turning,Daylight,0,1,0,0,0,1,Dry,13.45519,52.47293,car + other
195071,Tempelhof-Schöneberg,7020204,Schöneberger Insel,May,17,Saturday,minor,5,Crossing,Daylight,1,1,0,0,0,0,Dry,13.36877,52.48467,bicycle + car + 
195072,Tempelhof-Schöneberg,7070702,Alt-Lichtenrade/Töpchiner Weg,May,17,Saturday,minor,2,Stationary Traffic,Daylight,0,1,0,1,0,0,Dry,13.40958,52.39907,car + motorbike + 
195073,Lichtenberg,11051331,Karlshorst Nord,May,17,Saturday,minor,5,Crossing,Daylight,0,1,0,0,0,0,Dry,13.53204,52.484,car + 
195074,Neukölln,8020622,Parchimer Allee,May,16,Saturday,minor,1,Paralle Traffic,Daylight,1,1,0,0,0,1,Dry,13.45011,52.44829,bicycle + car + other
195075,Steglitz-Zehlendorf,6010207,Mittelstraße,May,23,Saturday,minor,0,Driving,Night,1,0,0,0,0,0,Dry,13.31984,52.45297,bicycle + 
195076,Reinickendorf,12214424,Scharnweberstraße,May,15,Saturday,minor,2,Stationary Traffic,Daylight,0,1,0,0,0,1,Dry,13.32718,52.56349,car + other
195077,Neukölln,8010214,Glasower Straße,May,15,Saturday,minor,2,Stationary Traffic,Daylight,0,1,0,1,0,0,Dry,13.44346,52.46441,car + motorbike + 
195078,Treptow-Köpenick,9010301,Baumschulenstraße,May,14,Saturday,minor,5,Crossing,Daylight,0,1,0,0,0,0,Dry,13.48987,52.4678,car + 
195079,Charlottenburg-Wilmersdorf,4051446,Preußenpark,May,14,Saturday,minor,5,Turning,Daylight,0,1,0,0,0,0,Dry,13.30819,52.49616,car + 
195080,Reinickendorf,12301203,Wittenau Süd,May,14,Saturday,serious,5,Turning,Daylight,0,0,0,1,1,0,Dry,13.33296,52.59545,motorbike + truck + 
195081,Tempelhof-Schöneberg,7050501,Rathausstraße,May,13,Saturday,serious,1,Paralle Traffic,Daylight,0,1,0,0,0,0,Dry,13.37557,52.43719,car + 
195082,Steglitz-Zehlendorf,6040703,Nikolassee,May,17,Saturday,minor,0,Paralle Traffic,Daylight,0,1,0,1,0,0,Dry,13.18548,52.43128,car + motorbike + 
195083,Pankow,3020209,Niederschönhausen,May,22,Friday,minor,5,Crossing,Night,0,1,0,0,0,0,Dry,13.39809,52.58481,car + 
195084,Marzahn-Hellersdorf,10030727,Biesdorf Süd,May,20,Friday,minor,2,Stationary Traffic,Daylight,0,1,0,1,0,0,Dry,13.56039,52.48677,car + motorbike + 
195085,Pankow,3061430,Volkspark Prenzlauer Berg,May,18,Friday,minor,6,Overtaking,Daylight,1,0,1,0,0,0,Dry,13.45739,52.52896,bicycle + pedestrian + 
195086,Neukölln,8020619,Buschkrugallee Nord,May,19,Friday,minor,2,Turning,Dawn,0,1,0,1,0,0,Dry,13.45533,52.45338,car + motorbike + 
195087,Friedrichshain-Kreuzberg,2010104,Wassertorplatz,May,12,Friday,minor,5,Crossing,Daylight,1,0,0,0,0,0,Dry,13.40064,52.49829,bicycle + 
195088,Tempelhof-Schöneberg,7010102,Nollendorfplatz,May,11,Friday,minor,5,Turning,Daylight,0,1,0,1,0,0,Dry,13.34702,52.49898,car + motorbike + 
195089,Mitte,1044201,Reinickendorfer Straße,May,10,Friday,minor,5,Crossing,Daylight,0,1,0,0,0,0,Dry,13.3771,52.55624,car + 
195090,Neukölln,8010301,Reuterkiez,May,10,Friday,minor,5,Turning,Daylight,1,1,0,0,0,0,Dry,13.43435,52.48464,bicycle + car + 
195091,Reinickendorf,12103219,Schäfersee,May,9,Friday,minor,0,Crossing,Daylight,0,1,0,1,0,0,Dry,13.36276,52.5666,car + motorbike + 
195092,Charlottenburg-Wilmersdorf,4020310,Park Ruhwald,May,7,Friday,minor,5,Turning,Daylight,0,1,0,1,0,0,Dry,13.27254,52.51934,car + motorbike + 
195093,Mitte,1011301,Charitéviertel,May,8,Friday,minor,5,Turning,Daylight,1,1,0,0,0,0,Dry,13.37978,52.52172,bicycle + car + 
195094,Charlottenburg-Wilmersdorf,4030827,Karl-August-Platz,May,7,Friday,minor,0,Driving,Daylight,1,1,0,0,0,0,Dry,13.31395,52.50676,bicycle + car + 
195095,Tempelhof-Schöneberg,7040405,Rathaus Tempelhof,May,6,Friday,minor,5,Turning,Daylight,0,1,0,0,0,0,Dry,13.40489,52.46359,car + 
195096,Marzahn-Hellersdorf,10020414,Helle Mitte,May,9,Friday,minor,5,Crossing,Daylight,0,1,0,0,0,0,Dry,13.60447,52.53868,car + 
195097,Friedrichshain-Kreuzberg,2040502,Friedenstraße,May,8,Friday,minor,2,Stationary Traffic,Daylight,0,1,0,0,0,0,Dry,13.43295,52.52334,car + 
195098,Friedrichshain-Kreuzberg,2010104,Wassertorplatz,May,11,Friday,serious,2,Stationary Traffic,Daylight,0,0,0,0,1,0,Dry,13.39994,52.49842,truck + 
195099,Spandau,5020626,Adamstraße,May,13,Friday,minor,6,Turning,Daylight,0,1,1,0,0,0,Dry,13.19799,52.52105,car + pedestrian + 
195100,Charlottenburg-Wilmersdorf,4030931,Breitscheidplatz,May,14,Friday,minor,6,Overtaking,Daylight,0,1,1,0,0,0,Dry,13.34033,52.50416,car + pedestrian + 
195101,Charlottenburg-Wilmersdorf,4041241,Breite Straße,May,14,Friday,minor,5,Crossing,Daylight,1,1,0,0,0,0,Dry,13.28919,52.47065,bicycle + car + 
195102,Charlottenburg-Wilmersdorf,4030620,Alt-Lietzow,May,15,Friday,minor,5,Turning,Daylight,1,1,0,0,0,0,Dry,13.31342,52.51512,bicycle + car + 
195103,Spandau,5020626,Adamstraße,May,14,Friday,minor,1,Paralle Traffic,Daylight,0,0,0,1,0,1,Dry,13.19378,52.52525,motorbike + other
195104,Mitte,1022201,Stephankiez,May,15,Friday,minor,3,Stationary Traffic,Daylight,1,1,0,0,0,0,Dry,13.35135,52.5329,bicycle + car + 
195105,Steglitz-Zehlendorf,6020302,Komponistenviertel Lankwitz,May,15,Friday,minor,5,Crossing,Daylight,0,1,0,0,0,0,Dry,13.33272,52.44036,car + 
195106,Mitte,1011101,Stülerstraße,May,16,Friday,minor,5,Turning,Daylight,1,1,0,0,0,0,Dry,13.35152,52.50956,bicycle + car + 
195107,Mitte,1044203,Leopoldplatz,May,16,Friday,minor,5,Crossing,Daylight,1,0,0,0,0,1,Dry,13.36541,52.55711,bicycle + other
195108,Charlottenburg-Wilmersdorf,4051446,Preußenpark,May,16,Friday,minor,5,Turning,Daylight,1,1,0,0,0,0,Dry,13.31514,52.49086,bicycle + car + 
195109,Marzahn-Hellersdorf,10010310,Alt-Marzahn,May,17,Friday,minor,5,Crossing,Daylight,0,1,0,0,0,0,Dry,13.53954,52.53981,car + 
195110,Pankow,3020307,Buchholz,May,17,Friday,minor,2,Stationary Traffic,Daylight,0,1,0,0,0,1,Dry,13.43401,52.61058,car + other
195111,Tempelhof-Schöneberg,7060604,Marienfelde Süd,May,17,Friday,minor,5,Crossing,Daylight,0,1,0,0,0,0,Dry,13.35029,52.41436,car + 
195112,Reinickendorf,12103218,Teichstraße,May,17,Friday,minor,5,Other,Daylight,0,1,0,1,0,0,Dry,13.35905,52.5698,car + motorbike + 
195113,Tempelhof-Schöneberg,7050501,Rathausstraße,May,17,Friday,minor,0,Turning,Daylight,1,1,0,0,0,0,Dry,13.37226,52.44444,bicycle + car + 
195114,Treptow-Köpenick,9051801,Rahnsdorf/Hessenwinkel,May,16,Friday,serious,5,Crossing,Daylight,1,1,0,0,0,0,Dry,13.71671,52.43812,bicycle + car + 
195115,Friedrichshain-Kreuzberg,2030301,Oranienplatz,May,16,Friday,minor,1,Paralle Traffic,Daylight,1,1,0,0,0,0,Dry,13.42027,52.50267,bicycle + car + 
195116,Spandau,5010103,Amorbacher Weg,May,18,Friday,minor,2,Turning,Daylight,1,1,0,0,0,0,Dry,13.18893,52.55993,bicycle + car + 
195117,Friedrichshain-Kreuzberg,2050801,Traveplatz,May,15,Friday,minor,3,Stationary Traffic,Daylight,1,0,0,0,0,0,Dry,13.45422,52.51396,bicycle + 
195118,Pankow,3020209,Niederschönhausen,May,15,Thursday,minor,3,Stationary Traffic,Daylight,1,1,0,0,0,0,Dry,13.39036,52.58371,bicycle + car + 
195119,Friedrichshain-Kreuzberg,2020204,Urbanstraße,May,15,Thursday,minor,6,Overtaking,Daylight,1,0,1,0,0,0,Dry,13.40061,52.4943,bicycle + pedestrian + 
195120,Reinickendorf,12103218,Teichstraße,May,8,Thursday,minor,1,Paralle Traffic,Daylight,0,1,0,0,0,1,Dry,13.35642,52.58339,car + other
195121,Marzahn-Hellersdorf,10020412,Alte Hellersdorfer Straße,May,6,Thursday,minor,5,Turning,Daylight,1,1,0,0,0,0,Dry,13.59263,52.54737,bicycle + car + 
195122,Lichtenberg,11010310,Mühlengrund,May,18,Thursday,minor,2,Crossing,Daylight,1,1,0,0,0,0,Dry,13.5061,52.56373,bicycle + car + 
195123,Mitte,1033203,Humboldthain Nordwest,May,17,Thursday,minor,2,Stationary Traffic,Daylight,0,0,0,1,0,1,Dry,13.376,52.5488,motorbike + other
195124,Pankow,3050923,Weißenseer Spitze,May,15,Thursday,minor,3,Turning,Daylight,1,1,0,0,0,0,Dry,13.43886,52.55547,bicycle + car + 
195125,Friedrichshain-Kreuzberg,2010102,Mehringplatz,May,23,Thursday,minor,2,Stationary Traffic,Night,0,1,0,0,0,0,Dry,13.3981,52.49826,car + 
195126,Pankow,3020210,Herthaplatz,May,8,Thursday,minor,2,Stationary Traffic,Daylight,0,1,0,0,0,0,Dry,13.43107,52.59099,car + 
195127,Charlottenburg-Wilmersdorf,4041344,Rüdesheimer Platz,May,11,Thursday,minor,5,Crossing,Daylight,0,1,0,0,0,0,Dry,13.32004,52.47434,car + 
195128,Treptow-Köpenick,9030901,Dorf Altglienicke,May,8,Thursday,minor,6,Turning,Daylight,0,1,1,0,0,0,Dry,13.53009,52.41459,car + pedestrian + 
195129,Treptow-Köpenick,9041501,Altstadt Kietz,May,11,Thursday,minor,5,Turning,Daylight,0,1,0,0,0,0,Dry,13.58186,52.44168,car + 
195130,Marzahn-Hellersdorf,11030720,Herzbergstraße,May,9,Thursday,minor,3,Stationary Traffic,Daylight,0,1,0,1,0,0,Dry,13.51682,52.53531,car + motorbike + 
195131,Friedrichshain-Kreuzberg,2020202,Rathaus Yorckstraße,May,11,Thursday,minor,2,Stationary Traffic,Daylight,0,1,0,1,0,0,Dry,13.38023,52.49874,car + motorbike + 
195132,Lichtenberg,11030721,Rüdigerstraße,May,9,Thursday,minor,5,Crossing,Daylight,1,1,0,0,0,0,Dry,13.47962,52.51907,bicycle + car + 
195133,Friedrichshain-Kreuzberg,2040502,Friedenstraße,May,13,Thursday,minor,3,Stationary Traffic,Daylight,1,0,0,0,0,0,Dry,13.44187,52.52474,bicycle + 
195134,Treptow-Köpenick,9010202,Köpenicker Landstraße,May,9,Thursday,serious,5,Turning,Daylight,1,0,0,0,1,0,Dry,13.47886,52.47765,bicycle + truck + 
195135,Charlottenburg-Wilmersdorf,4010102,Plötzensee,May,13,Thursday,serious,2,Other,Daylight,0,1,0,1,0,0,Dry,13.30148,52.54802,car + motorbike + 
195136,Charlottenburg-Wilmersdorf,4030931,Breitscheidplatz,May,13,Thursday,minor,0,Driving,Daylight,1,0,0,0,0,0,Dry,13.32652,52.50285,bicycle + 
195137,Treptow-Köpenick,9020702,Adlershof Ost,May,9,Thursday,serious,6,Overtaking,Daylight,0,1,1,0,0,0,Dry,13.54917,52.43831,car + pedestrian + 
195138,Mitte,1011302,Oranienburger Straße,May,9,Thursday,minor,2,Stationary Traffic,Daylight,0,1,0,0,0,1,Dry,13.40358,52.52631,car + other
195139,Friedrichshain-Kreuzberg,2030302,Lausitzer Platz,May,22,Thursday,minor,5,Crossing,Night,1,1,0,0,0,0,Dry,13.43043,52.49918,bicycle + car + 
195140,Friedrichshain-Kreuzberg,2010104,Wassertorplatz,May,21,Thursday,minor,5,Crossing,Night,0,1,0,0,0,0,Dry,13.39947,52.49829,car + 
195141,Pankow,3071536,Teutoburger Platz,May,21,Thursday,minor,0,Other,Night,0,1,0,0,0,0,Dry,13.41057,52.53825,car + 
195142,Mitte,1033102,Gesundbrunnen,May,20,Thursday,minor,5,Turning,Daylight,0,1,0,0,0,1,Dry,13.3814,52.55235,car + other
195143,Charlottenburg-Wilmersdorf,4030725,Amtsgerichtsplatz,May,18,Thursday,minor,3,Stationary Traffic,Daylight,1,1,0,0,0,0,Dry,13.30163,52.51035,bicycle + car + 
195144,Lichtenberg,11020514,Große-Leege-Straße,May,17,Thursday,minor,5,Turning,Daylight,1,1,0,0,0,1,Dry,13.49395,52.54487,bicycle + car + other
195145,Mitte,1011203,Unter den Linden Süd,May,17,Thursday,minor,3,Stationary Traffic,Daylight,1,0,0,0,0,0,Dry,13.38901,52.51592,bicycle + 
195146,Tempelhof-Schöneberg,7010102,Nollendorfplatz,May,16,Thursday,minor,6,Crossing,Daylight,1,0,1,0,0,0,Dry,13.3537,52.49992,bicycle + pedestrian + 
195147,Mitte,1011105,Nördlicher Landwehrkanal,May,16,Thursday,minor,5,Crossing,Daylight,1,1,0,0,0,0,Dry,13.35904,52.50976,bicycle + car + 
195148,Reinickendorf,12231102,Frohnau,May,15,Thursday,minor,2,Stationary Traffic,Daylight,1,1,0,0,0,0,Dry,13.29477,52.63716,bicycle + car + 
195149,Spandau,5030832,Rohrdamm,May,15,Thursday,minor,2,Stationary Traffic,Daylight,0,1,0,0,0,0,Dry,13.24817,52.54938,car + 
195150,Charlottenburg-Wilmersdorf,4030620,Alt-Lietzow,May,15,Thursday,minor,5,Other,Daylight,1,1,0,0,0,0,Dry,13.30132,52.51916,bicycle + car + 
195151,Marzahn-Hellersdorf,10020413,Gut Hellersdorf,May,14,Thursday,minor,5,Other,Daylight,0,1,0,0,0,0,Dry,13.58569,52.54238,car + 
195152,Treptow-Köpenick,9010301,Baumschulenstraße,May,13,Thursday,minor,2,Turning,Daylight,0,1,0,0,0,0,Dry,13.48039,52.4703,car + 
195153,Charlottenburg-Wilmersdorf,4051654,Wilhelmsaue,May,13,Thursday,minor,2,Stationary Traffic,Daylight,0,1,0,1,0,0,Dry,13.32359,52.48655,car + motorbike + 
195154,Neukölln,8010405,Hertzbergplatz,May,17,Thursday,minor,0,Driving,Daylight,0,0,0,1,0,0,Dry,13.448,52.47884,motorbike + 
195155,Lichtenberg,11030721,Rüdigerstraße,May,8,Thursday,serious,5,Turning,Daylight,1,0,0,0,1,0,Dry,13.47978,52.52307,bicycle + truck + 
195156,Neukölln,8020728,Buckow Ost,May,8,Thursday,minor,0,Crossing,Daylight,0,1,0,1,0,0,Dry,13.44095,52.42456,car + motorbike + 
195157,Steglitz-Zehlendorf,6010210,Bismarckstraße,May,8,Thursday,serious,0,Driving,Daylight,0,0,0,1,0,0,Dry,13.34496,52.45895,motorbike + 
195158,Pankow,3061131,Falkplatz,May,8,Thursday,minor,5,Turning,Daylight,1,0,0,0,0,1,Dry,13.41334,52.5487,bicycle + other
195159,Spandau,5030731,Gartenfelder Straße,May,7,Thursday,minor,5,Turning,Daylight,1,1,0,0,0,0,Dry,13.24779,52.54721,bicycle + car + 
195160,Spandau,5020521,Döberitzer Weg,May,6,Thursday,minor,2,Other,Daylight,0,1,0,0,0,1,Dry,13.12339,52.52843,car + other
195161,Mitte,1022104,Emdener Straße,May,15,Thursday,minor,0,Driving,Daylight,1,0,0,0,0,0,Dry,13.33114,52.53089,bicycle + 
195162,Tempelhof-Schöneberg,7010101,Wittenbergplatz/Viktoria-Luise-Platz,May,19,Thursday,minor,0,Driving,Daylight,0,0,0,0,0,1,Dry,13.34087,52.49973,other
195163,Mitte,1011105,Nördlicher Landwehrkanal,May,7,Wednesday,minor,5,Turning,Daylight,1,0,0,0,0,1,Dry,13.37183,52.50924,bicycle + other
195164,Steglitz-Zehlendorf,6020409,Königsberger Straße,May,11,Wednesday,minor,5,Crossing,Daylight,0,1,0,0,0,0,Wet,13.31987,52.42658,car + 
195165,Friedrichshain-Kreuzberg,2040701,Andreasviertel,May,16,Wednesday,minor,5,Turning,Daylight,1,0,0,0,0,1,Dry,13.43007,52.51013,bicycle + other
195166,Mitte,1022101,Huttenkiez,May,21,Wednesday,minor,3,Stationary Traffic,Night,0,1,0,0,0,0,Dry,13.32837,52.53405,car + 
195167,Tempelhof-Schöneberg,7030303,Grazer Platz,May,18,Wednesday,minor,5,Crossing,Daylight,1,1,0,0,0,0,Wet,13.34786,52.46494,bicycle + car + 
195168,Steglitz-Zehlendorf,6030605,Botanischer Garten,May,16,Wednesday,minor,5,Turning,Daylight,1,0,0,0,0,1,Dry,13.29385,52.44557,bicycle + other
195169,Tempelhof-Schöneberg,7010101,Wittenbergplatz/Viktoria-Luise-Platz,May,16,Wednesday,minor,2,Stationary Traffic,Daylight,0,1,0,0,0,0,Wet,13.34077,52.50266,car + 
195170,Friedrichshain-Kreuzberg,2020203,Viktoriapark,May,16,Wednesday,minor,6,Overtaking,Daylight,1,0,1,0,0,0,Wet,13.38683,52.49296,bicycle + pedestrian + 
195171,Mitte,1011303,Alexanderplatzviertel,May,16,Wednesday,minor,6,Overtaking,Daylight,1,0,1,0,0,0,Wet,13.41518,52.52095,bicycle + pedestrian + 
195172,Mitte,1011302,Oranienburger Straße,May,15,Wednesday,serious,0,Driving,Daylight,0,0,0,1,0,0,Wet,13.40026,52.5225,motorbike + 
195173,Charlottenburg-Wilmersdorf,4020310,Park Ruhwald,May,3,Wednesday,minor,5,Turning,Night,0,0,0,0,1,1,Wet,13.28009,52.51834,truck + other
195174,Spandau,5020419,Magistratsweg,May,0,Wednesday,minor,5,Crossing,Night,0,1,0,0,0,0,Wet,13.15789,52.5332,car + 