id,district,lor,street,month,hour,weekday,injury,collision,movement,light_conditions,bicycle,car,pedestrian,motorbike,truck,other_vehicle,road_conditions,longitude,latitude,Combo_type
195175,Steglitz-Zehlendorf,6020409,Königsberger Straße,May,7,Wednesday,minor,2,Stationary Traffic,Daylight,0,1,0,0,0,0,Dry,13.31934,52.4303,car + 
195176,Steglitz-Zehlendorf,6030609,Augustaplatz,May,7,Wednesday,minor,5,Crossing,Daylight,0,1,0,1,0,0,Wet,13.31613,52.4411,car + motorbike + 
195177,Pankow,3040614,Pankow Zentrum,May,7,Wednesday,minor,5,Turning,Dawn,1,1,0,0,0,0,Wet,13.42273,52.57997,bicycle + car + 
195178,Steglitz-Zehlendorf,6030504,Teltower Damm,May,7,Wednesday,minor,5,Turning,Daylight,1,1,0,0,0,0,Wet,13.27352,52.40991,bicycle + car + 
195179,Treptow-Köpenick,9020702,Adlershof Ost,May,7,Wednesday,minor,5,Turning,Daylight,0,1,0,0,0,0,Wet,13.5513,52.43996,car + 
195180,Neukölln,8030830,Gropiusstadt Süd,May,8,Wednesday,minor,5,Crossing,Daylight,0,1,0,1,0,0,Wet,13.44675,52.4271,car + motorbike + 
195181,Lichtenberg,11030721,Rüdigerstraße,May,8,Wednesday,minor,0,Driving,Daylight,1,1,0,0,0,0,Wet,13.49843,52.51501,bicycle + car + 
195182,Charlottenburg-Wilmersdorf,4010102,Plötzensee,May,8,Wednesday,minor,2,Crossing,Daylight,0,1,0,1,0,0,Wet,13.32627,52.53798,car + motorbike + 
195183,Mitte,1011105,Nördlicher Landwehrkanal,May,8,Wednesday,minor,1,Paralle Traffic,Daylight,1,1,0,0,0,0,Wet,13.35971,52.50986,bicycle + car + 
195184,Mitte,1044202,Sparrplatz,May,9,Wednesday,minor,5,Turning,Daylight,0,1,0,0,0,0,Wet,13.35915,52.54647,car + 
195185,Neukölln,8010118,Silbersteinstraße,May,11,Wednesday,minor,2,Stationary Traffic,Daylight,0,1,0,0,0,0,Wet,13.4312,52.4677,car + 
195186,Charlottenburg-Wilmersdorf,4051549,Rathaus Wilmersdorf,May,12,Wednesday,minor,5,Crossing,Daylight,1,1,0,0,0,0,Wet,13.31569,52.48643,bicycle + car + 
195187,Friedrichshain-Kreuzberg,2030302,Lausitzer Platz,May,13,Wednesday,minor,5,Crossing,Daylight,0,1,0,0,0,0,Wet,13.42993,52.50352,car + 
195188,Treptow-Köpenick,9020501,Oberschöneweide West,May,13,Wednesday,minor,3,Stationary Traffic,Daylight,0,0,0,1,0,1,Dry,13.5077,52.47491,motorbike + other
195189,Neukölln,8010117,Schillerpromenade,May,13,Wednesday,minor,0,Turning,Daylight,1,0,0,0,1,0,Dry,13.4259,52.47821,bicycle + truck + 
195190,Lichtenberg,11051330,Karlshorst West,May,14,Wednesday,minor,5,Crossing,Daylight,0,1,0,0,0,1,Wet,13.51599,52.48807,car + other
195191,Pankow,3020307,Buchholz,May,14,Wednesday,minor,5,Crossing,Daylight,1,1,0,0,0,0,Wet,13.43661,52.60704,bicycle + car + 
195192,Tempelhof-Schöneberg,7040406,Germaniagarten,May,15,Wednesday,minor,2,Stationary Traffic,Daylight,1,1,0,0,0,0,Wet,13.41556,52.46462,bicycle + car + 
195193,Charlottenburg-Wilmersdorf,4020206,Angerburger Allee,May,15,Wednesday,minor,5,Crossing,Daylight,0,0,0,0,0,1,Wet,13.22325,52.51014,other
195194,Pankow,3030711,Blankenburg,May,15,Wednesday,minor,5,Turning,Daylight,1,1,0,0,0,0,Dry,13.45834,52.59335,bicycle + car + 
195195,Friedrichshain-Kreuzberg,2040502,Friedenstraße,May,15,Wednesday,minor,2,Other,Daylight,1,1,0,0,0,0,Wet,13.43745,52.51954,bicycle + car + 
195196,Spandau,5030832,Rohrdamm,May,17,Wednesday,minor,2,Stationary Traffic,Daylight,0,0,0,0,0,1,Dry,13.26846,52.53666,other
195197,Treptow-Köpenick,9051702,Bölschestraße,May,15,Tuesday,minor,0,Other,Daylight,0,0,0,1,1,0,Dry,13.62475,52.45689,motorbike + truck + 
195198,Friedrichshain-Kreuzberg,2050601,Hausburgviertel,May,5,Tuesday,minor,5,Turning,Daylight,1,0,0,0,0,1,Dry,13.45075,52.52713,bicycle + other
195199,Tempelhof-Schöneberg,7040404,Marienhöhe,May,8,Tuesday,minor,5,Other,Daylight,0,1,0,1,0,0,Dry,13.36427,52.44663,car + motorbike + 
195200,Charlottenburg-Wilmersdorf,4020314,Messegelände,May,17,Tuesday,minor,5,Crossing,Daylight,0,1,0,0,0,0,Dry,13.27206,52.49877,car + 
195201,Pankow,3040513,Schönholz,May,17,Tuesday,minor,2,Turning,Daylight,1,1,0,0,0,0,Dry,13.39873,52.57055,bicycle + car + 
195202,Treptow-Köpenick,9041501,Altstadt Kietz,May,13,Tuesday,minor,6,Overtaking,Daylight,0,1,1,0,0,0,Dry,13.57356,52.44439,car + pedestrian + 
195203,Pankow,3050923,Weißenseer Spitze,May,14,Tuesday,minor,5,Crossing,Daylight,1,1,0,0,0,0,Dry,13.4419,52.55026,bicycle + car + 
195204,Reinickendorf,12214125,Waldidyll/Flughafensee,May,16,Tuesday,minor,2,Stationary Traffic,Daylight,0,1,0,1,0,0,Dry,13.30899,52.55712,car + motorbike + 
195205,Charlottenburg-Wilmersdorf,4020310,Park Ruhwald,May,15,Tuesday,minor,2,Stationary Traffic,Daylight,0,1,0,0,0,0,Dry,13.27547,52.51882,car + 
195206,Mitte,1022104,Emdener Straße,May,14,Tuesday,minor,5,Crossing,Daylight,1,1,0,0,0,0,Dry,13.33851,52.5301,bicycle + car + 
195207,Mitte,1022206,Lüneburger Straße,May,14,Tuesday,minor,6,Overtaking,Daylight,0,0,1,0,1,0,Dry,13.36341,52.52462,pedestrian + truck + 
195208,Pankow,3061126,Arnimplatz,May,16,Wednesday,serious,5,Turning,Daylight,1,0,0,0,0,1,Dry,13.41471,52.55617,bicycle + other
195209,Treptow-Köpenick,9020501,Oberschöneweide West,May,16,Tuesday,minor,5,Turning,Daylight,1,1,0,0,0,0,Dry,13.50751,52.47495,bicycle + car + 
195210,Steglitz-Zehlendorf,6040807,Zehlendorf Eiche,May,17,Wednesday,minor,2,Turning,Daylight,0,1,0,0,0,0,Dry,13.2627,52.43925,car + 
195211,Mitte,1011303,Alexanderplatzviertel,May,17,Tuesday,minor,6,Overtaking,Daylight,0,1,1,0,0,0,Dry,13.41538,52.52271,car + pedestrian + 
195212,Charlottenburg-Wilmersdorf,4030518,Tegeler Weg,May,16,Wednesday,minor,0,Other,Daylight,0,1,0,1,0,0,Dry,13.30365,52.52529,car + motorbike + 
195213,Charlottenburg-Wilmersdorf,4051652,Nikolsburger Platz,May,18,Tuesday,minor,0,Other,Daylight,0,1,0,1,0,0,Wet,13.32642,52.48743,car + motorbike + 
195214,Treptow-Köpenick,9020701,Adlershof West,May,16,Wednesday,serious,4,Stationary Traffic,Daylight,1,0,0,0,0,0,Dry,13.54895,52.43027,bicycle + 
195215,Friedrichshain-Kreuzberg,2020202,Rathaus Yorckstraße,May,19,Tuesday,minor,5,Crossing,Daylight,1,0,0,0,0,0,Dry,13.37977,52.49626,bicycle + 
195216,Lichtenberg,11030618,Fennpfuhl West,May,13,Wednesday,serious,1,Paralle Traffic,Daylight,1,1,0,0,0,0,Dry,13.46795,52.52832,bicycle + car + 
195217,Treptow-Köpenick,9020701,Adlershof West,May,19,Tuesday,minor,5,Turning,Daylight,1,1,0,0,0,0,Dry,13.5509,52.42904,bicycle + car + 
195218,Friedrichshain-Kreuzberg,2050801,Traveplatz,May,17,Wednesday,minor,0,Driving,Daylight,1,0,0,0,0,0,Dry,13.455,52.51373,bicycle + 
195219,Lichtenberg,11030720,Herzbergstraße,May,0,Tuesday,minor,2,Stationary Traffic,Night,0,0,0,1,0,1,Dry,13.49975,52.52599,motorbike + other
195220,Neukölln,8010302,Bouchéstraße,May,19,Tuesday,minor,2,Driving,Daylight,1,1,0,1,0,0,Dry,13.4454,52.48569,bicycle + car + motorbike + 
195221,Neukölln,8041038,Waßmannsdorfer Chaussee,May,14,Wednesday,minor,5,Turning,Daylight,0,1,0,1,0,0,Dry,13.50346,52.41167,car + motorbike + 
195222,Mitte,1011301,Charitéviertel,May,13,Tuesday,minor,2,Stationary Traffic,Daylight,0,1,0,0,0,1,Dry,13.38022,52.52874,car + other
195223,Mitte,1022106,Elberfelder Straße,May,14,Wednesday,minor,6,Turning,Daylight,0,1,1,0,0,0,Dry,13.33927,52.52582,car + pedestrian + 
195224,Mitte,1033203,Humboldthain Nordwest,May,19,Tuesday,minor,0,Stationary Traffic,Dawn,0,1,0,0,0,1,Dry,13.37011,52.54472,car + other
195225,Pankow,3050923,Weißenseer Spitze,May,11,Tuesday,minor,6,Overtaking,Daylight,0,1,1,0,0,0,Dry,13.43353,52.55706,car + pedestrian + 
195226,Lichtenberg,11030721,Rüdigerstraße,May,14,Wednesday,minor,2,Stationary Traffic,Daylight,0,0,0,0,1,1,Dry,13.47755,52.51418,truck + other
195227,Tempelhof-Schöneberg,7070703,John-Locke-Straße,May,11,Tuesday,minor,1,Paralle Traffic,Daylight,0,1,0,0,0,1,Dry,13.40348,52.39393,car + other
195228,Pankow,3020307,Buchholz,May,16,Wednesday,minor,5,Turning,Daylight,1,1,0,0,0,0,Dry,13.43156,52.60322,bicycle + car + 
195229,Tempelhof-Schöneberg,7010102,Nollendorfplatz,May,10,Tuesday,serious,1,Paralle Traffic,Daylight,1,0,0,0,0,1,Dry,13.3492,52.49942,bicycle + other
195230,Lichtenberg,11030721,Rüdigerstraße,May,15,Wednesday,minor,1,Paralle Traffic,Daylight,0,1,0,0,0,1,Dry,13.49768,52.51579,car + other
195231,Charlottenburg-Wilmersdorf,4030931,Breitscheidplatz,May,11,Tuesday,minor,1,Other,Daylight,0,1,0,0,0,0,Dry,13.32735,52.50235,car + 
195232,Steglitz-Zehlendorf,6010102,Schloßstraße,May,15,Wednesday,minor,1,Paralle Traffic,Daylight,1,1,0,0,0,0,Dry,13.31861,52.46262,bicycle + car + 
195233,Tempelhof-Schöneberg,7040403,Manteuffelstraße,May,10,Tuesday,minor,5,Crossing,Daylight,1,1,0,0,0,0,Dry,13.37825,52.46626,bicycle + car + 
195234,Charlottenburg-Wilmersdorf,4051654,Wilhelmsaue,May,10,Tuesday,minor,0,Overtaking,Daylight,1,0,1,0,0,0,Dry,13.32207,52.48654,bicycle + pedestrian + 
195235,Charlottenburg-Wilmersdorf,4041343,Binger Straße,May,15,Wednesday,minor,5,Crossing,Daylight,0,1,0,0,0,0,Dry,13.31074,52.47228,car + 
195236,Neukölln,8010117,Schillerpromenade,May,15,Wednesday,minor,5,Crossing,Daylight,1,1,0,0,0,0,Dry,13.4257,52.47882,bicycle + car + 
195237,Mitte,1022204,Thomasiusstraße,May,10,Tuesday,minor,1,Paralle Traffic,Daylight,1,1,0,0,0,0,Dry,13.34992,52.52105,bicycle + car + 
195238,Neukölln,8041036,Zittauer Straße,May,17,Wednesday,minor,5,Crossing,Daylight,0,1,0,0,0,0,Dry,13.48823,52.41937,car + 
195239,Mitte,1044202,Sparrplatz,May,9,Tuesday,minor,5,Turning,Daylight,0,1,0,0,0,1,Dry,13.35629,52.5432,car + other
195240,Tempelhof-Schöneberg,7040406,Germaniagarten,May,15,Wednesday,minor,6,Overtaking,Daylight,0,1,1,0,0,0,Dry,13.41751,52.46246,car + pedestrian + 
195241,Mitte,1044203,Leopoldplatz,May,9,Tuesday,minor,3,Stationary Traffic,Daylight,0,1,0,0,0,0,Dry,13.36283,52.55627,car + 
195242,Mitte,1022206,Lüneburger Straße,May,9,Tuesday,minor,5,Turning,Daylight,0,1,0,0,0,1,Dry,13.36788,52.52612,car + other
195243,Reinickendorf,12214125,Waldidyll/Flughafensee,May,15,Wednesday,minor,0,Crossing,Daylight,0,1,0,0,0,0,Dry,13.30662,52.57745,car + 
195244,Pankow,3040614,Pankow Zentrum,May,15,Wednesday,minor,0,Turning,Daylight,1,1,0,0,0,0,Dry,13.4051,52.56727,bicycle + car + 
195245,Mitte,1011303,Alexanderplatzviertel,May,9,Tuesday,minor,5,Turning,Daylight,1,1,0,0,0,0,Dry,13.40977,52.52402,bicycle + car + 
195246,Pankow,3061126,Arnimplatz,May,8,Tuesday,minor,2,Stationary Traffic,Daylight,0,1,0,0,0,1,Dry,13.40298,52.55454,car + other
195247,Steglitz-Zehlendorf,6010102,Schloßstraße,May,16,Wednesday,minor,2,Crossing,Daylight,0,1,0,0,0,0,Dry,13.31911,52.45448,car + 
195248,Charlottenburg-Wilmersdorf,4031032,Halensee,May,8,Tuesday,minor,5,Turning,Daylight,1,1,0,0,0,0,Dry,13.29036,52.49711,bicycle + car + 
195249,Lichtenberg,11020412,Hauptstraße,May,16,Wednesday,minor,5,Turning,Daylight,1,1,0,0,0,0,Dry,13.51383,52.55124,bicycle + car + 
195250,Friedrichshain-Kreuzberg,2020206,Graefekiez,May,8,Tuesday,minor,5,Turning,Daylight,1,0,0,0,0,1,Dry,13.40585,52.48951,bicycle + other
195251,Charlottenburg-Wilmersdorf,4051551,Brabanter Platz,May,8,Tuesday,minor,5,Turning,Daylight,0,1,0,0,0,0,Dry,13.31389,52.48099,car + 
195252,Steglitz-Zehlendorf,6040703,Nikolassee,May,15,Wednesday,minor,5,Crossing,Daylight,0,1,0,1,0,0,Dry,13.20935,52.43411,car + motorbike + 
195253,Treptow-Köpenick,9010401,Johannisthal West,May,7,Tuesday,minor,5,Turning,Daylight,0,1,0,0,0,0,Dry,13.50645,52.44662,car + 
195254,Spandau,5020627,Tiefwerder,May,15,Wednesday,serious,5,Turning,Daylight,0,1,0,0,0,1,Dry,13.21583,52.52676,car + other
195255,Charlottenburg-Wilmersdorf,4020313,Königin-Elisabeth-Straße,May,8,Tuesday,minor,0,Crossing,Daylight,0,1,0,1,0,0,Dry,13.28196,52.51101,car + motorbike + 
195256,Charlottenburg-Wilmersdorf,4030417,Schloßstraße,May,7,Wednesday,minor,2,Stationary Traffic,Daylight,1,0,0,0,0,0,Dry,13.29158,52.51079,bicycle + 
195257,Treptow-Köpenick,9020702,Adlershof Ost,May,7,Tuesday,serious,2,Stationary Traffic,Daylight,0,1,0,1,0,0,Dry,13.55465,52.44026,car + motorbike + 
195258,Mitte,1033201,Brunnenstraße,May,23,Wednesday,minor,0,Driving,Night,0,1,0,1,0,0,Dry,13.39525,52.54149,car + motorbike + 
195259,Spandau,5020521,Döberitzer Weg,May,7,Tuesday,minor,2,Stationary Traffic,Daylight,0,1,0,0,0,0,Dry,13.1233,52.52845,car + 
195260,Treptow-Köpenick,9020502,Oberschöneweide Ost,May,6,Tuesday,minor,5,Crossing,Daylight,0,1,0,0,0,0,Wet,13.52144,52.46636,car + 
195261,Steglitz-Zehlendorf,6030607,Goerzwerke,May,7,Wednesday,minor,2,Stationary Traffic,Daylight,0,1,0,0,0,0,Dry,13.30998,52.4312,car + 
195262,Mitte,1011304,Karl-Marx-Allee,May,7,Wednesday,minor,2,Crossing,Daylight,1,1,0,0,0,0,Dry,13.41639,52.52009,bicycle + car + 
195263,Marzahn-Hellersdorf,10020413,Gut Hellersdorf,May,22,Tuesday,minor,5,Turning,Night,0,1,0,0,0,1,Wet,13.59176,52.537,car + other
195264,Steglitz-Zehlendorf,6040805,Fischerhüttenstraße,May,8,Tuesday,minor,0,Other,Daylight,1,0,0,0,0,0,Dry,13.25641,52.43847,bicycle + 
195265,Tempelhof-Schöneberg,7070703,John-Locke-Straße,May,7,Wednesday,minor,5,Crossing,Daylight,1,1,0,0,0,0,Dry,13.39797,52.39338,bicycle + car + 
195266,Charlottenburg-Wilmersdorf,4030725,Amtsgerichtsplatz,May,17,Monday,minor,2,Stationary Traffic,Daylight,0,1,0,0,0,0,Wet,13.29778,52.50685,car + 
195267,Pankow,3061430,Volkspark Prenzlauer Berg,May,8,Wednesday,minor,5,Turning,Daylight,1,1,0,0,0,0,Dry,13.45779,52.52904,bicycle + car + 
195268,Steglitz-Zehlendorf,6010205,Südende,May,19,Monday,minor,5,Crossing,Daylight,1,1,0,0,0,0,Wet,13.34297,52.45052,bicycle + car + 
195269,Mitte,1033101,Soldiner Straße,May,8,Wednesday,minor,6,Turning,Daylight,0,1,1,0,0,0,Dry,13.39323,52.56446,car + pedestrian + 
195270,Neukölln,8010404,Rixdorf,May,18,Monday,minor,6,Overtaking,Daylight,0,1,1,0,0,0,Wet,13.43646,52.48003,car + pedestrian + 
195271,Mitte,1011301,Charitéviertel,May,9,Wednesday,minor,2,Stationary Traffic,Daylight,1,1,0,0,0,0,Dry,13.38155,52.52383,bicycle + car + 
195272,Lichtenberg,11030619,Fennpfuhl Ost,May,18,Monday,minor,0,Driving,Daylight,0,1,0,1,0,0,Wet,13.48159,52.52677,car + motorbike + 
195273,Mitte,1011102,Großer Tiergarten,May,9,Wednesday,serious,5,Turning,Daylight,1,1,0,0,0,0,Dry,13.37198,52.5194,bicycle + car + 
195274,Marzahn-Hellersdorf,10020416,Böhlener Straße,May,18,Monday,minor,5,Other,Daylight,0,1,0,0,0,0,Wet,13.63461,52.53848,car + 
195275,Friedrichshain-Kreuzberg,2020206,Graefekiez,May,7,Wednesday,minor,5,Crossing,Daylight,0,1,0,0,0,0,Dry,13.4219,52.49298,car + 
195276,Charlottenburg-Wilmersdorf,4041137,Flinsberger Platz,May,18,Monday,minor,5,Turning,Daylight,0,1,0,0,0,0,Wet,13.28529,52.47957,car + 
195277,Mitte,1033201,Brunnenstraße,May,17,Monday,minor,5,Turning,Daylight,1,1,0,0,0,0,Wet,13.39609,52.53829,bicycle + car + 
195278,Charlottenburg-Wilmersdorf,4010101,Jungfernheide,May,18,Tuesday,minor,2,Stationary Traffic,Daylight,0,1,0,0,0,0,Dry,13.29518,52.53926,car + 
195279,Charlottenburg-Wilmersdorf,4041134,Bismarckallee,May,17,Monday,minor,5,Crossing,Daylight,1,1,0,0,0,0,Wet,13.28542,52.48669,bicycle + car + 
195280,Charlottenburg-Wilmersdorf,4041136,Hagenplatz,May,17,Tuesday,minor,7,Other,Daylight,1,0,0,0,0,0,Dry,13.26401,52.48529,bicycle + 
195281,Mitte,1011402,Arkonaplatz,May,18,Monday,minor,1,Paralle Traffic,Daylight,1,1,0,0,0,0,Wet,13.4028,52.53159,bicycle + car + 
195282,Steglitz-Zehlendorf,6020409,Königsberger Straße,May,11,Tuesday,minor,5,Crossing,Daylight,0,1,0,0,0,0,Dry,13.31962,52.42652,car + 
195283,Steglitz-Zehlendorf,6020409,Königsberger Straße,May,17,Monday,minor,5,Crossing,Daylight,0,1,0,0,0,0,Wet,13.31936,52.42653,car + 
195284,Reinickendorf,12214527,Alt-Tegel,May,8,Tuesday,minor,1,Paralle Traffic,Daylight,1,1,0,0,0,0,Dry,13.28706,52.58593,bicycle + car + 
195285,Treptow-Köpenick,9041501,Altstadt Kietz,May,19,Monday,minor,0,Driving,Daylight,1,0,0,0,0,0,Wet,13.58001,52.44252,bicycle + 
195286,Friedrichshain-Kreuzberg,2010102,Mehringplatz,May,17,Monday,minor,6,Other,Daylight,0,1,1,0,0,0,Wet,13.40222,52.50382,car + pedestrian + 
195287,Reinickendorf,12302107,Schorfheidestraße,May,8,Tuesday,minor,1,Paralle Traffic,Daylight,0,1,0,0,0,0,Dry,13.34304,52.59309,car + 
195288,Treptow-Köpenick,9041501,Altstadt Kietz,May,7,Tuesday,minor,6,Overtaking,Daylight,1,0,1,0,0,0,Dry,13.58423,52.44199,bicycle + pedestrian + 
195289,Pankow,3050923,Weißenseer Spitze,May,16,Monday,serious,5,Crossing,Daylight,1,1,0,0,0,0,Wet,13.44128,52.5495,bicycle + car + 
195290,Mitte,1011402,Arkonaplatz,May,16,Monday,minor,0,Driving,Daylight,1,0,0,0,0,0,Wet,13.40591,52.53485,bicycle + 
195291,Tempelhof-Schöneberg,7020203,Kaiser-Wilhelm-Platz,May,7,Tuesday,minor,6,Overtaking,Daylight,0,1,1,0,0,0,Dry,13.35973,52.48598,car + pedestrian + 
195292,Charlottenburg-Wilmersdorf,4030726,Droysenstraße,May,11,Monday,minor,3,Stationary Traffic,Daylight,0,1,0,0,0,0,Dry,13.3037,52.49946,car + 
195293,Neukölln,8030830,Gropiusstadt Süd,May,8,Tuesday,minor,2,Stationary Traffic,Daylight,0,1,0,0,0,0,Dry,13.44717,52.42716,car + 
195294,Mitte,1011204,Leipziger Straße,May,14,Monday,minor,2,Turning,Daylight,0,1,0,0,0,0,Dry,13.40051,52.50996,car + 
195295,Tempelhof-Schöneberg,7030301,Friedenau,May,14,Monday,minor,5,Turning,Daylight,1,1,0,0,0,0,Dry,13.32445,52.46583,bicycle + car + 
195296,Mitte,1011105,Nördlicher Landwehrkanal,May,9,Tuesday,minor,3,Stationary Traffic,Daylight,1,1,0,0,0,0,Dry,13.35614,52.50622,bicycle + car + 
195297,Reinickendorf,12304313,Borsigwalde,May,12,Monday,minor,6,Other,Daylight,1,0,1,0,0,0,Dry,13.30155,52.58015,bicycle + pedestrian + 
195298,Friedrichshain-Kreuzberg,2010104,Wassertorplatz,May,12,Monday,minor,2,Stationary Traffic,Daylight,0,1,0,0,0,0,Dry,13.40645,52.49833,car + 
195299,Treptow-Köpenick,9010301,Baumschulenstraße,May,7,Tuesday,serious,5,Turning,Daylight,1,0,0,0,1,0,Dry,13.48526,52.46409,bicycle + truck + 
195300,Lichtenberg,11030721,Rüdigerstraße,May,14,Monday,serious,6,Overtaking,Daylight,0,1,1,0,0,0,Dry,13.47815,52.52301,car + pedestrian + 
195301,Treptow-Köpenick,9051901,Dammvorstadt,May,12,Monday,serious,2,Stationary Traffic,Daylight,0,1,0,0,1,1,Dry,13.55832,52.45553,car + truck + other
195302,Neukölln,8010404,Rixdorf,May,6,Tuesday,minor,5,Crossing,Daylight,0,1,0,0,0,0,Dry,13.44569,52.47081,car + 
195303,Charlottenburg-Wilmersdorf,4020207,Flatowallee,May,16,Monday,minor,2,Other,Daylight,0,1,0,0,1,0,Dry,13.24644,52.51164,car + truck + 
195304,Charlottenburg-Wilmersdorf,4010101,Jungfernheide,May,6,Tuesday,minor,1,Paralle Traffic,Daylight,0,1,0,1,0,0,Dry,13.27345,52.54147,car + motorbike + 
195305,Neukölln,8020727,Buckow Mitte,May,11,Monday,minor,5,Turning,Daylight,0,1,0,0,0,0,Dry,13.41515,52.42118,car + 
195306,Treptow-Köpenick,9031101,Grünau,May,0,Tuesday,minor,9,Driving,Night,0,0,0,1,0,0,Dry,13.57362,52.41353,motorbike + 
195307,Spandau,5030832,Rohrdamm,May,13,Monday,minor,0,Driving,Daylight,1,0,0,0,0,0,Dry,13.262,52.54134,bicycle + 
195308,Mitte,1022206,Lüneburger Straße,May,15,Tuesday,minor,2,Stationary Traffic,Daylight,0,1,0,1,0,0,Dry,13.36726,52.52568,car + motorbike + 
195309,Spandau,5010314,Carl-Schurz-Straße,May,9,Monday,minor,3,Stationary Traffic,Daylight,0,1,0,0,0,1,Dry,13.20236,52.53998,car + other
195310,Lichtenberg,11030720,Herzbergstraße,May,7,Monday,serious,0,Driving,Daylight,1,0,0,0,0,0,Dry,13.49912,52.52638,bicycle + 
195311,Mitte,1011306,Heine-Viertel Ost,May,15,Tuesday,minor,3,Turning,Daylight,1,1,0,0,0,0,Dry,13.42128,52.50974,bicycle + car + 
195312,Friedrichshain-Kreuzberg,2020206,Graefekiez,May,15,Tuesday,minor,1,Paralle Traffic,Daylight,1,0,0,0,0,1,Dry,13.4144,52.49336,bicycle + other
195313,Neukölln,8010404,Rixdorf,May,7,Monday,minor,2,Other,Daylight,0,1,0,0,0,1,Dry,13.45241,52.47114,car + other
195314,Reinickendorf,12214527,Alt-Tegel,May,11,Monday,minor,3,Stationary Traffic,Daylight,1,0,0,0,0,0,Dry,13.28695,52.58606,bicycle + 
195315,Tempelhof-Schöneberg,7020204,Schöneberger Insel,May,15,Tuesday,minor,2,Other,Daylight,0,1,0,0,0,0,Dry,13.36793,52.48524,car + 
195316,Neukölln,8041037,Alt-Rudow,May,10,Monday,minor,6,Turning,Daylight,0,1,1,0,0,0,Dry,13.4951,52.43165,car + pedestrian + 
195317,Pankow,3010101,Bucher Forst,May,14,Tuesday,minor,5,Turning,Daylight,1,1,0,0,0,0,Dry,13.49246,52.63686,bicycle + car + 
195318,Reinickendorf,12214125,Waldidyll/Flughafensee,May,10,Monday,minor,1,Other,Daylight,1,1,0,0,0,0,Dry,13.29249,52.58269,bicycle + car + 
195319,Reinickendorf,12231101,Hermsdorf,May,14,Tuesday,minor,5,Crossing,Daylight,0,1,0,1,0,0,Dry,13.31941,52.62262,car + motorbike + 
195320,Charlottenburg-Wilmersdorf,4051448,Schaperstraße,May,10,Monday,minor,5,Crossing,Daylight,1,1,0,0,0,0,Dry,13.33109,52.49544,bicycle + car + 
195321,Mitte,1033102,Gesundbrunnen,May,13,Tuesday,minor,5,Other,Daylight,0,1,0,0,0,0,Dry,13.38694,52.55379,car + 
195322,Friedrichshain-Kreuzberg,2040501,Barnimkiez,May,9,Monday,minor,1,Paralle Traffic,Daylight,1,1,0,0,0,0,Dry,13.42871,52.52184,bicycle + car + 
195323,Treptow-Köpenick,9041402,Siedlung Kämmereiheide,May,11,Monday,minor,5,Crossing,Daylight,1,1,0,0,0,0,Dry,13.59361,52.44347,bicycle + car + 
195324,Pankow,3010102,Buch,May,13,Tuesday,serious,4,Stationary Traffic,Daylight,0,1,0,0,0,0,Dry,13.49872,52.62958,car + 
195325,Mitte,1044101,Rehberge,May,16,Tuesday,minor,5,Other,Night,1,0,0,1,0,0,Dry,13.33343,52.56081,bicycle + motorbike + 
195326,Friedrichshain-Kreuzberg,2020204,Urbanstraße,May,12,Sunday,minor,2,Stationary Traffic,Daylight,0,1,0,0,0,0,Dry,13.39495,52.49763,car + 
195327,Treptow-Köpenick,9030901,Dorf Altglienicke,May,16,Tuesday,serious,5,Crossing,Daylight,1,1,0,0,0,0,Dry,13.53016,52.42308,bicycle + car + 
195328,Mitte,1044203,Leopoldplatz,June,16,Thursday,minor,2,Stationary Traffic,Daylight,0,1,0,0,1,0,Wet,13.35892,52.55426,car + truck + 
195329,Tempelhof-Schöneberg,7050501,Rathausstraße,June,16,Thursday,serious,0,Turning,Daylight,1,1,0,0,0,0,Wet,13.38394,52.44545,bicycle + car + 
195330,Neukölln,8020619,Buschkrugallee Nord,June,16,Thursday,minor,5,Turning,Daylight,1,0,0,0,0,1,Dry,13.4544,52.45292,bicycle + other
195331,Charlottenburg-Wilmersdorf,4030828,Savignyplatz,June,16,Thursday,minor,5,Turning,Daylight,1,1,0,0,0,0,Wet,13.32258,52.50704,bicycle + car + 
195332,Friedrichshain-Kreuzberg,2020203,Viktoriapark,June,9,Thursday,minor,5,Turning,Daylight,1,1,0,0,0,0,Dry,13.37664,52.48721,bicycle + car + 
195333,Mitte,1022103,Westhafen,June,13,Thursday,minor,5,Turning,Daylight,1,1,0,0,0,0,Dry,13.34448,52.53823,bicycle + car + 
195334,Lichtenberg,11030721,Rüdigerstraße,June,15,Thursday,minor,5,Crossing,Daylight,0,1,0,0,0,0,Wet,13.48988,52.51539,car + 
195335,Charlottenburg-Wilmersdorf,4051655,Babelsberger Straße,June,8,Thursday,minor,0,Other,Daylight,0,1,0,0,0,1,Dry,13.33264,52.48602,car + other
195336,Charlottenburg-Wilmersdorf,4030725,Amtsgerichtsplatz,June,8,Thursday,minor,5,Crossing,Daylight,0,1,0,0,0,0,Dry,13.29276,52.50683,car + 
195337,Charlottenburg-Wilmersdorf,4051446,Preußenpark,June,8,Thursday,minor,5,Crossing,Daylight,1,1,0,0,0,0,Dry,13.31511,52.4909,bicycle + car + 
195338,Charlottenburg-Wilmersdorf,4010103,Paul-Hertz-Siedlung,June,7,Thursday,minor,2,Stationary Traffic,Daylight,0,1,0,0,0,0,Dry,13.29274,52.53428,car + 
195339,Marzahn-Hellersdorf,10020623,Rotes Viertel,June,7,Thursday,minor,5,Crossing,Daylight,1,1,0,0,0,0,Dry,13.59232,52.52071,bicycle + car + 
195340,Neukölln,8041038,Waßmannsdorfer Chaussee,June,7,Thursday,minor,5,Turning,Daylight,1,0,0,0,0,0,Dry,13.50777,52.40746,bicycle + 
195341,Marzahn-Hellersdorf,10020622,Kaulsdorf Nord I,June,6,Thursday,minor,1,Paralle Traffic,Daylight,0,1,0,0,0,0,Dry,13.58262,52.52226,car + 