id,district,lor,street,month,hour,weekday,injury,collision,movement,light_conditions,bicycle,car,pedestrian,motorbike,truck,other_vehicle,road_conditions,longitude,latitude,Combo_type
195342,Tempelhof-Schöneberg,7020203,Kaiser-Wilhelm-Platz,June,23,Wednesday,minor,7,Other,Night,1,0,0,0,0,0,Dry,13.35243,52.48512,bicycle + 
195343,Charlottenburg-Wilmersdorf,4010103,Paul-Hertz-Siedlung,June,16,Wednesday,minor,4,Stationary Traffic,Daylight,1,1,0,0,0,0,Dry,13.29889,52.53949,bicycle + car + 
195344,Reinickendorf,12231102,Frohnau,June,19,Wednesday,minor,5,Turning,Daylight,0,1,0,1,0,0,Dry,13.28921,52.63164,car + motorbike + 
195345,Charlottenburg-Wilmersdorf,4041137,Flinsberger Platz,June,18,Wednesday,minor,2,Stationary Traffic,Daylight,0,1,0,0,0,0,Dry,13.29734,52.48626,car + 
195346,Friedrichshain-Kreuzberg,2020202,Rathaus Yorckstraße,June,18,Wednesday,minor,5,Crossing,Daylight,1,1,0,0,0,0,Dry,13.37973,52.49568,bicycle + car + 
195347,Charlottenburg-Wilmersdorf,4030725,Amtsgerichtsplatz,June,23,Wednesday,minor,1,Paralle Traffic,Night,0,1,0,1,0,0,Dry,13.29608,52.50856,car + motorbike + 
195348,Friedrichshain-Kreuzberg,2020203,Viktoriapark,June,22,Wednesday,minor,5,Crossing,Night,1,1,0,0,0,0,Dry,13.3748,52.48922,bicycle + car + 
195349,Mitte,1044201,Reinickendorfer Straße,June,22,Wednesday,serious,2,Stationary Traffic,Night,0,1,0,0,0,0,Dry,13.37585,52.55506,car + 
195350,Friedrichshain-Kreuzberg,2030302,Lausitzer Platz,June,18,Wednesday,minor,3,Stationary Traffic,Daylight,1,1,0,0,0,0,Dry,13.44477,52.50105,bicycle + car + 
195351,Treptow-Köpenick,9020702,Adlershof Ost,June,18,Wednesday,minor,5,Crossing,Daylight,1,1,0,0,0,0,Dry,13.55425,52.43796,bicycle + car + 
195352,Steglitz-Zehlendorf,6030610,Lichterfelde West,June,18,Wednesday,minor,0,Other,Daylight,1,0,0,0,0,0,Dry,13.29369,52.43266,bicycle + 
195353,Pankow,3061429,Greifswalder Straße,June,18,Wednesday,minor,5,Crossing,Daylight,1,0,0,1,0,0,Dry,13.44452,52.54567,bicycle + motorbike + 
195354,Reinickendorf,12103218,Teichstraße,June,16,Wednesday,minor,5,Turning,Daylight,0,1,0,0,0,0,Dry,13.36094,52.577,car + 
195355,Mitte,1022106,Elberfelder Straße,June,16,Wednesday,minor,5,Turning,Daylight,1,1,0,0,0,0,Dry,13.32969,52.52281,bicycle + car + 
195356,Mitte,1033202,Humboldthain Süd,June,15,Wednesday,minor,0,Driving,Daylight,0,0,0,1,0,0,Dry,13.39503,52.53798,motorbike + 
195357,Charlottenburg-Wilmersdorf,4010102,Plötzensee,June,22,Wednesday,minor,5,Turning,Night,0,1,0,0,0,0,Dry,13.32624,52.53804,car + 
195358,Friedrichshain-Kreuzberg,2020204,Urbanstraße,June,20,Wednesday,minor,5,Turning,Daylight,1,0,1,0,0,0,Dry,13.3882,52.49294,bicycle + pedestrian + 
195359,Charlottenburg-Wilmersdorf,4030417,Schloßstraße,June,15,Wednesday,minor,5,Crossing,Daylight,1,0,0,0,0,1,Dry,13.29593,52.51768,bicycle + other
195360,Lichtenberg,11040926,Weitlingstraße,June,14,Wednesday,minor,5,Crossing,Daylight,1,1,0,0,0,0,Dry,13.51168,52.50714,bicycle + car + 
195361,Pankow,3020210,Herthaplatz,June,14,Wednesday,minor,5,Crossing,Daylight,0,1,0,0,0,1,Dry,13.41298,52.58822,car + other
195362,Marzahn-Hellersdorf,10010310,Alt-Marzahn,June,14,Wednesday,serious,6,Overtaking,Daylight,1,0,1,0,0,0,Dry,13.5635,52.54154,bicycle + pedestrian + 
195363,Friedrichshain-Kreuzberg,2050602,Samariterviertel,June,13,Wednesday,minor,5,Turning,Daylight,0,1,0,0,0,0,Dry,13.46017,52.51522,car + 
195364,Neukölln,8041037,Alt-Rudow,June,13,Wednesday,minor,5,Crossing,Daylight,1,1,0,0,0,0,Dry,13.49542,52.43169,bicycle + car + 
195365,Pankow,3061332,Helmholtzplatz,June,13,Wednesday,minor,1,Other,Daylight,0,0,0,1,0,0,Dry,13.41722,52.54769,motorbike + 
195366,Treptow-Köpenick,9051901,Dammvorstadt,June,13,Wednesday,serious,6,Overtaking,Daylight,0,1,1,0,0,0,Dry,13.57838,52.45749,car + pedestrian + 
195367,Pankow,3030406,Alt-Karow,June,8,Wednesday,minor,0,Driving,Daylight,0,0,0,1,0,0,Dry,13.46656,52.61505,motorbike + 
195368,Lichtenberg,11040926,Weitlingstraße,June,10,Wednesday,minor,0,Turning,Daylight,1,1,0,0,0,0,Dry,13.48839,52.50213,bicycle + car + 
195369,Pankow,3071536,Teutoburger Platz,June,10,Wednesday,minor,2,Other,Daylight,0,0,0,1,1,0,Dry,13.40878,52.53131,motorbike + truck + 
195370,Steglitz-Zehlendorf,6020304,Kaiser-Wilhelm-Straße,June,13,Wednesday,minor,5,Crossing,Daylight,1,1,0,0,0,0,Dry,13.33497,52.42744,bicycle + car + 
195371,Charlottenburg-Wilmersdorf,4010102,Plötzensee,June,10,Wednesday,minor,2,Stationary Traffic,Daylight,0,1,0,1,0,0,Dry,13.32698,52.54011,car + motorbike + 
195372,Lichtenberg,11020411,Malchower Weg,June,8,Wednesday,serious,0,Driving,Daylight,1,0,0,0,0,0,Dry,13.51878,52.55277,bicycle + 
195373,Spandau,5010312,Kurstraße,June,12,Wednesday,minor,2,Turning,Daylight,0,1,0,0,0,1,Dry,13.20626,52.5426,car + other
195374,Pankow,3040614,Pankow Zentrum,June,9,Wednesday,minor,5,Turning,Daylight,1,1,0,0,0,0,Dry,13.42873,52.58823,bicycle + car + 
195375,Tempelhof-Schöneberg,7040402,Lindenhofsiedlung,June,11,Wednesday,minor,5,Turning,Daylight,1,1,0,0,0,0,Dry,13.35939,52.45678,bicycle + car + 
195376,Neukölln,8010115,Hasenheide,June,8,Wednesday,minor,5,Turning,Daylight,1,1,0,0,0,0,Dry,13.40797,52.48229,bicycle + car + 
195377,Neukölln,8020622,Parchimer Allee,June,8,Wednesday,minor,5,Turning,Daylight,1,1,0,0,0,0,Dry,13.45293,52.44544,bicycle + car + 
195378,Treptow-Köpenick,9052001,Köpenick Nord,June,7,Wednesday,minor,5,Other,Daylight,0,1,0,1,0,0,Dry,13.55322,52.46814,car + motorbike + 
195379,Pankow,3061227,Humannplatz,June,7,Wednesday,serious,5,Crossing,Daylight,1,1,0,0,0,0,Dry,13.42743,52.55241,bicycle + car + 
195380,Mitte,1011301,Charitéviertel,June,2,Wednesday,serious,0,Other,Night,0,1,0,0,0,1,Dry,13.38475,52.52921,car + other
195381,Friedrichshain-Kreuzberg,2020203,Viktoriapark,June,8,Tuesday,minor,3,Stationary Traffic,Daylight,0,1,0,1,0,0,Dry,13.38351,52.49363,car + motorbike + 
195382,Charlottenburg-Wilmersdorf,4030827,Karl-August-Platz,June,14,Tuesday,minor,0,Other,Daylight,0,1,0,0,0,0,Dry,13.30897,52.50607,car + 
195383,Mitte,1011402,Arkonaplatz,June,13,Tuesday,minor,0,Crossing,Daylight,1,0,0,0,0,1,Dry,13.40438,52.53311,bicycle + other
195384,Mitte,1022104,Emdener Straße,June,8,Tuesday,minor,6,Overtaking,Daylight,0,1,1,0,0,0,Dry,13.33994,52.52762,car + pedestrian + 
195385,Mitte,1011202,Unter den Linden Nord,June,16,Tuesday,minor,2,Turning,Daylight,1,1,0,0,0,0,Dry,13.38015,52.5189,bicycle + car + 
195386,Reinickendorf,12301203,Wittenau Süd,June,16,Tuesday,minor,5,Turning,Daylight,1,1,0,0,0,0,Dry,13.33884,52.58937,bicycle + car + 
195387,Friedrichshain-Kreuzberg,2030401,Reichenberger Straße,June,16,Tuesday,minor,5,Turning,Daylight,1,1,0,0,0,0,Dry,13.43741,52.49346,bicycle + car + 
195388,Tempelhof-Schöneberg,7040401,Neu-Tempelhof,June,15,Tuesday,minor,0,Turning,Daylight,1,1,0,0,0,0,Dry,13.38063,52.48225,bicycle + car + 
195389,Lichtenberg,11030720,Herzbergstraße,June,15,Tuesday,minor,2,Stationary Traffic,Daylight,0,1,0,0,0,0,Dry,13.50242,52.53452,car + 
195390,Pankow,3061227,Humannplatz,June,14,Tuesday,minor,5,Other,Daylight,1,1,0,0,0,0,Dry,13.41947,52.54908,bicycle + car + 
195391,Spandau,5020419,Magistratsweg,June,14,Tuesday,minor,0,Stationary Traffic,Daylight,1,0,0,0,0,0,Dry,13.15739,52.53314,bicycle + 
195392,Treptow-Köpenick,9020501,Oberschöneweide West,June,13,Tuesday,minor,5,Turning,Daylight,0,0,0,1,0,1,Dry,13.50918,52.46353,motorbike + other
195393,Steglitz-Zehlendorf,6020305,Gemeindepark Lankwitz,June,18,Tuesday,minor,6,Overtaking,Daylight,0,1,1,0,0,0,Dry,13.34697,52.42843,car + pedestrian + 
195394,Charlottenburg-Wilmersdorf,4030929,Hindemithplatz,June,12,Tuesday,minor,3,Stationary Traffic,Daylight,0,1,0,1,0,0,Dry,13.31335,52.50278,car + motorbike + 
195395,Tempelhof-Schöneberg,7050503,Eisenacher Straße,June,12,Tuesday,minor,6,Other,Daylight,0,1,1,0,0,0,Dry,13.39108,52.44767,car + pedestrian + 
195396,Spandau,5020625,Borkumer Straße,June,11,Tuesday,minor,2,Turning,Daylight,0,1,0,0,0,0,Dry,13.19827,52.53302,car + 
195397,Mitte,1011105,Nördlicher Landwehrkanal,June,11,Tuesday,minor,5,Turning,Daylight,1,1,0,0,0,0,Dry,13.37182,52.50927,bicycle + car + 
195398,Treptow-Köpenick,9041301,Kietzer Feld/Nachtheide,June,11,Tuesday,minor,3,Stationary Traffic,Daylight,1,0,0,0,0,0,Dry,13.58657,52.44083,bicycle + 
195399,Lichtenberg,11041022,Rosenfelder Ring,June,13,Tuesday,serious,5,Crossing,Daylight,1,1,0,0,0,0,Dry,13.51878,52.51004,bicycle + car + 
195400,Charlottenburg-Wilmersdorf,4030622,Richard-Wagner-Straße,June,11,Tuesday,serious,2,Other,Daylight,1,1,0,0,0,0,Dry,13.30437,52.51343,bicycle + car + 
195401,Mitte,1044201,Reinickendorfer Straße,June,11,Tuesday,minor,2,Turning,Daylight,0,1,0,0,0,0,Dry,13.37344,52.55691,car + 
195402,Mitte,1033201,Brunnenstraße,June,10,Tuesday,minor,3,Stationary Traffic,Daylight,0,1,0,1,0,0,Dry,13.39904,52.53905,car + motorbike + 
195403,Charlottenburg-Wilmersdorf,4010102,Plötzensee,June,10,Tuesday,minor,5,Turning,Daylight,0,1,0,0,0,0,Dry,13.32625,52.53802,car + 
195404,Neukölln,8041037,Alt-Rudow,June,10,Tuesday,minor,5,Crossing,Daylight,0,1,0,0,0,0,Dry,13.48807,52.42614,car + 
195405,Charlottenburg-Wilmersdorf,4030518,Tegeler Weg,June,9,Tuesday,minor,5,Crossing,Daylight,1,1,0,0,0,0,Dry,13.30422,52.52658,bicycle + car + 
195406,Friedrichshain-Kreuzberg,2020202,Rathaus Yorckstraße,June,23,Tuesday,serious,5,Turning,Night,1,1,0,0,0,0,Dry,13.38938,52.49596,bicycle + car + 
195407,Mitte,1022104,Emdener Straße,June,20,Tuesday,minor,2,Stationary Traffic,Daylight,0,1,0,0,0,0,Dry,13.33512,52.52673,car + 
195408,Friedrichshain-Kreuzberg,2010102,Mehringplatz,June,8,Tuesday,minor,5,Crossing,Daylight,1,1,0,0,0,0,Dry,13.39491,52.5,bicycle + car + 
195409,Neukölln,8010213,Körnerpark,June,9,Tuesday,minor,1,Paralle Traffic,Daylight,1,1,0,0,0,0,Dry,13.43835,52.47341,bicycle + car + 
195410,Pankow,3061430,Volkspark Prenzlauer Berg,June,9,Tuesday,minor,2,Stationary Traffic,Daylight,0,1,0,1,0,0,Dry,13.45355,52.53313,car + motorbike + 
195411,Spandau,5020524,Weinmeisterhornweg,June,7,Tuesday,minor,0,Driving,Daylight,1,0,0,0,0,0,Dry,13.1799,52.50576,bicycle + 
195412,Lichtenberg,11020514,Große-Leege-Straße,June,8,Tuesday,minor,5,Crossing,Daylight,1,1,0,0,0,0,Dry,13.49061,52.54321,bicycle + car + 
195413,Steglitz-Zehlendorf,6020302,Komponistenviertel Lankwitz,June,20,Tuesday,minor,6,Other,Daylight,1,0,1,0,0,0,Dry,13.33067,52.44488,bicycle + pedestrian + 
195414,Marzahn-Hellersdorf,10020413,Gut Hellersdorf,June,19,Tuesday,serious,6,Overtaking,Daylight,0,1,1,0,0,0,Dry,13.58437,52.53965,car + pedestrian + 
195415,Reinickendorf,12214422,Klixstraße,June,8,Tuesday,serious,5,Turning,Daylight,1,1,0,0,0,0,Dry,13.31196,52.56801,bicycle + car + 
195416,Pankow,3061430,Volkspark Prenzlauer Berg,June,19,Tuesday,minor,5,Turning,Daylight,1,1,0,0,0,0,Dry,13.4591,52.52908,bicycle + car + 
195417,Tempelhof-Schöneberg,7040406,Germaniagarten,June,8,Tuesday,minor,3,Stationary Traffic,Daylight,0,1,0,0,1,0,Dry,13.41571,52.45932,car + truck + 
195418,Neukölln,8030831,Gropiusstadt Ost,June,19,Tuesday,minor,6,Turning,Daylight,0,1,1,0,0,0,Dry,13.46793,52.42767,car + pedestrian + 
195419,Charlottenburg-Wilmersdorf,4051448,Schaperstraße,June,19,Tuesday,minor,1,Paralle Traffic,Daylight,1,1,0,0,0,1,Dry,13.32598,52.49813,bicycle + car + other
195420,Pankow,3020209,Niederschönhausen,June,8,Tuesday,minor,5,Crossing,Daylight,1,1,0,0,0,0,Dry,13.39236,52.58215,bicycle + car + 
195421,Reinickendorf,12214422,Klixstraße,June,7,Tuesday,minor,2,Stationary Traffic,Daylight,0,1,0,0,0,0,Dry,13.31154,52.56791,car + 
195422,Charlottenburg-Wilmersdorf,4030828,Savignyplatz,June,7,Tuesday,minor,5,Crossing,Daylight,0,1,0,0,0,1,Dry,13.32174,52.50582,car + other
195423,Friedrichshain-Kreuzberg,2020206,Graefekiez,June,18,Tuesday,minor,3,Stationary Traffic,Daylight,1,1,0,0,0,0,Dry,13.41999,52.49616,bicycle + car + 
195424,Charlottenburg-Wilmersdorf,4030518,Tegeler Weg,June,18,Tuesday,serious,5,Turning,Daylight,0,1,0,1,0,0,Dry,13.30193,52.52582,car + motorbike + 
195425,Reinickendorf,12214125,Waldidyll/Flughafensee,June,18,Tuesday,minor,2,Stationary Traffic,Daylight,0,1,0,0,0,0,Dry,13.30672,52.5553,car + 
195426,Friedrichshain-Kreuzberg,2020203,Viktoriapark,June,7,Tuesday,minor,1,Driving,Daylight,0,1,0,1,0,0,Dry,13.38101,52.49276,car + motorbike + 
195427,Lichtenberg,11020515,Landsberger Allee,June,4,Tuesday,minor,5,Crossing,Dawn,0,1,0,0,0,0,Dry,13.48308,52.53757,car + 
195428,Treptow-Köpenick,9020502,Oberschöneweide Ost,June,17,Tuesday,minor,1,Paralle Traffic,Daylight,1,1,0,0,0,0,Dry,13.52713,52.45805,bicycle + car + 
195429,Treptow-Köpenick,9051901,Dammvorstadt,June,4,Tuesday,minor,0,Driving,Dawn,1,0,0,0,0,0,Dry,13.59234,52.45138,bicycle + 
195430,Mitte,1011101,Stülerstraße,June,17,Tuesday,minor,5,Crossing,Daylight,0,1,0,0,0,1,Dry,13.34709,52.50548,car + other
195431,Marzahn-Hellersdorf,10010308,Marzahner Chaussee,June,17,Tuesday,minor,0,Turning,Daylight,1,1,0,0,0,0,Dry,13.5219,52.53572,bicycle + car + 
195432,Treptow-Köpenick,9030901,Dorf Altglienicke,June,12,Monday,minor,2,Stationary Traffic,Daylight,0,1,0,1,0,0,Dry,13.52177,52.40196,car + motorbike + 
195433,Friedrichshain-Kreuzberg,2010102,Mehringplatz,June,18,Monday,minor,1,Paralle Traffic,Daylight,1,1,0,0,0,0,Dry,13.39879,52.50341,bicycle + car + 
195434,Lichtenberg,11020411,Malchower Weg,June,12,Monday,minor,5,Crossing,Daylight,1,0,0,0,0,0,Dry,13.50531,52.56017,bicycle + 
195435,Steglitz-Zehlendorf,6030610,Lichterfelde West,June,12,Monday,minor,6,Other,Daylight,1,0,1,0,0,0,Dry,13.30451,52.43227,bicycle + pedestrian + 
195436,Lichtenberg,11020411,Malchower Weg,June,22,Monday,minor,8,Driving,Night,0,1,0,0,0,0,Wet,13.52193,52.55409,car + 
195437,Neukölln,8010509,Schulenburgpark,June,22,Monday,minor,0,Crossing,Night,1,1,0,0,0,0,Wet,13.47504,52.46357,bicycle + car + 
195438,Mitte,1022206,Lüneburger Straße,June,21,Monday,minor,5,Crossing,Daylight,0,1,0,0,0,0,Dry,13.36722,52.52334,car + 
195439,Tempelhof-Schöneberg,7040403,Manteuffelstraße,June,20,Monday,minor,5,Turning,Daylight,0,1,0,0,0,1,Dry,13.37202,52.46985,car + other
195440,Treptow-Köpenick,9020501,Oberschöneweide West,June,20,Monday,minor,5,Turning,Daylight,1,1,0,0,0,0,Dry,13.51187,52.46293,bicycle + car + 
195441,Neukölln,8010213,Körnerpark,June,19,Monday,minor,0,Crossing,Daylight,1,1,0,0,0,0,Wet,13.43459,52.4725,bicycle + car + 
195442,Marzahn-Hellersdorf,10040933,Mahlsdorf Süd,June,20,Monday,minor,5,Crossing,Daylight,0,1,0,0,0,1,Wet,13.60306,52.48498,car + other
195443,Pankow,3061227,Humannplatz,June,20,Monday,minor,5,Crossing,Dawn,1,1,0,0,0,0,Wet,13.42215,52.55003,bicycle + car + 
195444,Treptow-Köpenick,9020702,Adlershof Ost,June,19,Monday,serious,0,Driving,Daylight,1,0,0,0,0,0,Wet,13.55543,52.44054,bicycle + 
195445,Treptow-Köpenick,9031001,Bohnsdorf,June,20,Monday,serious,1,Other,Dawn,0,1,0,0,0,0,Wet,13.56636,52.40857,car + 
195446,Tempelhof-Schöneberg,7040405,Rathaus Tempelhof,June,19,Monday,minor,8,Driving,Daylight,0,1,0,0,0,0,Wet,13.4101,52.46411,car + 
195447,Mitte,1044101,Rehberge,June,18,Monday,minor,2,Turning,Daylight,1,1,0,0,0,0,Dry,13.33491,52.55611,bicycle + car + 
195448,Charlottenburg-Wilmersdorf,4030621,Spreestadt,June,18,Monday,minor,2,Stationary Traffic,Daylight,0,1,0,0,0,0,Dry,13.32742,52.52046,car + 
195449,Friedrichshain-Kreuzberg,2050802,Boxhagener Platz,June,18,Monday,serious,5,Turning,Daylight,1,1,0,0,0,0,Dry,13.45282,52.51241,bicycle + car + 
195450,Charlottenburg-Wilmersdorf,4031032,Halensee,June,18,Monday,minor,1,Paralle Traffic,Daylight,1,1,0,0,0,0,Dry,13.29186,52.49722,bicycle + car + 
195451,Charlottenburg-Wilmersdorf,4051652,Nikolsburger Platz,June,17,Monday,minor,2,Stationary Traffic,Daylight,0,1,0,0,0,0,Dry,13.32367,52.48744,car + 
195452,Steglitz-Zehlendorf,6030503,Zehlendorf Mitte,June,15,Monday,minor,3,Stationary Traffic,Daylight,0,1,0,1,0,0,Dry,13.25934,52.43073,car + motorbike + 
195453,Tempelhof-Schöneberg,7040405,Rathaus Tempelhof,June,17,Monday,minor,5,Crossing,Daylight,0,1,0,0,0,0,Dry,13.39569,52.45434,car + 
195454,Marzahn-Hellersdorf,10040931,Mahlsdorf Nord,June,17,Monday,minor,5,Crossing,Daylight,1,1,0,0,0,0,Dry,13.63315,52.52298,bicycle + car + 
195455,Treptow-Köpenick,9010301,Baumschulenstraße,June,22,Monday,minor,5,Turning,Night,1,1,0,0,0,0,Wet,13.48327,52.4605,bicycle + car + 
195456,Pankow,3020307,Buchholz,June,15,Monday,minor,5,Crossing,Daylight,1,0,0,0,0,0,Dry,13.42974,52.60868,bicycle + 
195457,Steglitz-Zehlendorf,6010102,Schloßstraße,June,14,Monday,minor,5,Crossing,Daylight,1,1,0,0,0,0,Dry,13.31911,52.45452,bicycle + car + 
195458,Mitte,1011104,Körnerstraße,June,14,Monday,minor,0,Turning,Daylight,0,1,0,0,0,1,Dry,13.36562,52.50311,car + other
195459,Friedrichshain-Kreuzberg,2020206,Graefekiez,June,14,Monday,minor,2,Stationary Traffic,Daylight,0,1,0,0,0,0,Dry,13.42399,52.48842,car + 
195460,Pankow,3030715,Heinersdorf,June,13,Monday,minor,2,Stationary Traffic,Daylight,0,1,0,0,1,0,Dry,13.43833,52.5692,car + truck + 
195461,Spandau,5010209,An der Kappe,June,12,Monday,minor,1,Paralle Traffic,Daylight,1,0,0,0,0,1,Dry,13.17725,52.54708,bicycle + other
195462,Neukölln,8020619,Buschkrugallee Nord,June,11,Monday,minor,5,Other,Daylight,0,1,0,0,0,0,Dry,13.43765,52.45494,car + 
195463,Mitte,1044203,Leopoldplatz,June,12,Monday,minor,2,Stationary Traffic,Daylight,0,1,0,0,0,0,Dry,13.3641,52.55652,car + 
195464,Mitte,1011302,Oranienburger Straße,June,0,Monday,minor,5,Turning,Night,1,1,0,0,0,0,Dry,13.40127,52.5297,bicycle + car + 
195465,Charlottenburg-Wilmersdorf,4030929,Hindemithplatz,June,12,Monday,minor,5,Other,Daylight,0,1,0,1,0,0,Dry,13.30877,52.50207,car + motorbike + 
195466,Mitte,1011402,Arkonaplatz,June,11,Monday,minor,6,Overtaking,Daylight,1,0,1,0,0,0,Dry,13.40178,52.53039,bicycle + pedestrian + 
195467,Mitte,1033102,Gesundbrunnen,June,11,Monday,serious,5,Turning,Daylight,0,1,0,0,0,0,Dry,13.38659,52.54957,car + 
195468,Treptow-Köpenick,9041301,Kietzer Feld/Nachtheide,June,16,Monday,minor,5,Crossing,Daylight,0,1,0,1,0,0,Dry,13.58739,52.43907,car + motorbike + 
195469,Friedrichshain-Kreuzberg,2020203,Viktoriapark,June,11,Monday,minor,5,Turning,Daylight,1,1,0,0,0,0,Dry,13.38739,52.49286,bicycle + car + 
195470,Mitte,1044201,Reinickendorfer Straße,June,11,Monday,minor,3,Stationary Traffic,Daylight,0,1,0,1,0,0,Dry,13.37945,52.55642,car + motorbike + 
195471,Marzahn-Hellersdorf,10030725,Buckower Ring,June,16,Monday,serious,0,Paralle Traffic,Daylight,1,1,0,0,0,0,Dry,13.56873,52.51406,bicycle + car + 
195472,Spandau,5010101,Hakenfelde Nord,June,10,Monday,serious,5,Turning,Daylight,0,1,0,1,0,0,Dry,13.20854,52.56155,car + motorbike + 
195473,Treptow-Köpenick,9051901,Dammvorstadt,June,16,Monday,minor,5,Crossing,Daylight,1,1,0,0,0,0,Dry,13.56261,52.45637,bicycle + car + 
195474,Charlottenburg-Wilmersdorf,4030415,Schloßgarten,June,10,Monday,minor,2,Stationary Traffic,Daylight,0,1,0,1,0,0,Dry,13.29942,52.52077,car + motorbike + 
195475,Neukölln,8030830,Gropiusstadt Süd,June,10,Monday,minor,5,Other,Daylight,1,1,0,0,0,0,Dry,13.45311,52.42861,bicycle + car + 
195476,Pankow,3061430,Volkspark Prenzlauer Berg,June,15,Monday,minor,0,Other,Daylight,0,1,0,0,0,0,Dry,13.45745,52.52915,car + 
195477,Treptow-Köpenick,9010401,Johannisthal West,June,15,Monday,minor,0,Stationary Traffic,Daylight,1,1,0,0,0,0,Dry,13.49643,52.45807,bicycle + car + 
195478,Friedrichshain-Kreuzberg,2040701,Andreasviertel,June,9,Monday,minor,5,Crossing,Daylight,1,1,0,0,0,0,Dry,13.43315,52.51164,bicycle + car + 
195479,Spandau,5020626,Adamstraße,June,9,Monday,minor,5,Turning,Daylight,1,1,0,0,0,0,Dry,13.18996,52.52215,bicycle + car + 
195480,Friedrichshain-Kreuzberg,2020204,Urbanstraße,June,8,Monday,minor,5,Turning,Daylight,1,1,0,0,0,0,Dry,13.39534,52.49682,bicycle + car + 
195481,Charlottenburg-Wilmersdorf,4020310,Park Ruhwald,June,8,Monday,minor,5,Turning,Daylight,0,1,0,0,0,0,Dry,13.27798,52.51835,car + 
195482,Friedrichshain-Kreuzberg,2030301,Oranienplatz,June,7,Monday,minor,2,Stationary Traffic,Daylight,0,1,0,0,1,0,Dry,13.42006,52.49917,car + truck + 
195483,Spandau,5020625,Borkumer Straße,June,15,Monday,minor,6,Overtaking,Daylight,0,1,1,0,0,0,Dry,13.19459,52.53363,car + pedestrian + 
195484,Treptow-Köpenick,9052001,Köpenick Nord,June,7,Monday,minor,5,Crossing,Daylight,0,1,0,0,0,0,Dry,13.57786,52.46123,car + 
195485,Mitte,1011105,Nördlicher Landwehrkanal,June,6,Monday,minor,5,Other,Daylight,0,1,0,0,0,0,Dry,13.3527,52.50963,car + 
195486,Reinickendorf,12214125,Waldidyll/Flughafensee,June,15,Monday,minor,0,Turning,Daylight,0,1,0,0,0,1,Dry,13.29444,52.57615,car + other
195487,Mitte,1011302,Oranienburger Straße,June,6,Monday,minor,2,Stationary Traffic,Daylight,0,1,0,0,0,0,Dry,13.4098,52.5288,car + 
195488,Treptow-Köpenick,9020702,Adlershof Ost,June,6,Monday,minor,0,Crossing,Daylight,1,1,0,0,0,0,Dry,13.55618,52.43374,bicycle + car + 
195489,Mitte,1011304,Karl-Marx-Allee,June,15,Monday,serious,2,Turning,Daylight,0,1,0,0,0,0,Dry,13.41823,52.51735,car + 
195490,Pankow,3061228,Erich-Weinert-Straße,June,5,Monday,minor,1,Paralle Traffic,Daylight,0,1,0,1,0,0,Dry,13.43255,52.54832,car + motorbike + 
195491,Friedrichshain-Kreuzberg,2050601,Hausburgviertel,June,1,Monday,minor,5,Turning,Night,0,1,0,0,0,0,Dry,13.44918,52.52436,car + 
195492,Mitte,1011401,Invalidenstraße,June,8,Monday,minor,0,Driving,Daylight,1,0,0,0,0,0,Dry,13.39585,52.53261,bicycle + 
195493,Lichtenberg,11030720,Herzbergstraße,June,20,Monday,minor,5,Turning,Daylight,1,1,0,0,0,0,Wet,13.49955,52.53436,bicycle + car + 
195494,Steglitz-Zehlendorf,6040810,Dahlem,June,9,Monday,minor,5,Turning,Daylight,1,0,0,0,0,1,Dry,13.29686,52.46439,bicycle + other
195495,Marzahn-Hellersdorf,10010203,Gewerbegebiet Bitterfelder Straße,June,17,Monday,fatal,1,Other,Daylight,0,1,0,0,0,0,Dry,13.53459,52.55518,car + 
195496,Charlottenburg-Wilmersdorf,4030724,Lietzensee,June,14,Sunday,minor,2,Stationary Traffic,Daylight,1,0,0,0,0,0,Dry,13.28796,52.50655,bicycle + 
195497,Charlottenburg-Wilmersdorf,4041238,Kissinger Straße,June,14,Sunday,minor,5,Crossing,Daylight,1,1,0,0,0,0,Dry,13.29416,52.48131,bicycle + car + 
195498,Mitte,1011401,Invalidenstraße,June,14,Sunday,minor,6,Other,Daylight,0,1,1,0,0,0,Dry,13.38706,52.53101,car + pedestrian + 
195499,Treptow-Köpenick,9041501,Altstadt Kietz,June,19,Sunday,minor,3,Stationary Traffic,Daylight,1,1,0,0,0,0,Dry,13.57716,52.44519,bicycle + car + 
195500,Mitte,1044201,Reinickendorfer Straße,June,21,Sunday,minor,5,Crossing,Daylight,0,1,0,0,0,0,Dry,13.36432,52.54969,car + 
195501,Lichtenberg,2050803,Stralauer Kiez,June,20,Sunday,serious,4,Stationary Traffic,Daylight,0,1,0,1,0,0,Dry,13.46955,52.50219,car + motorbike + 
195502,Friedrichshain-Kreuzberg,2040701,Andreasviertel,June,20,Sunday,minor,1,Paralle Traffic,Daylight,1,1,0,0,0,1,Dry,13.43387,52.50875,bicycle + car + other
195503,Charlottenburg-Wilmersdorf,4010102,Plötzensee,June,17,Sunday,minor,0,Turning,Daylight,1,1,0,0,0,0,Dry,13.3048,52.54785,bicycle + car + 
195504,Friedrichshain-Kreuzberg,2010102,Mehringplatz,June,17,Sunday,serious,5,Crossing,Daylight,0,1,0,1,0,0,Dry,13.39581,52.49902,car + motorbike + 
195505,Marzahn-Hellersdorf,10040933,Mahlsdorf Süd,June,15,Sunday,serious,5,Crossing,Daylight,0,1,0,1,0,0,Dry,13.60371,52.47897,car + motorbike + 
195506,Tempelhof-Schöneberg,7010104,Dennewitzplatz,June,16,Sunday,minor,5,Turning,Daylight,1,1,0,0,0,0,Dry,13.36096,52.49426,bicycle + car + 