id,district,lor,street,month,hour,weekday,injury,collision,movement,light_conditions,bicycle,car,pedestrian,motorbike,truck,other_vehicle,road_conditions,longitude,latitude,Combo_type
195507,Pankow,3071633,Thälmannpark,June,16,Sunday,minor,0,Driving,Daylight,1,0,0,0,0,0,Dry,13.42505,52.54099,bicycle + 
195508,Lichtenberg,11051331,Karlshorst Nord,June,14,Sunday,minor,5,Crossing,Daylight,0,1,0,0,0,0,Dry,13.53702,52.48567,car + 
195509,Tempelhof-Schöneberg,7010102,Nollendorfplatz,June,14,Sunday,minor,5,Crossing,Daylight,0,1,0,1,0,0,Dry,13.346,52.49883,car + motorbike + 
195510,Mitte,1011101,Stülerstraße,June,14,Sunday,minor,5,Crossing,Daylight,0,1,0,0,0,0,Dry,13.34721,52.50549,car + 
195511,Mitte,1011202,Unter den Linden Nord,June,14,Sunday,minor,5,Turning,Daylight,0,1,0,1,0,0,Dry,13.38852,52.51877,car + motorbike + 
195512,Lichtenberg,11051331,Karlshorst Nord,June,14,Sunday,serious,5,Crossing,Daylight,1,1,0,0,0,0,Dry,13.53701,52.48567,bicycle + car + 
195513,Pankow,3061126,Arnimplatz,June,13,Sunday,minor,2,Stationary Traffic,Daylight,0,1,0,0,0,0,Dry,13.40107,52.55465,car + 
195514,Lichtenberg,11051330,Karlshorst West,June,12,Friday,minor,5,Turning,Daylight,1,1,0,0,0,0,Dry,13.5229,52.48324,bicycle + car + 
195515,Neukölln,8020619,Buschkrugallee Nord,June,13,Sunday,minor,2,Stationary Traffic,Daylight,0,1,0,0,0,0,Dry,13.43681,52.45692,car + 
195516,Tempelhof-Schöneberg,7040403,Manteuffelstraße,June,12,Sunday,serious,5,Crossing,Daylight,0,1,0,1,0,0,Dry,13.38271,52.46853,car + motorbike + 
195517,Mitte,1033102,Gesundbrunnen,June,12,Friday,minor,5,Turning,Daylight,1,0,0,0,0,1,Dry,13.38391,52.55575,bicycle + other
195518,Mitte,1044101,Rehberge,June,1,Sunday,serious,5,Turning,Night,0,1,0,0,0,0,Dry,13.33564,52.54201,car + 
195519,Steglitz-Zehlendorf,6040809,Thielallee,June,17,Friday,serious,5,Turning,Daylight,1,1,0,0,0,0,Dry,13.30375,52.4587,bicycle + car + 
195520,Lichtenberg,11020411,Malchower Weg,June,2,Sunday,minor,5,Crossing,Night,0,1,0,0,0,0,Dry,13.50034,52.56142,car + 
195521,Neukölln,8020625,Handwerker-Siedlung,June,12,Friday,minor,3,Stationary Traffic,Daylight,1,0,0,0,1,0,Dry,13.43511,52.427,bicycle + truck + 
195522,Reinickendorf,12301203,Wittenau Süd,June,10,Sunday,minor,4,Paralle Traffic,Daylight,0,1,0,0,0,0,Dry,13.33619,52.58578,car + 
195523,Reinickendorf,12301203,Wittenau Süd,June,7,Friday,serious,5,Turning,Daylight,1,0,0,0,1,0,Dry,13.32368,52.58751,bicycle + truck + 
195524,Mitte,1044202,Sparrplatz,June,10,Sunday,minor,5,Turning,Daylight,0,1,0,0,0,0,Dry,13.34504,52.53912,car + 
195525,Mitte,1033102,Gesundbrunnen,June,11,Sunday,minor,5,Crossing,Daylight,0,1,0,0,0,1,Dry,13.38411,52.55584,car + other
195526,Spandau,5010101,Hakenfelde Nord,June,12,Friday,minor,5,Crossing,Daylight,1,1,0,0,0,0,Dry,13.21885,52.55964,bicycle + car + 
195527,Steglitz-Zehlendorf,6030607,Goerzwerke,June,12,Sunday,serious,2,Driving,Daylight,0,1,0,0,0,0,Dry,13.2943,52.41978,car + 
195528,Charlottenburg-Wilmersdorf,4051448,Schaperstraße,June,12,Friday,minor,0,Stationary Traffic,Daylight,0,1,0,1,0,0,Dry,13.3241,52.49648,car + motorbike + 
195529,Lichtenberg,11030618,Fennpfuhl West,June,1,Sunday,minor,0,Driving,Night,0,0,0,1,0,0,Dry,13.4772,52.52415,motorbike + 
195530,Charlottenburg-Wilmersdorf,4041342,Schlangenbader Straße,June,11,Friday,minor,5,Turning,Daylight,0,1,0,1,0,0,Dry,13.30162,52.473,car + motorbike + 
195531,Neukölln,8010301,Reuterkiez,June,0,Sunday,minor,0,Driving,Night,1,0,0,0,0,0,Dry,13.43869,52.48231,bicycle + 
195532,Neukölln,8020727,Buckow Mitte,June,11,Friday,minor,5,Turning,Daylight,1,1,0,0,0,0,Dry,13.42647,52.42061,bicycle + car + 
195533,Friedrichshain-Kreuzberg,2040701,Andreasviertel,June,12,Saturday,minor,5,Crossing,Daylight,0,1,0,0,0,0,Dry,13.4242,52.5136,car + 
195534,Pankow,3071536,Teutoburger Platz,June,18,Saturday,minor,5,Crossing,Daylight,0,1,0,0,0,0,Dry,13.40811,52.53038,car + 
195535,Treptow-Köpenick,9041401,Allende I,June,12,Friday,minor,5,Crossing,Daylight,0,1,0,0,0,1,Dry,13.58643,52.4449,car + other
195536,Pankow,3051017,Rennbahnstraße,June,13,Friday,serious,5,Crossing,Daylight,1,1,0,0,0,0,Dry,13.47665,52.56049,bicycle + car + 
195537,Steglitz-Zehlendorf,6030606,Hindenburgdamm,June,15,Saturday,minor,1,Paralle Traffic,Daylight,1,1,0,0,0,0,Dry,13.32207,52.44445,bicycle + car + 
195538,Marzahn-Hellersdorf,10010206,Ringkolonnaden,June,18,Saturday,serious,5,Crossing,Daylight,1,1,0,0,0,0,Dry,13.57268,52.54989,bicycle + car + 
195539,Treptow-Köpenick,9020802,Köllnische Vorstadt,June,12,Friday,serious,3,Stationary Traffic,Daylight,1,0,0,0,1,0,Dry,13.56907,52.44458,bicycle + truck + 
195540,Tempelhof-Schöneberg,7040401,Neu-Tempelhof,June,15,Saturday,minor,5,Turning,Daylight,1,0,0,0,0,0,Dry,13.38555,52.4782,bicycle + 
195541,Charlottenburg-Wilmersdorf,4020311,Reichsstraße,June,16,Friday,minor,5,Crossing,Daylight,1,1,0,0,0,0,Dry,13.26778,52.51227,bicycle + car + 
195542,Mitte,1022104,Emdener Straße,June,14,Saturday,minor,5,Turning,Daylight,0,1,0,1,0,0,Dry,13.33824,52.52644,car + motorbike + 
195543,Mitte,1044201,Reinickendorfer Straße,June,19,Saturday,minor,2,Stationary Traffic,Daylight,0,1,0,0,0,0,Dry,13.37723,52.55628,car + 
195544,Neukölln,8020727,Buckow Mitte,June,16,Friday,minor,5,Crossing,Daylight,0,1,0,1,0,0,Dry,13.43533,52.41674,car + motorbike + 
195545,Friedrichshain-Kreuzberg,2030301,Oranienplatz,June,19,Saturday,minor,5,Crossing,Daylight,1,1,0,0,0,0,Dry,13.41483,52.5025,bicycle + car + 
195546,Charlottenburg-Wilmersdorf,4030931,Breitscheidplatz,June,13,Saturday,minor,5,Turning,Daylight,1,1,0,0,0,0,Dry,13.33431,52.50545,bicycle + car + 
195547,Pankow,3030405,Karow Nord,June,16,Friday,minor,6,Overtaking,Daylight,0,1,1,0,0,0,Dry,13.48475,52.62176,car + pedestrian + 
195548,Lichtenberg,11051332,Karlshorst Süd,June,19,Saturday,minor,2,Stationary Traffic,Daylight,0,1,0,0,0,0,Dry,13.52507,52.48052,car + 
195549,Treptow-Köpenick,9041501,Altstadt Kietz,June,16,Friday,serious,5,Turning,Daylight,1,1,0,0,0,0,Dry,13.58667,52.44042,bicycle + car + 
195550,Charlottenburg-Wilmersdorf,4020310,Park Ruhwald,June,16,Friday,serious,4,Stationary Traffic,Daylight,1,0,0,0,0,0,Dry,13.27788,52.52656,bicycle + 
195551,Tempelhof-Schöneberg,7020201,Bayerischer Platz,June,19,Saturday,minor,5,Crossing,Daylight,0,1,0,0,0,0,Dry,13.34496,52.48677,car + 
195552,Friedrichshain-Kreuzberg,2010104,Wassertorplatz,June,15,Friday,serious,5,Other,Daylight,0,1,0,0,1,0,Dry,13.41216,52.49852,car + truck + 
195553,Friedrichshain-Kreuzberg,2030302,Lausitzer Platz,June,12,Saturday,serious,5,Turning,Daylight,1,1,0,0,0,0,Dry,13.43491,52.50449,bicycle + car + 
195554,Charlottenburg-Wilmersdorf,4030621,Spreestadt,June,16,Friday,minor,5,Turning,Daylight,1,0,0,1,0,0,Dry,13.32758,52.52067,bicycle + motorbike + 
195555,Steglitz-Zehlendorf,6040806,Fischtal,June,22,Saturday,minor,6,Overtaking,Night,0,1,1,0,0,0,Dry,13.25124,52.45013,car + pedestrian + 
195556,Tempelhof-Schöneberg,7070702,Alt-Lichtenrade/Töpchiner Weg,June,12,Saturday,minor,1,Paralle Traffic,Daylight,0,1,0,0,0,0,Dry,13.41263,52.4026,car + 
195557,Tempelhof-Schöneberg,7010102,Nollendorfplatz,June,16,Friday,minor,1,Paralle Traffic,Daylight,1,1,0,0,0,0,Dry,13.35971,52.49892,bicycle + car + 
195558,Charlottenburg-Wilmersdorf,4041238,Kissinger Straße,June,9,Friday,minor,2,Other,Daylight,0,1,0,0,0,0,Dry,13.29641,52.4849,car + 
195559,Spandau,5010314,Carl-Schurz-Straße,June,11,Saturday,minor,0,Turning,Daylight,0,1,0,0,0,1,Dry,13.20074,52.5386,car + other
195560,Spandau,5010339,Freiheit,June,10,Saturday,minor,5,Turning,Daylight,1,1,0,0,0,0,Dry,13.2475,52.52458,bicycle + car + 
195561,Pankow,3050924,Behaimstraße,June,12,Friday,serious,1,Driving,Daylight,0,1,0,0,0,1,Dry,13.44923,52.55236,car + other
195562,Mitte,1011302,Oranienburger Straße,June,23,Saturday,serious,0,Driving,Night,1,0,0,0,0,0,Dry,13.4007,52.52364,bicycle + 
195563,Friedrichshain-Kreuzberg,2010102,Mehringplatz,June,17,Friday,minor,5,Crossing,Daylight,0,1,0,0,0,0,Dry,13.39712,52.50036,car + 
195564,Neukölln,8020622,Parchimer Allee,June,9,Saturday,minor,5,Other,Daylight,0,1,0,0,0,0,Dry,13.45,52.44555,car + 
195565,Mitte,1033201,Brunnenstraße,June,9,Saturday,serious,5,Turning,Daylight,1,0,0,0,1,0,Dry,13.39589,52.53823,bicycle + truck + 
195566,Neukölln,8010117,Schillerpromenade,June,15,Friday,minor,6,Turning,Daylight,0,1,1,0,0,0,Dry,13.42752,52.4743,car + pedestrian + 
195567,Charlottenburg-Wilmersdorf,4051445,Eisenzahnstraße,May,5,Friday,minor,5,Turning,Daylight,1,1,0,0,0,0,Dry,13.29821,52.49132,bicycle + car + 
195568,Pankow,3050923,Weißenseer Spitze,May,7,Friday,minor,5,Crossing,Daylight,0,1,0,1,0,0,Dry,13.44059,52.55376,car + motorbike + 
195569,Friedrichshain-Kreuzberg,2010102,Mehringplatz,June,23,Friday,serious,5,Crossing,Night,0,1,0,0,0,0,Dry,13.39932,52.50466,car + 
195570,Charlottenburg-Wilmersdorf,4030519,Kaiserin-Augusta-Allee,May,9,Friday,minor,5,Turning,Daylight,1,1,0,0,0,0,Dry,13.30989,52.52578,bicycle + car + 
195571,Lichtenberg,11010103,Dorf Falkenberg,June,15,Friday,minor,5,Turning,Daylight,0,1,0,1,0,0,Dry,13.54434,52.56687,car + motorbike + 
195572,Charlottenburg-Wilmersdorf,4030725,Amtsgerichtsplatz,May,9,Friday,minor,5,Turning,Daylight,0,1,0,0,0,0,Dry,13.3021,52.50795,car + 
195573,Tempelhof-Schöneberg,7050503,Eisenacher Straße,May,15,Friday,minor,2,Stationary Traffic,Daylight,0,1,0,0,0,0,Dry,13.40255,52.44736,car + 
195574,Tempelhof-Schöneberg,7050501,Rathausstraße,June,11,Friday,minor,1,Paralle Traffic,Daylight,1,1,0,0,0,1,Dry,13.38341,52.44542,bicycle + car + other
195575,Pankow,3050923,Weißenseer Spitze,June,11,Friday,minor,2,Driving,Daylight,0,1,0,0,0,0,Dry,13.44277,52.55108,car + 
195576,Reinickendorf,12214423,Mellerbogen,May,15,Friday,minor,5,Crossing,Daylight,0,1,0,0,0,0,Dry,13.31871,52.57416,car + 
195577,Tempelhof-Schöneberg,7040401,Neu-Tempelhof,May,15,Friday,minor,5,Turning,Daylight,1,1,0,0,0,0,Dry,13.38447,52.47157,bicycle + car + 
195578,Charlottenburg-Wilmersdorf,4030416,Klausenerplatz,June,18,Friday,minor,0,Other,Daylight,1,0,0,0,0,0,Dry,13.29382,52.51675,bicycle + 
195579,Treptow-Köpenick,9031001,Bohnsdorf,May,13,Friday,minor,5,Crossing,Daylight,1,1,0,0,0,0,Dry,13.56534,52.3976,bicycle + car + 
195580,Friedrichshain-Kreuzberg,2010104,Wassertorplatz,June,10,Friday,serious,6,Overtaking,Daylight,1,0,1,0,0,0,Dry,13.41705,52.49882,bicycle + pedestrian + 
195581,Reinickendorf,12214424,Scharnweberstraße,May,13,Friday,serious,5,Turning,Daylight,0,1,0,0,0,0,Dry,13.32612,52.56166,car + 
195582,Reinickendorf,12302107,Schorfheidestraße,May,16,Friday,minor,5,Crossing,Daylight,0,1,0,0,0,0,Dry,13.33923,52.59583,car + 
195583,Charlottenburg-Wilmersdorf,5030833,Motardstraße,May,17,Friday,serious,2,Stationary Traffic,Daylight,0,1,0,0,0,0,Dry,13.28203,52.53381,car + 
195584,Reinickendorf,12231102,Frohnau,June,15,Friday,minor,1,Paralle Traffic,Daylight,0,1,0,0,0,0,Dry,13.28247,52.63039,car + 
195585,Treptow-Köpenick,9010202,Köpenicker Landstraße,May,17,Friday,serious,5,Turning,Daylight,1,1,0,0,0,0,Dry,13.48396,52.47416,bicycle + car + 
195586,Pankow,3061131,Falkplatz,June,10,Friday,minor,5,Turning,Daylight,0,1,0,1,0,0,Dry,13.40504,52.54802,car + motorbike + 
195587,Friedrichshain-Kreuzberg,2020206,Graefekiez,May,19,Friday,minor,5,Other,Daylight,1,0,0,0,0,1,Dry,13.41638,52.49126,bicycle + other
195588,Spandau,5030731,Gartenfelder Straße,June,9,Friday,minor,1,Paralle Traffic,Daylight,1,1,0,0,0,1,Dry,13.23248,52.5384,bicycle + car + other
195589,Friedrichshain-Kreuzberg,2020206,Graefekiez,May,19,Friday,minor,0,Stationary Traffic,Daylight,0,1,0,0,0,1,Dry,13.41275,52.49188,car + other
195590,Friedrichshain-Kreuzberg,2030301,Oranienplatz,June,9,Friday,minor,5,Crossing,Daylight,1,1,0,0,0,0,Dry,13.41628,52.50173,bicycle + car + 
195591,Reinickendorf,12214424,Scharnweberstraße,May,20,Friday,minor,5,Turning,Daylight,0,1,0,0,0,0,Wet,13.3277,52.56404,car + 
195592,Treptow-Köpenick,9010402,Johannisthal Ost,June,15,Friday,minor,5,Crossing,Daylight,1,1,0,0,0,0,Dry,13.51065,52.45033,bicycle + car + 
195593,Tempelhof-Schöneberg,7040405,Rathaus Tempelhof,May,21,Friday,minor,2,Stationary Traffic,Night,0,1,0,0,0,1,Wet,13.40043,52.45917,car + other
195594,Tempelhof-Schöneberg,7070703,John-Locke-Straße,June,15,Friday,minor,1,Paralle Traffic,Daylight,1,1,0,0,0,0,Dry,13.40458,52.38667,bicycle + car + 
195595,Friedrichshain-Kreuzberg,2020205,Chamissokiez,May,18,Friday,minor,0,Driving,Daylight,1,0,0,0,0,0,Dry,13.40718,52.48602,bicycle + 
195596,Steglitz-Zehlendorf,6010101,Fichtenberg,May,9,Friday,minor,2,Turning,Daylight,0,1,0,0,0,1,Dry,13.30829,52.45977,car + other
195597,Charlottenburg-Wilmersdorf,4010102,Plötzensee,June,14,Friday,minor,5,Turning,Daylight,1,1,0,0,0,0,Dry,13.32399,52.54241,bicycle + car + 
195598,Treptow-Köpenick,9051801,Rahnsdorf/Hessenwinkel,May,10,Friday,minor,5,Turning,Daylight,1,1,0,0,0,0,Dry,13.69943,52.43585,bicycle + car + 
195599,Charlottenburg-Wilmersdorf,4030620,Alt-Lietzow,June,14,Friday,minor,5,Turning,Daylight,1,1,0,0,0,0,Dry,13.30221,52.51867,bicycle + car + 
195600,Pankow,3071537,Kollwitzplatz,May,12,Friday,minor,2,Stationary Traffic,Daylight,0,1,0,0,0,0,Dry,13.42214,52.53544,car + 
195601,Mitte,1011306,Heine-Viertel Ost,May,12,Friday,minor,0,Other,Daylight,1,0,0,0,0,1,Wet,13.41937,52.50579,bicycle + other
195602,Pankow,3061126,Arnimplatz,June,14,Friday,serious,5,Turning,Daylight,1,1,0,0,0,0,Dry,13.40561,52.55119,bicycle + car + 
195603,Mitte,1044203,Leopoldplatz,May,12,Friday,minor,2,Stationary Traffic,Daylight,0,1,0,0,0,0,Dry,13.35868,52.55373,car + 
195604,Steglitz-Zehlendorf,6020303,Lankwitz Kirche,June,13,Friday,minor,1,Paralle Traffic,Daylight,1,1,0,0,0,0,Dry,13.34692,52.43707,bicycle + car + 
195605,Friedrichshain-Kreuzberg,2030302,Lausitzer Platz,May,12,Friday,minor,2,Stationary Traffic,Daylight,0,1,0,0,0,1,Dry,13.4387,52.50277,car + other
195606,Steglitz-Zehlendorf,6040808,Hüttenweg,June,14,Friday,minor,2,Stationary Traffic,Daylight,0,1,0,0,1,0,Dry,13.27014,52.4501,car + truck + 
195607,Mitte,1011306,Heine-Viertel Ost,May,12,Friday,minor,0,Other,Daylight,0,0,0,1,0,1,Wet,13.41938,52.50575,motorbike + other
195608,Mitte,1044101,Rehberge,June,10,Friday,minor,2,Stationary Traffic,Daylight,0,1,0,0,1,0,Dry,13.33568,52.54209,car + truck + 
195609,Reinickendorf,12301203,Wittenau Süd,May,23,Friday,minor,2,Stationary Traffic,Night,0,1,0,0,0,0,Wet,13.33987,52.58803,car + 
195610,Mitte,1011301,Charitéviertel,May,21,Friday,minor,0,Driving,Night,0,0,0,1,0,0,Wet,13.37937,52.52946,motorbike + 
195611,Mitte,1022106,Elberfelder Straße,June,8,Friday,minor,1,Driving,Daylight,0,1,0,0,0,0,Dry,13.3343,52.52456,car + 
195612,Lichtenberg,11051332,Karlshorst Süd,June,8,Friday,fatal,6,Overtaking,Daylight,0,0,1,0,1,0,Dry,13.52351,52.47895,pedestrian + truck + 
195613,Friedrichshain-Kreuzberg,2010101,Askanischer Platz,May,18,Thursday,minor,6,Other,Daylight,0,1,1,0,0,0,Dry,13.38688,52.50273,car + pedestrian + 
195614,Neukölln,8010406,Treptower Straße Nord,June,16,Thursday,minor,0,Turning,Daylight,1,0,0,0,0,1,Wet,13.456,52.48406,bicycle + other
195615,Tempelhof-Schöneberg,7070704,Nahariyastraße,May,18,Thursday,serious,5,Turning,Daylight,0,1,0,1,0,0,Dry,13.41234,52.39439,car + motorbike + 
195616,Friedrichshain-Kreuzberg,2010102,Mehringplatz,June,18,Thursday,minor,3,Stationary Traffic,Daylight,1,1,0,0,0,0,Dry,13.38814,52.50657,bicycle + car + 
195617,Charlottenburg-Wilmersdorf,4041344,Rüdesheimer Platz,May,17,Thursday,minor,6,Overtaking,Daylight,0,1,1,0,0,0,Dry,13.31447,52.47412,car + pedestrian + 
195618,Marzahn-Hellersdorf,10020519,Boulevard Kastanienallee,May,17,Thursday,serious,5,Crossing,Daylight,1,1,0,0,0,0,Dry,13.60474,52.53226,bicycle + car + 
195619,Reinickendorf,12214527,Alt-Tegel,June,15,Thursday,minor,2,Stationary Traffic,Daylight,0,1,0,0,0,0,Dry,13.29057,52.5816,car + 
195620,Treptow-Köpenick,9041501,Altstadt Kietz,June,7,Thursday,minor,5,Turning,Daylight,1,1,0,0,0,0,Dry,13.57695,52.44435,bicycle + car + 
195621,Pankow,3020209,Niederschönhausen,May,16,Thursday,minor,5,Crossing,Daylight,0,1,0,0,0,0,Dry,13.38821,52.58418,car + 
195622,Marzahn-Hellersdorf,10040828,Kaulsdorf Nord,May,16,Thursday,serious,5,Crossing,Daylight,1,1,0,0,0,0,Dry,13.59905,52.5284,bicycle + car + 
195623,Treptow-Köpenick,9020701,Adlershof West,June,7,Thursday,minor,5,Turning,Daylight,1,1,0,0,0,0,Dry,13.55087,52.42905,bicycle + car + 
195624,Mitte,1022106,Elberfelder Straße,May,18,Thursday,minor,5,Turning,Daylight,1,1,0,0,0,0,Dry,13.33926,52.52585,bicycle + car + 
195625,Spandau,5010102,Goltzstraße,June,6,Thursday,minor,5,Crossing,Daylight,0,1,0,1,0,0,Dry,13.20831,52.562,car + motorbike + 
195626,Reinickendorf,12231102,Frohnau,May,16,Thursday,minor,0,Driving,Daylight,1,0,0,0,0,0,Dry,13.29544,52.64324,bicycle + 
195627,Marzahn-Hellersdorf,10010102,Havemannstraße,May,16,Thursday,minor,5,Other,Daylight,0,1,0,0,0,0,Dry,13.56562,52.57044,car + 
195628,Neukölln,8010508,Weiße Siedlung,June,6,Thursday,minor,5,Turning,Daylight,1,0,0,1,0,0,Dry,13.46437,52.47021,bicycle + motorbike + 
195629,Friedrichshain-Kreuzberg,2040701,Andreasviertel,May,23,Thursday,serious,6,Overtaking,Night,0,1,1,0,0,0,Dry,13.43438,52.50855,car + pedestrian + 
195630,Mitte,1044203,Leopoldplatz,June,21,Thursday,minor,5,Other,Night,1,1,0,0,0,0,Wet,13.36534,52.5571,bicycle + car + 
195631,Neukölln,8010214,Glasower Straße,May,22,Thursday,minor,5,Other,Night,1,1,0,0,0,0,Dry,13.43413,52.46669,bicycle + car + 
195632,Neukölln,8010117,Schillerpromenade,June,21,Thursday,minor,2,Stationary Traffic,Dawn,1,1,0,0,0,0,Wet,13.42833,52.47307,bicycle + car + 
195633,Charlottenburg-Wilmersdorf,4051446,Preußenpark,May,20,Thursday,minor,5,Crossing,Dawn,1,1,0,0,0,0,Dry,13.31512,52.49089,bicycle + car + 
195634,Charlottenburg-Wilmersdorf,4030828,Savignyplatz,June,21,Thursday,minor,6,Overtaking,Dawn,0,1,1,0,0,0,Wet,13.32013,52.50615,car + pedestrian + 
195635,Pankow,3051017,Rennbahnstraße,May,20,Thursday,minor,5,Turning,Dawn,1,1,0,0,0,0,Dry,13.49207,52.55872,bicycle + car + 
195636,Mitte,1022204,Thomasiusstraße,May,19,Thursday,minor,1,Paralle Traffic,Daylight,1,1,0,0,0,0,Dry,13.34493,52.52513,bicycle + car + 
195637,Neukölln,8041038,Waßmannsdorfer Chaussee,June,12,Thursday,serious,6,Turning,Daylight,0,1,1,0,0,0,Dry,13.49562,52.41521,car + pedestrian + 
195638,Pankow,3061228,Erich-Weinert-Straße,June,23,Thursday,minor,5,Crossing,Night,0,1,0,0,0,0,Wet,13.43024,52.55097,car + 
195639,Marzahn-Hellersdorf,10030727,Biesdorf Süd,May,18,Thursday,minor,2,Stationary Traffic,Daylight,1,0,0,0,0,0,Dry,13.56188,52.49382,bicycle + 
195640,Marzahn-Hellersdorf,10040830,Kaulsdorf Süd,May,18,Thursday,minor,5,Crossing,Daylight,0,1,0,0,0,0,Dry,13.57369,52.48496,car + 
195641,Pankow,3030716,Märchenland,June,15,Thursday,minor,0,Other,Daylight,0,1,0,0,0,0,Dry,13.47083,52.58363,car + 
195642,Mitte,1011202,Unter den Linden Nord,May,15,Thursday,minor,3,Stationary Traffic,Daylight,1,1,0,0,0,0,Dry,13.38832,52.51995,bicycle + car + 
195643,Neukölln,8010303,Donaustraße,June,15,Thursday,minor,5,Turning,Daylight,0,1,0,0,0,0,Wet,13.43367,52.48209,car + 
195644,Charlottenburg-Wilmersdorf,4020311,Reichsstraße,May,15,Thursday,minor,5,Crossing,Daylight,0,1,0,0,0,0,Dry,13.26029,52.51653,car + 
195645,Mitte,1022101,Huttenkiez,June,15,Thursday,minor,1,Paralle Traffic,Daylight,1,1,0,0,0,1,Wet,13.32081,52.52582,bicycle + car + other
195646,Pankow,3040508,Rosenthal,May,14,Thursday,minor,2,Turning,Daylight,0,1,0,0,0,0,Dry,13.38502,52.59756,car + 
195647,Tempelhof-Schöneberg,7060601,Marienfelder Allee Nordwest,June,13,Thursday,serious,2,Stationary Traffic,Daylight,1,1,0,0,0,0,Dry,13.36161,52.41579,bicycle + car + 
195648,Charlottenburg-Wilmersdorf,4051549,Rathaus Wilmersdorf,May,14,Thursday,minor,2,Stationary Traffic,Daylight,0,1,0,0,0,0,Dry,13.30821,52.48792,car + 
195649,Lichtenberg,11030721,Rüdigerstraße,June,12,Thursday,serious,6,Turning,Daylight,0,1,1,0,0,0,Dry,13.48587,52.51847,car + pedestrian + 
195650,Lichtenberg,11040926,Weitlingstraße,May,13,Thursday,minor,6,Turning,Daylight,0,0,1,0,0,1,Dry,13.50051,52.51063,pedestrian + other
195651,Friedrichshain-Kreuzberg,2040502,Friedenstraße,June,12,Thursday,minor,5,Turning,Daylight,1,1,0,0,0,0,Dry,13.43655,52.52336,bicycle + car + 
195652,Spandau,5040934,Alt-Gatow,May,13,Thursday,serious,1,Paralle Traffic,Daylight,1,1,0,0,0,0,Dry,13.1819,52.4872,bicycle + car + 
195653,Steglitz-Zehlendorf,6030608,Schweizer Viertel,May,10,Thursday,serious,5,Other,Daylight,0,1,0,1,0,0,Dry,13.30913,52.43087,car + motorbike + 
195654,Mitte,1022205,Zillesiedlung,June,12,Thursday,minor,5,Turning,Daylight,0,1,0,1,0,0,Dry,13.36501,52.52598,car + motorbike + 
195655,Spandau,5020625,Borkumer Straße,May,6,Thursday,serious,1,Paralle Traffic,Daylight,0,1,0,0,0,0,Dry,13.1878,52.52767,car + 
195656,Treptow-Köpenick,9020501,Oberschöneweide West,June,12,Thursday,minor,2,Stationary Traffic,Daylight,0,1,0,0,0,0,Dry,13.51237,52.47077,car + 
195657,Reinickendorf,12214528,Tegeler Forst,May,16,Wednesday,minor,2,Stationary Traffic,Daylight,0,1,0,0,0,0,Dry,13.25204,52.59972,car + 
195658,Friedrichshain-Kreuzberg,2020205,Chamissokiez,June,11,Thursday,serious,5,Other,Daylight,1,1,0,0,0,0,Dry,13.39291,52.48921,bicycle + car + 
195659,Charlottenburg-Wilmersdorf,4010102,Plötzensee,May,18,Wednesday,minor,2,Turning,Daylight,1,1,0,0,0,0,Dry,13.32611,52.53835,bicycle + car + 
195660,Steglitz-Zehlendorf,6040703,Nikolassee,June,11,Thursday,minor,5,Turning,Daylight,0,1,0,1,0,0,Dry,13.22198,52.43079,car + motorbike + 
195661,Friedrichshain-Kreuzberg,2040703,Wriezener Bahnhof/Entwicklungsgebiet,May,18,Wednesday,minor,5,Turning,Daylight,1,0,0,0,0,1,Dry,13.4467,52.50261,bicycle + other
195662,Mitte,1022104,Emdener Straße,May,16,Wednesday,minor,3,Stationary Traffic,Daylight,0,1,0,1,0,0,Dry,13.3432,52.52767,car + motorbike + 
195663,Marzahn-Hellersdorf,10010310,Alt-Marzahn,June,11,Thursday,minor,2,Stationary Traffic,Daylight,0,1,0,0,0,0,Dry,13.56472,52.54475,car + 
195664,Treptow-Köpenick,9051702,Bölschestraße,June,7,Thursday,minor,6,Turning,Daylight,0,1,1,0,0,0,Dry,13.63278,52.45665,car + pedestrian + 
195665,Treptow-Köpenick,9051901,Dammvorstadt,May,23,Wednesday,minor,0,Driving,Night,1,0,0,0,0,0,Dry,13.56707,52.45513,bicycle + 
195666,Charlottenburg-Wilmersdorf,4030622,Richard-Wagner-Straße,May,17,Wednesday,minor,6,Overtaking,Daylight,0,1,1,0,0,0,Dry,13.30488,52.51411,car + pedestrian + 
195667,Friedrichshain-Kreuzberg,2050802,Boxhagener Platz,June,10,Thursday,minor,5,Paralle Traffic,Daylight,0,1,0,1,0,0,Dry,13.45369,52.51227,car + motorbike + 
195668,Mitte,1011204,Leipziger Straße,May,20,Wednesday,minor,0,Turning,Dawn,1,0,0,0,1,0,Dry,13.38991,52.5103,bicycle + truck + 
195669,Charlottenburg-Wilmersdorf,4030621,Spreestadt,June,10,Thursday,minor,2,Turning,Daylight,0,1,0,0,0,0,Dry,13.33575,52.51365,car + 
195670,Charlottenburg-Wilmersdorf,4051653,Prager Platz,May,18,Wednesday,minor,5,Crossing,Daylight,1,1,0,0,0,0,Dry,13.33101,52.49293,bicycle + car + 
195671,Treptow-Köpenick,9010301,Baumschulenstraße,May,18,Wednesday,serious,5,Turning,Daylight,0,1,0,0,0,0,Dry,13.48125,52.46079,car + 
195672,Charlottenburg-Wilmersdorf,4051448,Schaperstraße,June,9,Thursday,minor,6,Turning,Daylight,1,0,1,0,0,0,Dry,13.32452,52.49794,bicycle + pedestrian + 