id,district,lor,street,month,hour,weekday,injury,collision,movement,light_conditions,bicycle,car,pedestrian,motorbike,truck,other_vehicle,road_conditions,longitude,latitude,Combo_type
195673,Friedrichshain-Kreuzberg,2020203,Viktoriapark,May,23,Wednesday,minor,5,Crossing,Night,0,1,0,0,0,0,Dry,13.38795,52.49299,car + 
195674,Lichtenberg,11040926,Weitlingstraße,May,22,Wednesday,minor,5,Turning,Night,0,1,0,0,0,0,Dry,13.48835,52.50213,car + 
195675,Lichtenberg,11010310,Mühlengrund,June,9,Thursday,serious,6,Overtaking,Daylight,0,0,1,0,0,1,Dry,13.50753,52.56426,pedestrian + other
195676,Pankow,3040818,Pankow Süd,May,21,Wednesday,minor,5,Turning,Dawn,1,1,0,0,0,0,Dry,13.42755,52.56794,bicycle + car + 
195677,Pankow,3061332,Helmholtzplatz,May,18,Wednesday,minor,0,Turning,Daylight,0,1,0,1,0,0,Dry,13.41823,52.54652,car + motorbike + 
195678,Charlottenburg-Wilmersdorf,4030929,Hindemithplatz,June,19,Thursday,minor,2,Stationary Traffic,Daylight,1,0,0,1,0,0,Wet,13.31328,52.50226,bicycle + motorbike + 
195679,Mitte,1044203,Leopoldplatz,May,18,Wednesday,minor,5,Turning,Daylight,1,1,0,0,0,0,Dry,13.36686,52.55215,bicycle + car + 
195680,Mitte,1011302,Oranienburger Straße,June,18,Thursday,minor,0,Driving,Daylight,1,0,0,0,0,0,Wet,13.40298,52.52442,bicycle + 
195681,Spandau,5020625,Borkumer Straße,May,15,Wednesday,minor,6,Turning,Daylight,0,1,1,0,0,0,Dry,13.19758,52.5317,car + pedestrian + 
195682,Mitte,1011302,Oranienburger Straße,June,18,Thursday,minor,0,Crossing,Daylight,1,0,0,1,0,0,Wet,13.39567,52.52899,bicycle + motorbike + 
195683,Marzahn-Hellersdorf,10040830,Kaulsdorf Süd,May,18,Wednesday,minor,5,Crossing,Daylight,1,1,0,0,0,0,Dry,13.57667,52.49397,bicycle + car + 
195684,Spandau,5010314,Carl-Schurz-Straße,June,18,Thursday,minor,0,Turning,Daylight,1,1,0,0,0,0,Wet,13.19529,52.53553,bicycle + car + 
195685,Steglitz-Zehlendorf,6010101,Fichtenberg,May,9,Wednesday,serious,3,Stationary Traffic,Daylight,0,1,0,1,0,0,Dry,13.31824,52.45437,car + motorbike + 
195686,Friedrichshain-Kreuzberg,2030302,Lausitzer Platz,May,11,Wednesday,minor,5,Crossing,Daylight,1,1,0,0,0,0,Dry,13.43006,52.50353,bicycle + car + 
195687,Mitte,1011201,Wilhelmstraße,June,18,Thursday,serious,5,Crossing,Dawn,1,1,0,0,0,0,Wet,13.39046,52.5077,bicycle + car + 
195688,Reinickendorf,12302109,Treuenbrietzener Straße,June,18,Thursday,minor,5,Turning,Daylight,1,1,0,0,0,0,Wet,13.35836,52.60141,bicycle + car + 
195689,Charlottenburg-Wilmersdorf,4051446,Preußenpark,May,18,Wednesday,minor,2,Stationary Traffic,Daylight,0,1,0,0,0,0,Dry,13.30704,52.49941,car + 
195690,Charlottenburg-Wilmersdorf,4041136,Hagenplatz,May,11,Wednesday,minor,5,Turning,Daylight,0,1,0,0,1,0,Dry,13.27881,52.47769,car + truck + 
195691,Steglitz-Zehlendorf,6040806,Fischtal,June,18,Thursday,serious,6,Overtaking,Daylight,0,1,1,0,0,0,Wet,13.25189,52.44851,car + pedestrian + 
195692,Tempelhof-Schöneberg,7010102,Nollendorfplatz,May,11,Wednesday,minor,5,Other,Daylight,0,1,0,0,0,0,Dry,13.35394,52.50013,car + 
195693,Mitte,1011301,Charitéviertel,June,18,Thursday,minor,0,Driving,Daylight,0,0,0,1,0,0,Wet,13.37584,52.52844,motorbike + 
195694,Spandau,5010314,Carl-Schurz-Straße,May,11,Wednesday,minor,5,Turning,Daylight,0,1,0,1,0,0,Dry,13.19852,52.5397,car + motorbike + 
195695,Friedrichshain-Kreuzberg,2030301,Oranienplatz,June,17,Thursday,serious,6,Overtaking,Daylight,0,0,1,1,0,0,Wet,13.41836,52.49998,pedestrian + motorbike + 
195696,Friedrichshain-Kreuzberg,2040703,Wriezener Bahnhof/Entwicklungsgebiet,May,12,Wednesday,minor,1,Paralle Traffic,Daylight,1,1,0,0,0,1,Dry,13.44227,52.50416,bicycle + car + other
195697,Reinickendorf,12224230,Heiligensee,June,16,Thursday,serious,0,Driving,Daylight,1,0,0,0,0,0,Wet,13.24688,52.62225,bicycle + 
195698,Treptow-Köpenick,9010302,Späthsfelde,May,17,Wednesday,minor,2,Stationary Traffic,Daylight,1,1,0,0,0,0,Dry,13.47565,52.45636,bicycle + car + 
195699,Charlottenburg-Wilmersdorf,4020311,Reichsstraße,May,17,Wednesday,serious,6,Overtaking,Daylight,0,1,1,0,0,0,Dry,13.26089,52.51699,car + pedestrian + 
195700,Mitte,1022102,Beusselkiez,June,16,Thursday,minor,6,Overtaking,Daylight,0,1,1,0,0,0,Wet,13.32806,52.52586,car + pedestrian + 
195701,Tempelhof-Schöneberg,7050505,Hundsteinweg,June,15,Thursday,minor,1,Paralle Traffic,Daylight,0,1,0,0,0,0,Wet,13.38888,52.43921,car + 
195702,Steglitz-Zehlendorf,6020410,Oberhofer Platz,May,17,Wednesday,minor,5,Crossing,Daylight,0,1,0,0,0,1,Dry,13.32746,52.42272,car + other
195703,Charlottenburg-Wilmersdorf,4030417,Schloßstraße,June,17,Thursday,minor,5,Crossing,Daylight,1,1,0,0,0,0,Dry,13.30099,52.51525,bicycle + car + 
195704,Mitte,1033101,Soldiner Straße,June,17,Thursday,minor,4,Stationary Traffic,Daylight,0,0,0,1,1,0,Dry,13.37698,52.55733,motorbike + truck + 
195705,Charlottenburg-Wilmersdorf,4030519,Kaiserin-Augusta-Allee,June,17,Thursday,minor,5,Crossing,Daylight,0,1,0,0,0,0,Dry,13.2957,52.53037,car + 
195706,Reinickendorf,12103219,Schäfersee,June,17,Thursday,minor,5,Crossing,Daylight,1,1,0,0,0,0,Dry,13.36189,52.56859,bicycle + car + 
195707,Mitte,1011306,Heine-Viertel Ost,June,16,Thursday,minor,5,Crossing,Daylight,0,1,0,0,0,1,Dry,13.42198,52.50508,car + other
195708,Steglitz-Zehlendorf,6030504,Teltower Damm,June,16,Thursday,minor,5,Turning,Daylight,1,1,0,0,0,0,Dry,13.27901,52.43094,bicycle + car + 
195709,Charlottenburg-Wilmersdorf,4030620,Alt-Lietzow,June,16,Thursday,serious,5,Crossing,Daylight,1,1,0,0,0,0,Dry,13.31335,52.51518,bicycle + car + 
195710,Pankow,3010102,Buch,June,16,Thursday,minor,5,Turning,Daylight,1,1,0,0,0,0,Dry,13.4973,52.63433,bicycle + car + 
195711,Mitte,1011301,Charitéviertel,June,16,Thursday,minor,5,Turning,Daylight,0,1,0,1,0,0,Dry,13.38061,52.53253,car + motorbike + 
195712,Marzahn-Hellersdorf,10020621,Gelbes Viertel,June,20,Thursday,minor,2,Stationary Traffic,Daylight,0,1,0,1,0,0,Dry,13.59072,52.52944,car + motorbike + 
195713,Friedrichshain-Kreuzberg,2050801,Traveplatz,June,20,Thursday,minor,5,Crossing,Daylight,1,1,0,0,0,0,Dry,13.47392,52.51017,bicycle + car + 
195714,Friedrichshain-Kreuzberg,2050601,Hausburgviertel,June,19,Thursday,minor,5,Crossing,Daylight,1,1,0,0,0,0,Dry,13.45227,52.52746,bicycle + car + 
195715,Lichtenberg,11040926,Weitlingstraße,June,19,Thursday,minor,2,Turning,Daylight,0,1,0,0,0,0,Dry,13.48661,52.50239,car + 
195716,Spandau,5020626,Adamstraße,June,19,Thursday,minor,1,Paralle Traffic,Daylight,0,1,0,0,0,1,Dry,13.19698,52.52104,car + other
195717,Marzahn-Hellersdorf,10020412,Alte Hellersdorfer Straße,June,18,Thursday,minor,2,Stationary Traffic,Daylight,0,1,0,0,0,1,Dry,13.598,52.54756,car + other
195718,Steglitz-Zehlendorf,6040810,Dahlem,June,18,Thursday,minor,0,Other,Daylight,1,0,0,0,0,0,Dry,13.27849,52.46816,bicycle + 
195719,Mitte,1022104,Emdener Straße,June,18,Thursday,minor,5,Crossing,Daylight,1,1,0,0,0,0,Dry,13.34354,52.53218,bicycle + car + 
195720,Mitte,1011401,Invalidenstraße,June,18,Thursday,minor,0,Driving,Daylight,1,0,0,0,0,0,Dry,13.39877,52.53259,bicycle + 
195721,Tempelhof-Schöneberg,7060604,Marienfelde Süd,June,18,Thursday,minor,0,Turning,Daylight,1,1,0,0,0,0,Dry,13.34805,52.41478,bicycle + car + 
195722,Treptow-Köpenick,9020502,Oberschöneweide Ost,June,15,Thursday,minor,6,Other,Daylight,1,0,1,0,0,0,Dry,13.52336,52.46276,bicycle + pedestrian + 
195723,Treptow-Köpenick,9051901,Dammvorstadt,June,17,Thursday,minor,2,Stationary Traffic,Daylight,0,1,0,1,0,0,Dry,13.55849,52.45396,car + motorbike + 
195724,Friedrichshain-Kreuzberg,2050602,Samariterviertel,June,15,Thursday,minor,6,Overtaking,Daylight,0,1,1,0,0,0,Dry,13.46207,52.51902,car + pedestrian + 
195725,Treptow-Köpenick,9020501,Oberschöneweide West,June,15,Thursday,minor,2,Stationary Traffic,Daylight,0,1,0,0,0,0,Dry,13.51258,52.46277,car + 
195726,Friedrichshain-Kreuzberg,2010104,Wassertorplatz,June,15,Thursday,minor,5,Other,Daylight,0,1,0,0,0,0,Dry,13.4105,52.49845,car + 
195727,Marzahn-Hellersdorf,10010203,Gewerbegebiet Bitterfelder Straße,June,6,Thursday,serious,5,Turning,Daylight,1,1,0,0,0,0,Dry,13.54522,52.5536,bicycle + car + 
195728,Pankow,3040614,Pankow Zentrum,June,7,Thursday,serious,5,Crossing,Daylight,1,1,0,0,0,0,Dry,13.41395,52.58297,bicycle + car + 
195729,Mitte,1011102,Großer Tiergarten,June,14,Thursday,minor,6,Overtaking,Daylight,0,1,1,0,0,0,Dry,13.34743,52.51558,car + pedestrian + 
195730,Lichtenberg,11051229,Rummelsburg,June,7,Thursday,minor,3,Stationary Traffic,Daylight,0,1,0,1,0,0,Wet,13.4752,52.50155,car + motorbike + 
195731,Friedrichshain-Kreuzberg,2030402,Wrangelkiez,June,7,Thursday,minor,3,Stationary Traffic,Daylight,1,0,0,0,0,1,Dry,13.44405,52.49998,bicycle + other
195732,Steglitz-Zehlendorf,6010205,Südende,June,7,Thursday,minor,3,Stationary Traffic,Daylight,0,1,0,1,0,0,Dry,13.35371,52.44741,car + motorbike + 
195733,Steglitz-Zehlendorf,6030503,Zehlendorf Mitte,June,7,Thursday,serious,5,Turning,Daylight,0,1,0,1,0,0,Wet,13.25074,52.43506,car + motorbike + 
195734,Mitte,1044201,Reinickendorfer Straße,June,8,Thursday,minor,5,Crossing,Daylight,1,1,0,0,0,0,Dry,13.36817,52.55006,bicycle + car + 
195735,Lichtenberg,11020412,Hauptstraße,June,8,Thursday,minor,6,Overtaking,Daylight,0,1,1,0,0,0,Dry,13.51614,52.54499,car + pedestrian + 
195736,Treptow-Köpenick,9010101,Elsenstraße,June,8,Thursday,minor,5,Turning,Daylight,1,1,0,0,0,0,Dry,13.45406,52.4889,bicycle + car + 
195737,Treptow-Köpenick,9020501,Oberschöneweide West,June,9,Thursday,minor,5,Turning,Daylight,1,1,0,0,0,0,Dry,13.50918,52.47342,bicycle + car + 
195738,Mitte,1011203,Unter den Linden Süd,June,14,Thursday,minor,5,Other,Daylight,0,1,0,1,0,0,Dry,13.39463,52.51511,car + motorbike + 
195739,Mitte,1011202,Unter den Linden Nord,June,10,Thursday,minor,5,Crossing,Daylight,1,1,0,0,0,0,Dry,13.38044,52.51809,bicycle + car + 
195740,Lichtenberg,11041128,Sewanstraße,June,10,Thursday,serious,5,Crossing,Daylight,1,0,0,0,1,0,Dry,13.52461,52.49603,bicycle + truck + 
195741,Charlottenburg-Wilmersdorf,4041136,Hagenplatz,June,12,Thursday,minor,2,Stationary Traffic,Daylight,1,1,0,0,0,0,Dry,13.2718,52.47984,bicycle + car + 
195742,Pankow,3051022,Hansastraße,June,12,Thursday,minor,1,Paralle Traffic,Daylight,1,1,0,0,0,0,Dry,13.46787,52.55146,bicycle + car + 
195743,Friedrichshain-Kreuzberg,2020204,Urbanstraße,June,12,Thursday,minor,0,Crossing,Daylight,1,0,0,0,1,0,Dry,13.39781,52.49539,bicycle + truck + 
195744,Charlottenburg-Wilmersdorf,4030726,Droysenstraße,June,8,Thursday,serious,0,Driving,Daylight,1,0,0,0,0,0,Dry,13.30379,52.49931,bicycle + 
195745,Charlottenburg-Wilmersdorf,4020208,Kranzallee,June,16,Thursday,minor,5,Crossing,Daylight,1,0,0,0,0,1,Dry,13.22868,52.50425,bicycle + other
195746,Steglitz-Zehlendorf,6030610,Lichterfelde West,June,15,Wednesday,minor,6,Other,Daylight,0,0,1,1,0,0,Dry,13.2892,52.43521,pedestrian + motorbike + 
195747,Mitte,1033202,Humboldthain Süd,June,11,Wednesday,minor,6,Overtaking,Daylight,1,0,1,0,0,0,Dry,13.39023,52.53554,bicycle + pedestrian + 
195748,Mitte,1011301,Charitéviertel,June,19,Wednesday,minor,0,Driving,Daylight,0,0,0,1,0,0,Wet,13.38258,52.53045,motorbike + 
195749,Neukölln,8010509,Schulenburgpark,June,19,Wednesday,minor,0,Driving,Dawn,1,0,0,0,0,0,Wet,13.47314,52.46456,bicycle + 
195750,Pankow,3010102,Buch,June,11,Wednesday,serious,4,Stationary Traffic,Daylight,0,1,0,0,1,0,Dry,13.50632,52.63624,car + truck + 
195751,Friedrichshain-Kreuzberg,2020203,Viktoriapark,June,8,Wednesday,minor,0,Driving,Daylight,0,0,0,1,0,0,Wet,13.3767,52.48922,motorbike + 
195752,Mitte,1033102,Gesundbrunnen,June,23,Wednesday,minor,0,Turning,Night,1,1,0,0,0,0,Wet,13.39148,52.55549,bicycle + car + 
195753,Mitte,1033203,Humboldthain Nordwest,June,22,Wednesday,minor,0,Crossing,Night,0,1,0,1,0,0,Wet,13.3733,52.53804,car + motorbike + 
195754,Reinickendorf,12302108,Märkisches Zentrum,June,22,Wednesday,minor,5,Crossing,Night,0,1,0,0,0,0,Wet,13.34114,52.60009,car + 
195755,Steglitz-Zehlendorf,6010206,Stadtpark,June,15,Wednesday,minor,5,Turning,Daylight,0,1,0,1,0,0,Dry,13.33866,52.44902,car + motorbike + 
195756,Marzahn-Hellersdorf,10020412,Alte Hellersdorfer Straße,June,15,Wednesday,serious,6,Overtaking,Daylight,0,1,1,0,0,0,Dry,13.59189,52.54567,car + pedestrian + 
195757,Tempelhof-Schöneberg,7040405,Rathaus Tempelhof,June,15,Wednesday,minor,0,Other,Daylight,0,1,0,0,0,1,Dry,13.39416,52.45669,car + other
195758,Mitte,1011201,Wilhelmstraße,June,16,Wednesday,minor,6,Overtaking,Daylight,1,0,1,0,0,0,Dry,13.37897,52.50703,bicycle + pedestrian + 
195759,Treptow-Köpenick,9051901,Dammvorstadt,June,18,Wednesday,minor,5,Turning,Daylight,1,1,0,0,0,0,Wet,13.57718,52.45577,bicycle + car + 
195760,Treptow-Köpenick,9020802,Köllnische Vorstadt,June,18,Wednesday,minor,6,Overtaking,Daylight,0,1,1,0,0,0,Wet,13.56412,52.43821,car + pedestrian + 
195761,Charlottenburg-Wilmersdorf,4030620,Alt-Lietzow,June,18,Wednesday,minor,5,Crossing,Daylight,1,1,0,0,0,0,Wet,13.30193,52.52129,bicycle + car + 
195762,Lichtenberg,11030824,Frankfurter Allee Süd,June,19,Wednesday,minor,0,Other,Daylight,0,1,0,0,0,0,Wet,13.49162,52.51145,car + 
195763,Neukölln,8010405,Hertzbergplatz,June,18,Wednesday,minor,5,Turning,Daylight,0,0,0,1,0,1,Dry,13.45068,52.48006,motorbike + other
195764,Spandau,5010206,Gütersloher Weg,June,17,Wednesday,minor,6,Overtaking,Daylight,1,0,1,0,0,0,Dry,13.15468,52.55327,bicycle + pedestrian + 
195765,Pankow,3061430,Volkspark Prenzlauer Berg,June,16,Wednesday,minor,6,Overtaking,Daylight,1,0,1,0,0,0,Dry,13.45646,52.53016,bicycle + pedestrian + 
195766,Pankow,3040818,Pankow Süd,June,16,Wednesday,minor,5,Crossing,Daylight,0,1,0,0,0,1,Dry,13.42756,52.56794,car + other
195767,Neukölln,8010303,Donaustraße,June,22,Wednesday,minor,2,Stationary Traffic,Night,0,1,0,0,0,0,Wet,13.42422,52.48669,car + 
195768,Pankow,3050920,Weißer See,June,20,Wednesday,minor,5,Crossing,Dawn,1,1,0,0,0,0,Wet,13.45271,52.55187,bicycle + car + 
195769,Spandau,5020626,Adamstraße,June,16,Wednesday,minor,2,Stationary Traffic,Daylight,0,1,0,0,0,0,Dry,13.17809,52.52547,car + 
195770,Mitte,1011201,Wilhelmstraße,June,20,Wednesday,minor,1,Paralle Traffic,Daylight,1,1,0,0,0,0,Wet,13.38076,52.5137,bicycle + car + 
195771,Mitte,1033201,Brunnenstraße,June,19,Wednesday,serious,5,Other,Daylight,0,1,0,0,0,1,Wet,13.39541,52.53915,car + other
195772,Neukölln,8030829,Gropiusstadt Nord,June,18,Wednesday,minor,0,Driving,Dawn,1,0,0,0,0,0,Wet,13.45834,52.4312,bicycle + 
195773,Mitte,1011302,Oranienburger Straße,June,10,Wednesday,minor,1,Paralle Traffic,Daylight,1,1,0,0,0,1,Dry,13.40323,52.52484,bicycle + car + other
195774,Steglitz-Zehlendorf,6030610,Lichterfelde West,June,13,Wednesday,minor,5,Turning,Daylight,1,1,0,0,0,0,Dry,13.30727,52.43327,bicycle + car + 
195775,Spandau,5010311,Eiswerder,June,14,Wednesday,minor,5,Turning,Daylight,1,1,0,0,0,0,Dry,13.20973,52.54781,bicycle + car + 
195776,Steglitz-Zehlendorf,6040703,Nikolassee,June,14,Wednesday,minor,5,Crossing,Daylight,0,1,0,0,0,0,Dry,13.20746,52.43183,car + 
195777,Friedrichshain-Kreuzberg,2010103,Moritzplatz,June,12,Wednesday,minor,2,Stationary Traffic,Daylight,1,1,0,0,0,0,Dry,13.41369,52.50043,bicycle + car + 
195778,Friedrichshain-Kreuzberg,2030402,Wrangelkiez,June,13,Wednesday,minor,5,Turning,Daylight,0,1,0,1,0,0,Dry,13.4474,52.49813,car + motorbike + 
195779,Mitte,1022201,Stephankiez,June,13,Wednesday,minor,5,Crossing,Daylight,1,1,0,0,0,0,Dry,13.35105,52.5298,bicycle + car + 
195780,Charlottenburg-Wilmersdorf,4020313,Königin-Elisabeth-Straße,June,13,Wednesday,minor,5,Crossing,Daylight,1,1,0,0,0,0,Dry,13.28147,52.51146,bicycle + car + 
195781,Steglitz-Zehlendorf,6020305,Gemeindepark Lankwitz,June,15,Wednesday,minor,5,Turning,Daylight,1,1,0,0,0,0,Dry,13.34806,52.42391,bicycle + car + 
195782,Charlottenburg-Wilmersdorf,4051653,Prager Platz,June,15,Wednesday,minor,2,Stationary Traffic,Daylight,0,1,0,0,0,0,Dry,13.33098,52.49403,car + 
195783,Charlottenburg-Wilmersdorf,4030724,Lietzensee,June,12,Wednesday,serious,5,Crossing,Daylight,1,1,0,0,0,0,Dry,13.29293,52.50932,bicycle + car + 
195784,Steglitz-Zehlendorf,6020410,Oberhofer Platz,June,13,Wednesday,minor,2,Stationary Traffic,Daylight,0,1,0,0,0,0,Dry,13.3375,52.41674,car + 
195785,Pankow,3051021,Buschallee,June,10,Wednesday,minor,5,Other,Daylight,0,1,0,0,0,1,Dry,13.47761,52.55574,car + other
195786,Mitte,1044201,Reinickendorfer Straße,June,19,Wednesday,minor,3,Stationary Traffic,Daylight,0,1,0,0,0,0,Wet,13.38066,52.55268,car + 
195787,Friedrichshain-Kreuzberg,2020206,Graefekiez,June,19,Wednesday,minor,0,Paralle Traffic,Daylight,1,1,0,0,0,0,Wet,13.41061,52.49082,bicycle + car + 
195788,Lichtenberg,11030619,Fennpfuhl Ost,June,4,Wednesday,minor,0,Other,Dawn,0,0,0,1,0,1,Wet,13.47949,52.52689,motorbike + other
195789,Charlottenburg-Wilmersdorf,4041344,Rüdesheimer Platz,June,5,Wednesday,minor,0,Crossing,Daylight,0,1,0,1,0,0,Wet,13.32003,52.47434,car + motorbike + 
195790,Mitte,1011203,Unter den Linden Süd,June,6,Wednesday,minor,5,Crossing,Daylight,0,1,0,0,0,0,Wet,13.39164,52.51222,car + 
195791,Treptow-Köpenick,9020502,Oberschöneweide Ost,June,6,Wednesday,minor,5,Crossing,Daylight,0,1,0,0,0,0,Dry,13.52054,52.46542,car + 
195792,Marzahn-Hellersdorf,10010308,Marzahner Chaussee,June,10,Wednesday,minor,5,Crossing,Daylight,1,1,0,0,0,0,Dry,13.51947,52.53538,bicycle + car + 
195793,Charlottenburg-Wilmersdorf,4030621,Spreestadt,June,6,Wednesday,minor,2,Other,Daylight,0,0,0,1,1,0,Wet,13.32758,52.52066,motorbike + truck + 
195794,Charlottenburg-Wilmersdorf,4051445,Eisenzahnstraße,June,7,Wednesday,minor,5,Other,Daylight,0,1,0,0,0,0,Dry,13.30797,52.48847,car + 
195795,Lichtenberg,11030619,Fennpfuhl Ost,June,7,Wednesday,minor,5,Turning,Daylight,1,1,0,0,0,0,Dry,13.48181,52.52679,bicycle + car + 
195796,Spandau,5020522,Pillnitzer Weg,June,8,Wednesday,minor,5,Turning,Daylight,1,1,0,0,0,0,Wet,13.1616,52.52354,bicycle + car + 
195797,Friedrichshain-Kreuzberg,2020204,Urbanstraße,June,9,Wednesday,minor,3,Stationary Traffic,Daylight,1,0,0,0,0,0,Dry,13.39247,52.49603,bicycle + 
195798,Mitte,1011303,Alexanderplatzviertel,June,9,Wednesday,minor,5,Turning,Daylight,1,1,0,0,0,0,Dry,13.40975,52.52402,bicycle + car + 
195799,Treptow-Köpenick,9041501,Altstadt Kietz,June,9,Wednesday,minor,2,Stationary Traffic,Daylight,0,1,0,0,1,0,Dry,13.58047,52.4434,car + truck + 
195800,Friedrichshain-Kreuzberg,2030301,Oranienplatz,June,9,Wednesday,minor,5,Turning,Daylight,0,1,0,1,0,0,Dry,13.4215,52.49816,car + motorbike + 
195801,Steglitz-Zehlendorf,6030605,Botanischer Garten,June,8,Wednesday,minor,5,Crossing,Daylight,1,1,0,0,0,0,Dry,13.29383,52.44559,bicycle + car + 
195802,Charlottenburg-Wilmersdorf,4030519,Kaiserin-Augusta-Allee,June,9,Wednesday,minor,6,Overtaking,Daylight,0,1,1,0,0,0,Dry,13.3061,52.52649,car + pedestrian + 
195803,Pankow,3061441,Eldenaer Straße,June,8,Wednesday,minor,1,Paralle Traffic,Daylight,0,1,0,0,0,0,Dry,13.46734,52.52299,car + 
195804,Pankow,3061228,Erich-Weinert-Straße,June,9,Wednesday,minor,2,Stationary Traffic,Daylight,1,0,0,0,0,1,Dry,13.43122,52.55094,bicycle + other
195805,Tempelhof-Schöneberg,7040404,Marienhöhe,June,8,Wednesday,minor,6,Overtaking,Daylight,1,0,1,0,0,0,Dry,13.376,52.45497,bicycle + pedestrian + 
195806,Reinickendorf,12302108,Märkisches Zentrum,June,8,Wednesday,minor,5,Crossing,Daylight,0,1,0,0,0,1,Dry,13.34134,52.59999,car + other
195807,Charlottenburg-Wilmersdorf,4030929,Hindemithplatz,June,8,Wednesday,minor,0,Driving,Daylight,0,0,0,1,0,0,Dry,13.30791,52.50001,motorbike + 
195808,Pankow,3040512,Wilhelmsruh,June,15,Tuesday,minor,2,Stationary Traffic,Daylight,0,1,0,0,0,0,Dry,13.38216,52.59113,car + 
195809,Mitte,1044201,Reinickendorfer Straße,June,18,Tuesday,minor,2,Stationary Traffic,Daylight,1,1,0,0,0,0,Dry,13.37938,52.55286,bicycle + car + 
195810,Mitte,1033102,Gesundbrunnen,June,14,Tuesday,minor,6,Other,Daylight,1,0,1,0,0,0,Dry,13.39008,52.55334,bicycle + pedestrian + 
195811,Neukölln,8010302,Bouchéstraße,June,14,Tuesday,minor,2,Stationary Traffic,Daylight,0,1,0,0,0,0,Dry,13.44024,52.48951,car + 
195812,Mitte,1011102,Großer Tiergarten,June,12,Tuesday,minor,6,Other,Daylight,1,0,1,0,0,0,Dry,13.37592,52.51957,bicycle + pedestrian + 
195813,Spandau,5020523,Maulbeerallee,June,19,Tuesday,minor,5,Crossing,Daylight,0,1,0,0,0,0,Dry,13.17468,52.52021,car + 
195814,Mitte,1011204,Leipziger Straße,June,18,Tuesday,minor,2,Stationary Traffic,Daylight,1,1,0,0,0,0,Dry,13.39033,52.50786,bicycle + car + 
195815,Pankow,3061126,Arnimplatz,June,17,Tuesday,minor,2,Stationary Traffic,Daylight,0,0,0,1,1,0,Dry,13.41405,52.55363,motorbike + truck + 
195816,Mitte,1044202,Sparrplatz,June,18,Tuesday,minor,0,Other,Daylight,0,1,0,0,0,1,Dry,13.351,52.54106,car + other
195817,Spandau,5020627,Tiefwerder,June,18,Tuesday,minor,2,Stationary Traffic,Daylight,0,1,0,0,0,0,Dry,13.21192,52.52736,car + 
195818,Friedrichshain-Kreuzberg,2040702,Weberwiese,June,18,Tuesday,minor,5,Crossing,Daylight,0,1,0,0,0,0,Dry,13.4466,52.51133,car + 
195819,Charlottenburg-Wilmersdorf,4030930,George-Grosz-Platz,June,18,Tuesday,minor,6,Turning,Daylight,0,1,1,0,0,0,Dry,13.31505,52.50106,car + pedestrian + 
195820,Lichtenberg,11041128,Sewanstraße,June,17,Tuesday,serious,5,Crossing,Daylight,1,0,0,0,0,0,Dry,13.52005,52.50479,bicycle + 
195821,Pankow,3061131,Falkplatz,June,17,Tuesday,minor,6,Overtaking,Daylight,1,0,1,0,0,0,Dry,13.40952,52.54735,bicycle + pedestrian + 
195822,Mitte,1011105,Nördlicher Landwehrkanal,June,17,Tuesday,minor,5,Turning,Daylight,1,1,0,0,0,0,Dry,13.3591,52.50986,bicycle + car + 
195823,Mitte,1033203,Humboldthain Nordwest,June,17,Tuesday,minor,2,Stationary Traffic,Daylight,0,1,0,0,0,0,Dry,13.37563,52.54033,car + 
195824,Lichtenberg,11051331,Karlshorst Nord,June,16,Tuesday,minor,6,Other,Daylight,1,0,1,0,0,0,Dry,13.52702,52.48733,bicycle + pedestrian + 
195825,Treptow-Köpenick,9051901,Dammvorstadt,June,15,Tuesday,minor,5,Turning,Daylight,0,1,0,1,0,0,Dry,13.58015,52.45553,car + motorbike + 
195826,Neukölln,8010211,Flughafenstraße,June,15,Tuesday,minor,2,Other,Daylight,0,1,0,1,0,0,Dry,13.42426,52.48524,car + motorbike + 
195827,Tempelhof-Schöneberg,7060601,Marienfelder Allee Nordwest,June,10,Monday,serious,8,Driving,Daylight,0,1,0,0,0,0,Dry,13.35965,52.41904,car + 
195828,Charlottenburg-Wilmersdorf,4051653,Prager Platz,June,15,Tuesday,minor,2,Stationary Traffic,Daylight,0,1,0,0,0,0,Dry,13.33103,52.49497,car + 
195829,Lichtenberg,11040926,Weitlingstraße,June,8,Monday,minor,0,Other,Daylight,0,0,0,1,1,0,Wet,13.49788,52.50092,motorbike + truck + 
195830,Reinickendorf,12214424,Scharnweberstraße,June,14,Tuesday,minor,1,Paralle Traffic,Daylight,1,1,0,0,0,1,Dry,13.32624,52.56455,bicycle + car + other
195831,Pankow,3040818,Pankow Süd,June,10,Monday,minor,0,Driving,Daylight,1,0,0,0,0,0,Dry,13.41848,52.56896,bicycle + 
195832,Treptow-Köpenick,9010301,Baumschulenstraße,June,14,Tuesday,minor,5,Turning,Daylight,0,1,0,0,0,0,Dry,13.48126,52.4608,car + 
195833,Friedrichshain-Kreuzberg,2020204,Urbanstraße,June,19,Monday,minor,5,Turning,Daylight,1,1,0,0,0,0,Dry,13.39501,52.49633,bicycle + car + 
195834,Spandau,5020418,Spandauer Straße,June,19,Monday,minor,2,Other,Daylight,0,0,0,1,0,1,Dry,13.14505,52.53483,motorbike + other
195835,Spandau,5030731,Gartenfelder Straße,June,14,Tuesday,minor,1,Paralle Traffic,Daylight,1,1,0,0,0,0,Dry,13.23699,52.54216,bicycle + car + 
195836,Reinickendorf,12302211,Lübarser Straße,June,13,Tuesday,minor,3,Stationary Traffic,Daylight,0,1,0,1,0,0,Dry,13.33463,52.60361,car + motorbike + 