id,district,lor,street,month,hour,weekday,injury,collision,movement,light_conditions,bicycle,car,pedestrian,motorbike,truck,other_vehicle,road_conditions,longitude,latitude,Combo_type
195837,Mitte,1044201,Reinickendorfer Straße,June,19,Monday,minor,5,Turning,Daylight,1,1,0,0,0,0,Dry,13.3698,52.55295,bicycle + car + 
195838,Friedrichshain-Kreuzberg,2040701,Andreasviertel,June,21,Monday,serious,9,Driving,Dawn,0,0,0,1,0,0,Dry,13.42777,52.51799,motorbike + 
195839,Lichtenberg,11010207,Wartenberg Nord,June,17,Tuesday,minor,8,Driving,Daylight,0,1,0,0,0,0,Dry,13.50368,52.57573,car + 
195840,Pankow,3061131,Falkplatz,June,18,Monday,serious,0,Driving,Daylight,0,0,0,1,0,0,Dry,13.40797,52.5418,motorbike + 
195841,Mitte,1011101,Stülerstraße,June,9,Tuesday,minor,3,Stationary Traffic,Daylight,1,0,0,0,0,1,Dry,13.34087,52.50527,bicycle + other
195842,Marzahn-Hellersdorf,10040932,Alt-Mahlsdorf,June,18,Monday,minor,5,Crossing,Daylight,0,1,0,0,0,1,Dry,13.61315,52.50551,car + other
195843,Steglitz-Zehlendorf,6030608,Schweizer Viertel,June,18,Monday,minor,5,Crossing,Daylight,1,1,0,0,0,0,Dry,13.28085,52.42956,bicycle + car + 
195844,Friedrichshain-Kreuzberg,2050601,Hausburgviertel,June,17,Monday,minor,5,Crossing,Daylight,0,1,0,0,1,0,Dry,13.44898,52.52431,car + truck + 
195845,Mitte,1022104,Emdener Straße,June,10,Tuesday,minor,2,Stationary Traffic,Daylight,1,1,0,0,0,0,Dry,13.34319,52.52729,bicycle + car + 
195846,Mitte,1022103,Westhafen,June,17,Monday,minor,5,Other,Daylight,0,1,0,1,0,0,Dry,13.3266,52.5371,car + motorbike + 
195847,Charlottenburg-Wilmersdorf,4041343,Binger Straße,June,10,Tuesday,minor,0,Stationary Traffic,Daylight,0,1,0,0,0,1,Dry,13.30884,52.47832,car + other
195848,Friedrichshain-Kreuzberg,2020202,Rathaus Yorckstraße,June,18,Monday,minor,5,Turning,Daylight,1,1,0,0,0,0,Dry,13.38975,52.49591,bicycle + car + 
195849,Treptow-Köpenick,9020701,Adlershof West,June,16,Monday,minor,2,Turning,Daylight,0,1,0,0,0,0,Dry,13.53884,52.43432,car + 
195850,Mitte,1011202,Unter den Linden Nord,June,10,Tuesday,minor,8,Driving,Daylight,1,1,0,0,0,0,Dry,13.38877,52.51741,bicycle + car + 
195851,Reinickendorf,12103115,Breitkopfbecken,June,16,Monday,minor,5,Turning,Daylight,1,0,0,0,0,1,Dry,13.35923,52.57425,bicycle + other
195852,Tempelhof-Schöneberg,7070704,Nahariyastraße,June,17,Monday,minor,8,Driving,Daylight,0,1,0,0,0,0,Dry,13.41947,52.39477,car + 
195853,Treptow-Köpenick,9051901,Dammvorstadt,June,11,Tuesday,minor,0,Turning,Daylight,1,0,0,0,0,0,Dry,13.59315,52.4534,bicycle + 
195854,Spandau,5020521,Döberitzer Weg,June,7,Monday,serious,6,Overtaking,Daylight,0,1,1,0,0,0,Dry,13.13333,52.52864,car + pedestrian + 
195855,Spandau,5010209,An der Kappe,June,13,Tuesday,minor,5,Crossing,Daylight,0,1,0,0,0,0,Dry,13.16876,52.54142,car + 
195856,Reinickendorf,12301203,Wittenau Süd,June,7,Monday,minor,0,Turning,Daylight,1,0,0,0,1,0,Dry,13.33971,52.58811,bicycle + truck + 
195857,Mitte,1011204,Leipziger Straße,June,7,Monday,serious,5,Crossing,Daylight,0,1,0,1,0,0,Dry,13.39005,52.50947,car + motorbike + 
195858,Tempelhof-Schöneberg,7020203,Kaiser-Wilhelm-Platz,June,11,Tuesday,minor,0,Other,Daylight,0,0,0,1,0,0,Wet,13.35594,52.48611,motorbike + 
195859,Steglitz-Zehlendorf,6020410,Oberhofer Platz,June,12,Tuesday,serious,2,Turning,Daylight,0,1,0,1,0,0,Dry,13.33544,52.42272,car + motorbike + 
195860,Marzahn-Hellersdorf,10030724,Oberfeldstraße,June,7,Monday,minor,5,Turning,Daylight,0,1,0,1,0,0,Dry,13.56552,52.53429,car + motorbike + 
195861,Pankow,3010101,Bucher Forst,June,7,Monday,minor,2,Stationary Traffic,Daylight,0,1,0,0,0,0,Dry,13.48458,52.64845,car + 
195862,Lichtenberg,11010205,Falkenberg West,June,10,Tuesday,serious,2,Other,Daylight,0,1,0,0,0,0,Dry,13.51497,52.56733,car + 
195863,Steglitz-Zehlendorf,6010102,Schloßstraße,June,6,Monday,minor,5,Crossing,Daylight,1,1,0,0,0,0,Dry,13.32442,52.46047,bicycle + car + 
195864,Treptow-Köpenick,9020701,Adlershof West,June,9,Tuesday,serious,5,Turning,Daylight,1,1,0,0,0,0,Dry,13.55198,52.42832,bicycle + car + 
195865,Reinickendorf,12302110,Dannenwalder Weg,June,5,Monday,minor,5,Crossing,Daylight,0,1,0,0,0,0,Dry,13.36152,52.59697,car + 
195866,Pankow,3040512,Wilhelmsruh,June,9,Tuesday,minor,9,Driving,Daylight,0,1,0,0,0,0,Dry,13.3746,52.58432,car + 
195867,Friedrichshain-Kreuzberg,2050802,Boxhagener Platz,June,3,Monday,minor,0,Driving,Night,1,0,0,0,0,0,Dry,13.45758,52.50956,bicycle + 
195868,Reinickendorf,12214424,Scharnweberstraße,June,19,Tuesday,minor,0,Overtaking,Dawn,0,0,1,0,0,1,Dry,13.32702,52.56332,pedestrian + other
195869,Neukölln,8010406,Treptower Straße Nord,June,10,Monday,minor,5,Crossing,Daylight,0,1,0,0,0,0,Dry,13.44894,52.48504,car + 
195870,Charlottenburg-Wilmersdorf,4030518,Tegeler Weg,June,10,Monday,minor,2,Stationary Traffic,Daylight,0,1,0,0,0,0,Dry,13.29722,52.52638,car + 
195871,Charlottenburg-Wilmersdorf,4041134,Bismarckallee,June,22,Tuesday,minor,2,Stationary Traffic,Night,0,1,0,0,0,0,Wet,13.28506,52.49495,car + 
195872,Friedrichshain-Kreuzberg,2030401,Reichenberger Straße,June,8,Tuesday,minor,1,Paralle Traffic,Daylight,1,1,0,0,0,0,Dry,13.43828,52.49434,bicycle + car + 
195873,Treptow-Köpenick,9041302,Wendenschloß,June,10,Monday,minor,5,Crossing,Daylight,1,1,0,0,0,0,Dry,13.59193,52.41419,bicycle + car + 
195874,Reinickendorf,12103117,Letteplatz,June,9,Tuesday,minor,1,Paralle Traffic,Daylight,1,1,0,0,0,0,Dry,13.37727,52.56167,bicycle + car + 
195875,Lichtenberg,11030618,Fennpfuhl West,June,9,Monday,minor,1,Paralle Traffic,Daylight,0,1,0,0,0,0,Dry,13.46798,52.52831,car + 
195876,Neukölln,8020620,Tempelhofer Weg,June,9,Tuesday,minor,5,Crossing,Daylight,0,1,0,1,0,0,Dry,13.42802,52.45936,car + motorbike + 
195877,Steglitz-Zehlendorf,6020409,Königsberger Straße,June,9,Monday,minor,5,Other,Daylight,0,1,0,0,0,0,Dry,13.31751,52.43083,car + 
195878,Mitte,1011105,Nördlicher Landwehrkanal,June,8,Tuesday,serious,3,Stationary Traffic,Daylight,1,0,0,0,1,0,Dry,13.35476,52.50969,bicycle + truck + 
195879,Treptow-Köpenick,9020501,Oberschöneweide West,June,9,Monday,serious,5,Turning,Daylight,0,1,0,0,0,1,Dry,13.50879,52.46364,car + other
195880,Pankow,3030715,Heinersdorf,June,6,Tuesday,minor,2,Stationary Traffic,Daylight,0,1,0,0,0,0,Dry,13.44323,52.56538,car + 
195881,Steglitz-Zehlendorf,6040810,Dahlem,June,8,Monday,minor,5,Crossing,Daylight,0,1,0,1,0,0,Dry,13.27227,52.45351,car + motorbike + 
195882,Tempelhof-Schöneberg,7010104,Dennewitzplatz,June,9,Monday,minor,5,Turning,Daylight,1,0,0,0,0,1,Dry,13.36431,52.49393,bicycle + other
195883,Spandau,5030832,Rohrdamm,June,4,Tuesday,minor,2,Turning,Dawn,0,1,0,0,0,0,Wet,13.24791,52.5488,car + 
195884,Lichtenberg,11040926,Weitlingstraße,June,8,Monday,minor,5,Crossing,Daylight,1,1,0,0,0,0,Wet,13.5077,52.50314,bicycle + car + 
195885,Friedrichshain-Kreuzberg,2030301,Oranienplatz,June,8,Tuesday,minor,0,Driving,Daylight,0,0,0,1,0,0,Dry,13.42075,52.50336,motorbike + 
195886,Reinickendorf,12214421,Reinickes Hof,June,16,Monday,minor,0,Turning,Daylight,0,1,0,0,0,1,Dry,13.33001,52.56923,car + other
195887,Lichtenberg,11030721,Rüdigerstraße,June,16,Monday,minor,5,Other,Daylight,0,0,0,1,0,1,Dry,13.48453,52.51894,motorbike + other
195888,Tempelhof-Schöneberg,7040404,Marienhöhe,June,8,Tuesday,minor,0,Other,Daylight,1,0,0,0,0,0,Dry,13.37106,52.45394,bicycle + 
195889,Mitte,1011304,Karl-Marx-Allee,June,11,Monday,minor,5,Turning,Daylight,1,0,0,0,0,1,Dry,13.41822,52.51738,bicycle + other
195890,Charlottenburg-Wilmersdorf,4041241,Breite Straße,June,15,Monday,minor,2,Stationary Traffic,Daylight,0,1,0,0,0,0,Dry,13.28957,52.47018,car + 
195891,Mitte,1022103,Westhafen,June,11,Monday,serious,5,Crossing,Daylight,1,1,0,0,0,0,Dry,13.3283,52.53486,bicycle + car + 
195892,Mitte,1044103,Westliche Müllerstraße,June,17,Monday,minor,0,Paralle Traffic,Daylight,0,1,0,0,0,1,Dry,13.34995,52.54958,car + other
195893,Friedrichshain-Kreuzberg,2010104,Wassertorplatz,June,11,Monday,minor,5,Turning,Daylight,0,1,0,0,0,0,Dry,13.40666,52.49844,car + 
195894,Tempelhof-Schöneberg,7070701,Kettinger Straße/Schillerstraße,June,16,Monday,serious,5,Turning,Daylight,0,1,0,0,0,1,Dry,13.40091,52.41453,car + other
195895,Steglitz-Zehlendorf,6040810,Dahlem,June,11,Monday,minor,5,Turning,Daylight,1,1,0,0,0,0,Dry,13.27217,52.45361,bicycle + car + 
195896,Pankow,3040818,Pankow Süd,June,12,Monday,minor,2,Turning,Daylight,0,1,0,0,0,0,Dry,13.42895,52.57204,car + 
195897,Neukölln,8010405,Hertzbergplatz,June,16,Monday,minor,5,Turning,Daylight,1,1,0,0,0,0,Dry,13.44805,52.47807,bicycle + car + 
195898,Marzahn-Hellersdorf,10020517,Adele-Sandrock-Straße,June,16,Monday,minor,4,Stationary Traffic,Daylight,1,0,0,0,0,0,Dry,13.60623,52.53441,bicycle + 
195899,Spandau,5040935,Groß-Glienicker Weg,June,16,Monday,minor,6,Other,Daylight,0,1,1,0,0,0,Dry,13.15953,52.46214,car + pedestrian + 
195900,Neukölln,8010118,Silbersteinstraße,June,14,Monday,minor,2,Stationary Traffic,Daylight,0,1,0,0,0,0,Dry,13.4315,52.46638,car + 
195901,Tempelhof-Schöneberg,7040405,Rathaus Tempelhof,June,13,Monday,serious,5,Crossing,Daylight,1,0,0,0,0,0,Dry,13.41107,52.45677,bicycle + 
195902,Charlottenburg-Wilmersdorf,4041344,Rüdesheimer Platz,June,13,Monday,minor,5,Crossing,Daylight,0,1,0,0,0,0,Dry,13.32027,52.47668,car + 
195903,Pankow,3061429,Greifswalder Straße,June,14,Monday,minor,1,Paralle Traffic,Daylight,1,1,0,0,0,0,Dry,13.44738,52.53818,bicycle + car + 
195904,Pankow,3061227,Humannplatz,June,14,Monday,serious,0,Other,Daylight,0,0,0,1,0,0,Wet,13.42713,52.55223,motorbike + 
195905,Charlottenburg-Wilmersdorf,4030417,Schloßstraße,June,16,Monday,minor,5,Crossing,Daylight,0,1,0,0,0,0,Dry,13.29735,52.51096,car + 
195906,Lichtenberg,11020515,Landsberger Allee,June,14,Monday,minor,5,Crossing,Daylight,1,1,0,0,0,0,Dry,13.47821,52.53607,bicycle + car + 
195907,Friedrichshain-Kreuzberg,2020206,Graefekiez,June,17,Monday,minor,5,Turning,Daylight,0,1,0,1,0,0,Dry,13.41577,52.49046,car + motorbike + 
195908,Reinickendorf,12214424,Scharnweberstraße,June,15,Monday,minor,2,Stationary Traffic,Daylight,0,1,0,1,0,0,Dry,13.31658,52.56681,car + motorbike + 
195909,Pankow,3040512,Wilhelmsruh,June,22,Monday,minor,5,Crossing,Night,0,1,0,0,1,0,Dry,13.36983,52.58932,car + truck + 
195910,Neukölln,8010212,Rollberg,June,14,Monday,minor,6,Other,Daylight,0,1,1,0,0,0,Dry,13.43582,52.47876,car + pedestrian + 
195911,Marzahn-Hellersdorf,10020622,Kaulsdorf Nord I,June,19,Monday,minor,5,Crossing,Daylight,0,1,0,0,0,0,Dry,13.58622,52.51675,car + 
195912,Neukölln,8041035,Blumenviertel,June,15,Monday,minor,0,Turning,Daylight,0,1,0,1,0,0,Dry,13.47301,52.43753,car + motorbike + 
195913,Pankow,3071633,Thälmannpark,June,19,Monday,serious,0,Crossing,Daylight,1,0,0,0,0,0,Dry,13.42881,52.53979,bicycle + 
195914,Marzahn-Hellersdorf,10010308,Marzahner Chaussee,June,15,Monday,minor,0,Turning,Daylight,1,0,0,0,0,1,Dry,13.51939,52.51804,bicycle + other
195915,Tempelhof-Schöneberg,7060601,Marienfelder Allee Nordwest,June,15,Monday,minor,6,Overtaking,Daylight,0,0,1,0,0,1,Dry,13.36164,52.41574,pedestrian + other
195916,Spandau,5020625,Borkumer Straße,June,18,Monday,minor,0,Paralle Traffic,Daylight,0,1,0,1,0,0,Dry,13.19807,52.53156,car + motorbike + 
195917,Charlottenburg-Wilmersdorf,4030519,Kaiserin-Augusta-Allee,June,15,Monday,minor,5,Crossing,Daylight,1,1,0,0,0,0,Dry,13.31185,52.52458,bicycle + car + 
195918,Spandau,5020625,Borkumer Straße,June,16,Monday,serious,5,Turning,Daylight,0,1,0,1,0,0,Dry,13.18499,52.5342,car + motorbike + 
195919,Neukölln,8010214,Glasower Straße,June,14,Monday,minor,5,Turning,Daylight,1,1,0,0,0,0,Dry,13.44034,52.46742,bicycle + car + 
195920,Tempelhof-Schöneberg,7060604,Marienfelde Süd,June,11,Monday,minor,0,Driving,Daylight,1,0,0,0,0,0,Dry,13.36878,52.40976,bicycle + 
195921,Spandau,5020524,Weinmeisterhornweg,June,14,Monday,minor,0,Crossing,Daylight,0,1,0,0,0,0,Dry,13.18285,52.51273,car + 
195922,Neukölln,8010301,Reuterkiez,June,7,Monday,minor,0,Driving,Daylight,0,0,0,1,0,0,Wet,13.44426,52.48482,motorbike + 
195923,Neukölln,8041037,Alt-Rudow,June,15,Monday,minor,5,Crossing,Daylight,0,1,0,0,0,0,Dry,13.49798,52.43045,car + 
195924,Charlottenburg-Wilmersdorf,7030301,Friedenau,June,14,Monday,minor,1,Paralle Traffic,Daylight,1,1,0,0,0,0,Dry,13.32034,52.46707,bicycle + car + 
195925,Friedrichshain-Kreuzberg,2020204,Urbanstraße,June,0,Monday,minor,5,Crossing,Night,1,1,0,0,0,0,Dry,13.40265,52.49396,bicycle + car + 
195926,Charlottenburg-Wilmersdorf,4010101,Jungfernheide,June,0,Monday,minor,3,Stationary Traffic,Night,1,1,0,0,0,0,Dry,13.27297,52.54379,bicycle + car + 
195927,Reinickendorf,12214527,Alt-Tegel,June,15,Monday,minor,5,Crossing,Daylight,1,1,0,0,0,0,Dry,13.28661,52.59133,bicycle + car + 
195928,Mitte,1033201,Brunnenstraße,June,16,Sunday,minor,3,Stationary Traffic,Daylight,0,1,0,0,0,0,Dry,13.38971,52.54653,car + 
195929,Treptow-Köpenick,9010301,Baumschulenstraße,June,10,Sunday,minor,5,Turning,Daylight,0,1,0,1,0,0,Dry,13.48127,52.46081,car + motorbike + 
195930,Lichtenberg,11010205,Falkenberg West,June,14,Sunday,minor,2,Turning,Daylight,0,1,0,0,0,0,Dry,13.51522,52.56713,car + 
195931,Mitte,1044101,Rehberge,June,4,Sunday,minor,9,Driving,Dawn,0,1,0,0,0,0,Dry,13.3492,52.55196,car + 
195932,Pankow,3040614,Pankow Zentrum,June,20,Sunday,minor,0,Other,Daylight,0,1,0,1,0,0,Dry,13.41925,52.57425,car + motorbike + 
195933,Friedrichshain-Kreuzberg,2050801,Traveplatz,June,19,Sunday,minor,5,Crossing,Daylight,1,1,0,0,0,0,Dry,13.47036,52.50626,bicycle + car + 
195934,Pankow,3020210,Herthaplatz,June,13,Sunday,minor,1,Paralle Traffic,Daylight,1,1,0,0,0,0,Dry,13.40762,52.58552,bicycle + car + 
195935,Neukölln,8020622,Parchimer Allee,June,18,Sunday,minor,5,Turning,Daylight,0,1,0,0,0,0,Dry,13.43622,52.44891,car + 
195936,Friedrichshain-Kreuzberg,2030301,Oranienplatz,June,18,Sunday,minor,5,Other,Daylight,1,1,0,0,0,0,Dry,13.42111,52.49827,bicycle + car + 
195937,Charlottenburg-Wilmersdorf,4051549,Rathaus Wilmersdorf,June,14,Sunday,minor,1,Paralle Traffic,Daylight,1,1,0,0,0,0,Dry,13.31723,52.48651,bicycle + car + 
195938,Pankow,3071536,Teutoburger Platz,June,17,Sunday,minor,3,Stationary Traffic,Daylight,1,1,0,0,0,0,Dry,13.40743,52.53638,bicycle + car + 
195939,Steglitz-Zehlendorf,6030606,Hindenburgdamm,June,16,Sunday,minor,2,Other,Daylight,0,1,0,1,0,0,Dry,13.31571,52.43469,car + motorbike + 
195940,Lichtenberg,11040925,Victoriastadt,June,17,Sunday,minor,2,Stationary Traffic,Daylight,0,1,0,1,0,0,Dry,13.47897,52.50288,car + motorbike + 
195941,Neukölln,8010117,Schillerpromenade,June,16,Sunday,minor,6,Other,Daylight,1,0,1,0,0,0,Dry,13.42744,52.47429,bicycle + pedestrian + 
195942,Mitte,1011103,Lützowstraße,June,17,Sunday,minor,5,Turning,Daylight,1,0,0,1,0,0,Dry,13.35295,52.50239,bicycle + motorbike + 
195943,Spandau,5010312,Kurstraße,June,16,Sunday,minor,0,Driving,Daylight,1,1,0,0,0,0,Dry,13.20356,52.54545,bicycle + car + 
195944,Reinickendorf,12103218,Teichstraße,June,14,Sunday,serious,6,Overtaking,Daylight,0,1,1,0,0,0,Dry,13.35698,52.56915,car + pedestrian + 
195945,Charlottenburg-Wilmersdorf,4010101,Jungfernheide,June,16,Sunday,serious,1,Paralle Traffic,Daylight,0,1,0,1,0,0,Dry,13.28351,52.53365,car + motorbike + 
195946,Tempelhof-Schöneberg,7070703,John-Locke-Straße,June,16,Sunday,minor,3,Stationary Traffic,Daylight,1,1,0,0,0,0,Dry,13.40377,52.38668,bicycle + car + 
195947,Charlottenburg-Wilmersdorf,4031032,Halensee,June,12,Sunday,serious,5,Turning,Daylight,1,1,0,0,0,0,Dry,13.29622,52.49794,bicycle + car + 
195948,Spandau,5020629,Börnicker Straße,June,11,Sunday,serious,6,Overtaking,Daylight,0,1,1,0,0,0,Dry,13.19721,52.5126,car + pedestrian + 
195949,Mitte,1033203,Humboldthain Nordwest,June,16,Sunday,minor,1,Paralle Traffic,Daylight,1,1,0,0,0,0,Dry,13.38131,52.54688,bicycle + car + 
195950,Treptow-Köpenick,9020701,Adlershof West,June,15,Sunday,minor,5,Turning,Daylight,1,1,0,0,0,0,Dry,13.55182,52.42843,bicycle + car + 
195951,Neukölln,8010301,Reuterkiez,June,15,Sunday,minor,5,Turning,Daylight,0,1,0,0,0,0,Dry,13.43157,52.48571,car + 
195952,Spandau,5040935,Groß-Glienicker Weg,June,14,Sunday,minor,2,Stationary Traffic,Daylight,0,1,0,0,0,0,Dry,13.16257,52.46499,car + 
195953,Reinickendorf,12103117,Letteplatz,June,11,Sunday,serious,5,Turning,Daylight,0,1,0,0,0,0,Dry,13.3645,52.56268,car + 
195954,Treptow-Köpenick,9020702,Adlershof Ost,June,14,Sunday,minor,0,Driving,Daylight,1,0,0,0,0,0,Dry,13.54948,52.43842,bicycle + 
195955,Tempelhof-Schöneberg,7010101,Wittenbergplatz/Viktoria-Luise-Platz,June,14,Sunday,serious,3,Driving,Daylight,1,1,0,0,0,0,Dry,13.34234,52.49433,bicycle + car + 
195956,Mitte,1011401,Invalidenstraße,June,5,Sunday,minor,0,Driving,Daylight,1,0,0,0,0,0,Dry,13.3989,52.53261,bicycle + 
195957,Pankow,3040818,Pankow Süd,June,13,Sunday,serious,1,Paralle Traffic,Daylight,1,1,0,0,0,0,Dry,13.4116,52.56271,bicycle + car + 
195958,Steglitz-Zehlendorf,6030504,Teltower Damm,June,12,Sunday,minor,0,Driving,Daylight,0,0,0,1,0,0,Dry,13.24911,52.41932,motorbike + 
195959,Steglitz-Zehlendorf,6040804,Krumme Lanke,June,16,Sunday,minor,0,Driving,Daylight,1,0,0,0,0,0,Dry,13.22194,52.44097,bicycle + 
195960,Reinickendorf,12302108,Märkisches Zentrum,June,10,Sunday,serious,5,Crossing,Daylight,0,1,0,0,0,0,Dry,13.34108,52.59997,car + 
195961,Neukölln,8010301,Reuterkiez,June,1,Sunday,minor,5,Crossing,Night,1,1,0,0,0,0,Dry,13.43035,52.4862,bicycle + car + 
195962,Friedrichshain-Kreuzberg,2020202,Rathaus Yorckstraße,June,2,Sunday,serious,0,Driving,Night,0,0,0,1,0,0,Dry,13.37983,52.49724,motorbike + 
195963,Friedrichshain-Kreuzberg,2020206,Graefekiez,June,1,Sunday,minor,2,Stationary Traffic,Night,1,1,0,0,0,0,Dry,13.41096,52.48867,bicycle + car + 
195964,Steglitz-Zehlendorf,6020303,Lankwitz Kirche,June,21,Sunday,minor,0,Overtaking,Night,0,0,1,0,0,1,Dry,13.34503,52.43586,pedestrian + other
195965,Steglitz-Zehlendorf,6010207,Mittelstraße,June,18,Sunday,minor,5,Crossing,Daylight,0,1,0,1,0,0,Dry,13.31537,52.45239,car + motorbike + 
195966,Neukölln,8010301,Reuterkiez,June,1,Sunday,minor,5,Turning,Night,1,1,0,0,0,0,Dry,13.44065,52.48209,bicycle + car + 
195967,Charlottenburg-Wilmersdorf,4010103,Paul-Hertz-Siedlung,June,1,Sunday,minor,0,Driving,Night,1,0,0,0,0,0,Dry,13.2942,52.53358,bicycle + 
195968,Neukölln,8010301,Reuterkiez,June,3,Saturday,minor,6,Overtaking,Night,0,0,1,1,0,0,Dry,13.43613,52.48377,pedestrian + motorbike + 
195969,Charlottenburg-Wilmersdorf,4030417,Schloßstraße,June,12,Saturday,minor,2,Stationary Traffic,Daylight,0,1,0,0,0,0,Dry,13.29976,52.51925,car + 
195970,Lichtenberg,11020513,Orankesee,June,10,Saturday,minor,6,Overtaking,Daylight,0,1,1,0,0,0,Dry,13.4945,52.5457,car + pedestrian + 
195971,Marzahn-Hellersdorf,10040933,Mahlsdorf Süd,June,9,Saturday,minor,5,Turning,Daylight,1,1,0,0,0,0,Dry,13.60093,52.4792,bicycle + car + 
195972,Friedrichshain-Kreuzberg,2010104,Wassertorplatz,June,15,Saturday,minor,1,Paralle Traffic,Daylight,1,0,0,0,0,0,Dry,13.40602,52.49763,bicycle + 
195973,Pankow,3061227,Humannplatz,June,19,Saturday,minor,2,Stationary Traffic,Daylight,0,1,0,0,0,0,Dry,13.42765,52.55198,car + 
195974,Neukölln,8010303,Donaustraße,June,16,Saturday,minor,5,Turning,Daylight,0,1,0,1,0,0,Dry,13.42438,52.48617,car + motorbike + 
195975,Mitte,2010103,Moritzplatz,June,16,Saturday,minor,2,Turning,Daylight,1,1,0,0,0,0,Dry,13.41167,52.50483,bicycle + car + 
195976,Pankow,3050924,Behaimstraße,June,14,Saturday,minor,5,Crossing,Daylight,1,0,0,0,0,0,Dry,13.44918,52.55056,bicycle + 
195977,Friedrichshain-Kreuzberg,2040701,Andreasviertel,June,14,Saturday,minor,5,Crossing,Daylight,1,1,0,0,0,0,Dry,13.42998,52.51022,bicycle + car + 
195978,Pankow,3040614,Pankow Zentrum,June,13,Saturday,minor,6,Other,Daylight,1,0,1,0,0,0,Dry,13.39645,52.56424,bicycle + pedestrian + 
195979,Marzahn-Hellersdorf,10010204,Wuhletalstraße,June,15,Saturday,minor,2,Other,Daylight,0,1,0,0,0,0,Dry,13.56204,52.56158,car + 
195980,Neukölln,8010301,Reuterkiez,June,12,Saturday,minor,3,Stationary Traffic,Daylight,1,1,0,0,0,0,Dry,13.4358,52.491,bicycle + car + 
195981,Tempelhof-Schöneberg,7040404,Marienhöhe,June,15,Saturday,minor,0,Crossing,Daylight,0,0,0,1,0,1,Dry,13.37714,52.45368,motorbike + other
195982,Treptow-Köpenick,9051901,Dammvorstadt,June,12,Saturday,minor,6,Overtaking,Daylight,0,1,1,0,0,0,Dry,13.58066,52.45698,car + pedestrian + 
195983,Charlottenburg-Wilmersdorf,4030931,Breitscheidplatz,June,15,Saturday,minor,5,Crossing,Daylight,1,1,0,0,0,0,Dry,13.33143,52.50302,bicycle + car + 
195984,Reinickendorf,12214527,Alt-Tegel,June,12,Saturday,minor,5,Other,Daylight,0,1,0,0,0,0,Dry,13.28563,52.58376,car + 
195985,Reinickendorf,12304314,Ziekowstraße/Freie Scholle,June,17,Saturday,minor,0,Other,Daylight,0,1,0,0,0,0,Dry,13.2831,52.59827,car + 
195986,Charlottenburg-Wilmersdorf,4030417,Schloßstraße,June,18,Saturday,minor,1,Paralle Traffic,Daylight,1,1,0,0,0,0,Dry,13.289,52.51114,bicycle + car + 
195987,Charlottenburg-Wilmersdorf,4051448,Schaperstraße,June,9,Saturday,minor,5,Crossing,Daylight,1,1,0,0,0,0,Dry,13.32679,52.49823,bicycle + car + 
195988,Marzahn-Hellersdorf,10040933,Mahlsdorf Süd,June,18,Saturday,minor,0,Driving,Daylight,0,0,0,1,0,0,Dry,13.59886,52.48172,motorbike + 
195989,Treptow-Köpenick,9010401,Johannisthal West,June,14,Saturday,minor,0,Driving,Daylight,1,0,0,0,0,0,Dry,13.50279,52.44335,bicycle + 
195990,Tempelhof-Schöneberg,7030303,Grazer Platz,June,21,Saturday,serious,9,Driving,Daylight,0,0,0,1,0,0,Dry,13.34882,52.45919,motorbike + 
195991,Charlottenburg-Wilmersdorf,4031032,Halensee,June,20,Saturday,minor,5,Turning,Daylight,0,1,0,1,0,0,Dry,13.29645,52.49262,car + motorbike + 
195992,Friedrichshain-Kreuzberg,2010101,Askanischer Platz,June,13,Saturday,serious,6,Other,Daylight,0,1,1,0,0,0,Dry,13.38672,52.50269,car + pedestrian + 
195993,Spandau,5020627,Tiefwerder,June,18,Saturday,serious,2,Stationary Traffic,Daylight,0,1,0,1,0,0,Dry,13.20226,52.53151,car + motorbike + 
195994,Mitte,1033202,Humboldthain Süd,June,13,Saturday,minor,0,Driving,Daylight,1,0,0,0,0,0,Dry,13.38971,52.53513,bicycle + 
195995,Tempelhof-Schöneberg,7020203,Kaiser-Wilhelm-Platz,June,7,Saturday,minor,2,Turning,Daylight,1,0,0,0,0,0,Dry,13.35649,52.49022,bicycle + 
195996,Friedrichshain-Kreuzberg,2050802,Boxhagener Platz,June,15,Saturday,serious,5,Turning,Daylight,1,0,0,0,0,1,Dry,13.45242,52.51248,bicycle + other
195997,Charlottenburg-Wilmersdorf,4030623,Ernst-Reuter-Platz,June,3,Saturday,minor,1,Paralle Traffic,Night,0,1,0,1,0,0,Dry,13.32989,52.51032,car + motorbike + 
195998,Reinickendorf,12103218,Teichstraße,June,11,Saturday,minor,0,Turning,Daylight,0,1,0,0,0,1,Dry,13.35134,52.56745,car + other
195999,Neukölln,8020728,Buckow Ost,June,13,Saturday,minor,5,Crossing,Daylight,0,1,0,1,0,0,Dry,13.44662,52.42076,car + motorbike + 
196000,Reinickendorf,12301203,Wittenau Süd,June,12,Saturday,serious,5,Crossing,Daylight,1,1,0,0,0,0,Dry,13.32502,52.58875,bicycle + car + 
196001,Reinickendorf,12302110,Dannenwalder Weg,June,11,Saturday,serious,0,Other,Daylight,0,1,0,0,0,1,Dry,13.35812,52.59679,car + other
196002,Lichtenberg,11030720,Herzbergstraße,June,11,Saturday,minor,0,Other,Daylight,1,0,0,0,0,0,Dry,13.50401,52.53447,bicycle + 
196003,Treptow-Köpenick,9051701,Hirschgarten,June,12,Saturday,minor,0,Other,Daylight,1,0,0,0,0,0,Dry,13.59962,52.45199,bicycle + 