id,district,lor,street,month,hour,weekday,injury,collision,movement,light_conditions,bicycle,car,pedestrian,motorbike,truck,other_vehicle,road_conditions,longitude,latitude,Combo_type
196004,Charlottenburg-Wilmersdorf,4030726,Droysenstraße,June,3,Saturday,minor,5,Crossing,Dawn,0,1,0,1,0,0,Dry,13.30687,52.50084,car + motorbike + 
196005,Treptow-Köpenick,9020701,Adlershof West,June,11,Saturday,minor,5,Turning,Daylight,1,1,0,0,0,0,Dry,13.55175,52.42848,bicycle + car + 
196006,Steglitz-Zehlendorf,6040807,Zehlendorf Eiche,June,21,Saturday,minor,5,Crossing,Night,0,1,0,0,0,0,Dry,13.2653,52.44215,car + 
196007,Pankow,3061131,Falkplatz,June,11,Saturday,minor,5,Turning,Daylight,1,1,0,0,0,0,Dry,13.41335,52.5487,bicycle + car + 
196008,Pankow,3040614,Pankow Zentrum,June,9,Saturday,minor,0,Driving,Daylight,1,0,0,0,0,0,Dry,13.39139,52.56801,bicycle + 
196009,Steglitz-Zehlendorf,6020301,Alt-Lankwitz,June,20,Saturday,minor,1,Paralle Traffic,Daylight,1,1,0,0,0,0,Dry,13.3533,52.44151,bicycle + car + 
196010,Marzahn-Hellersdorf,10040830,Kaulsdorf Süd,June,20,Saturday,minor,2,Turning,Daylight,1,1,0,0,0,0,Dry,13.57283,52.48745,bicycle + car + 
196011,Reinickendorf,12224230,Heiligensee,June,10,Saturday,minor,2,Crossing,Daylight,0,1,0,0,0,0,Dry,13.23534,52.61312,car + 
196012,Tempelhof-Schöneberg,7010102,Nollendorfplatz,June,10,Saturday,minor,7,Other,Daylight,1,0,0,0,0,1,Dry,13.35429,52.49977,bicycle + other
196013,Friedrichshain-Kreuzberg,2020206,Graefekiez,June,19,Saturday,minor,2,Stationary Traffic,Daylight,0,1,0,0,0,0,Dry,13.41471,52.48806,car + 
196014,Steglitz-Zehlendorf,6010205,Südende,June,2,Saturday,minor,0,Driving,Night,1,0,0,0,0,0,Dry,13.34721,52.44995,bicycle + 
196015,Charlottenburg-Wilmersdorf,4041134,Bismarckallee,June,11,Saturday,minor,1,Paralle Traffic,Daylight,1,1,0,0,0,0,Dry,13.28291,52.48429,bicycle + car + 
196016,Mitte,1011301,Charitéviertel,June,16,Friday,minor,0,Driving,Daylight,1,0,0,0,0,0,Dry,13.37712,52.52218,bicycle + 
196017,Steglitz-Zehlendorf,6010102,Schloßstraße,June,15,Friday,minor,0,Driving,Daylight,0,0,0,1,0,0,Dry,13.32287,52.46077,motorbike + 
196018,Spandau,5020419,Magistratsweg,June,19,Saturday,serious,6,Overtaking,Daylight,0,1,1,0,0,0,Dry,13.15503,52.53293,car + pedestrian + 
196019,Charlottenburg-Wilmersdorf,4020311,Reichsstraße,June,9,Friday,minor,5,Crossing,Daylight,0,1,0,1,0,0,Dry,13.26073,52.51627,car + motorbike + 
196020,Treptow-Köpenick,9041501,Altstadt Kietz,June,19,Saturday,minor,5,Crossing,Daylight,1,1,0,0,0,0,Dry,13.57542,52.44749,bicycle + car + 
196021,Treptow-Köpenick,9010401,Johannisthal West,June,15,Friday,serious,5,Crossing,Daylight,0,1,0,1,0,0,Dry,13.50252,52.45568,car + motorbike + 
196022,Pankow,3061227,Humannplatz,June,18,Saturday,serious,5,Crossing,Daylight,0,1,0,0,0,0,Dry,13.42405,52.55289,car + 
196023,Charlottenburg-Wilmersdorf,4020311,Reichsstraße,June,15,Friday,minor,2,Stationary Traffic,Daylight,0,1,0,0,0,0,Dry,13.26221,52.5153,car + 
196024,Charlottenburg-Wilmersdorf,4051653,Prager Platz,June,18,Saturday,minor,5,Turning,Daylight,1,1,0,0,0,0,Dry,13.33103,52.48908,bicycle + car + 
196025,Spandau,5030730,Zitadellenweg,June,14,Friday,minor,2,Stationary Traffic,Daylight,0,1,0,0,0,0,Dry,13.22437,52.53727,car + 
196026,Tempelhof-Schöneberg,7030303,Grazer Platz,June,14,Friday,minor,0,Stationary Traffic,Daylight,0,1,0,1,0,0,Dry,13.34748,52.46941,car + motorbike + 
196027,Spandau,5010101,Hakenfelde Nord,June,17,Saturday,minor,2,Stationary Traffic,Daylight,0,1,0,1,0,0,Dry,13.2112,52.56836,car + motorbike + 
196028,Steglitz-Zehlendorf,6010101,Fichtenberg,June,17,Saturday,minor,5,Crossing,Daylight,1,1,0,0,0,0,Dry,13.31848,52.45453,bicycle + car + 
196029,Charlottenburg-Wilmersdorf,4041344,Rüdesheimer Platz,June,13,Friday,serious,5,Crossing,Daylight,0,1,0,0,0,1,Dry,13.31133,52.46821,car + other
196030,Mitte,1011303,Alexanderplatzviertel,June,9,Friday,minor,6,Overtaking,Daylight,0,1,1,0,0,0,Dry,13.4179,52.51468,car + pedestrian + 
196031,Mitte,1033201,Brunnenstraße,June,19,Saturday,minor,2,Stationary Traffic,Daylight,0,1,0,1,0,0,Dry,13.38799,52.54851,car + motorbike + 
196032,Treptow-Köpenick,9041403,Allende II,June,12,Friday,minor,5,Crossing,Daylight,1,1,0,0,0,0,Dry,13.6059,52.44042,bicycle + car + 
196033,Pankow,3030715,Heinersdorf,June,16,Saturday,minor,5,Turning,Daylight,0,1,0,0,0,0,Dry,13.44308,52.57108,car + 
196034,Mitte,1022104,Emdener Straße,June,14,Friday,minor,2,Stationary Traffic,Daylight,0,1,0,0,0,0,Dry,13.34113,52.52629,car + 
196035,Friedrichshain-Kreuzberg,2050801,Traveplatz,June,16,Saturday,minor,1,Paralle Traffic,Daylight,1,1,0,0,0,0,Dry,13.45618,52.51333,bicycle + car + 
196036,Mitte,1011303,Alexanderplatzviertel,June,16,Friday,minor,4,Stationary Traffic,Daylight,1,0,0,0,0,0,Dry,13.41208,52.52071,bicycle + 
196037,Spandau,5010314,Carl-Schurz-Straße,June,9,Friday,serious,6,Other,Daylight,0,0,1,0,0,1,Dry,13.20322,52.5372,pedestrian + other
196038,Treptow-Köpenick,9051901,Dammvorstadt,June,15,Friday,minor,2,Stationary Traffic,Daylight,0,1,0,0,0,0,Dry,13.57238,52.45122,car + 
196039,Charlottenburg-Wilmersdorf,4041137,Flinsberger Platz,June,9,Friday,minor,1,Paralle Traffic,Daylight,0,1,0,0,1,0,Dry,13.29439,52.48835,car + truck + 
196040,Spandau,5010311,Eiswerder,June,16,Friday,minor,0,Driving,Daylight,1,0,0,0,0,0,Dry,13.22113,52.54906,bicycle + 
196041,Reinickendorf,12214424,Scharnweberstraße,June,17,Friday,minor,2,Paralle Traffic,Daylight,0,1,0,1,0,0,Dry,13.31604,52.56702,car + motorbike + 
196042,Treptow-Köpenick,9041301,Kietzer Feld/Nachtheide,June,9,Friday,minor,5,Crossing,Daylight,1,1,0,0,0,0,Dry,13.58797,52.42214,bicycle + car + 
196043,Mitte,1011302,Oranienburger Straße,June,8,Friday,minor,5,Turning,Daylight,1,0,0,0,0,1,Dry,13.39539,52.52436,bicycle + other
196044,Mitte,1011304,Karl-Marx-Allee,June,9,Friday,minor,5,Turning,Daylight,1,1,0,0,0,0,Dry,13.41822,52.51739,bicycle + car + 
196045,Spandau,5010208,Germersheimer Platz,June,8,Friday,minor,2,Stationary Traffic,Daylight,0,1,0,0,0,0,Dry,13.19123,52.54624,car + 
196046,Tempelhof-Schöneberg,7040405,Rathaus Tempelhof,June,11,Friday,minor,6,Overtaking,Daylight,1,0,1,0,0,0,Dry,13.39017,52.46575,bicycle + pedestrian + 
196047,Mitte,1044202,Sparrplatz,June,8,Friday,minor,5,Crossing,Daylight,1,1,0,0,0,0,Dry,13.35115,52.54095,bicycle + car + 
196048,Tempelhof-Schöneberg,7010101,Wittenbergplatz/Viktoria-Luise-Platz,June,19,Friday,minor,5,Other,Daylight,0,1,0,1,0,0,Dry,13.34367,52.50151,car + motorbike + 
196049,Pankow,3061430,Volkspark Prenzlauer Berg,June,8,Friday,minor,6,Other,Daylight,0,1,1,0,0,0,Dry,13.45317,52.53352,car + pedestrian + 
196050,Friedrichshain-Kreuzberg,2020203,Viktoriapark,June,18,Friday,minor,5,Crossing,Daylight,1,1,0,0,0,0,Dry,13.38753,52.49307,bicycle + car + 
196051,Tempelhof-Schöneberg,7060603,Marienfelde Nordost,June,8,Friday,minor,5,Crossing,Daylight,0,1,0,1,0,0,Dry,13.38374,52.41931,car + motorbike + 
196052,Steglitz-Zehlendorf,6040809,Thielallee,June,7,Friday,minor,5,Turning,Daylight,0,1,0,1,0,0,Dry,13.30165,52.45662,car + motorbike + 
196053,Reinickendorf,12214125,Waldidyll/Flughafensee,June,17,Friday,minor,2,Turning,Daylight,0,1,0,0,0,0,Dry,13.2955,52.55018,car + 
196054,Treptow-Köpenick,9020701,Adlershof West,June,17,Friday,minor,5,Turning,Daylight,1,1,0,0,0,0,Dry,13.5285,52.43036,bicycle + car + 
196055,Steglitz-Zehlendorf,6040804,Krumme Lanke,June,5,Friday,minor,2,Stationary Traffic,Dawn,0,1,0,0,1,0,Dry,13.23896,52.44172,car + truck + 
196056,Neukölln,8010303,Donaustraße,June,23,Friday,minor,1,Paralle Traffic,Night,1,1,0,0,0,0,Dry,13.43729,52.48118,bicycle + car + 
196057,Pankow,3040614,Pankow Zentrum,June,8,Friday,minor,6,Turning,Daylight,0,1,1,0,0,0,Dry,13.40633,52.56539,car + pedestrian + 
196058,Mitte,1011303,Alexanderplatzviertel,June,21,Friday,minor,6,Overtaking,Dawn,0,1,1,0,0,0,Dry,13.41217,52.52425,car + pedestrian + 
196059,Charlottenburg-Wilmersdorf,4020313,Königin-Elisabeth-Straße,June,8,Friday,minor,5,Turning,Daylight,0,1,0,0,0,0,Dry,13.27687,52.50708,car + 
196060,Mitte,1011303,Alexanderplatzviertel,June,20,Friday,minor,5,Turning,Dawn,0,1,0,0,0,0,Dry,13.41174,52.52397,car + 
196061,Friedrichshain-Kreuzberg,2020203,Viktoriapark,June,1,Friday,serious,5,Crossing,Night,1,1,0,0,0,0,Dry,13.38759,52.49306,bicycle + car + 
196062,Charlottenburg-Wilmersdorf,4020311,Reichsstraße,June,8,Friday,minor,5,Turning,Daylight,1,1,0,0,0,0,Dry,13.27735,52.51062,bicycle + car + 
196063,Mitte,1011201,Wilhelmstraße,June,0,Friday,minor,5,Crossing,Night,1,1,0,0,0,0,Dry,13.38567,52.50743,bicycle + car + 
196064,Mitte,1011302,Oranienburger Straße,June,18,Friday,serious,0,Other,Daylight,1,0,0,0,0,0,Dry,13.39052,52.52785,bicycle + 
196065,Marzahn-Hellersdorf,10010309,Springpfuhl,June,7,Friday,minor,5,Crossing,Daylight,1,1,0,0,0,0,Dry,13.53945,52.53448,bicycle + car + 
196066,Mitte,1011304,Karl-Marx-Allee,June,18,Friday,minor,6,Overtaking,Daylight,0,1,1,0,0,0,Dry,13.41773,52.51815,car + pedestrian + 
196067,Lichtenberg,11051229,Rummelsburg,June,18,Friday,minor,5,Turning,Daylight,1,1,0,0,0,0,Dry,13.4806,52.49902,bicycle + car + 
196068,Spandau,5020522,Pillnitzer Weg,June,7,Friday,minor,3,Stationary Traffic,Daylight,0,1,0,1,0,0,Dry,13.15573,52.52156,car + motorbike + 
196069,Tempelhof-Schöneberg,7060604,Marienfelde Süd,June,18,Friday,minor,5,Turning,Daylight,1,1,0,0,0,0,Dry,13.37605,52.40912,bicycle + car + 
196070,Mitte,1011202,Unter den Linden Nord,June,6,Friday,minor,5,Turning,Daylight,1,1,0,0,0,0,Dry,13.38091,52.51637,bicycle + car + 
196071,Mitte,1022103,Westhafen,June,17,Friday,serious,3,Stationary Traffic,Daylight,0,1,0,1,0,0,Dry,13.34484,52.53898,car + motorbike + 
196072,Friedrichshain-Kreuzberg,2050802,Boxhagener Platz,June,3,Friday,minor,1,Paralle Traffic,Night,1,1,0,0,0,0,Dry,13.46102,52.50875,bicycle + car + 
196073,Friedrichshain-Kreuzberg,2050801,Traveplatz,June,18,Friday,minor,2,Stationary Traffic,Daylight,1,1,0,0,0,0,Dry,13.46845,52.51108,bicycle + car + 
196074,Neukölln,8010510,Gewerbegebiet Köllnische Heide,June,17,Friday,minor,1,Paralle Traffic,Daylight,1,1,0,0,0,1,Dry,13.45675,52.47352,bicycle + car + other
196075,Friedrichshain-Kreuzberg,2010104,Wassertorplatz,June,17,Friday,minor,5,Turning,Daylight,1,1,0,0,0,0,Dry,13.41217,52.49875,bicycle + car + 
196076,Reinickendorf,12231101,Hermsdorf,June,17,Friday,minor,2,Stationary Traffic,Daylight,0,1,0,0,0,0,Dry,13.30088,52.61575,car + 
196077,Spandau,5010313,Ackerstraße,June,19,Friday,minor,5,Crossing,Daylight,0,1,0,0,0,0,Dry,13.19605,52.54787,car + 
196078,Pankow,3020307,Buchholz,June,7,Friday,minor,5,Crossing,Daylight,0,1,1,0,0,0,Dry,13.43371,52.61244,car + pedestrian + 
196079,Tempelhof-Schöneberg,7070704,Nahariyastraße,June,18,Friday,minor,8,Driving,Daylight,1,0,0,0,0,0,Dry,13.42306,52.39498,bicycle + 
196080,Mitte,1033101,Soldiner Straße,June,9,Friday,minor,3,Stationary Traffic,Daylight,1,0,0,0,1,0,Dry,13.39293,52.56429,bicycle + truck + 
196081,Tempelhof-Schöneberg,7050501,Rathausstraße,June,8,Friday,minor,5,Crossing,Daylight,0,1,0,0,0,1,Dry,13.3797,52.44166,car + other
196082,Mitte,1011401,Invalidenstraße,June,17,Thursday,serious,2,Stationary Traffic,Daylight,1,0,0,0,0,0,Dry,13.38632,52.53291,bicycle + 
196083,Steglitz-Zehlendorf,6040806,Fischtal,June,22,Friday,minor,1,Driving,Night,0,1,0,0,0,0,Dry,13.25909,52.45144,car + 
196084,Pankow,3061227,Humannplatz,June,8,Thursday,minor,5,Crossing,Daylight,1,1,0,0,0,0,Dry,13.42493,52.54701,bicycle + car + 
196085,Mitte,1022106,Elberfelder Straße,June,21,Friday,serious,5,Turning,Daylight,1,1,0,0,0,0,Dry,13.32963,52.52379,bicycle + car + 
196086,Steglitz-Zehlendorf,6040703,Nikolassee,June,17,Thursday,serious,5,Crossing,Daylight,0,1,0,0,0,0,Dry,13.19085,52.43457,car + 
196087,Reinickendorf,12214422,Klixstraße,June,20,Friday,serious,5,Crossing,Daylight,0,1,0,1,0,0,Dry,13.31186,52.56788,car + motorbike + 
196088,Tempelhof-Schöneberg,7040403,Manteuffelstraße,June,17,Thursday,minor,0,Stationary Traffic,Daylight,0,1,0,1,0,0,Dry,13.37789,52.46894,car + motorbike + 
196089,Marzahn-Hellersdorf,10020621,Gelbes Viertel,June,17,Thursday,minor,6,Overtaking,Daylight,0,1,1,0,0,0,Dry,13.59551,52.52874,car + pedestrian + 
196090,Friedrichshain-Kreuzberg,2010104,Wassertorplatz,June,18,Friday,serious,6,Overtaking,Daylight,1,0,1,0,0,0,Dry,13.41386,52.49845,bicycle + pedestrian + 
196091,Neukölln,8010303,Donaustraße,June,13,Friday,minor,6,Overtaking,Daylight,0,0,1,0,1,0,Dry,13.43499,52.48312,pedestrian + truck + 
196092,Mitte,1044101,Rehberge,June,13,Sunday,minor,1,Paralle Traffic,Daylight,1,1,0,0,0,0,Dry,13.33745,52.55199,bicycle + car + 
196093,Neukölln,8010117,Schillerpromenade,June,12,Sunday,minor,3,Stationary Traffic,Daylight,1,1,0,0,0,0,Dry,13.42624,52.47734,bicycle + car + 
196094,Steglitz-Zehlendorf,6040808,Hüttenweg,June,18,Sunday,minor,2,Stationary Traffic,Daylight,0,1,0,0,0,0,Dry,13.24803,52.46741,car + 
196095,Spandau,5020625,Borkumer Straße,June,21,Sunday,serious,8,Driving,Dawn,0,1,0,0,0,0,Dry,13.19886,52.53274,car + 
196096,Mitte,1011402,Arkonaplatz,June,18,Sunday,minor,0,Driving,Daylight,0,0,0,1,0,0,Dry,13.40567,52.53459,motorbike + 
196097,Lichtenberg,11051330,Karlshorst West,June,20,Saturday,minor,0,Other,Daylight,1,0,0,0,0,0,Dry,13.52755,52.49019,bicycle + 
196098,Marzahn-Hellersdorf,10040931,Mahlsdorf Nord,June,15,Saturday,minor,0,Driving,Daylight,0,0,0,1,0,0,Dry,13.64316,52.52933,motorbike + 
196099,Steglitz-Zehlendorf,6040703,Nikolassee,June,12,Saturday,minor,1,Other,Daylight,0,1,0,0,0,0,Dry,13.21516,52.43884,car + 
196100,Charlottenburg-Wilmersdorf,4020311,Reichsstraße,June,19,Saturday,minor,2,Turning,Daylight,0,1,0,0,0,1,Dry,13.27327,52.51314,car + other
196101,Neukölln,8010509,Schulenburgpark,June,15,Saturday,minor,5,Turning,Daylight,0,1,0,0,0,0,Dry,13.47105,52.46606,car + 
196102,Friedrichshain-Kreuzberg,2010101,Askanischer Platz,June,15,Saturday,minor,5,Crossing,Daylight,0,1,0,0,0,0,Dry,13.38726,52.50428,car + 
196103,Neukölln,8020620,Tempelhofer Weg,June,15,Saturday,minor,5,Crossing,Daylight,0,1,0,1,0,0,Dry,13.42741,52.45225,car + motorbike + 
196104,Tempelhof-Schöneberg,7050503,Eisenacher Straße,June,16,Saturday,minor,5,Turning,Daylight,0,1,0,1,0,0,Dry,13.4001,52.44503,car + motorbike + 
196105,Lichtenberg,11040925,Victoriastadt,June,16,Saturday,minor,3,Stationary Traffic,Daylight,1,1,0,0,0,0,Dry,13.47355,52.50311,bicycle + car + 
196106,Pankow,3040818,Pankow Süd,June,17,Saturday,minor,5,Crossing,Daylight,1,1,0,0,0,0,Dry,13.42774,52.56059,bicycle + car + 
196107,Neukölln,8020622,Parchimer Allee,June,17,Saturday,minor,2,Stationary Traffic,Daylight,0,1,0,0,0,0,Dry,13.43546,52.44785,car + 
196108,Tempelhof-Schöneberg,7010101,Wittenbergplatz/Viktoria-Luise-Platz,June,19,Saturday,minor,5,Crossing,Daylight,1,1,0,0,0,0,Dry,13.34369,52.50148,bicycle + car + 
196109,Charlottenburg-Wilmersdorf,4030931,Breitscheidplatz,June,20,Saturday,minor,2,Stationary Traffic,Daylight,0,1,0,0,0,0,Dry,13.32782,52.50313,car + 
196110,Lichtenberg,11030721,Rüdigerstraße,June,20,Saturday,minor,5,Crossing,Daylight,1,0,0,0,0,1,Dry,13.47959,52.52297,bicycle + other
196111,Lichtenberg,11040925,Victoriastadt,June,21,Saturday,minor,0,Driving,Dawn,1,1,0,0,0,0,Dry,13.47168,52.50478,bicycle + car + 
196112,Friedrichshain-Kreuzberg,2010104,Wassertorplatz,June,21,Saturday,minor,2,Stationary Traffic,Dawn,0,1,0,1,0,0,Dry,13.41732,52.49901,car + motorbike + 
196113,Mitte,1011302,Oranienburger Straße,June,14,Saturday,minor,5,Crossing,Daylight,1,1,0,0,0,0,Dry,13.39547,52.52433,bicycle + car + 
196114,Reinickendorf,12214125,Waldidyll/Flughafensee,June,12,Saturday,minor,1,Driving,Daylight,0,1,0,0,0,0,Dry,13.25796,52.56778,car + 
196115,Marzahn-Hellersdorf,10030724,Oberfeldstraße,June,11,Saturday,minor,5,Crossing,Daylight,0,1,0,0,0,0,Dry,13.55113,52.5161,car + 
196116,Charlottenburg-Wilmersdorf,4031032,Halensee,June,11,Saturday,minor,0,Paralle Traffic,Daylight,0,1,0,0,0,1,Dry,13.30111,52.49881,car + other
196117,Steglitz-Zehlendorf,6030501,Berlepschstraße,June,10,Saturday,minor,5,Crossing,Daylight,0,1,0,0,1,0,Dry,13.24011,52.4245,car + truck + 
196118,Lichtenberg,11051330,Karlshorst West,June,16,Saturday,minor,5,Turning,Daylight,0,0,0,0,0,1,Dry,13.52709,52.49214,other
196119,Treptow-Köpenick,9031001,Bohnsdorf,June,10,Saturday,minor,5,Crossing,Daylight,0,1,0,1,0,0,Dry,13.55017,52.39951,car + motorbike + 
196120,Lichtenberg,11040926,Weitlingstraße,June,9,Saturday,minor,5,Crossing,Daylight,1,1,0,0,0,0,Dry,13.51127,52.50422,bicycle + car + 
196121,Mitte,1033201,Brunnenstraße,June,2,Saturday,minor,6,Overtaking,Night,0,0,1,0,0,1,Dry,13.38775,52.5487,pedestrian + other
196122,Marzahn-Hellersdorf,10010204,Wuhletalstraße,June,15,Friday,minor,2,Stationary Traffic,Daylight,0,1,0,0,0,1,Dry,13.56513,52.55618,car + other
196123,Pankow,3020209,Niederschönhausen,June,18,Friday,minor,0,Other,Daylight,1,0,0,0,0,1,Dry,13.40701,52.5817,bicycle + other
196124,Neukölln,8010301,Reuterkiez,June,14,Friday,minor,2,Turning,Daylight,1,1,0,0,0,0,Dry,13.44004,52.48166,bicycle + car + 
196125,Lichtenberg,11051229,Rummelsburg,June,14,Friday,minor,3,Stationary Traffic,Daylight,0,1,0,0,1,0,Dry,13.47588,52.50131,car + truck + 
196126,Spandau,5010101,Hakenfelde Nord,June,17,Friday,minor,5,Crossing,Daylight,1,1,0,0,0,0,Dry,13.21921,52.5571,bicycle + car + 
196127,Spandau,5010311,Eiswerder,June,16,Friday,serious,1,Paralle Traffic,Daylight,1,1,0,0,0,0,Dry,13.20994,52.55012,bicycle + car + 
196128,Spandau,5020419,Magistratsweg,June,16,Friday,minor,2,Stationary Traffic,Daylight,0,1,0,0,1,0,Dry,13.15345,52.53287,car + truck + 
196129,Steglitz-Zehlendorf,6010208,Bergstraße,June,16,Friday,serious,3,Stationary Traffic,Daylight,1,1,0,0,0,0,Dry,13.33175,52.45824,bicycle + car + 
196130,Friedrichshain-Kreuzberg,2050803,Stralauer Kiez,June,15,Friday,minor,2,Stationary Traffic,Daylight,1,1,0,0,0,0,Dry,13.46615,52.50013,bicycle + car + 
196131,Pankow,3051017,Rennbahnstraße,June,13,Friday,minor,1,Paralle Traffic,Daylight,1,1,0,0,0,0,Dry,13.46261,52.56264,bicycle + car + 
196132,Mitte,1011303,Alexanderplatzviertel,June,13,Friday,minor,2,Stationary Traffic,Daylight,1,0,0,0,0,0,Dry,13.41791,52.51475,bicycle + 
196133,Tempelhof-Schöneberg,7030303,Grazer Platz,June,13,Friday,minor,5,Turning,Daylight,0,1,0,0,0,0,Dry,13.3474,52.4706,car + 
196134,Pankow,3051021,Buschallee,June,13,Friday,minor,0,Other,Daylight,1,0,0,0,0,0,Dry,13.46844,52.55965,bicycle + 
196135,Neukölln,8010212,Rollberg,June,18,Friday,minor,5,Turning,Daylight,0,1,0,0,0,0,Dry,13.42883,52.47792,car + 
196136,Mitte,1022104,Emdener Straße,June,13,Friday,minor,5,Turning,Daylight,0,1,0,1,0,0,Dry,13.33543,52.5267,car + motorbike + 
196137,Charlottenburg-Wilmersdorf,4030623,Ernst-Reuter-Platz,June,13,Friday,minor,2,Stationary Traffic,Daylight,0,1,0,0,0,0,Dry,13.32233,52.51317,car + 
196138,Friedrichshain-Kreuzberg,2040701,Andreasviertel,June,14,Friday,minor,0,Driving,Daylight,0,0,0,1,0,0,Dry,13.42745,52.51139,motorbike + 
196139,Lichtenberg,11010206,Wartenberg Süd,June,15,Friday,minor,2,Stationary Traffic,Daylight,0,1,0,0,0,1,Dry,13.5135,52.56795,car + other
196140,Mitte,1011304,Karl-Marx-Allee,June,13,Friday,minor,5,Turning,Daylight,0,1,0,0,0,0,Dry,13.41811,52.51552,car + 
196141,Lichtenberg,11051229,Rummelsburg,June,13,Friday,minor,0,Other,Daylight,0,0,0,1,0,0,Wet,13.47817,52.50029,motorbike + 
196142,Friedrichshain-Kreuzberg,2040701,Andreasviertel,June,20,Friday,minor,1,Paralle Traffic,Dawn,1,1,0,0,0,1,Dry,13.42346,52.51277,bicycle + car + other
196143,Treptow-Köpenick,9041301,Kietzer Feld/Nachtheide,June,19,Friday,minor,3,Stationary Traffic,Daylight,1,0,0,0,0,1,Dry,13.59055,52.43736,bicycle + other
196144,Marzahn-Hellersdorf,10020517,Adele-Sandrock-Straße,June,19,Friday,serious,5,Crossing,Daylight,1,1,0,0,0,0,Dry,13.60815,52.5352,bicycle + car + 
196145,Charlottenburg-Wilmersdorf,4051446,Preußenpark,June,19,Friday,minor,1,Paralle Traffic,Daylight,1,0,0,0,1,0,Dry,13.30818,52.4968,bicycle + truck + 
196146,Neukölln,8010118,Silbersteinstraße,June,19,Friday,minor,2,Turning,Daylight,0,1,0,0,0,0,Dry,13.4307,52.46855,car + 
196147,Mitte,1033201,Brunnenstraße,June,19,Friday,minor,5,Turning,Daylight,1,0,0,0,0,1,Dry,13.40252,52.54018,bicycle + other
196148,Friedrichshain-Kreuzberg,2030302,Lausitzer Platz,June,19,Friday,minor,0,Other,Daylight,0,1,0,0,0,1,Dry,13.43966,52.50226,car + other
196149,Friedrichshain-Kreuzberg,2020206,Graefekiez,June,7,Friday,minor,1,Paralle Traffic,Daylight,1,1,0,0,0,1,Dry,13.42221,52.49159,bicycle + car + other
196150,Friedrichshain-Kreuzberg,2050802,Boxhagener Platz,June,23,Friday,serious,0,Driving,Night,1,0,0,0,0,1,Dry,13.45228,52.51064,bicycle + other
196151,Lichtenberg,11020412,Hauptstraße,June,7,Friday,serious,5,Turning,Daylight,1,1,0,0,0,0,Dry,13.49969,52.54786,bicycle + car + 
196152,Treptow-Köpenick,9020602,Oberspree,June,6,Friday,minor,6,Overtaking,Daylight,1,0,1,0,0,0,Dry,13.52446,52.44688,bicycle + pedestrian + 
196153,Reinickendorf,12214424,Scharnweberstraße,June,5,Friday,minor,5,Crossing,Daylight,0,1,0,0,0,0,Dry,13.31457,52.56737,car + 
196154,Neukölln,8010510,Gewerbegebiet Köllnische Heide,June,13,Friday,minor,5,Crossing,Daylight,1,1,0,0,0,0,Dry,13.47205,52.46174,bicycle + car + 
196155,Mitte,1022103,Westhafen,June,13,Friday,minor,2,Turning,Daylight,0,1,0,0,0,1,Dry,13.34877,52.53586,car + other
196156,Mitte,1011303,Alexanderplatzviertel,June,9,Friday,minor,1,Paralle Traffic,Daylight,1,1,0,0,0,1,Dry,13.41011,52.52463,bicycle + car + other
196157,Steglitz-Zehlendorf,6030502,Zehlendorf Süd,June,12,Friday,minor,5,Crossing,Daylight,1,1,0,0,0,0,Dry,13.2683,52.40639,bicycle + car + 
196158,Spandau,5040936,Jägerallee,June,10,Friday,minor,4,Stationary Traffic,Daylight,1,1,0,0,0,0,Dry,13.12957,52.45287,bicycle + car + 
196159,Mitte,1011301,Charitéviertel,June,11,Friday,minor,6,Overtaking,Daylight,1,0,1,0,0,0,Dry,13.37631,52.53599,bicycle + pedestrian + 
196160,Steglitz-Zehlendorf,6020301,Alt-Lankwitz,June,10,Friday,minor,5,Crossing,Daylight,0,1,0,0,0,0,Dry,13.35868,52.43415,car + 
196161,Marzahn-Hellersdorf,10040933,Mahlsdorf Süd,June,9,Friday,minor,5,Crossing,Daylight,1,1,0,0,0,0,Dry,13.60557,52.4878,bicycle + car + 
196162,Treptow-Köpenick,9041501,Altstadt Kietz,June,10,Friday,serious,5,Turning,Daylight,1,0,0,0,1,0,Dry,13.58199,52.44261,bicycle + truck + 
196163,Marzahn-Hellersdorf,10040933,Mahlsdorf Süd,June,9,Friday,minor,5,Crossing,Daylight,1,1,0,0,0,0,Dry,13.60111,52.47924,bicycle + car + 
196164,Mitte,1011103,Lützowstraße,June,10,Friday,minor,2,Stationary Traffic,Daylight,0,1,0,0,0,0,Dry,13.35366,52.50514,car + 
196165,Neukölln,8010117,Schillerpromenade,June,3,Friday,minor,3,Stationary Traffic,Night,0,1,0,1,0,0,Wet,13.42636,52.47708,car + motorbike + 
196166,Friedrichshain-Kreuzberg,2050802,Boxhagener Platz,June,0,Friday,minor,6,Overtaking,Night,0,1,1,0,0,0,Wet,13.45521,52.5078,car + pedestrian + 
196167,Mitte,1022204,Thomasiusstraße,June,11,Friday,serious,1,Paralle Traffic,Daylight,1,1,0,0,0,1,Dry,13.34926,52.52378,bicycle + car + other
196168,Tempelhof-Schöneberg,7040403,Manteuffelstraße,June,21,Thursday,minor,3,Stationary Traffic,Night,0,1,0,0,0,0,Dry,13.37521,52.45531,car + 
196169,Tempelhof-Schöneberg,7030301,Friedenau,June,13,Thursday,minor,4,Stationary Traffic,Daylight,1,1,0,0,0,0,Dry,13.32963,52.47383,bicycle + car + 
196170,Mitte,1011101,Stülerstraße,June,9,Thursday,minor,0,Turning,Daylight,1,0,0,0,1,0,Wet,13.34112,52.505,bicycle + truck + 