id,district,lor,street,month,hour,weekday,injury,collision,movement,light_conditions,bicycle,car,pedestrian,motorbike,truck,other_vehicle,road_conditions,longitude,latitude,Combo_type
196171,Mitte,1022203,Lübecker Straße,June,9,Thursday,minor,0,Driving,Daylight,1,0,0,0,0,0,Wet,13.35089,52.52642,bicycle + 
196172,Charlottenburg-Wilmersdorf,4030415,Schloßgarten,June,8,Thursday,minor,2,Turning,Daylight,1,1,0,0,0,0,Wet,13.28653,52.5188,bicycle + car + 
196173,Pankow,3040512,Wilhelmsruh,June,21,Thursday,minor,5,Crossing,Night,0,1,0,0,0,0,Wet,13.36981,52.58938,car + 
196174,Friedrichshain-Kreuzberg,2040701,Andreasviertel,June,22,Thursday,minor,1,Driving,Night,1,1,0,0,0,0,Dry,13.4355,52.51095,bicycle + car + 
196175,Friedrichshain-Kreuzberg,2020206,Graefekiez,June,23,Thursday,minor,0,Crossing,Dawn,1,0,0,1,0,0,Dry,13.40785,52.48903,bicycle + motorbike + 
196176,Neukölln,8041035,Blumenviertel,June,7,Thursday,minor,5,Crossing,Daylight,1,1,0,0,0,0,Dry,13.47018,52.43503,bicycle + car + 
196177,Pankow,3061227,Humannplatz,June,7,Thursday,minor,2,Stationary Traffic,Daylight,0,1,0,0,0,0,Dry,13.42609,52.5487,car + 
196178,Mitte,1011301,Charitéviertel,June,7,Thursday,minor,5,Turning,Daylight,1,1,0,0,0,0,Dry,13.37761,52.52908,bicycle + car + 
196179,Treptow-Köpenick,9020701,Adlershof West,June,6,Thursday,minor,5,Crossing,Daylight,1,1,0,0,0,0,Dry,13.54353,52.4338,bicycle + car + 
196180,Treptow-Köpenick,9051901,Dammvorstadt,June,0,Thursday,minor,0,Driving,Night,0,1,0,1,0,0,Dry,13.59131,52.45525,car + motorbike + 
196181,Steglitz-Zehlendorf,6040808,Hüttenweg,June,23,Thursday,fatal,0,Driving,Night,1,0,0,0,0,0,Dry,13.26798,52.45116,bicycle + 
196182,Charlottenburg-Wilmersdorf,4051652,Nikolsburger Platz,June,8,Thursday,minor,6,Overtaking,Daylight,0,1,1,0,0,0,Wet,13.32274,52.48883,car + pedestrian + 
196183,Mitte,1044102,Schillerpark,June,8,Thursday,minor,5,Crossing,Daylight,1,1,0,0,0,0,Wet,13.35291,52.55323,bicycle + car + 
196184,Treptow-Köpenick,9030901,Dorf Altglienicke,June,8,Thursday,serious,5,Turning,Daylight,1,1,0,0,0,0,Wet,13.52583,52.42304,bicycle + car + 
196185,Steglitz-Zehlendorf,6020409,Königsberger Straße,June,2,Thursday,minor,1,Driving,Night,0,1,0,0,0,0,Wet,13.31372,52.42646,car + 
196186,Friedrichshain-Kreuzberg,2040703,Wriezener Bahnhof/Entwicklungsgebiet,June,2,Thursday,minor,0,Driving,Night,1,0,0,0,0,0,Wet,13.43768,52.50625,bicycle + 
196187,Mitte,1011303,Alexanderplatzviertel,June,20,Thursday,serious,6,Overtaking,Daylight,0,1,1,0,0,0,Dry,13.41538,52.52271,car + pedestrian + 
196188,Treptow-Köpenick,9020501,Oberschöneweide West,June,7,Thursday,minor,5,Crossing,Daylight,1,1,0,0,0,0,Dry,13.50736,52.47489,bicycle + car + 
196189,Charlottenburg-Wilmersdorf,4030724,Lietzensee,June,13,Thursday,minor,5,Other,Daylight,1,1,0,0,0,0,Dry,13.28623,52.50961,bicycle + car + 
196190,Friedrichshain-Kreuzberg,2020205,Chamissokiez,June,7,Thursday,minor,5,Turning,Daylight,1,0,0,0,0,1,Dry,13.39183,52.48939,bicycle + other
196191,Tempelhof-Schöneberg,7040403,Manteuffelstraße,June,13,Thursday,minor,5,Crossing,Daylight,0,1,0,0,0,1,Dry,13.37655,52.45999,car + other
196192,Mitte,1022103,Westhafen,June,0,Thursday,minor,1,Other,Night,0,1,0,0,0,1,Dry,13.34594,52.53811,car + other
196193,Friedrichshain-Kreuzberg,2040703,Wriezener Bahnhof/Entwicklungsgebiet,June,17,Thursday,minor,5,Paralle Traffic,Daylight,1,1,0,0,0,0,Dry,13.44219,52.50419,bicycle + car + 
196194,Neukölln,8020619,Buschkrugallee Nord,June,14,Thursday,minor,1,Paralle Traffic,Daylight,0,1,0,0,0,0,Dry,13.43838,52.45317,car + 
196195,Steglitz-Zehlendorf,6020410,Oberhofer Platz,June,16,Thursday,minor,2,Stationary Traffic,Daylight,0,1,0,1,0,0,Dry,13.3283,52.42871,car + motorbike + 
196196,Pankow,3010101,Bucher Forst,June,15,Thursday,minor,5,Crossing,Daylight,1,1,0,0,0,0,Dry,13.49603,52.64174,bicycle + car + 
196197,Charlottenburg-Wilmersdorf,4030931,Breitscheidplatz,June,16,Thursday,minor,1,Paralle Traffic,Daylight,1,1,0,0,0,0,Dry,13.33974,52.50342,bicycle + car + 
196198,Charlottenburg-Wilmersdorf,4031032,Halensee,June,13,Thursday,minor,3,Stationary Traffic,Daylight,0,1,0,1,0,0,Dry,13.29862,52.49534,car + motorbike + 
196199,Reinickendorf,12224230,Heiligensee,June,12,Thursday,minor,5,Crossing,Daylight,0,1,0,1,0,0,Dry,13.24761,52.60984,car + motorbike + 
196200,Steglitz-Zehlendorf,6020411,Schütte-Lanz-Straße,June,16,Thursday,minor,5,Turning,Daylight,0,1,0,0,0,0,Dry,13.32211,52.41037,car + 
196201,Treptow-Köpenick,9020701,Adlershof West,June,16,Thursday,minor,5,Crossing,Daylight,1,1,0,0,0,0,Dry,13.53135,52.44224,bicycle + car + 
196202,Friedrichshain-Kreuzberg,2030301,Oranienplatz,June,11,Thursday,minor,5,Crossing,Daylight,0,1,0,0,0,0,Dry,13.41678,52.50431,car + 
196203,Spandau,5020625,Borkumer Straße,June,15,Thursday,minor,5,Turning,Daylight,1,1,0,0,0,0,Dry,13.19452,52.53364,bicycle + car + 
196204,Treptow-Köpenick,9041301,Kietzer Feld/Nachtheide,June,12,Thursday,serious,5,Crossing,Daylight,0,1,0,1,0,0,Dry,13.62284,52.42538,car + motorbike + 
196205,Charlottenburg-Wilmersdorf,4030930,George-Grosz-Platz,June,19,Thursday,minor,6,Overtaking,Daylight,0,1,1,0,0,0,Dry,13.31494,52.50031,car + pedestrian + 
196206,Spandau,5030832,Rohrdamm,June,11,Thursday,minor,5,Other,Daylight,0,1,0,1,0,0,Dry,13.25919,52.54755,car + motorbike + 
196207,Neukölln,8010404,Rixdorf,June,15,Thursday,minor,5,Crossing,Daylight,1,1,0,0,0,0,Dry,13.44756,52.47615,bicycle + car + 
196208,Friedrichshain-Kreuzberg,2030302,Lausitzer Platz,June,19,Thursday,minor,2,Paralle Traffic,Daylight,1,1,0,0,0,0,Dry,13.42495,52.49971,bicycle + car + 
196209,Lichtenberg,11051330,Karlshorst West,June,11,Wednesday,minor,5,Turning,Daylight,1,1,0,0,0,0,Dry,13.52689,52.4921,bicycle + car + 
196210,Neukölln,8010404,Rixdorf,June,8,Wednesday,minor,1,Paralle Traffic,Daylight,1,1,0,0,0,0,Dry,13.4476,52.47625,bicycle + car + 
196211,Neukölln,8020622,Parchimer Allee,June,11,Thursday,minor,5,Crossing,Daylight,0,1,0,0,0,0,Wet,13.43757,52.4485,car + 
196212,Charlottenburg-Wilmersdorf,4051445,Eisenzahnstraße,June,11,Thursday,minor,6,Overtaking,Daylight,0,1,1,0,0,0,Wet,13.30185,52.48862,car + pedestrian + 
196213,Friedrichshain-Kreuzberg,2010102,Mehringplatz,June,13,Wednesday,minor,6,Overtaking,Daylight,0,1,1,0,0,0,Dry,13.39018,52.50669,car + pedestrian + 
196214,Neukölln,8020622,Parchimer Allee,June,18,Thursday,serious,6,Overtaking,Daylight,0,1,1,0,0,0,Dry,13.4364,52.44916,car + pedestrian + 
196215,Charlottenburg-Wilmersdorf,4030724,Lietzensee,June,16,Wednesday,minor,6,Overtaking,Daylight,1,0,1,0,0,0,Dry,13.28541,52.50793,bicycle + pedestrian + 
196216,Mitte,1033102,Gesundbrunnen,June,10,Thursday,minor,3,Stationary Traffic,Daylight,1,1,0,0,0,0,Dry,13.38181,52.55206,bicycle + car + 
196217,Tempelhof-Schöneberg,7030301,Friedenau,June,15,Wednesday,minor,3,Turning,Daylight,0,1,0,1,0,0,Dry,13.32837,52.47119,car + motorbike + 
196218,Friedrichshain-Kreuzberg,2030402,Wrangelkiez,June,7,Thursday,minor,0,Stationary Traffic,Daylight,1,0,0,0,1,0,Dry,13.44915,52.49708,bicycle + truck + 
196219,Pankow,3040818,Pankow Süd,June,15,Wednesday,serious,1,Paralle Traffic,Daylight,1,1,0,0,0,0,Dry,13.40976,52.5594,bicycle + car + 
196220,Tempelhof-Schöneberg,7030301,Friedenau,June,15,Wednesday,minor,5,Turning,Daylight,0,1,0,0,0,0,Dry,13.33256,52.46903,car + 
196221,Steglitz-Zehlendorf,6040809,Thielallee,June,10,Thursday,minor,5,Turning,Daylight,1,1,0,0,0,0,Dry,13.30084,52.45585,bicycle + car + 
196222,Mitte,1011302,Oranienburger Straße,June,15,Wednesday,minor,3,Stationary Traffic,Daylight,0,1,0,1,0,0,Dry,13.40028,52.52958,car + motorbike + 
196223,Mitte,1022204,Thomasiusstraße,June,9,Thursday,serious,6,Overtaking,Daylight,0,1,1,0,0,0,Wet,13.35239,52.52412,car + pedestrian + 
196224,Mitte,1011204,Leipziger Straße,June,14,Wednesday,minor,2,Stationary Traffic,Daylight,1,0,0,0,0,1,Dry,13.39765,52.51536,bicycle + other
196225,Tempelhof-Schöneberg,7040403,Manteuffelstraße,June,18,Thursday,minor,2,Turning,Daylight,0,1,0,0,0,0,Dry,13.38559,52.4661,car + 
196226,Charlottenburg-Wilmersdorf,4030519,Kaiserin-Augusta-Allee,June,14,Wednesday,minor,5,Turning,Daylight,1,1,0,0,0,0,Dry,13.3087,52.52916,bicycle + car + 
196227,Tempelhof-Schöneberg,7020202,Volkspark (Rudolf-Wilde-Park),June,17,Thursday,minor,2,Stationary Traffic,Daylight,0,1,0,0,0,0,Dry,13.34491,52.48245,car + 
196228,Charlottenburg-Wilmersdorf,4051652,Nikolsburger Platz,June,13,Wednesday,minor,5,Paralle Traffic,Daylight,1,1,0,0,0,0,Dry,13.32294,52.48995,bicycle + car + 
196229,Mitte,1011401,Invalidenstraße,June,13,Wednesday,serious,0,Turning,Daylight,1,1,0,0,0,0,Dry,13.39878,52.53259,bicycle + car + 
196230,Mitte,1044201,Reinickendorfer Straße,June,18,Thursday,minor,5,Crossing,Daylight,0,1,0,0,0,0,Dry,13.37716,52.55476,car + 
196231,Friedrichshain-Kreuzberg,2030301,Oranienplatz,June,17,Thursday,minor,5,Turning,Daylight,1,0,0,0,0,1,Dry,13.41631,52.50171,bicycle + other
196232,Friedrichshain-Kreuzberg,2050801,Traveplatz,June,13,Wednesday,minor,6,Overtaking,Daylight,0,1,1,0,0,0,Dry,13.46592,52.50889,car + pedestrian + 
196233,Mitte,1044201,Reinickendorfer Straße,June,13,Wednesday,minor,5,Turning,Daylight,0,1,0,0,0,0,Dry,13.36155,52.548,car + 
196234,Mitte,1044101,Rehberge,June,17,Thursday,minor,2,Turning,Daylight,0,1,0,1,0,0,Dry,13.33634,52.54235,car + motorbike + 
196235,Mitte,1011302,Oranienburger Straße,June,12,Wednesday,minor,5,Paralle Traffic,Daylight,0,1,0,1,0,0,Dry,13.38846,52.52743,car + motorbike + 
196236,Tempelhof-Schöneberg,7010101,Wittenbergplatz/Viktoria-Luise-Platz,June,12,Wednesday,minor,5,Turning,Daylight,1,1,0,0,0,0,Dry,13.346,52.4943,bicycle + car + 
196237,Charlottenburg-Wilmersdorf,4010101,Jungfernheide,June,18,Thursday,serious,6,Overtaking,Daylight,0,1,1,0,0,0,Dry,13.28694,52.54017,car + pedestrian + 
196238,Mitte,1022103,Westhafen,June,9,Thursday,minor,0,Stationary Traffic,Daylight,0,1,0,1,0,0,Dry,13.32703,52.53611,car + motorbike + 
196239,Charlottenburg-Wilmersdorf,4030931,Breitscheidplatz,June,22,Wednesday,minor,6,Overtaking,Night,0,0,1,1,0,0,Dry,13.33317,52.50655,pedestrian + motorbike + 
196240,Charlottenburg-Wilmersdorf,4010102,Plötzensee,June,16,Thursday,minor,5,Other,Daylight,0,1,0,1,0,0,Dry,13.32511,52.54156,car + motorbike + 
196241,Reinickendorf,12301204,Wittenau Nord,June,22,Wednesday,minor,1,Paralle Traffic,Night,0,1,0,0,0,0,Dry,13.32602,52.60109,car + 
196242,Friedrichshain-Kreuzberg,2050803,Stralauer Kiez,June,9,Thursday,minor,3,Stationary Traffic,Daylight,0,1,0,0,0,1,Wet,13.4576,52.50201,car + other
196243,Treptow-Köpenick,9041301,Kietzer Feld/Nachtheide,June,21,Wednesday,minor,5,Crossing,Dawn,0,1,0,1,0,0,Dry,13.61601,52.42936,car + motorbike + 
196244,Tempelhof-Schöneberg,7040401,Neu-Tempelhof,June,9,Thursday,minor,0,Overtaking,Daylight,0,0,1,0,0,1,Dry,13.38366,52.48383,pedestrian + other
196245,Mitte,1011302,Oranienburger Straße,June,20,Wednesday,minor,3,Stationary Traffic,Dawn,1,1,0,0,0,0,Dry,13.40302,52.52447,bicycle + car + 
196246,Charlottenburg-Wilmersdorf,4010101,Jungfernheide,June,19,Wednesday,minor,5,Crossing,Daylight,0,1,0,0,0,0,Dry,13.29673,52.54812,car + 
196247,Treptow-Köpenick,9051901,Dammvorstadt,June,9,Thursday,minor,1,Driving,Daylight,1,1,0,0,0,0,Wet,13.57422,52.45416,bicycle + car + 
196248,Friedrichshain-Kreuzberg,2010102,Mehringplatz,June,19,Wednesday,minor,5,Turning,Daylight,1,1,0,0,0,0,Dry,13.40213,52.50603,bicycle + car + 
196249,Mitte,1033102,Gesundbrunnen,June,8,Thursday,minor,0,Turning,Daylight,0,1,0,1,0,0,Wet,13.38656,52.54942,car + motorbike + 
196250,Charlottenburg-Wilmersdorf,4031032,Halensee,June,18,Wednesday,minor,6,Overtaking,Daylight,1,0,1,0,0,0,Dry,13.28872,52.49665,bicycle + pedestrian + 
196251,Treptow-Köpenick,9020601,Schnellerstraße,June,17,Thursday,minor,5,Turning,Daylight,1,1,0,0,0,0,Dry,13.50254,52.46132,bicycle + car + 
196252,Spandau,5010101,Hakenfelde Nord,June,17,Wednesday,minor,2,Stationary Traffic,Daylight,0,1,0,0,0,0,Dry,13.21812,52.56033,car + 
196253,Mitte,1033203,Humboldthain Nordwest,June,10,Thursday,minor,0,Driving,Daylight,0,0,0,1,0,0,Wet,13.37656,52.5432,motorbike + 
196254,Steglitz-Zehlendorf,6040810,Dahlem,June,17,Wednesday,minor,5,Turning,Daylight,1,1,0,0,0,0,Dry,13.27057,52.45102,bicycle + car + 
196255,Mitte,1011301,Charitéviertel,June,17,Wednesday,minor,1,Paralle Traffic,Daylight,1,1,0,0,0,0,Dry,13.38114,52.53211,bicycle + car + 
196256,Pankow,3061131,Falkplatz,June,16,Thursday,minor,4,Driving,Daylight,0,1,0,0,0,0,Wet,13.40811,52.54132,car + 
196257,Charlottenburg-Wilmersdorf,4010103,Paul-Hertz-Siedlung,June,15,Thursday,minor,3,Stationary Traffic,Daylight,0,1,0,0,0,0,Dry,13.29419,52.53444,car + 
196258,Marzahn-Hellersdorf,10010308,Marzahner Chaussee,June,10,Wednesday,minor,0,Turning,Daylight,0,1,0,1,0,0,Dry,13.51751,52.53541,car + motorbike + 
196259,Friedrichshain-Kreuzberg,2040503,Richard-Sorge-Viertel,June,10,Wednesday,minor,2,Stationary Traffic,Daylight,0,1,0,1,0,0,Dry,13.44613,52.52602,car + motorbike + 
196260,Mitte,1011303,Alexanderplatzviertel,June,15,Thursday,minor,6,Overtaking,Daylight,0,1,1,0,0,0,Dry,13.41557,52.52725,car + pedestrian + 
196261,Treptow-Köpenick,9010101,Elsenstraße,June,9,Wednesday,minor,2,Stationary Traffic,Daylight,1,1,0,0,0,0,Dry,13.45286,52.49301,bicycle + car + 
196262,Charlottenburg-Wilmersdorf,4020310,Park Ruhwald,June,15,Thursday,minor,0,Turning,Daylight,1,1,0,0,0,0,Dry,13.24952,52.52381,bicycle + car + 
196263,Steglitz-Zehlendorf,6020304,Kaiser-Wilhelm-Straße,June,9,Wednesday,minor,6,Turning,Daylight,0,1,1,0,0,0,Dry,13.33603,52.43074,car + pedestrian + 
196264,Pankow,3040614,Pankow Zentrum,June,8,Wednesday,minor,1,Driving,Daylight,0,1,0,0,0,1,Dry,13.40855,52.56607,car + other
196265,Friedrichshain-Kreuzberg,2030302,Lausitzer Platz,June,8,Wednesday,minor,2,Stationary Traffic,Daylight,1,0,0,0,0,0,Dry,13.43665,52.50376,bicycle + 
196266,Pankow,3061429,Greifswalder Straße,June,8,Thursday,minor,0,Driving,Daylight,1,0,0,0,0,0,Wet,13.45321,52.54443,bicycle + 
196267,Mitte,1011303,Alexanderplatzviertel,June,8,Wednesday,minor,5,Turning,Daylight,1,1,0,0,0,0,Dry,13.41164,52.52396,bicycle + car + 
196268,Mitte,1033201,Brunnenstraße,June,18,Wednesday,serious,5,Crossing,Daylight,0,1,0,0,0,0,Dry,13.39607,52.53818,car + 
196269,Lichtenberg,11030720,Herzbergstraße,June,8,Wednesday,minor,2,Stationary Traffic,Daylight,0,1,0,0,0,0,Dry,13.48936,52.5339,car + 
196270,Pankow,3010102,Buch,June,8,Wednesday,minor,5,Crossing,Daylight,1,1,0,0,0,0,Dry,13.49307,52.62386,bicycle + car + 
196271,Friedrichshain-Kreuzberg,2020206,Graefekiez,June,14,Wednesday,minor,0,Crossing,Daylight,1,0,0,0,0,0,Wet,13.41439,52.49315,bicycle + 
196272,Marzahn-Hellersdorf,10020412,Alte Hellersdorfer Straße,June,7,Wednesday,minor,2,Stationary Traffic,Daylight,0,1,0,0,0,0,Dry,13.59202,52.54857,car + 
196273,Mitte,1011301,Charitéviertel,June,7,Wednesday,minor,1,Paralle Traffic,Daylight,1,1,0,0,0,0,Dry,13.3793,52.52458,bicycle + car + 
196274,Charlottenburg-Wilmersdorf,4030519,Kaiserin-Augusta-Allee,June,23,Wednesday,minor,0,Driving,Night,0,1,0,1,0,0,Dry,13.30757,52.52327,car + motorbike + 
196275,Tempelhof-Schöneberg,7050505,Hundsteinweg,June,7,Wednesday,minor,2,Stationary Traffic,Daylight,0,1,0,0,0,0,Dry,13.39779,52.42409,car + 
196276,Tempelhof-Schöneberg,7050505,Hundsteinweg,June,21,Wednesday,minor,6,Overtaking,Daylight,0,0,1,0,0,1,Dry,13.39252,52.43991,pedestrian + other
196277,Pankow,3061430,Volkspark Prenzlauer Berg,June,6,Wednesday,minor,6,Overtaking,Daylight,1,0,1,0,0,0,Dry,13.45274,52.53395,bicycle + pedestrian + 
196278,Friedrichshain-Kreuzberg,2020203,Viktoriapark,June,4,Wednesday,minor,3,Stationary Traffic,Dawn,0,1,0,0,0,0,Dry,13.38606,52.48737,car + 
196279,Neukölln,8010508,Weiße Siedlung,June,20,Wednesday,minor,5,Crossing,Daylight,0,1,0,0,0,0,Dry,13.46826,52.47206,car + 
196280,Reinickendorf,12214527,Alt-Tegel,June,19,Wednesday,minor,5,Crossing,Daylight,0,1,0,1,0,0,Dry,13.2771,52.58505,car + motorbike + 
196281,Tempelhof-Schöneberg,7040405,Rathaus Tempelhof,June,12,Wednesday,serious,5,Crossing,Daylight,1,0,0,0,0,1,Dry,13.40015,52.4641,bicycle + other
196282,Pankow,3040513,Schönholz,June,11,Wednesday,minor,0,Turning,Daylight,0,1,0,1,0,0,Dry,13.3772,52.57748,car + motorbike + 
196283,Mitte,1044202,Sparrplatz,June,18,Wednesday,minor,1,Paralle Traffic,Daylight,1,1,0,0,0,0,Dry,13.36097,52.54456,bicycle + car + 
196284,Mitte,1011306,Heine-Viertel Ost,June,11,Wednesday,minor,6,Other,Daylight,0,0,1,0,0,1,Dry,13.42237,52.50509,pedestrian + other
196285,Marzahn-Hellersdorf,10010204,Wuhletalstraße,June,17,Wednesday,minor,5,Crossing,Daylight,1,1,0,0,0,0,Dry,13.57448,52.555,bicycle + car + 
196286,Friedrichshain-Kreuzberg,2010101,Askanischer Platz,June,10,Wednesday,minor,3,Stationary Traffic,Daylight,1,0,0,0,0,0,Dry,13.37916,52.50689,bicycle + 
196287,Mitte,1022206,Lüneburger Straße,June,22,Wednesday,minor,0,Turning,Night,0,1,0,0,0,1,Dry,13.36574,52.52534,car + other
196288,Marzahn-Hellersdorf,10010310,Alt-Marzahn,June,10,Wednesday,minor,0,Turning,Daylight,0,1,0,0,0,1,Dry,13.55886,52.53637,car + other
196289,Mitte,1011204,Leipziger Straße,June,9,Wednesday,minor,5,Turning,Daylight,0,1,0,0,0,0,Dry,13.40251,52.51185,car + 
196290,Charlottenburg-Wilmersdorf,4051445,Eisenzahnstraße,June,10,Wednesday,minor,5,Crossing,Daylight,1,0,0,0,0,0,Dry,13.30074,52.48946,bicycle + 
196291,Steglitz-Zehlendorf,6010101,Fichtenberg,June,13,Wednesday,minor,5,Crossing,Daylight,0,1,0,0,0,1,Dry,13.31777,52.4579,car + other
196292,Spandau,5020625,Borkumer Straße,June,9,Wednesday,serious,5,Turning,Daylight,0,1,0,0,0,0,Dry,13.18517,52.52707,car + 
196293,Mitte,1011304,Karl-Marx-Allee,June,18,Wednesday,minor,0,Other,Daylight,1,0,0,0,0,0,Dry,13.41591,52.52035,bicycle + 
196294,Mitte,1022101,Huttenkiez,June,11,Tuesday,minor,3,Stationary Traffic,Daylight,0,0,0,1,0,1,Dry,13.32931,52.52387,motorbike + other
196295,Mitte,1044201,Reinickendorfer Straße,June,9,Wednesday,minor,2,Stationary Traffic,Daylight,0,1,0,0,0,0,Dry,13.37818,52.55621,car + 
196296,Mitte,1022201,Stephankiez,June,10,Tuesday,minor,5,Turning,Daylight,1,1,0,0,0,0,Dry,13.35061,52.53251,bicycle + car + 
196297,Spandau,5030833,Motardstraße,June,8,Wednesday,minor,5,Turning,Daylight,1,1,0,0,0,0,Dry,13.26732,52.5312,bicycle + car + 
196298,Neukölln,8010404,Rixdorf,June,21,Tuesday,minor,1,Paralle Traffic,Daylight,1,1,0,0,0,0,Dry,13.43986,52.48056,bicycle + car + 
196299,Tempelhof-Schöneberg,7060604,Marienfelde Süd,June,7,Wednesday,minor,1,Paralle Traffic,Daylight,1,1,0,0,0,0,Dry,13.34855,52.40655,bicycle + car + 
196300,Friedrichshain-Kreuzberg,2050802,Boxhagener Platz,June,20,Tuesday,minor,2,Stationary Traffic,Daylight,0,1,0,0,0,0,Dry,13.45162,52.51077,car + 
196301,Steglitz-Zehlendorf,6010103,Markelstraße,June,7,Wednesday,minor,1,Paralle Traffic,Daylight,0,0,0,1,0,1,Dry,13.32449,52.46414,motorbike + other
196302,Charlottenburg-Wilmersdorf,4010101,Jungfernheide,June,13,Tuesday,minor,2,Stationary Traffic,Daylight,0,0,0,1,1,0,Dry,13.29858,52.54808,motorbike + truck + 
196303,Tempelhof-Schöneberg,7070704,Nahariyastraße,June,13,Tuesday,minor,5,Turning,Daylight,1,1,0,0,0,0,Dry,13.41939,52.39477,bicycle + car + 
196304,Marzahn-Hellersdorf,10040933,Mahlsdorf Süd,June,7,Wednesday,minor,5,Crossing,Daylight,1,1,0,0,0,0,Dry,13.61378,52.49091,bicycle + car + 
196305,Friedrichshain-Kreuzberg,2040701,Andreasviertel,June,10,Tuesday,minor,3,Stationary Traffic,Daylight,0,1,0,0,0,1,Dry,13.43223,52.51511,car + other
196306,Steglitz-Zehlendorf,6040806,Fischtal,June,7,Wednesday,minor,5,Crossing,Daylight,1,0,0,0,0,0,Dry,13.25247,52.45038,bicycle + 
196307,Reinickendorf,12103117,Letteplatz,June,13,Tuesday,minor,5,Crossing,Daylight,1,1,0,0,0,0,Dry,13.36693,52.5654,bicycle + car + 
196308,Spandau,5020417,Staakener Straße,June,12,Tuesday,minor,5,Turning,Daylight,1,0,0,0,1,0,Dry,13.17051,52.53366,bicycle + truck + 
196309,Treptow-Köpenick,9020802,Köllnische Vorstadt,June,7,Wednesday,serious,5,Turning,Daylight,1,1,0,0,0,0,Dry,13.56397,52.4381,bicycle + car + 
196310,Friedrichshain-Kreuzberg,2050803,Stralauer Kiez,June,11,Tuesday,minor,3,Stationary Traffic,Daylight,0,1,0,0,0,1,Dry,13.46479,52.49763,car + other
196311,Friedrichshain-Kreuzberg,2040703,Wriezener Bahnhof/Entwicklungsgebiet,June,6,Wednesday,minor,5,Turning,Daylight,0,1,0,0,0,0,Dry,13.44347,52.51189,car + 
196312,Marzahn-Hellersdorf,10020622,Kaulsdorf Nord I,June,11,Tuesday,serious,3,Stationary Traffic,Daylight,1,0,0,0,0,1,Dry,13.57951,52.51334,bicycle + other
196313,Tempelhof-Schöneberg,7040401,Neu-Tempelhof,June,1,Wednesday,minor,2,Stationary Traffic,Night,1,1,0,0,0,0,Dry,13.37883,52.48028,bicycle + car + 
196314,Mitte,1044103,Westliche Müllerstraße,June,10,Tuesday,serious,5,Paralle Traffic,Daylight,0,1,0,1,0,0,Dry,13.34719,52.54378,car + motorbike + 
196315,Pankow,3051021,Buschallee,June,7,Wednesday,minor,0,Other,Daylight,1,0,0,0,0,0,Dry,13.46945,52.55604,bicycle + 
196316,Mitte,1033201,Brunnenstraße,June,10,Tuesday,minor,2,Stationary Traffic,Daylight,0,1,0,0,0,0,Dry,13.40182,52.5399,car + 
196317,Charlottenburg-Wilmersdorf,4020310,Park Ruhwald,June,19,Tuesday,minor,4,Turning,Daylight,0,1,0,0,0,0,Dry,13.28322,52.51851,car + 
196318,Neukölln,8020625,Handwerker-Siedlung,June,16,Wednesday,minor,5,Turning,Daylight,1,0,0,0,0,1,Dry,13.43719,52.43953,bicycle + other
196319,Friedrichshain-Kreuzberg,2010103,Moritzplatz,June,16,Wednesday,minor,5,Crossing,Daylight,1,1,0,0,0,0,Dry,13.41179,52.501,bicycle + car + 
196320,Friedrichshain-Kreuzberg,2020204,Urbanstraße,June,8,Tuesday,minor,5,Turning,Daylight,1,1,0,0,0,0,Dry,13.39778,52.4953,bicycle + car + 
196321,Tempelhof-Schöneberg,7020202,Volkspark (Rudolf-Wilde-Park),June,15,Wednesday,minor,1,Paralle Traffic,Daylight,1,1,0,0,0,0,Dry,13.33855,52.48124,bicycle + car + 
196322,Pankow,3050920,Weißer See,June,8,Tuesday,minor,5,Crossing,Daylight,1,1,0,0,0,0,Dry,13.45617,52.55552,bicycle + car + 
196323,Lichtenberg,11020412,Hauptstraße,June,13,Wednesday,minor,6,Overtaking,Daylight,0,0,1,0,0,1,Dry,13.49827,52.54711,pedestrian + other
196324,Friedrichshain-Kreuzberg,2020205,Chamissokiez,June,8,Tuesday,minor,5,Turning,Daylight,1,0,0,0,0,0,Dry,13.39728,52.48889,bicycle + 
196325,Reinickendorf,12103219,Schäfersee,June,15,Wednesday,minor,5,Turning,Daylight,0,1,0,0,0,0,Dry,13.36193,52.56863,car + 
196326,Mitte,1011304,Karl-Marx-Allee,June,19,Tuesday,minor,5,Turning,Daylight,1,1,0,0,0,0,Dry,13.42237,52.52008,bicycle + car + 
196327,Mitte,1011401,Invalidenstraße,June,8,Tuesday,minor,0,Driving,Daylight,1,0,0,0,0,0,Dry,13.39904,52.53239,bicycle + 
196328,Mitte,1033102,Gesundbrunnen,June,15,Wednesday,minor,1,Paralle Traffic,Daylight,1,1,0,0,0,0,Dry,13.38523,52.55261,bicycle + car + 
196329,Steglitz-Zehlendorf,6020304,Kaiser-Wilhelm-Straße,June,8,Tuesday,serious,5,Other,Daylight,0,1,0,0,0,0,Dry,13.33707,52.43253,car + 
196330,Mitte,1033201,Brunnenstraße,June,14,Wednesday,serious,5,Turning,Daylight,0,1,0,1,0,0,Dry,13.39593,52.53825,car + motorbike + 
196331,Mitte,1011401,Invalidenstraße,June,8,Tuesday,minor,0,Driving,Daylight,1,0,0,0,0,0,Dry,13.39905,52.53238,bicycle + 
196332,Neukölln,8020620,Tempelhofer Weg,June,11,Wednesday,minor,3,Turning,Daylight,1,1,0,0,0,0,Dry,13.42503,52.45796,bicycle + car + 