id,district,lor,street,month,hour,weekday,injury,collision,movement,light_conditions,bicycle,car,pedestrian,motorbike,truck,other_vehicle,road_conditions,longitude,latitude,Combo_type
196333,Neukölln,8020619,Buschkrugallee Nord,June,18,Tuesday,minor,5,Turning,Daylight,1,0,0,0,0,1,Dry,13.45197,52.45253,bicycle + other
196334,Charlottenburg-Wilmersdorf,4030931,Breitscheidplatz,June,12,Wednesday,minor,2,Stationary Traffic,Daylight,1,1,0,0,0,0,Dry,13.33107,52.50194,bicycle + car + 
196335,Friedrichshain-Kreuzberg,2010102,Mehringplatz,June,18,Tuesday,minor,5,Turning,Daylight,1,1,0,0,0,0,Dry,13.39436,52.50696,bicycle + car + 
196336,Treptow-Köpenick,9010302,Späthsfelde,June,18,Tuesday,minor,5,Turning,Daylight,0,1,0,1,0,0,Dry,13.48838,52.45133,car + motorbike + 
196337,Neukölln,8010118,Silbersteinstraße,June,11,Wednesday,serious,5,Turning,Daylight,0,1,0,1,0,0,Dry,13.42998,52.46983,car + motorbike + 
196338,Friedrichshain-Kreuzberg,2040502,Friedenstraße,June,18,Tuesday,minor,5,Turning,Daylight,1,0,0,0,1,0,Dry,13.44061,52.51702,bicycle + truck + 
196339,Treptow-Köpenick,9020802,Köllnische Vorstadt,June,11,Wednesday,minor,2,Stationary Traffic,Daylight,0,1,0,0,0,0,Dry,13.56289,52.44598,car + 
196340,Treptow-Köpenick,9020601,Schnellerstraße,June,18,Tuesday,serious,5,Turning,Daylight,1,1,0,0,0,0,Dry,13.51726,52.45447,bicycle + car + 
196341,Treptow-Köpenick,9020602,Oberspree,June,10,Wednesday,minor,5,Crossing,Daylight,1,1,0,0,0,0,Dry,13.53928,52.45074,bicycle + car + 
196342,Mitte,1011203,Unter den Linden Süd,June,17,Tuesday,serious,5,Other,Daylight,1,1,0,0,0,0,Dry,13.38651,52.51275,bicycle + car + 
196343,Charlottenburg-Wilmersdorf,4010101,Jungfernheide,June,10,Wednesday,minor,2,Stationary Traffic,Daylight,0,1,0,0,0,1,Dry,13.28099,52.54845,car + other
196344,Marzahn-Hellersdorf,10030724,Oberfeldstraße,June,13,Tuesday,minor,5,Crossing,Daylight,1,1,0,0,0,0,Dry,13.56599,52.52904,bicycle + car + 
196345,Spandau,5030731,Gartenfelder Straße,June,15,Tuesday,minor,6,Turning,Daylight,0,1,1,0,0,0,Dry,13.23369,52.53958,car + pedestrian + 
196346,Steglitz-Zehlendorf,6020411,Schütte-Lanz-Straße,June,10,Wednesday,minor,5,Crossing,Daylight,0,1,0,1,0,0,Dry,13.33743,52.41144,car + motorbike + 
196347,Tempelhof-Schöneberg,7040405,Rathaus Tempelhof,June,10,Wednesday,minor,0,Paralle Traffic,Daylight,0,1,0,0,0,0,Dry,13.38653,52.46858,car + 
196348,Treptow-Köpenick,9041403,Allende II,June,16,Tuesday,serious,5,Crossing,Daylight,1,0,0,0,1,0,Dry,13.59793,52.43862,bicycle + truck + 
196349,Steglitz-Zehlendorf,6020303,Lankwitz Kirche,June,16,Tuesday,minor,2,Stationary Traffic,Daylight,0,1,0,0,1,0,Dry,13.34546,52.43611,car + truck + 
196350,Mitte,1011306,Heine-Viertel Ost,June,9,Wednesday,minor,5,Crossing,Daylight,1,0,0,1,0,0,Dry,13.42228,52.50551,bicycle + motorbike + 
196351,Friedrichshain-Kreuzberg,2020204,Urbanstraße,June,16,Tuesday,minor,2,Turning,Daylight,0,1,0,0,0,0,Dry,13.39491,52.49615,car + 
196352,Neukölln,8030831,Gropiusstadt Ost,June,13,Tuesday,minor,2,Stationary Traffic,Daylight,0,1,0,0,0,0,Dry,13.47041,52.42919,car + 
196353,Tempelhof-Schöneberg,7040403,Manteuffelstraße,June,16,Tuesday,minor,0,Turning,Daylight,1,1,0,0,0,0,Dry,13.37777,52.46863,bicycle + car + 
196354,Pankow,3061126,Arnimplatz,June,15,Tuesday,serious,0,Driving,Daylight,1,0,0,0,0,0,Dry,13.40377,52.55126,bicycle + 
196355,Pankow,3040614,Pankow Zentrum,June,10,Tuesday,minor,5,Crossing,Daylight,1,1,0,0,0,0,Dry,13.41178,52.58176,bicycle + car + 
196356,Tempelhof-Schöneberg,7040402,Lindenhofsiedlung,June,15,Tuesday,serious,3,Stationary Traffic,Daylight,0,0,0,1,1,0,Dry,13.36297,52.45595,motorbike + truck + 
196357,Charlottenburg-Wilmersdorf,4030827,Karl-August-Platz,June,15,Tuesday,minor,5,Turning,Daylight,0,1,0,0,0,0,Dry,13.31387,52.50631,car + 
196358,Friedrichshain-Kreuzberg,2010104,Wassertorplatz,June,16,Tuesday,minor,6,Other,Daylight,1,0,1,0,0,0,Dry,13.40545,52.49689,bicycle + pedestrian + 
196359,Spandau,5020625,Borkumer Straße,June,14,Tuesday,minor,5,Crossing,Daylight,1,1,0,0,0,0,Dry,13.19435,52.53381,bicycle + car + 
196360,Tempelhof-Schöneberg,7040405,Rathaus Tempelhof,June,11,Tuesday,minor,1,Paralle Traffic,Daylight,1,1,0,0,0,0,Dry,13.38724,52.4606,bicycle + car + 
196361,Mitte,1011305,Heine-Viertel West,June,8,Tuesday,minor,0,Paralle Traffic,Daylight,0,1,0,1,0,0,Dry,13.41392,52.51156,car + motorbike + 
196362,Charlottenburg-Wilmersdorf,4030623,Ernst-Reuter-Platz,June,7,Tuesday,serious,1,Paralle Traffic,Daylight,1,1,0,0,0,0,Dry,13.32607,52.50793,bicycle + car + 
196363,Charlottenburg-Wilmersdorf,4030518,Tegeler Weg,June,0,Tuesday,minor,1,Driving,Night,0,1,0,0,0,0,Dry,13.298,52.5248,car + 
196364,Lichtenberg,11020513,Orankesee,June,6,Tuesday,minor,2,Stationary Traffic,Daylight,0,1,0,0,1,0,Dry,13.4681,52.54625,car + truck + 
196365,Friedrichshain-Kreuzberg,2010103,Moritzplatz,June,18,Tuesday,minor,5,Turning,Daylight,1,1,0,0,0,0,Dry,13.4096,52.504,bicycle + car + 
196366,Mitte,1011402,Arkonaplatz,June,1,Tuesday,minor,0,Driving,Night,0,0,0,0,0,1,Dry,13.39781,52.53554,other
196367,Friedrichshain-Kreuzberg,2010103,Moritzplatz,June,19,Monday,minor,5,Turning,Daylight,1,0,0,1,0,0,Dry,13.41102,52.5038,bicycle + motorbike + 
196368,Pankow,3040512,Wilhelmsruh,June,3,Tuesday,minor,0,Driving,Night,0,0,0,1,0,0,Dry,13.3654,52.58373,motorbike + 
196369,Charlottenburg-Wilmersdorf,4030931,Breitscheidplatz,June,15,Tuesday,minor,0,Overtaking,Daylight,1,0,1,0,0,0,Dry,13.33443,52.50185,bicycle + pedestrian + 
196370,Neukölln,8010214,Glasower Straße,June,11,Monday,minor,2,Stationary Traffic,Daylight,0,1,0,0,1,0,Dry,13.44798,52.4644,car + truck + 
196371,Mitte,1011303,Alexanderplatzviertel,June,19,Monday,minor,5,Crossing,Daylight,0,1,0,0,0,1,Dry,13.40456,52.52021,car + other
196372,Charlottenburg-Wilmersdorf,4051655,Babelsberger Straße,June,9,Tuesday,minor,5,Crossing,Daylight,1,0,0,0,0,0,Dry,13.32932,52.48136,bicycle + 
196373,Charlottenburg-Wilmersdorf,4030827,Karl-August-Platz,June,15,Monday,minor,3,Turning,Daylight,1,0,0,0,0,1,Dry,13.31128,52.50881,bicycle + other
196374,Pankow,3061227,Humannplatz,June,15,Tuesday,minor,6,Overtaking,Daylight,1,0,1,0,0,0,Dry,13.42854,52.55163,bicycle + pedestrian + 
196375,Mitte,1044202,Sparrplatz,June,18,Monday,minor,6,Overtaking,Daylight,1,0,1,0,0,0,Dry,13.35728,52.54506,bicycle + pedestrian + 
196376,Steglitz-Zehlendorf,6010206,Stadtpark,June,18,Monday,minor,5,Turning,Daylight,1,1,0,0,0,0,Dry,13.3353,52.45136,bicycle + car + 
196377,Mitte,1011305,Heine-Viertel West,June,15,Tuesday,minor,2,Stationary Traffic,Daylight,0,1,0,0,0,0,Dry,13.41663,52.51133,car + 
196378,Reinickendorf,12301206,Lübars,June,14,Monday,minor,5,Crossing,Daylight,1,0,0,0,0,1,Dry,13.3412,52.61586,bicycle + other
196379,Spandau,5010101,Hakenfelde Nord,June,16,Monday,minor,5,Crossing,Daylight,1,1,0,0,0,0,Dry,13.19655,52.56295,bicycle + car + 
196380,Neukölln,8010404,Rixdorf,June,20,Tuesday,minor,1,Paralle Traffic,Dawn,1,1,0,0,0,0,Dry,13.44022,52.47756,bicycle + car + 
196381,Pankow,3030405,Karow Nord,June,16,Monday,serious,5,Crossing,Daylight,1,0,0,0,0,0,Dry,13.49753,52.61062,bicycle + 
196382,Neukölln,8010214,Glasower Straße,June,16,Tuesday,minor,5,Crossing,Daylight,0,1,0,0,0,0,Dry,13.43815,52.46707,car + 
196383,Friedrichshain-Kreuzberg,2020206,Graefekiez,June,20,Monday,minor,3,Stationary Traffic,Daylight,0,1,0,0,0,0,Dry,13.42382,52.48849,car + 
196384,Mitte,1044101,Rehberge,June,17,Monday,minor,5,Turning,Daylight,1,1,0,0,0,0,Dry,13.33651,52.54212,bicycle + car + 
196385,Steglitz-Zehlendorf,6020305,Gemeindepark Lankwitz,June,16,Tuesday,minor,5,Other,Daylight,1,0,0,0,0,0,Dry,13.34832,52.42853,bicycle + 
196386,Mitte,1044203,Leopoldplatz,June,16,Tuesday,minor,6,Overtaking,Daylight,0,0,1,0,0,1,Dry,13.36099,52.55533,pedestrian + other
196387,Tempelhof-Schöneberg,7070705,Franziusweg/Rohrbachstraße,June,18,Monday,minor,5,Paralle Traffic,Daylight,1,1,0,0,0,0,Dry,13.38226,52.39704,bicycle + car + 
196388,Marzahn-Hellersdorf,10010207,Marzahner Promenade,June,17,Monday,minor,4,Stationary Traffic,Daylight,1,0,0,0,0,0,Dry,13.56467,52.54502,bicycle + 
196389,Mitte,1022205,Zillesiedlung,June,16,Tuesday,minor,0,Stationary Traffic,Daylight,1,0,0,0,0,1,Dry,13.36413,52.52706,bicycle + other
196390,Charlottenburg-Wilmersdorf,4030827,Karl-August-Platz,June,17,Monday,minor,5,Crossing,Daylight,0,1,0,0,0,0,Dry,13.31402,52.50635,car + 
196391,Lichtenberg,11020514,Große-Leege-Straße,June,15,Tuesday,minor,3,Stationary Traffic,Daylight,1,1,0,0,0,0,Dry,13.48825,52.54046,bicycle + car + 
196392,Mitte,1022104,Emdener Straße,June,17,Monday,minor,2,Stationary Traffic,Daylight,0,1,0,1,0,0,Dry,13.34337,52.53178,car + motorbike + 
196393,Tempelhof-Schöneberg,7010102,Nollendorfplatz,June,16,Monday,minor,3,Stationary Traffic,Daylight,0,1,0,1,0,0,Dry,13.34646,52.5012,car + motorbike + 
196394,Charlottenburg-Wilmersdorf,4030930,George-Grosz-Platz,June,10,Monday,minor,5,Turning,Daylight,0,1,0,1,0,0,Dry,13.31698,52.5025,car + motorbike + 
196395,Tempelhof-Schöneberg,7060604,Marienfelde Süd,June,14,Tuesday,minor,5,Turning,Daylight,0,1,0,1,0,0,Dry,13.37628,52.40915,car + motorbike + 
196396,Tempelhof-Schöneberg,7040401,Neu-Tempelhof,June,9,Monday,minor,5,Crossing,Daylight,0,1,0,0,0,0,Dry,13.38285,52.48041,car + 
196397,Neukölln,8020619,Buschkrugallee Nord,June,15,Tuesday,minor,5,Other,Daylight,0,1,0,0,0,1,Dry,13.43534,52.46013,car + other
196398,Friedrichshain-Kreuzberg,2020206,Graefekiez,June,18,Monday,serious,2,Stationary Traffic,Daylight,0,1,0,1,0,0,Dry,13.41174,52.48845,car + motorbike + 
196399,Pankow,3071639,Bötzowstraße,June,15,Tuesday,minor,6,Overtaking,Daylight,0,1,1,0,0,0,Dry,13.43042,52.5288,car + pedestrian + 
196400,Mitte,1044202,Sparrplatz,June,8,Monday,minor,5,Turning,Daylight,1,0,0,0,0,1,Dry,13.3591,52.54628,bicycle + other
196401,Marzahn-Hellersdorf,10030726,Alt-Biesdorf,June,15,Tuesday,minor,5,Turning,Daylight,1,1,0,0,0,0,Dry,13.55727,52.5072,bicycle + car + 
196402,Mitte,1033102,Gesundbrunnen,June,17,Monday,serious,6,Overtaking,Daylight,0,1,1,0,0,0,Dry,13.38546,52.55024,car + pedestrian + 
196403,Tempelhof-Schöneberg,7040403,Manteuffelstraße,June,15,Tuesday,minor,2,Stationary Traffic,Daylight,0,0,0,1,0,1,Dry,13.37544,52.45571,motorbike + other
196404,Charlottenburg-Wilmersdorf,4030827,Karl-August-Platz,June,18,Monday,minor,2,Stationary Traffic,Daylight,0,1,0,0,0,0,Dry,13.31077,52.50639,car + 
196405,Mitte,1033102,Gesundbrunnen,June,15,Tuesday,serious,0,Driving,Daylight,1,0,0,0,0,0,Dry,13.39263,52.55525,bicycle + 
196406,Spandau,5020626,Adamstraße,June,18,Monday,minor,5,Crossing,Daylight,0,1,0,0,0,0,Dry,13.19768,52.52035,car + 
196407,Treptow-Köpenick,9010302,Späthsfelde,June,16,Monday,minor,5,Turning,Daylight,0,0,0,1,0,1,Dry,13.48304,52.44666,motorbike + other
196408,Charlottenburg-Wilmersdorf,4030930,George-Grosz-Platz,June,16,Tuesday,minor,6,Other,Daylight,0,1,1,0,0,0,Dry,13.31998,52.50176,car + pedestrian + 
196409,Tempelhof-Schöneberg,7040401,Neu-Tempelhof,June,18,Monday,minor,2,Stationary Traffic,Daylight,0,1,0,0,0,0,Dry,13.37848,52.47745,car + 
196410,Mitte,2010102,Mehringplatz,June,11,Tuesday,minor,6,Overtaking,Daylight,0,1,1,0,0,0,Dry,13.39038,52.50758,car + pedestrian + 
196411,Reinickendorf,12304314,Ziekowstraße/Freie Scholle,June,15,Monday,serious,1,Paralle Traffic,Daylight,0,1,0,0,0,0,Dry,13.30104,52.59954,car + 
196412,Mitte,1011305,Heine-Viertel West,June,15,Monday,minor,5,Turning,Daylight,1,1,0,0,0,0,Dry,13.41714,52.51244,bicycle + car + 
196413,Tempelhof-Schöneberg,7070701,Kettinger Straße/Schillerstraße,June,13,Tuesday,minor,1,Other,Daylight,0,1,0,0,0,0,Dry,13.4028,52.40379,car + 
196414,Steglitz-Zehlendorf,6040810,Dahlem,June,15,Monday,minor,5,Turning,Daylight,0,1,0,0,0,0,Dry,13.27063,52.45099,car + 
196415,Tempelhof-Schöneberg,7030303,Grazer Platz,June,12,Tuesday,minor,5,Crossing,Daylight,0,1,0,0,0,0,Dry,13.35999,52.47541,car + 
196416,Reinickendorf,12214421,Reinickes Hof,June,8,Monday,minor,5,Turning,Daylight,1,1,0,0,0,0,Dry,13.32504,52.57576,bicycle + car + 
196417,Treptow-Köpenick,9031101,Grünau,June,12,Tuesday,minor,5,Turning,Daylight,0,1,0,1,0,0,Dry,13.57568,52.4237,car + motorbike + 
196418,Tempelhof-Schöneberg,7030301,Friedenau,June,10,Monday,minor,5,Turning,Daylight,0,1,0,1,0,0,Dry,13.32835,52.47343,car + motorbike + 
196419,Friedrichshain-Kreuzberg,2030302,Lausitzer Platz,June,12,Tuesday,minor,5,Crossing,Daylight,0,1,0,1,0,0,Dry,13.4321,52.5057,car + motorbike + 
196420,Charlottenburg-Wilmersdorf,4030930,George-Grosz-Platz,June,15,Monday,minor,5,Other,Daylight,0,1,0,0,0,0,Dry,13.3166,52.5,car + 
196421,Tempelhof-Schöneberg,7010101,Wittenbergplatz/Viktoria-Luise-Platz,June,15,Monday,minor,5,Crossing,Daylight,0,1,0,0,0,0,Dry,13.34492,52.50038,car + 
196422,Marzahn-Hellersdorf,10030727,Biesdorf Süd,June,12,Tuesday,minor,0,Other,Daylight,0,1,0,0,0,0,Dry,13.56151,52.50133,car + 
196423,Reinickendorf,12302108,Märkisches Zentrum,June,12,Tuesday,minor,5,Crossing,Daylight,0,1,0,0,0,0,Dry,13.34111,52.6001,car + 
196424,Tempelhof-Schöneberg,7040403,Manteuffelstraße,June,15,Monday,minor,2,Stationary Traffic,Daylight,0,1,0,0,0,1,Dry,13.37478,52.45546,car + other
196425,Marzahn-Hellersdorf,10010102,Havemannstraße,June,11,Tuesday,minor,5,Paralle Traffic,Daylight,0,1,0,0,0,0,Dry,13.56932,52.57041,car + 
196426,Friedrichshain-Kreuzberg,2050602,Samariterviertel,June,6,Monday,minor,2,Other,Daylight,0,1,0,1,0,0,Dry,13.46734,52.51598,car + motorbike + 
196427,Treptow-Köpenick,9010301,Baumschulenstraße,June,21,Tuesday,minor,6,Turning,Night,0,1,1,0,0,0,Dry,13.49126,52.46906,car + pedestrian + 
196428,Pankow,3050919,Gustav-Adolf-Straße,June,6,Monday,minor,5,Turning,Daylight,1,0,0,0,0,1,Dry,13.45423,52.56215,bicycle + other
196429,Pankow,3061332,Helmholtzplatz,June,7,Monday,minor,2,Other,Daylight,1,0,0,0,0,1,Dry,13.42521,52.54348,bicycle + other
196430,Lichtenberg,11030618,Fennpfuhl West,June,19,Tuesday,minor,5,Crossing,Daylight,1,0,0,0,0,0,Dry,13.47022,52.53164,bicycle + 
196431,Friedrichshain-Kreuzberg,2010103,Moritzplatz,June,18,Tuesday,minor,2,Stationary Traffic,Daylight,1,1,0,0,0,0,Dry,13.41351,52.50286,bicycle + car + 
196432,Charlottenburg-Wilmersdorf,4030620,Alt-Lietzow,June,14,Monday,minor,5,Turning,Daylight,0,1,0,0,0,0,Dry,13.3014,52.51916,car + 
196433,Tempelhof-Schöneberg,7040405,Rathaus Tempelhof,June,16,Monday,minor,2,Stationary Traffic,Daylight,0,1,0,0,0,1,Dry,13.39434,52.45396,car + other
196434,Neukölln,8010118,Silbersteinstraße,June,19,Tuesday,minor,0,Stationary Traffic,Daylight,0,1,0,0,0,1,Dry,13.43175,52.46677,car + other
196435,Steglitz-Zehlendorf,6040810,Dahlem,June,14,Monday,minor,3,Stationary Traffic,Daylight,0,1,0,1,0,0,Dry,13.27219,52.4532,car + motorbike + 
196436,Neukölln,8010115,Hasenheide,June,19,Tuesday,serious,6,Overtaking,Daylight,0,1,1,0,0,0,Dry,13.41674,52.4804,car + pedestrian + 
196437,Friedrichshain-Kreuzberg,2020206,Graefekiez,June,13,Monday,minor,6,Other,Daylight,0,0,1,0,0,1,Dry,13.42176,52.4872,pedestrian + other
196438,Reinickendorf,12304314,Ziekowstraße/Freie Scholle,June,12,Monday,minor,0,Turning,Daylight,0,1,0,1,0,0,Dry,13.29222,52.59058,car + motorbike + 
196439,Charlottenburg-Wilmersdorf,4041342,Schlangenbader Straße,June,18,Tuesday,minor,5,Turning,Daylight,0,1,0,0,0,0,Dry,13.30815,52.4778,car + 
196440,Pankow,3010104,Lietzengraben,June,11,Monday,minor,3,Stationary Traffic,Daylight,0,1,0,0,0,0,Dry,13.44531,52.6156,car + 
196441,Spandau,5020417,Staakener Straße,June,18,Tuesday,minor,3,Stationary Traffic,Daylight,0,1,0,0,0,0,Dry,13.16426,52.53341,car + 
196442,Mitte,1011302,Oranienburger Straße,June,23,Monday,serious,6,Turning,Night,0,1,1,0,0,0,Dry,13.3925,52.52428,car + pedestrian + 
196443,Reinickendorf,12214527,Alt-Tegel,June,18,Tuesday,minor,2,Turning,Daylight,1,1,0,0,0,0,Dry,13.28084,52.59391,bicycle + car + 
196444,Neukölln,8010301,Reuterkiez,June,21,Monday,minor,3,Stationary Traffic,Night,1,1,0,0,0,0,Dry,13.42883,52.49322,bicycle + car + 
196445,Neukölln,8010510,Gewerbegebiet Köllnische Heide,June,11,Tuesday,minor,2,Stationary Traffic,Daylight,0,1,0,0,0,0,Dry,13.45384,52.46935,car + 
196446,Pankow,3040614,Pankow Zentrum,June,11,Monday,minor,5,Crossing,Daylight,1,1,0,0,0,0,Dry,13.39859,52.56929,bicycle + car + 
196447,Lichtenberg,11051331,Karlshorst Nord,June,10,Monday,minor,5,Turning,Daylight,0,1,0,0,0,1,Dry,13.52685,52.48659,car + other
196448,Mitte,1022204,Thomasiusstraße,June,17,Tuesday,minor,5,Crossing,Daylight,1,0,0,0,0,0,Dry,13.34244,52.52396,bicycle + 
196449,Steglitz-Zehlendorf,6040804,Krumme Lanke,June,11,Tuesday,minor,5,Crossing,Daylight,1,1,0,0,0,0,Dry,13.23369,52.44726,bicycle + car + 
196450,Mitte,1011304,Karl-Marx-Allee,June,21,Monday,serious,6,Overtaking,Dawn,0,0,1,0,0,1,Dry,13.42374,52.52364,pedestrian + other
196451,Treptow-Köpenick,9041301,Kietzer Feld/Nachtheide,June,10,Monday,minor,5,Crossing,Daylight,1,1,0,0,0,0,Dry,13.58754,52.43901,bicycle + car + 
196452,Mitte,1011304,Karl-Marx-Allee,June,10,Tuesday,minor,2,Stationary Traffic,Daylight,0,1,0,0,0,0,Dry,13.41944,52.51503,car + 
196453,Charlottenburg-Wilmersdorf,4030623,Ernst-Reuter-Platz,June,10,Monday,minor,6,Overtaking,Daylight,0,1,1,0,0,0,Dry,13.32869,52.51425,car + pedestrian + 
196454,Reinickendorf,12103218,Teichstraße,June,17,Tuesday,minor,2,Stationary Traffic,Daylight,0,1,0,0,0,0,Dry,13.34724,52.57857,car + 
196455,Tempelhof-Schöneberg,7040403,Manteuffelstraße,June,10,Monday,minor,1,Paralle Traffic,Daylight,1,1,0,0,0,0,Dry,13.38295,52.46566,bicycle + car + 
196456,Charlottenburg-Wilmersdorf,4051653,Prager Platz,June,16,Tuesday,minor,2,Stationary Traffic,Daylight,0,1,0,1,0,0,Dry,13.33077,52.49218,car + motorbike + 
196457,Mitte,1011103,Lützowstraße,June,20,Monday,serious,5,Turning,Daylight,0,1,0,0,0,1,Dry,13.3532,52.50228,car + other
196458,Charlottenburg-Wilmersdorf,4030931,Breitscheidplatz,June,10,Tuesday,minor,1,Paralle Traffic,Daylight,1,1,0,0,0,0,Dry,13.33792,52.50181,bicycle + car + 
196459,Charlottenburg-Wilmersdorf,4030620,Alt-Lietzow,June,17,Monday,minor,0,Other,Daylight,0,0,0,1,0,0,Wet,13.307,52.51737,motorbike + 
196460,Mitte,1033102,Gesundbrunnen,June,9,Tuesday,minor,5,Crossing,Daylight,0,1,0,0,0,0,Dry,13.39136,52.55026,car + 
196461,Steglitz-Zehlendorf,6020409,Königsberger Straße,June,9,Monday,minor,5,Turning,Daylight,0,1,0,0,0,0,Dry,13.31387,52.42358,car + 
196462,Friedrichshain-Kreuzberg,2010101,Askanischer Platz,June,9,Tuesday,minor,3,Stationary Traffic,Daylight,1,0,0,1,0,0,Dry,13.38601,52.50655,bicycle + motorbike + 
196463,Spandau,5020522,Pillnitzer Weg,June,9,Monday,minor,5,Crossing,Daylight,0,1,0,0,0,0,Dry,13.15578,52.52164,car + 
196464,Lichtenberg,11041128,Sewanstraße,June,9,Monday,minor,6,Overtaking,Daylight,0,0,1,1,0,0,Dry,13.49761,52.49973,pedestrian + motorbike + 
196465,Mitte,1044101,Rehberge,June,16,Tuesday,minor,2,Stationary Traffic,Daylight,0,1,0,1,0,0,Dry,13.33431,52.54113,car + motorbike + 
196466,Mitte,1044102,Schillerpark,June,9,Monday,serious,5,Turning,Daylight,1,1,0,0,0,0,Dry,13.35126,52.55836,bicycle + car + 
196467,Reinickendorf,12302212,Rollbergesiedlung,June,9,Tuesday,minor,5,Turning,Daylight,1,1,0,0,0,0,Dry,13.32195,52.60746,bicycle + car + 
196468,Lichtenberg,11040926,Weitlingstraße,June,9,Monday,minor,5,Crossing,Daylight,0,1,0,1,0,0,Dry,13.49391,52.50285,car + motorbike + 
196469,Lichtenberg,11020513,Orankesee,June,16,Tuesday,minor,3,Stationary Traffic,Daylight,0,1,0,0,1,0,Dry,13.47143,52.53858,car + truck + 
196470,Treptow-Köpenick,9051901,Dammvorstadt,June,8,Monday,serious,5,Turning,Daylight,1,1,0,0,0,0,Dry,13.5804,52.45551,bicycle + car + 
196471,Marzahn-Hellersdorf,10040830,Kaulsdorf Süd,June,16,Tuesday,minor,5,Crossing,Daylight,1,1,0,0,0,0,Dry,13.58084,52.48519,bicycle + car + 
196472,Treptow-Köpenick,9020501,Oberschöneweide West,June,8,Monday,minor,0,Stationary Traffic,Daylight,1,0,0,0,1,0,Dry,13.50889,52.46382,bicycle + truck + 
196473,Tempelhof-Schöneberg,7050501,Rathausstraße,June,8,Monday,minor,2,Stationary Traffic,Daylight,0,1,0,0,0,0,Dry,13.38613,52.44396,car + 
196474,Mitte,1022104,Emdener Straße,June,9,Tuesday,minor,2,Stationary Traffic,Daylight,0,1,0,0,0,0,Dry,13.34321,52.5321,car + 
196475,Mitte,1011306,Heine-Viertel Ost,June,16,Tuesday,minor,3,Stationary Traffic,Daylight,1,1,0,0,0,0,Dry,13.42231,52.50946,bicycle + car + 
196476,Marzahn-Hellersdorf,10030724,Oberfeldstraße,June,8,Monday,minor,5,Turning,Daylight,0,1,0,0,0,0,Dry,13.56573,52.5291,car + 
196477,Charlottenburg-Wilmersdorf,4030620,Alt-Lietzow,June,18,Monday,minor,2,Stationary Traffic,Daylight,0,1,0,0,0,1,Dry,13.3033,52.51855,car + other
196478,Friedrichshain-Kreuzberg,2010101,Askanischer Platz,June,9,Tuesday,minor,5,Turning,Daylight,1,1,0,0,0,0,Dry,13.38021,52.50607,bicycle + car + 
196479,Charlottenburg-Wilmersdorf,4031032,Halensee,June,9,Sunday,minor,5,Turning,Daylight,1,1,0,0,0,0,Dry,13.29646,52.49262,bicycle + car + 
196480,Treptow-Köpenick,9041501,Altstadt Kietz,June,16,Tuesday,minor,1,Paralle Traffic,Daylight,1,1,0,0,0,1,Dry,13.5812,52.44313,bicycle + car + other
196481,Lichtenberg,11051331,Karlshorst Nord,June,0,Sunday,minor,5,Crossing,Night,0,1,0,0,0,0,Dry,13.53039,52.48659,car + 
196482,Spandau,5030730,Zitadellenweg,June,1,Sunday,serious,0,Driving,Night,0,1,0,1,0,0,Dry,13.2317,52.54502,car + motorbike + 
196483,Mitte,1011102,Großer Tiergarten,June,8,Tuesday,minor,5,Crossing,Daylight,0,1,0,1,0,0,Dry,13.34901,52.51476,car + motorbike + 
196484,Mitte,1044202,Sparrplatz,June,9,Sunday,minor,2,Stationary Traffic,Daylight,0,1,0,0,0,1,Dry,13.35192,52.54301,car + other
196485,Reinickendorf,12231101,Hermsdorf,June,9,Sunday,minor,5,Crossing,Daylight,0,1,0,0,0,0,Dry,13.30152,52.61129,car + 
196486,Friedrichshain-Kreuzberg,2010103,Moritzplatz,June,8,Tuesday,minor,5,Turning,Daylight,1,0,0,0,0,1,Dry,13.41098,52.50382,bicycle + other
196487,Treptow-Köpenick,9020701,Adlershof West,June,11,Sunday,minor,0,Turning,Daylight,0,1,0,1,0,0,Dry,13.52723,52.43601,car + motorbike + 
196488,Neukölln,8010301,Reuterkiez,June,22,Sunday,minor,1,Paralle Traffic,Dawn,1,1,0,0,0,0,Dry,13.44319,52.48401,bicycle + car + 
196489,Spandau,5010314,Carl-Schurz-Straße,June,7,Tuesday,minor,3,Stationary Traffic,Daylight,0,1,0,1,0,0,Dry,13.19964,52.53511,car + motorbike + 
196490,Mitte,1011401,Invalidenstraße,June,21,Sunday,serious,5,Crossing,Dawn,0,1,0,1,0,0,Dry,13.38981,52.5317,car + motorbike + 
196491,Mitte,1022106,Elberfelder Straße,June,8,Tuesday,minor,5,Turning,Daylight,1,1,0,0,0,0,Dry,13.32969,52.52282,bicycle + car + 
196492,Mitte,1044101,Rehberge,June,21,Sunday,minor,1,Paralle Traffic,Dawn,1,1,0,0,0,1,Dry,13.33412,52.54706,bicycle + car + other
196493,Spandau,5030730,Zitadellenweg,June,6,Tuesday,minor,2,Turning,Daylight,0,1,0,1,0,0,Dry,13.22684,52.53777,car + motorbike + 
196494,Mitte,1011301,Charitéviertel,June,20,Sunday,serious,2,Stationary Traffic,Daylight,0,1,0,1,0,0,Dry,13.38173,52.53164,car + motorbike + 
196495,Mitte,1033201,Brunnenstraße,June,8,Tuesday,minor,5,Turning,Daylight,0,1,0,0,0,1,Dry,13.39104,52.54465,car + other
196496,Marzahn-Hellersdorf,10030724,Oberfeldstraße,June,19,Sunday,minor,5,Other,Daylight,1,1,0,0,0,0,Dry,13.55551,52.51826,bicycle + car + 
196497,Marzahn-Hellersdorf,10040933,Mahlsdorf Süd,June,19,Sunday,minor,5,Crossing,Daylight,0,1,0,1,0,0,Dry,13.60113,52.47924,car + motorbike + 
196498,Treptow-Köpenick,9041301,Kietzer Feld/Nachtheide,June,7,Tuesday,minor,5,Crossing,Daylight,1,1,0,0,0,0,Dry,13.58622,52.42558,bicycle + car + 