id,district,lor,street,month,hour,weekday,injury,collision,movement,light_conditions,bicycle,car,pedestrian,motorbike,truck,other_vehicle,road_conditions,longitude,latitude,Combo_type
196499,Reinickendorf,12301203,Wittenau Süd,June,7,Tuesday,minor,5,Turning,Daylight,0,1,0,1,0,0,Dry,13.33291,52.59544,car + motorbike + 
196500,Tempelhof-Schöneberg,7020204,Schöneberger Insel,June,17,Sunday,minor,1,Paralle Traffic,Daylight,1,1,0,0,0,0,Dry,13.36481,52.48802,bicycle + car + 
196501,Tempelhof-Schöneberg,7040401,Neu-Tempelhof,June,17,Sunday,minor,1,Paralle Traffic,Daylight,1,1,0,0,0,0,Dry,13.37659,52.47246,bicycle + car + 
196502,Pankow,3030711,Blankenburg,June,7,Tuesday,minor,5,Turning,Daylight,1,1,0,0,0,0,Dry,13.45341,52.59131,bicycle + car + 
196503,Neukölln,8010214,Glasower Straße,June,17,Sunday,minor,0,Stationary Traffic,Daylight,0,1,0,1,0,0,Dry,13.4427,52.46519,car + motorbike + 
196504,Spandau,5010310,Eckschanze,June,6,Tuesday,minor,5,Crossing,Daylight,1,1,0,0,0,0,Dry,13.19818,52.55174,bicycle + car + 
196505,Steglitz-Zehlendorf,6040809,Thielallee,June,14,Sunday,minor,5,Crossing,Daylight,0,1,0,0,0,0,Dry,13.28462,52.44578,car + 
196506,Mitte,1011201,Wilhelmstraße,June,14,Monday,minor,6,Overtaking,Daylight,0,1,1,0,0,0,Dry,13.37718,52.51224,car + pedestrian + 
196507,Pankow,3020209,Niederschönhausen,June,14,Sunday,minor,5,Turning,Daylight,0,1,0,0,0,0,Dry,13.39664,52.59014,car + 
196508,Mitte,1011302,Oranienburger Straße,June,17,Monday,minor,5,Other,Daylight,0,1,0,0,0,0,Dry,13.40036,52.52959,car + 
196509,Treptow-Köpenick,9010101,Elsenstraße,June,14,Sunday,minor,2,Other,Daylight,1,1,0,0,0,0,Dry,13.45385,52.49557,bicycle + car + 
196510,Steglitz-Zehlendorf,6040703,Nikolassee,June,14,Sunday,minor,5,Crossing,Daylight,1,1,0,0,0,0,Dry,13.20625,52.43523,bicycle + car + 
196511,Charlottenburg-Wilmersdorf,4020313,Königin-Elisabeth-Straße,June,12,Monday,minor,5,Turning,Daylight,0,1,0,1,0,0,Dry,13.28386,52.51279,car + motorbike + 
196512,Spandau,5020416,Am Heideberg,July,19,Thursday,minor,6,Stationary Traffic,Daylight,0,1,1,0,0,0,Dry,13.14532,52.54386,car + pedestrian + 
196513,Friedrichshain-Kreuzberg,2020204,Urbanstraße,July,19,Thursday,serious,5,Turning,Daylight,1,1,0,0,0,0,Dry,13.40032,52.49024,bicycle + car + 
196514,Mitte,1044101,Rehberge,July,18,Thursday,minor,6,Other,Daylight,1,0,1,0,0,0,Dry,13.3452,52.55422,bicycle + pedestrian + 
196515,Mitte,1011201,Wilhelmstraße,July,17,Thursday,serious,5,Turning,Daylight,0,1,0,1,0,0,Dry,13.37743,52.50956,car + motorbike + 
196516,Treptow-Köpenick,9051702,Bölschestraße,July,17,Thursday,serious,5,Crossing,Daylight,1,1,0,0,0,0,Dry,13.63129,52.45678,bicycle + car + 
196517,Neukölln,8010118,Silbersteinstraße,July,17,Thursday,minor,5,Turning,Daylight,0,1,0,0,0,0,Dry,13.43193,52.46645,car + 
196518,Friedrichshain-Kreuzberg,2030302,Lausitzer Platz,July,17,Thursday,minor,5,Turning,Daylight,1,1,0,0,0,0,Dry,13.44172,52.50125,bicycle + car + 
196519,Mitte,1011302,Oranienburger Straße,July,16,Thursday,serious,0,Overtaking,Daylight,1,0,1,0,0,0,Dry,13.39689,52.52857,bicycle + pedestrian + 
196520,Charlottenburg-Wilmersdorf,4051551,Brabanter Platz,July,15,Thursday,minor,0,Other,Daylight,0,0,0,1,0,1,Wet,13.32038,52.48327,motorbike + other
196521,Spandau,5020625,Borkumer Straße,July,16,Thursday,serious,6,Overtaking,Daylight,0,1,1,0,0,0,Dry,13.1943,52.52898,car + pedestrian + 
196522,Pankow,3010102,Buch,July,16,Thursday,serious,5,Crossing,Daylight,1,1,0,0,0,0,Dry,13.50087,52.63582,bicycle + car + 
196523,Neukölln,8020619,Buschkrugallee Nord,July,14,Thursday,serious,5,Crossing,Daylight,0,1,0,1,0,0,Dry,13.45722,52.4532,car + motorbike + 
196524,Marzahn-Hellersdorf,10030727,Biesdorf Süd,July,13,Thursday,minor,1,Paralle Traffic,Daylight,1,1,0,0,0,0,Dry,13.55778,52.50216,bicycle + car + 
196525,Friedrichshain-Kreuzberg,2050802,Boxhagener Platz,July,13,Thursday,minor,1,Paralle Traffic,Daylight,0,1,0,1,0,1,Dry,13.45471,52.50789,car + motorbike + other
196526,Charlottenburg-Wilmersdorf,4030726,Droysenstraße,July,13,Thursday,serious,6,Overtaking,Daylight,0,1,1,0,0,0,Dry,13.30174,52.49908,car + pedestrian + 
196527,Treptow-Köpenick,9020701,Adlershof West,July,12,Thursday,minor,5,Crossing,Daylight,0,0,0,0,1,1,Dry,13.54123,52.43537,truck + other
196528,Neukölln,8020622,Parchimer Allee,July,9,Thursday,minor,2,Stationary Traffic,Daylight,0,1,0,0,0,0,Dry,13.44789,52.44272,car + 
196529,Friedrichshain-Kreuzberg,2040701,Andreasviertel,July,8,Thursday,serious,5,Crossing,Daylight,1,1,0,0,0,0,Dry,13.42643,52.51585,bicycle + car + 
196530,Mitte,1044201,Reinickendorfer Straße,July,7,Thursday,minor,6,Overtaking,Daylight,0,0,1,0,1,0,Dry,13.37711,52.55617,pedestrian + truck + 
196531,Mitte,1011306,Heine-Viertel Ost,July,7,Thursday,minor,5,Turning,Daylight,1,1,0,0,0,0,Dry,13.42136,52.50561,bicycle + car + 
196532,Charlottenburg-Wilmersdorf,4031032,Halensee,July,7,Thursday,minor,5,Crossing,Daylight,1,1,0,0,0,0,Dry,13.29021,52.49722,bicycle + car + 
196533,Spandau,5020523,Maulbeerallee,July,7,Thursday,minor,2,Stationary Traffic,Daylight,0,1,0,0,0,0,Dry,13.16958,52.51864,car + 
196534,Mitte,1011202,Unter den Linden Nord,July,7,Thursday,minor,3,Stationary Traffic,Daylight,1,1,0,0,0,0,Dry,13.39203,52.51989,bicycle + car + 
196535,Lichtenberg,11030720,Herzbergstraße,July,1,Thursday,minor,6,Overtaking,Night,0,1,1,0,0,0,Dry,13.49976,52.52615,car + pedestrian + 
196536,Charlottenburg-Wilmersdorf,4030623,Ernst-Reuter-Platz,July,9,Wednesday,minor,6,Other,Daylight,1,0,0,0,0,1,Dry,13.32842,52.50812,bicycle + other
196537,Pankow,3071537,Kollwitzplatz,July,22,Wednesday,minor,0,Crossing,Night,0,1,0,1,0,0,Dry,13.4141,52.53045,car + motorbike + 
196538,Pankow,3010101,Bucher Forst,July,20,Wednesday,minor,6,Other,Daylight,1,0,1,0,0,0,Dry,13.49272,52.63667,bicycle + pedestrian + 
196539,Friedrichshain-Kreuzberg,2030401,Reichenberger Straße,July,19,Wednesday,serious,5,Crossing,Daylight,1,1,0,0,0,0,Dry,13.43163,52.49751,bicycle + car + 
196540,Mitte,1011204,Leipziger Straße,July,17,Wednesday,minor,5,Turning,Daylight,1,1,0,0,0,0,Dry,13.40391,52.51541,bicycle + car + 
196541,Mitte,1011305,Heine-Viertel West,July,17,Wednesday,minor,5,Turning,Daylight,1,1,0,0,0,0,Dry,13.41639,52.51102,bicycle + car + 
196542,Steglitz-Zehlendorf,6040701,Wannsee,July,16,Wednesday,minor,9,Driving,Daylight,0,1,0,0,0,0,Dry,13.18041,52.42204,car + 
196543,Neukölln,8020619,Buschkrugallee Nord,July,16,Wednesday,minor,1,Driving,Daylight,0,1,0,1,0,0,Dry,13.44042,52.46192,car + motorbike + 
196544,Friedrichshain-Kreuzberg,2040701,Andreasviertel,July,16,Wednesday,minor,3,Stationary Traffic,Daylight,1,1,0,0,0,0,Dry,13.43126,52.51324,bicycle + car + 
196545,Charlottenburg-Wilmersdorf,4020209,Eichkamp,July,15,Wednesday,serious,0,Driving,Daylight,1,0,0,0,0,0,Dry,13.26069,52.4896,bicycle + 
196546,Marzahn-Hellersdorf,10010308,Marzahner Chaussee,July,14,Wednesday,minor,5,Turning,Daylight,1,0,0,0,0,1,Dry,13.52191,52.53573,bicycle + other
196547,Spandau,5010206,Gütersloher Weg,July,23,Wednesday,serious,7,Other,Night,0,0,0,0,0,1,Dry,13.15974,52.5523,other
196548,Tempelhof-Schöneberg,7040405,Rathaus Tempelhof,July,22,Wednesday,minor,0,Crossing,Night,0,1,0,0,0,1,Dry,13.39089,52.45748,car + other
196549,Charlottenburg-Wilmersdorf,4030929,Hindemithplatz,July,20,Wednesday,minor,1,Paralle Traffic,Daylight,0,1,0,0,0,1,Dry,13.30748,52.50124,car + other
196550,Mitte,1022104,Emdener Straße,July,13,Wednesday,minor,1,Other,Daylight,0,1,0,1,0,0,Dry,13.33794,52.52775,car + motorbike + 
196551,Neukölln,8030831,Gropiusstadt Ost,July,13,Wednesday,minor,0,Turning,Daylight,0,0,0,1,0,1,Dry,13.47395,52.42565,motorbike + other
196552,Treptow-Köpenick,9041601,Müggelheim,July,9,Wednesday,minor,2,Stationary Traffic,Daylight,1,0,0,0,0,0,Dry,13.69746,52.4229,bicycle + 
196553,Tempelhof-Schöneberg,7040405,Rathaus Tempelhof,July,12,Wednesday,minor,5,Other,Daylight,0,1,0,1,0,0,Dry,13.39383,52.45721,car + motorbike + 
196554,Friedrichshain-Kreuzberg,2010103,Moritzplatz,July,11,Wednesday,minor,2,Stationary Traffic,Daylight,0,1,0,0,0,0,Dry,13.41796,52.49928,car + 
196555,Charlottenburg-Wilmersdorf,4030931,Breitscheidplatz,July,11,Wednesday,minor,5,Paralle Traffic,Daylight,1,1,0,0,0,0,Dry,13.33081,52.50033,bicycle + car + 
196556,Mitte,1011201,Wilhelmstraße,July,10,Wednesday,minor,5,Turning,Daylight,1,1,0,0,0,0,Dry,13.38215,52.51397,bicycle + car + 
196557,Mitte,1033102,Gesundbrunnen,July,7,Wednesday,minor,1,Paralle Traffic,Daylight,1,1,0,0,0,0,Dry,13.38271,52.55167,bicycle + car + 
196558,Friedrichshain-Kreuzberg,2010101,Askanischer Platz,July,9,Wednesday,minor,6,Other,Daylight,1,0,1,0,0,0,Dry,13.38004,52.5062,bicycle + pedestrian + 
196559,Mitte,1033203,Humboldthain Nordwest,July,9,Wednesday,minor,5,Crossing,Daylight,1,0,0,0,1,0,Dry,13.37935,52.5405,bicycle + truck + 
196560,Treptow-Köpenick,9010202,Köpenicker Landstraße,July,9,Wednesday,minor,0,Driving,Daylight,1,0,0,0,0,0,Dry,13.47873,52.47163,bicycle + 
196561,Spandau,5010103,Amorbacher Weg,July,9,Wednesday,minor,0,Crossing,Daylight,0,1,0,1,0,0,Dry,13.20137,52.56214,car + motorbike + 
196562,Reinickendorf,12103219,Schäfersee,July,16,Wednesday,minor,9,Driving,Daylight,0,1,0,0,0,0,Dry,13.36312,52.56624,car + 
196563,Lichtenberg,11020514,Große-Leege-Straße,July,9,Wednesday,minor,5,Turning,Daylight,1,1,0,0,0,0,Dry,13.48563,52.53879,bicycle + car + 
196564,Reinickendorf,12103220,Humboldtstraße,July,15,Wednesday,serious,1,Other,Daylight,0,1,0,0,0,1,Dry,13.34115,52.57271,car + other
196565,Charlottenburg-Wilmersdorf,4030726,Droysenstraße,July,15,Wednesday,minor,0,Driving,Daylight,0,0,0,1,0,0,Dry,13.30418,52.50374,motorbike + 
196566,Lichtenberg,11030721,Rüdigerstraße,July,15,Wednesday,minor,1,Paralle Traffic,Daylight,1,1,0,0,0,0,Dry,13.4848,52.52078,bicycle + car + 
196567,Marzahn-Hellersdorf,10010206,Ringkolonnaden,July,15,Wednesday,serious,5,Turning,Daylight,0,0,0,1,0,1,Dry,13.57357,52.5524,motorbike + other
196568,Spandau,5010207,Darbystraße,July,15,Wednesday,minor,0,Turning,Daylight,1,1,0,0,0,0,Dry,13.18298,52.54792,bicycle + car + 
196569,Charlottenburg-Wilmersdorf,4030930,George-Grosz-Platz,July,14,Wednesday,minor,2,Other,Daylight,0,1,0,0,0,0,Dry,13.31758,52.50124,car + 
196570,Charlottenburg-Wilmersdorf,4030931,Breitscheidplatz,July,14,Wednesday,minor,5,Turning,Daylight,1,1,0,0,0,0,Dry,13.331,52.50153,bicycle + car + 
196571,Treptow-Köpenick,9030901,Dorf Altglienicke,July,8,Wednesday,minor,5,Turning,Daylight,1,1,0,0,0,0,Dry,13.52586,52.42293,bicycle + car + 
196572,Pankow,3020307,Buchholz,July,7,Wednesday,minor,0,Driving,Daylight,1,0,0,0,0,0,Dry,13.4323,52.60464,bicycle + 
196573,Treptow-Köpenick,9020701,Adlershof West,July,7,Wednesday,minor,5,Crossing,Daylight,1,0,0,1,0,0,Dry,13.5388,52.43149,bicycle + motorbike + 
196574,Charlottenburg-Wilmersdorf,5030832,Rohrdamm,July,0,Wednesday,minor,7,Other,Night,0,1,0,0,0,0,Dry,13.26944,52.54861,car + 
196575,Steglitz-Zehlendorf,6030504,Teltower Damm,July,14,Wednesday,minor,5,Crossing,Daylight,1,1,0,0,0,0,Dry,13.26717,52.4103,bicycle + car + 
196576,Tempelhof-Schöneberg,7040404,Marienhöhe,July,14,Wednesday,serious,2,Stationary Traffic,Daylight,0,1,0,0,0,1,Dry,13.36335,52.44793,car + other
196577,Treptow-Köpenick,9010302,Späthsfelde,July,13,Wednesday,minor,4,Stationary Traffic,Daylight,0,1,0,0,0,0,Dry,13.4719,52.45529,car + 
196578,Friedrichshain-Kreuzberg,2040503,Richard-Sorge-Viertel,July,15,Wednesday,minor,3,Stationary Traffic,Daylight,1,1,0,0,0,0,Dry,13.4439,52.51897,bicycle + car + 
196579,Mitte,1011301,Charitéviertel,July,13,Wednesday,minor,1,Paralle Traffic,Daylight,1,1,0,0,0,0,Dry,13.37932,52.52448,bicycle + car + 
196580,Charlottenburg-Wilmersdorf,4030827,Karl-August-Platz,July,13,Wednesday,minor,5,Other,Daylight,1,1,0,0,0,0,Dry,13.30678,52.51005,bicycle + car + 
196581,Charlottenburg-Wilmersdorf,4030827,Karl-August-Platz,July,12,Wednesday,minor,3,Stationary Traffic,Daylight,1,1,0,0,0,0,Dry,13.31395,52.50675,bicycle + car + 
196582,Mitte,1033201,Brunnenstraße,July,19,Tuesday,minor,0,Stationary Traffic,Daylight,0,1,0,1,0,0,Dry,13.39604,52.53834,car + motorbike + 
196583,Neukölln,8010404,Rixdorf,July,13,Tuesday,minor,0,Stationary Traffic,Daylight,0,1,0,0,0,1,Dry,13.44908,52.47059,car + other
196584,Charlottenburg-Wilmersdorf,4051446,Preußenpark,July,8,Tuesday,minor,0,Other,Daylight,1,0,0,0,0,0,Wet,13.31363,52.49069,bicycle + 
196585,Lichtenberg,11051331,Karlshorst Nord,July,19,Tuesday,minor,5,Crossing,Daylight,1,0,0,0,0,1,Dry,13.53578,52.47786,bicycle + other
196586,Tempelhof-Schöneberg,7010102,Nollendorfplatz,July,22,Tuesday,minor,0,Other,Night,0,0,0,1,0,0,Dry,13.36025,52.49806,motorbike + 
196587,Charlottenburg-Wilmersdorf,4030623,Ernst-Reuter-Platz,July,15,Tuesday,minor,5,Crossing,Daylight,1,1,0,0,0,0,Dry,13.31722,52.51396,bicycle + car + 
196588,Pankow,3061126,Arnimplatz,July,15,Tuesday,minor,2,Stationary Traffic,Daylight,0,1,0,1,0,0,Dry,13.41397,52.55363,car + motorbike + 
196589,Treptow-Köpenick,9030901,Dorf Altglienicke,July,14,Tuesday,minor,5,Turning,Daylight,0,1,0,0,0,1,Dry,13.52698,52.41852,car + other
196590,Mitte,1011105,Nördlicher Landwehrkanal,July,16,Tuesday,minor,2,Turning,Daylight,0,1,0,0,0,0,Dry,13.37123,52.5111,car + 
196591,Tempelhof-Schöneberg,7010102,Nollendorfplatz,July,14,Tuesday,serious,5,Other,Daylight,0,1,0,1,0,0,Dry,13.35395,52.50011,car + motorbike + 
196592,Charlottenburg-Wilmersdorf,4051448,Schaperstraße,July,14,Tuesday,minor,6,Other,Daylight,1,0,1,0,0,0,Dry,13.32891,52.50007,bicycle + pedestrian + 
196593,Friedrichshain-Kreuzberg,2020204,Urbanstraße,July,22,Tuesday,minor,2,Stationary Traffic,Night,0,1,0,1,0,0,Dry,13.40574,52.49344,car + motorbike + 
196594,Charlottenburg-Wilmersdorf,4030724,Lietzensee,July,21,Tuesday,minor,5,Turning,Daylight,0,1,0,1,0,0,Dry,13.28885,52.50666,car + motorbike + 
196595,Spandau,5010207,Darbystraße,July,20,Tuesday,minor,2,Stationary Traffic,Dawn,0,1,0,0,0,0,Dry,13.1845,52.54631,car + 
196596,Mitte,1033101,Soldiner Straße,July,13,Tuesday,serious,5,Other,Daylight,0,1,0,1,0,0,Dry,13.37123,52.55881,car + motorbike + 
196597,Charlottenburg-Wilmersdorf,4051448,Schaperstraße,July,12,Tuesday,minor,2,Stationary Traffic,Daylight,0,1,0,1,0,0,Dry,13.334,52.49981,car + motorbike + 
196598,Mitte,1011301,Charitéviertel,July,19,Tuesday,minor,3,Stationary Traffic,Daylight,1,0,1,0,0,1,Dry,13.38472,52.52923,bicycle + pedestrian + other
196599,Steglitz-Zehlendorf,6040703,Nikolassee,July,18,Tuesday,minor,5,Crossing,Daylight,1,1,0,0,0,0,Dry,13.20659,52.43045,bicycle + car + 
196600,Tempelhof-Schöneberg,7010104,Dennewitzplatz,July,18,Tuesday,serious,0,Other,Daylight,1,0,1,0,0,0,Dry,13.36902,52.49306,bicycle + pedestrian + 
196601,Friedrichshain-Kreuzberg,2040701,Andreasviertel,July,12,Tuesday,minor,6,Overtaking,Daylight,1,0,1,0,0,0,Dry,13.43973,52.51406,bicycle + pedestrian + 
196602,Friedrichshain-Kreuzberg,2020206,Graefekiez,July,18,Tuesday,minor,0,Stationary Traffic,Daylight,0,0,0,0,0,1,Dry,13.41644,52.49097,other
196603,Neukölln,8020728,Buckow Ost,July,17,Tuesday,minor,0,Crossing,Daylight,1,1,0,0,0,0,Dry,13.4456,52.41631,bicycle + car + 
196604,Treptow-Köpenick,9020601,Schnellerstraße,July,17,Tuesday,minor,0,Driving,Daylight,1,1,0,0,0,0,Dry,13.51173,52.45828,bicycle + car + 
196605,Tempelhof-Schöneberg,7040405,Rathaus Tempelhof,July,17,Tuesday,minor,2,Stationary Traffic,Daylight,0,1,0,1,0,0,Dry,13.39461,52.4657,car + motorbike + 
196606,Steglitz-Zehlendorf,6040807,Zehlendorf Eiche,July,17,Tuesday,serious,1,Paralle Traffic,Daylight,1,0,0,0,0,1,Dry,13.26707,52.44465,bicycle + other
196607,Charlottenburg-Wilmersdorf,4041240,Messelpark,July,17,Tuesday,minor,5,Crossing,Daylight,1,1,0,0,0,0,Dry,13.28167,52.47645,bicycle + car + 
196608,Lichtenberg,11020514,Große-Leege-Straße,July,15,Tuesday,minor,6,Overtaking,Daylight,1,0,1,0,0,0,Dry,13.48892,52.54223,bicycle + pedestrian + 
196609,Lichtenberg,11051331,Karlshorst Nord,July,10,Tuesday,minor,5,Crossing,Daylight,0,1,0,0,0,0,Dry,13.53187,52.48406,car + 
196610,Friedrichshain-Kreuzberg,2050803,Stralauer Kiez,July,16,Tuesday,minor,5,Turning,Daylight,1,1,0,0,0,0,Dry,13.45071,52.50167,bicycle + car + 
196611,Neukölln,8030829,Gropiusstadt Nord,July,16,Tuesday,minor,5,Crossing,Daylight,1,1,0,0,0,0,Dry,13.45728,52.43114,bicycle + car + 
196612,Mitte,1033102,Gesundbrunnen,July,16,Tuesday,minor,1,Paralle Traffic,Daylight,1,1,0,0,0,0,Dry,13.39629,52.55073,bicycle + car + 
196613,Mitte,1044103,Westliche Müllerstraße,July,16,Tuesday,minor,5,Crossing,Daylight,1,1,0,0,0,0,Dry,13.34741,52.54386,bicycle + car + 
196614,Treptow-Köpenick,9020502,Oberschöneweide Ost,July,15,Tuesday,minor,5,Turning,Daylight,0,1,0,0,0,1,Dry,13.55454,52.45589,car + other
196615,Lichtenberg,11030721,Rüdigerstraße,July,15,Tuesday,serious,2,Stationary Traffic,Daylight,0,1,0,0,0,0,Dry,13.48965,52.51224,car + 
196616,Spandau,5010314,Carl-Schurz-Straße,July,15,Tuesday,minor,6,Overtaking,Daylight,0,1,1,0,0,0,Dry,13.19963,52.53449,car + pedestrian + 
196617,Tempelhof-Schöneberg,7060604,Marienfelde Süd,July,10,Tuesday,serious,5,Turning,Daylight,0,1,0,0,0,0,Dry,13.37629,52.40915,car + 
196618,Charlottenburg-Wilmersdorf,4051446,Preußenpark,July,10,Tuesday,minor,5,Turning,Daylight,1,1,0,0,0,0,Dry,13.31416,52.49056,bicycle + car + 
196619,Neukölln,8020625,Handwerker-Siedlung,July,10,Tuesday,minor,5,Turning,Daylight,1,1,0,0,0,0,Dry,13.43491,52.4403,bicycle + car + 
196620,Reinickendorf,12103220,Humboldtstraße,July,7,Wednesday,serious,2,Stationary Traffic,Daylight,1,1,0,0,0,0,Dry,13.34474,52.57392,bicycle + car + 
196621,Mitte,1011104,Körnerstraße,July,9,Tuesday,minor,5,Other,Daylight,1,1,0,0,0,0,Dry,13.3657,52.50309,bicycle + car + 
196622,Tempelhof-Schöneberg,7040403,Manteuffelstraße,July,9,Tuesday,minor,5,Turning,Daylight,0,1,0,1,0,0,Dry,13.3856,52.46859,car + motorbike + 
196623,Charlottenburg-Wilmersdorf,4041137,Flinsberger Platz,July,16,Wednesday,minor,6,Overtaking,Daylight,0,1,1,0,0,0,Dry,13.29361,52.49135,car + pedestrian + 
196624,Marzahn-Hellersdorf,10030726,Alt-Biesdorf,July,7,Wednesday,serious,5,Crossing,Daylight,1,1,0,0,0,0,Dry,13.56244,52.51147,bicycle + car + 
196625,Treptow-Köpenick,9010401,Johannisthal West,July,6,Tuesday,minor,5,Turning,Daylight,0,1,0,0,0,0,Dry,13.50661,52.44655,car + 
196626,Mitte,1044201,Reinickendorfer Straße,July,6,Tuesday,minor,2,Turning,Daylight,0,1,0,0,0,0,Dry,13.35992,52.54679,car + 
196627,Charlottenburg-Wilmersdorf,4030929,Hindemithplatz,July,16,Wednesday,minor,2,Stationary Traffic,Daylight,0,1,0,0,0,0,Dry,13.31105,52.50049,car + 
196628,Reinickendorf,12214126,Tegel Süd,July,6,Tuesday,minor,5,Crossing,Daylight,1,1,0,0,0,0,Dry,13.29249,52.57869,bicycle + car + 
196629,Charlottenburg-Wilmersdorf,4030623,Ernst-Reuter-Platz,July,18,Wednesday,minor,5,Crossing,Daylight,0,1,0,0,0,0,Dry,13.32098,52.51305,car + 
196630,Mitte,1044103,Westliche Müllerstraße,July,4,Tuesday,serious,5,Crossing,Dawn,0,1,0,0,0,0,Dry,13.3439,52.54641,car + 
196631,Marzahn-Hellersdorf,11020516,Weiße Taube,July,1,Tuesday,minor,5,Turning,Night,0,1,0,0,0,1,Dry,13.51734,52.53564,car + other
196632,Steglitz-Zehlendorf,6010102,Schloßstraße,July,16,Wednesday,minor,6,Overtaking,Daylight,0,1,1,0,0,0,Dry,13.3193,52.45931,car + pedestrian + 
196633,Neukölln,8020625,Handwerker-Siedlung,July,0,Tuesday,serious,6,Overtaking,Night,0,1,1,0,0,0,Dry,13.43501,52.43555,car + pedestrian + 
196634,Neukölln,8010117,Schillerpromenade,July,15,Wednesday,serious,5,Turning,Daylight,1,1,0,0,0,0,Dry,13.4211,52.48027,bicycle + car + 
196635,Tempelhof-Schöneberg,7030301,Friedenau,July,6,Tuesday,minor,5,Crossing,Daylight,0,0,0,0,0,1,Dry,13.3325,52.46898,other
196636,Steglitz-Zehlendorf,6030504,Teltower Damm,July,8,Wednesday,minor,0,Driving,Daylight,0,0,0,1,0,0,Dry,13.26986,52.40917,motorbike + 
196637,Charlottenburg-Wilmersdorf,4020310,Park Ruhwald,July,9,Wednesday,minor,2,Stationary Traffic,Daylight,0,1,0,0,0,0,Dry,13.27723,52.51866,car + 
196638,Mitte,1011204,Leipziger Straße,July,15,Monday,minor,6,Overtaking,Daylight,1,0,1,0,0,0,Dry,13.38974,52.51135,bicycle + pedestrian + 
196639,Tempelhof-Schöneberg,7040405,Rathaus Tempelhof,July,18,Monday,minor,0,Other,Daylight,1,1,0,0,0,0,Dry,13.38642,52.46147,bicycle + car + 
196640,Reinickendorf,12302108,Märkisches Zentrum,July,0,Wednesday,serious,0,Driving,Night,0,1,0,0,0,0,Dry,13.35332,52.60007,car + 
196641,Charlottenburg-Wilmersdorf,4030931,Breitscheidplatz,July,11,Monday,minor,5,Crossing,Daylight,0,0,0,1,1,0,Dry,13.33927,52.50318,motorbike + truck + 
196642,Mitte,1044201,Reinickendorfer Straße,July,0,Wednesday,minor,5,Turning,Night,0,0,0,0,0,1,Dry,13.37753,52.55638,other
196643,Neukölln,8020727,Buckow Mitte,July,15,Monday,minor,6,Overtaking,Daylight,0,1,1,0,0,0,Dry,13.43558,52.42322,car + pedestrian + 
196644,Mitte,1033203,Humboldthain Nordwest,July,19,Wednesday,minor,6,Overtaking,Daylight,1,0,1,0,0,0,Dry,13.37455,52.5481,bicycle + pedestrian + 
196645,Tempelhof-Schöneberg,7030303,Grazer Platz,July,21,Monday,minor,0,Driving,Daylight,0,0,0,1,0,0,Dry,13.35568,52.45744,motorbike + 
196646,Mitte,1022106,Elberfelder Straße,July,8,Wednesday,minor,6,Other,Daylight,0,1,1,0,0,0,Dry,13.3358,52.52075,car + pedestrian + 
196647,Friedrichshain-Kreuzberg,2040703,Wriezener Bahnhof/Entwicklungsgebiet,July,19,Monday,serious,5,Turning,Daylight,1,1,0,0,0,0,Dry,13.44664,52.50282,bicycle + car + 
196648,Charlottenburg-Wilmersdorf,4030519,Kaiserin-Augusta-Allee,July,19,Monday,serious,5,Turning,Daylight,0,1,0,0,0,0,Dry,13.30609,52.52329,car + 
196649,Charlottenburg-Wilmersdorf,4030827,Karl-August-Platz,July,17,Wednesday,fatal,2,Turning,Daylight,1,1,0,0,0,0,Dry,13.30955,52.51026,bicycle + car + 
196650,Lichtenberg,11020515,Landsberger Allee,July,22,Tuesday,minor,0,Driving,Night,1,0,0,0,0,0,Dry,13.47391,52.53622,bicycle + 
196651,Pankow,3040818,Pankow Süd,July,19,Monday,minor,4,Turning,Daylight,1,1,0,0,0,0,Dry,13.40935,52.55932,bicycle + car + 
196652,Treptow-Köpenick,9010402,Johannisthal Ost,July,14,Tuesday,minor,0,Driving,Daylight,1,0,0,0,0,0,Dry,13.50766,52.44108,bicycle + 
196653,Steglitz-Zehlendorf,6010205,Südende,July,18,Monday,serious,2,Other,Daylight,0,1,0,1,0,1,Dry,13.35389,52.44345,car + motorbike + other
196654,Neukölln,8020622,Parchimer Allee,July,18,Tuesday,minor,5,Turning,Daylight,1,1,0,0,0,0,Dry,13.43419,52.44295,bicycle + car + 
196655,Mitte,1011102,Großer Tiergarten,July,17,Monday,minor,0,Driving,Daylight,0,0,0,1,0,0,Dry,13.3529,52.51624,motorbike + 
196656,Lichtenberg,11020514,Große-Leege-Straße,July,17,Tuesday,minor,5,Turning,Daylight,0,1,0,0,0,0,Dry,13.49437,52.54508,car + 
196657,Tempelhof-Schöneberg,7060603,Marienfelde Nordost,July,16,Monday,serious,0,Driving,Daylight,0,0,0,0,0,1,Dry,13.38469,52.42208,other
196658,Mitte,1044201,Reinickendorfer Straße,July,16,Monday,minor,2,Stationary Traffic,Daylight,0,1,0,0,0,0,Dry,13.38352,52.55579,car + 
196659,Charlottenburg-Wilmersdorf,4030931,Breitscheidplatz,July,17,Tuesday,serious,5,Other,Daylight,0,1,0,1,0,0,Dry,13.33122,52.50292,car + motorbike + 
196660,Mitte,1033102,Gesundbrunnen,July,12,Monday,minor,5,Other,Daylight,0,1,0,0,1,0,Dry,13.38261,52.55188,car + truck + 
196661,Friedrichshain-Kreuzberg,2030301,Oranienplatz,July,17,Tuesday,minor,1,Paralle Traffic,Daylight,1,1,0,0,0,0,Dry,13.41843,52.50152,bicycle + car + 