id,district,lor,street,month,hour,weekday,injury,collision,movement,light_conditions,bicycle,car,pedestrian,motorbike,truck,other_vehicle,road_conditions,longitude,latitude,Combo_type
196662,Steglitz-Zehlendorf,6010101,Fichtenberg,July,11,Monday,minor,5,Crossing,Daylight,1,1,0,0,0,0,Dry,13.31844,52.45451,bicycle + car + 
196663,Spandau,5020626,Adamstraße,July,17,Tuesday,minor,1,Paralle Traffic,Daylight,1,1,0,0,0,0,Dry,13.19738,52.52104,bicycle + car + 
196664,Friedrichshain-Kreuzberg,2010103,Moritzplatz,July,12,Monday,minor,5,Other,Daylight,0,1,0,1,0,0,Dry,13.41166,52.50336,car + motorbike + 
196665,Charlottenburg-Wilmersdorf,4030518,Tegeler Weg,July,15,Tuesday,serious,1,Driving,Daylight,0,1,1,0,0,0,Dry,13.30002,52.52947,car + pedestrian + 
196666,Spandau,5030730,Zitadellenweg,July,10,Monday,minor,5,Turning,Daylight,0,1,0,0,0,0,Dry,13.22578,52.55514,car + 
196667,Lichtenberg,11041128,Sewanstraße,July,10,Monday,serious,5,Turning,Daylight,1,0,0,0,0,1,Dry,13.50892,52.49496,bicycle + other
196668,Steglitz-Zehlendorf,6040703,Nikolassee,July,14,Tuesday,minor,5,Crossing,Daylight,1,0,0,0,1,0,Dry,13.19087,52.43458,bicycle + truck + 
196669,Spandau,5010312,Kurstraße,July,14,Tuesday,minor,0,Crossing,Daylight,0,1,0,1,0,0,Dry,13.20745,52.55034,car + motorbike + 
196670,Reinickendorf,12214424,Scharnweberstraße,July,11,Monday,minor,0,Driving,Daylight,0,0,0,1,0,0,Dry,13.3317,52.56202,motorbike + 
196671,Neukölln,8010301,Reuterkiez,July,16,Monday,minor,1,Paralle Traffic,Daylight,1,1,0,0,0,0,Dry,13.44245,52.48345,bicycle + car + 
196672,Charlottenburg-Wilmersdorf,4020312,Branitzer Platz,July,11,Tuesday,minor,5,Crossing,Daylight,1,1,0,0,0,0,Dry,13.26954,52.51972,bicycle + car + 
196673,Mitte,1011304,Karl-Marx-Allee,July,9,Monday,serious,5,Crossing,Daylight,1,1,0,0,0,0,Dry,13.41792,52.51558,bicycle + car + 
196674,Reinickendorf,12304313,Borsigwalde,July,15,Monday,serious,5,Turning,Daylight,0,1,0,1,0,0,Dry,13.31713,52.58821,car + motorbike + 
196675,Reinickendorf,12302110,Dannenwalder Weg,July,11,Tuesday,minor,2,Stationary Traffic,Daylight,0,1,0,0,0,0,Dry,13.35644,52.5967,car + 
196676,Mitte,1011306,Heine-Viertel Ost,July,11,Tuesday,serious,5,Turning,Daylight,0,1,0,1,0,0,Dry,13.42203,52.51099,car + motorbike + 
196677,Charlottenburg-Wilmersdorf,4041343,Binger Straße,July,8,Monday,minor,1,Paralle Traffic,Daylight,1,0,0,0,0,1,Dry,13.30964,52.47651,bicycle + other
196678,Steglitz-Zehlendorf,6020409,Königsberger Straße,July,11,Tuesday,minor,2,Stationary Traffic,Daylight,0,1,0,0,0,0,Dry,13.3132,52.42298,car + 
196679,Charlottenburg-Wilmersdorf,4010101,Jungfernheide,July,7,Monday,minor,5,Crossing,Daylight,0,1,0,0,0,0,Dry,13.2969,52.54801,car + 
196680,Mitte,1011402,Arkonaplatz,July,10,Tuesday,minor,2,Stationary Traffic,Daylight,0,1,0,0,0,0,Dry,13.39712,52.53681,car + 
196681,Treptow-Köpenick,9020601,Schnellerstraße,July,6,Monday,minor,5,Turning,Daylight,0,1,0,0,0,0,Dry,13.49584,52.46607,car + 
196682,Mitte,1011301,Charitéviertel,July,8,Tuesday,minor,0,Turning,Daylight,1,0,0,1,0,0,Dry,13.38531,52.52876,bicycle + motorbike + 
196683,Mitte,1011303,Alexanderplatzviertel,July,6,Monday,minor,5,Turning,Daylight,0,1,0,0,0,0,Dry,13.4118,52.52397,car + 
196684,Spandau,5030730,Zitadellenweg,July,6,Monday,minor,3,Stationary Traffic,Daylight,0,0,0,1,1,0,Dry,13.21839,52.53743,motorbike + truck + 
196685,Tempelhof-Schöneberg,7070704,Nahariyastraße,July,8,Tuesday,serious,5,Crossing,Daylight,1,1,0,0,0,0,Dry,13.41982,52.3929,bicycle + car + 
196686,Treptow-Köpenick,9020501,Oberschöneweide West,July,5,Monday,minor,0,Driving,Dawn,0,0,0,1,0,0,Dry,13.51033,52.46407,motorbike + 
196687,Charlottenburg-Wilmersdorf,4010102,Plötzensee,July,6,Tuesday,minor,5,Turning,Dawn,0,1,0,0,0,0,Dry,13.32624,52.53804,car + 
196688,Neukölln,8010211,Flughafenstraße,July,2,Monday,minor,5,Crossing,Night,0,1,0,0,0,0,Dry,13.42512,52.48061,car + 
196689,Lichtenberg,11051229,Rummelsburg,July,22,Tuesday,minor,2,Stationary Traffic,Night,0,1,0,0,0,0,Dry,13.47486,52.50158,car + 
196690,Charlottenburg-Wilmersdorf,4041344,Rüdesheimer Platz,July,7,Monday,minor,0,Crossing,Daylight,1,1,0,0,0,0,Dry,13.31346,52.47702,bicycle + car + 
196691,Pankow,3050920,Weißer See,July,22,Tuesday,minor,5,Turning,Night,0,1,0,0,0,0,Dry,13.46772,52.555,car + 
196692,Charlottenburg-Wilmersdorf,4030931,Breitscheidplatz,July,1,Monday,serious,1,Paralle Traffic,Night,1,1,0,0,0,0,Dry,13.32935,52.50346,bicycle + car + 
196693,Marzahn-Hellersdorf,10010310,Alt-Marzahn,July,14,Monday,serious,1,Driving,Daylight,0,1,0,0,1,0,Dry,13.55815,52.53553,car + truck + 
196694,Charlottenburg-Wilmersdorf,4030929,Hindemithplatz,July,20,Tuesday,minor,2,Other,Dawn,0,1,0,0,0,0,Dry,13.31275,52.50331,car + 
196695,Mitte,1044101,Rehberge,July,19,Tuesday,minor,2,Stationary Traffic,Daylight,0,1,0,1,0,0,Dry,13.34256,52.5453,car + motorbike + 
196696,Treptow-Köpenick,9020802,Köllnische Vorstadt,July,14,Monday,minor,6,Turning,Daylight,0,1,1,0,0,0,Dry,13.57158,52.43672,car + pedestrian + 
196697,Mitte,1011102,Großer Tiergarten,July,14,Monday,minor,2,Turning,Daylight,0,1,0,0,0,0,Dry,13.35466,52.51702,car + 
196698,Reinickendorf,12214527,Alt-Tegel,July,19,Tuesday,minor,6,Turning,Daylight,0,1,1,0,0,0,Dry,13.28236,52.59085,car + pedestrian + 
196699,Neukölln,8010510,Gewerbegebiet Köllnische Heide,July,14,Monday,serious,5,Turning,Daylight,0,1,0,1,0,0,Dry,13.46621,52.46501,car + motorbike + 
196700,Tempelhof-Schöneberg,7010102,Nollendorfplatz,July,19,Tuesday,serious,5,Turning,Daylight,1,1,0,0,0,0,Dry,13.34813,52.50235,bicycle + car + 
196701,Charlottenburg-Wilmersdorf,4030417,Schloßstraße,July,13,Monday,minor,5,Turning,Daylight,1,1,0,0,0,0,Dry,13.29155,52.51047,bicycle + car + 
196702,Tempelhof-Schöneberg,7060603,Marienfelde Nordost,July,13,Monday,minor,2,Stationary Traffic,Daylight,0,1,0,0,0,0,Dry,13.38273,52.41117,car + 
196703,Pankow,3061228,Erich-Weinert-Straße,July,12,Monday,minor,5,Crossing,Daylight,0,1,0,0,0,0,Dry,13.43044,52.55124,car + 
196704,Treptow-Köpenick,9010302,Späthsfelde,July,19,Tuesday,minor,2,Stationary Traffic,Daylight,0,1,0,0,0,0,Dry,13.46064,52.45416,car + 
196705,Charlottenburg-Wilmersdorf,4010102,Plötzensee,July,13,Monday,serious,5,Other,Daylight,0,1,0,1,0,0,Dry,13.31711,52.54718,car + motorbike + 
196706,Charlottenburg-Wilmersdorf,4041241,Breite Straße,July,12,Monday,minor,2,Stationary Traffic,Daylight,0,1,0,0,0,0,Dry,13.29308,52.47468,car + 
196707,Marzahn-Hellersdorf,10040830,Kaulsdorf Süd,June,16,Sunday,minor,5,Crossing,Daylight,0,1,0,1,0,0,Dry,13.57758,52.48222,car + motorbike + 
196708,Charlottenburg-Wilmersdorf,4030623,Ernst-Reuter-Platz,June,3,Sunday,serious,0,Other,Night,1,0,0,0,0,0,Dry,13.3214,52.51801,bicycle + 
196709,Mitte,1022101,Huttenkiez,July,12,Monday,minor,6,Overtaking,Daylight,0,1,1,0,0,0,Dry,13.32838,52.53372,car + pedestrian + 
196710,Tempelhof-Schöneberg,7020202,Volkspark (Rudolf-Wilde-Park),June,1,Sunday,minor,1,Driving,Night,0,1,0,0,0,1,Dry,13.34144,52.47899,car + other
196711,Friedrichshain-Kreuzberg,2020206,Graefekiez,June,22,Sunday,serious,0,Other,Night,1,0,0,0,0,0,Dry,13.41344,52.48822,bicycle + 
196712,Treptow-Köpenick,9051901,Dammvorstadt,July,11,Monday,minor,0,Driving,Daylight,0,0,0,1,0,0,Wet,13.56721,52.455,motorbike + 
196713,Spandau,5040936,Jägerallee,June,20,Sunday,minor,1,Paralle Traffic,Daylight,0,1,0,1,0,0,Dry,13.11518,52.46091,car + motorbike + 
196714,Friedrichshain-Kreuzberg,2030301,Oranienplatz,July,10,Monday,minor,3,Stationary Traffic,Daylight,1,0,0,0,0,0,Dry,13.41976,52.49916,bicycle + 
196715,Marzahn-Hellersdorf,10020413,Gut Hellersdorf,June,19,Sunday,minor,5,Turning,Daylight,1,1,0,0,0,0,Dry,13.58952,52.54496,bicycle + car + 
196716,Treptow-Köpenick,9051702,Bölschestraße,June,19,Sunday,serious,2,Stationary Traffic,Daylight,0,1,0,0,0,0,Dry,13.63708,52.4477,car + 
196717,Treptow-Köpenick,9041301,Kietzer Feld/Nachtheide,July,9,Monday,minor,5,Crossing,Daylight,1,1,0,0,0,0,Dry,13.58274,52.4342,bicycle + car + 
196718,Neukölln,8030830,Gropiusstadt Süd,July,8,Monday,minor,2,Stationary Traffic,Daylight,0,1,0,0,0,0,Dry,13.4475,52.42713,car + 
196719,Friedrichshain-Kreuzberg,2010103,Moritzplatz,June,19,Sunday,minor,5,Turning,Daylight,1,1,0,0,0,0,Dry,13.40523,52.50518,bicycle + car + 
196720,Pankow,3020307,Buchholz,June,16,Sunday,minor,5,Crossing,Daylight,1,1,0,0,0,0,Dry,13.43004,52.62095,bicycle + car + 
196721,Mitte,1011305,Heine-Viertel West,July,8,Monday,minor,1,Paralle Traffic,Daylight,1,1,0,0,0,0,Dry,13.41326,52.51334,bicycle + car + 
196722,Neukölln,8010404,Rixdorf,June,15,Sunday,serious,5,Crossing,Daylight,1,1,0,0,0,0,Dry,13.44514,52.47395,bicycle + car + 
196723,Mitte,1011305,Heine-Viertel West,July,7,Monday,minor,5,Crossing,Daylight,0,1,0,0,1,0,Dry,13.40521,52.5084,car + truck + 
196724,Tempelhof-Schöneberg,7050505,Hundsteinweg,June,14,Sunday,serious,6,Other,Daylight,0,1,1,0,0,0,Dry,13.39085,52.43447,car + pedestrian + 
196725,Neukölln,8010213,Körnerpark,July,6,Monday,minor,5,Crossing,Daylight,1,1,0,0,0,0,Dry,13.43869,52.46938,bicycle + car + 
196726,Friedrichshain-Kreuzberg,2030301,Oranienplatz,June,14,Sunday,minor,5,Turning,Daylight,0,1,0,1,0,0,Dry,13.42065,52.50326,car + motorbike + 
196727,Reinickendorf,12301203,Wittenau Süd,July,3,Monday,minor,9,Driving,Night,0,1,0,0,0,0,Dry,13.31552,52.57799,car + 
196728,Charlottenburg-Wilmersdorf,4030827,Karl-August-Platz,June,9,Sunday,minor,1,Paralle Traffic,Daylight,1,1,0,0,0,0,Dry,13.31408,52.50745,bicycle + car + 
196729,Spandau,5020625,Borkumer Straße,June,13,Sunday,minor,1,Paralle Traffic,Daylight,0,1,0,0,0,0,Dry,13.19606,52.52994,car + 
196730,Friedrichshain-Kreuzberg,2010102,Mehringplatz,July,18,Monday,minor,6,Overtaking,Daylight,1,0,1,0,0,0,Dry,13.39698,52.50529,bicycle + pedestrian + 
196731,Tempelhof-Schöneberg,7010104,Dennewitzplatz,July,16,Monday,minor,5,Turning,Daylight,1,1,0,0,0,0,Wet,13.36271,52.48894,bicycle + car + 
196732,Pankow,3051022,Hansastraße,June,12,Sunday,minor,5,Turning,Daylight,0,1,0,0,0,0,Dry,13.47025,52.55363,car + 
196733,Reinickendorf,12214527,Alt-Tegel,July,15,Monday,minor,2,Turning,Daylight,0,1,0,0,0,0,Dry,13.28091,52.59391,car + 
196734,Neukölln,8030831,Gropiusstadt Ost,June,12,Sunday,minor,5,Other,Daylight,1,1,0,0,0,0,Dry,13.46414,52.42531,bicycle + car + 
196735,Pankow,3040513,Schönholz,July,15,Monday,minor,5,Turning,Daylight,1,1,0,0,0,0,Dry,13.38015,52.57503,bicycle + car + 
196736,Friedrichshain-Kreuzberg,2030301,Oranienplatz,June,11,Sunday,minor,2,Turning,Daylight,1,1,0,0,0,0,Dry,13.41917,52.50131,bicycle + car + 
196737,Tempelhof-Schöneberg,7030303,Grazer Platz,July,14,Monday,serious,3,Stationary Traffic,Daylight,0,1,0,0,0,1,Wet,13.34762,52.46693,car + other
196738,Pankow,3050923,Weißenseer Spitze,June,11,Sunday,minor,3,Stationary Traffic,Daylight,1,1,0,0,0,0,Dry,13.43565,52.55401,bicycle + car + 
196739,Neukölln,8010211,Flughafenstraße,July,14,Monday,minor,2,Stationary Traffic,Daylight,0,1,0,0,0,0,Wet,13.42431,52.48588,car + 
196740,Lichtenberg,11020514,Große-Leege-Straße,June,10,Sunday,minor,5,Crossing,Daylight,0,1,0,0,1,0,Dry,13.49492,52.54206,car + truck + 
196741,Marzahn-Hellersdorf,10030724,Oberfeldstraße,June,10,Sunday,minor,5,Crossing,Daylight,1,1,0,0,0,0,Dry,13.55494,52.51564,bicycle + car + 
196742,Marzahn-Hellersdorf,10040830,Kaulsdorf Süd,July,14,Monday,minor,5,Turning,Daylight,1,1,0,0,0,0,Dry,13.57568,52.49021,bicycle + car + 
196743,Charlottenburg-Wilmersdorf,4051445,Eisenzahnstraße,June,9,Sunday,minor,1,Paralle Traffic,Daylight,1,1,0,0,0,0,Dry,13.31117,52.4894,bicycle + car + 
196744,Steglitz-Zehlendorf,6010102,Schloßstraße,July,14,Monday,minor,2,Paralle Traffic,Daylight,0,0,0,1,0,1,Wet,13.3252,52.45854,motorbike + other
196745,Steglitz-Zehlendorf,6030504,Teltower Damm,June,8,Sunday,serious,0,Driving,Daylight,1,0,0,0,0,0,Dry,13.27851,52.42989,bicycle + 
196746,Mitte,1044101,Rehberge,June,11,Saturday,minor,5,Paralle Traffic,Daylight,1,1,0,0,0,0,Dry,13.33975,52.55436,bicycle + car + 
196747,Tempelhof-Schöneberg,7040403,Manteuffelstraße,July,14,Monday,minor,2,Stationary Traffic,Daylight,0,1,0,1,0,0,Wet,13.3824,52.45588,car + motorbike + 
196748,Marzahn-Hellersdorf,10010309,Springpfuhl,June,2,Saturday,minor,5,Crossing,Night,0,1,0,0,0,0,Dry,13.54415,52.52583,car + 
196749,Treptow-Köpenick,9051901,Dammvorstadt,July,13,Monday,minor,0,Overtaking,Daylight,0,0,1,0,0,1,Dry,13.57867,52.45781,pedestrian + other
196750,Steglitz-Zehlendorf,6040807,Zehlendorf Eiche,June,16,Saturday,serious,2,Other,Daylight,0,1,0,1,0,0,Dry,13.26277,52.43899,car + motorbike + 
196751,Reinickendorf,12214125,Waldidyll/Flughafensee,July,13,Monday,minor,3,Stationary Traffic,Daylight,0,1,0,0,0,0,Dry,13.29346,52.55233,car + 
196752,Friedrichshain-Kreuzberg,2030302,Lausitzer Platz,June,23,Saturday,minor,0,Other,Night,0,0,1,1,0,0,Dry,13.44275,52.50116,pedestrian + motorbike + 
196753,Mitte,1044202,Sparrplatz,July,20,Monday,minor,3,Stationary Traffic,Dawn,1,1,0,0,0,0,Dry,13.35901,52.53981,bicycle + car + 
196754,Mitte,1033102,Gesundbrunnen,June,22,Saturday,minor,5,Turning,Night,0,1,0,0,0,0,Dry,13.39135,52.55517,car + 
196755,Neukölln,8010117,Schillerpromenade,June,21,Saturday,minor,0,Other,Dawn,1,0,0,0,0,0,Dry,13.42626,52.47763,bicycle + 
196756,Charlottenburg-Wilmersdorf,4030827,Karl-August-Platz,July,19,Monday,minor,5,Turning,Daylight,0,1,0,0,0,0,Dry,13.31387,52.50631,car + 
196757,Neukölln,8010508,Weiße Siedlung,July,19,Monday,minor,2,Stationary Traffic,Daylight,0,1,0,0,0,0,Dry,13.46824,52.47205,car + 
196758,Pankow,3061126,Arnimplatz,June,21,Saturday,minor,5,Turning,Dawn,1,0,0,0,0,1,Dry,13.40257,52.5546,bicycle + other
196759,Neukölln,8010118,Silbersteinstraße,July,17,Monday,minor,3,Stationary Traffic,Daylight,0,1,0,1,0,0,Wet,13.43342,52.46396,car + motorbike + 
196760,Treptow-Köpenick,9051901,Dammvorstadt,June,19,Saturday,minor,3,Stationary Traffic,Daylight,0,1,0,1,0,0,Dry,13.59318,52.45197,car + motorbike + 
196761,Friedrichshain-Kreuzberg,2040701,Andreasviertel,July,17,Monday,minor,5,Turning,Daylight,1,1,0,0,0,0,Dry,13.43058,52.51126,bicycle + car + 
196762,Charlottenburg-Wilmersdorf,4041344,Rüdesheimer Platz,June,19,Saturday,serious,5,Turning,Daylight,1,1,0,0,0,0,Dry,13.31944,52.47686,bicycle + car + 
196763,Mitte,1044201,Reinickendorfer Straße,July,17,Monday,minor,2,Stationary Traffic,Daylight,0,1,0,0,1,0,Wet,13.38101,52.55629,car + truck + 
196764,Charlottenburg-Wilmersdorf,4030929,Hindemithplatz,June,18,Saturday,minor,1,Paralle Traffic,Daylight,1,1,0,0,0,0,Dry,13.30742,52.50425,bicycle + car + 
196765,Charlottenburg-Wilmersdorf,4031032,Halensee,June,18,Saturday,minor,5,Turning,Daylight,1,1,0,0,0,0,Dry,13.29793,52.4955,bicycle + car + 
196766,Reinickendorf,12214125,Waldidyll/Flughafensee,July,17,Monday,serious,2,Stationary Traffic,Daylight,0,1,0,1,0,0,Wet,13.29698,52.5802,car + motorbike + 
196767,Neukölln,8041035,Blumenviertel,June,18,Saturday,minor,0,Turning,Daylight,1,1,0,0,0,0,Dry,13.47324,52.43238,bicycle + car + 
196768,Pankow,3061435,Conrad-Blenkle-Straße,July,17,Monday,minor,5,Crossing,Daylight,1,1,0,0,0,0,Wet,13.44933,52.52883,bicycle + car + 
196769,Marzahn-Hellersdorf,10020517,Adele-Sandrock-Straße,June,18,Saturday,minor,5,Turning,Daylight,0,1,0,0,0,0,Dry,13.61551,52.53195,car + 
196770,Treptow-Köpenick,9051901,Dammvorstadt,July,16,Monday,minor,2,Stationary Traffic,Daylight,1,1,0,0,0,0,Wet,13.57285,52.45422,bicycle + car + 
196771,Mitte,1011102,Großer Tiergarten,June,17,Saturday,minor,0,Driving,Daylight,0,0,0,0,0,1,Dry,13.37663,52.51776,other
196772,Pankow,3040614,Pankow Zentrum,July,11,Monday,minor,0,Paralle Traffic,Daylight,1,1,0,0,0,0,Dry,13.4243,52.57609,bicycle + car + 
196773,Friedrichshain-Kreuzberg,2020203,Viktoriapark,June,15,Saturday,serious,6,Turning,Daylight,0,1,1,0,0,0,Dry,13.37653,52.48771,car + pedestrian + 
196774,Neukölln,8010508,Weiße Siedlung,June,15,Saturday,minor,2,Stationary Traffic,Daylight,0,1,0,0,0,0,Dry,13.46487,52.47047,car + 
196775,Marzahn-Hellersdorf,10020620,Kaulsdorf Nord II,July,15,Monday,minor,6,Overtaking,Daylight,0,1,1,0,0,0,Dry,13.58953,52.52802,car + pedestrian + 
196776,Marzahn-Hellersdorf,10040829,Alt-Kaulsdorf,June,13,Saturday,minor,5,Crossing,Daylight,0,1,0,0,0,0,Dry,13.59628,52.50616,car + 
196777,Neukölln,8020620,Tempelhofer Weg,July,16,Monday,minor,2,Stationary Traffic,Daylight,0,1,0,0,0,0,Wet,13.43497,52.4505,car + 
196778,Lichtenberg,11020515,Landsberger Allee,June,12,Saturday,serious,5,Other,Daylight,0,1,0,1,0,0,Dry,13.47471,52.53646,car + motorbike + 
196779,Charlottenburg-Wilmersdorf,4030931,Breitscheidplatz,July,18,Monday,minor,1,Other,Daylight,1,1,0,0,0,0,Dry,13.33451,52.50324,bicycle + car + 
196780,Neukölln,8020619,Buschkrugallee Nord,June,11,Saturday,minor,0,Driving,Daylight,1,0,0,0,0,0,Dry,13.43493,52.4609,bicycle + 
196781,Mitte,1022206,Lüneburger Straße,July,22,Sunday,minor,6,Overtaking,Dawn,0,1,1,0,0,0,Dry,13.36796,52.52442,car + pedestrian + 
196782,Pankow,3030715,Heinersdorf,June,11,Saturday,minor,5,Crossing,Daylight,0,1,0,0,0,0,Dry,13.44132,52.56856,car + 
196783,Pankow,3030711,Blankenburg,June,11,Saturday,serious,5,Turning,Daylight,1,1,0,0,0,0,Dry,13.45351,52.59127,bicycle + car + 
196784,Mitte,1011303,Alexanderplatzviertel,July,21,Sunday,minor,3,Turning,Dawn,1,0,0,0,0,0,Dry,13.41182,52.52397,bicycle + 
196785,Mitte,1022104,Emdener Straße,July,21,Sunday,minor,0,Crossing,Dawn,0,1,0,1,0,0,Dry,13.33799,52.53021,car + motorbike + 
196786,Charlottenburg-Wilmersdorf,4051549,Rathaus Wilmersdorf,June,8,Saturday,minor,0,Other,Daylight,0,1,0,1,0,0,Dry,13.31272,52.48926,car + motorbike + 
196787,Mitte,1011306,Heine-Viertel Ost,June,7,Saturday,minor,5,Turning,Daylight,1,1,0,0,0,0,Dry,13.42119,52.50981,bicycle + car + 
196788,Mitte,1022206,Lüneburger Straße,July,20,Sunday,minor,5,Crossing,Daylight,0,1,0,0,0,0,Dry,13.36722,52.52317,car + 
196789,Reinickendorf,12231102,Frohnau,June,7,Saturday,minor,4,Stationary Traffic,Daylight,0,1,0,0,0,0,Dry,13.2949,52.63711,car + 
196790,Charlottenburg-Wilmersdorf,4020310,Park Ruhwald,July,19,Sunday,minor,0,Driving,Daylight,1,0,0,0,0,0,Dry,13.28344,52.51852,bicycle + 
196791,Friedrichshain-Kreuzberg,2030401,Reichenberger Straße,June,1,Saturday,minor,5,Crossing,Night,0,1,0,0,0,0,Dry,13.42958,52.4982,car + 
196792,Friedrichshain-Kreuzberg,2030301,Oranienplatz,June,1,Saturday,minor,1,Paralle Traffic,Night,1,0,0,0,0,1,Dry,13.41816,52.49971,bicycle + other
196793,Neukölln,8030830,Gropiusstadt Süd,July,17,Sunday,minor,5,Turning,Daylight,0,1,0,0,0,0,Dry,13.44691,52.42697,car + 
196794,Tempelhof-Schöneberg,7050503,Eisenacher Straße,June,19,Friday,minor,5,Turning,Daylight,0,1,0,0,0,1,Dry,13.39616,52.44729,car + other
196795,Treptow-Köpenick,9020701,Adlershof West,June,19,Friday,minor,5,Turning,Daylight,0,1,0,0,0,0,Dry,13.53516,52.43231,car + 
196796,Spandau,5040936,Jägerallee,July,17,Sunday,minor,9,Driving,Daylight,0,1,0,0,0,0,Dry,13.13253,52.4731,car + 
196797,Lichtenberg,11051330,Karlshorst West,June,14,Friday,minor,6,Overtaking,Daylight,0,1,1,0,0,0,Dry,13.52662,52.49288,car + pedestrian + 
196798,Reinickendorf,12301206,Lübars,July,16,Sunday,minor,5,Crossing,Daylight,1,1,0,0,0,0,Dry,13.35466,52.61802,bicycle + car + 
196799,Tempelhof-Schöneberg,7010103,Barbarossaplatz,July,13,Sunday,minor,6,Overtaking,Daylight,1,0,1,0,0,0,Dry,13.35372,52.49372,bicycle + pedestrian + 
196800,Pankow,3071639,Bötzowstraße,June,6,Friday,minor,5,Other,Daylight,0,1,0,0,0,1,Dry,13.42765,52.52847,car + other
196801,Mitte,1022202,Heidestraße,July,12,Sunday,minor,5,Turning,Daylight,0,1,0,0,0,0,Dry,13.36024,52.53732,car + 
196802,Mitte,1011302,Oranienburger Straße,June,15,Friday,minor,5,Turning,Daylight,1,1,0,0,0,0,Dry,13.40366,52.52601,bicycle + car + 
196803,Charlottenburg-Wilmersdorf,4020209,Eichkamp,July,8,Sunday,serious,5,Crossing,Daylight,1,1,0,0,0,0,Dry,13.26195,52.50115,bicycle + car + 
196804,Reinickendorf,12214528,Tegeler Forst,June,20,Friday,minor,9,Driving,Daylight,0,1,0,0,0,0,Dry,13.25094,52.59998,car + 
196805,Pankow,3071536,Teutoburger Platz,June,19,Friday,minor,1,Paralle Traffic,Daylight,1,0,0,0,0,1,Dry,13.41079,52.5396,bicycle + other
196806,Tempelhof-Schöneberg,7070703,John-Locke-Straße,July,5,Sunday,minor,5,Crossing,Daylight,0,1,0,0,0,1,Dry,13.40642,52.39376,car + other
196807,Neukölln,8010404,Rixdorf,July,16,Saturday,minor,5,Turning,Daylight,1,1,0,0,0,0,Dry,13.44336,52.46991,bicycle + car + 
196808,Mitte,1044202,Sparrplatz,June,18,Friday,minor,5,Turning,Daylight,1,1,0,0,0,0,Dry,13.34944,52.54233,bicycle + car + 
196809,Charlottenburg-Wilmersdorf,4020313,Königin-Elisabeth-Straße,June,17,Friday,minor,5,Turning,Daylight,1,0,0,0,0,0,Dry,13.28135,52.51233,bicycle + 
196810,Spandau,5020625,Borkumer Straße,July,23,Saturday,minor,6,Overtaking,Night,0,1,1,0,0,0,Wet,13.19807,52.53306,car + pedestrian + 
196811,Spandau,5010312,Kurstraße,June,17,Friday,minor,5,Crossing,Daylight,1,1,0,0,0,0,Dry,13.20739,52.54482,bicycle + car + 
196812,Mitte,1011101,Stülerstraße,July,23,Saturday,minor,5,Turning,Night,0,1,0,0,0,0,Dry,13.34131,52.50511,car + 
196813,Pankow,3050923,Weißenseer Spitze,June,17,Friday,minor,2,Turning,Daylight,0,1,0,0,0,0,Dry,13.4305,52.55177,car + 
196814,Mitte,1011402,Arkonaplatz,June,16,Friday,minor,5,Turning,Daylight,0,0,0,1,0,1,Dry,13.40672,52.53576,motorbike + other
196815,Neukölln,8041040,Waltersdorfer Chaussee Ost,July,23,Saturday,serious,0,Driving,Night,0,0,0,1,0,0,Wet,13.51574,52.42088,motorbike + 
196816,Mitte,1011105,Nördlicher Landwehrkanal,June,15,Friday,minor,5,Turning,Daylight,1,1,0,0,0,0,Dry,13.35863,52.50675,bicycle + car + 
196817,Steglitz-Zehlendorf,6020301,Alt-Lankwitz,June,16,Friday,minor,5,Turning,Daylight,0,1,0,1,0,0,Dry,13.3531,52.43338,car + motorbike + 
196818,Mitte,1011301,Charitéviertel,July,22,Saturday,serious,0,Driving,Night,1,0,0,0,0,0,Wet,13.37437,52.52799,bicycle + 
196819,Tempelhof-Schöneberg,7030301,Friedenau,June,14,Friday,minor,1,Paralle Traffic,Daylight,1,1,0,0,0,0,Dry,13.33274,52.4762,bicycle + car + 
196820,Mitte,1011401,Invalidenstraße,July,22,Saturday,minor,2,Stationary Traffic,Night,0,1,0,0,0,0,Wet,13.40103,52.52999,car + 
196821,Friedrichshain-Kreuzberg,2040502,Friedenstraße,June,13,Friday,minor,5,Turning,Daylight,1,1,0,0,0,0,Dry,13.42953,52.5231,bicycle + car + 
196822,Reinickendorf,12214527,Alt-Tegel,June,13,Friday,minor,5,Turning,Daylight,1,1,0,0,0,0,Dry,13.28426,52.59444,bicycle + car + 
196823,Neukölln,8010404,Rixdorf,July,20,Saturday,minor,0,Driving,Night,0,1,0,0,0,0,Wet,13.45617,52.47381,car + 
196824,Tempelhof-Schöneberg,7050502,Fritz-Werner-Straße,July,21,Saturday,minor,6,Turning,Night,0,1,1,0,0,0,Wet,13.3878,52.43903,car + pedestrian + 
196825,Mitte,1033201,Brunnenstraße,June,12,Friday,minor,5,Turning,Daylight,1,1,0,0,0,0,Dry,13.40159,52.53976,bicycle + car + 
196826,Friedrichshain-Kreuzberg,2040701,Andreasviertel,June,12,Friday,minor,5,Other,Daylight,0,0,0,1,0,1,Dry,13.42919,52.50914,motorbike + other
196827,Mitte,1011303,Alexanderplatzviertel,July,20,Saturday,minor,5,Crossing,Dawn,1,1,0,0,0,0,Wet,13.40961,52.52264,bicycle + car + 
196828,Mitte,1033102,Gesundbrunnen,June,12,Friday,minor,5,Crossing,Daylight,1,1,0,0,0,0,Dry,13.39226,52.55481,bicycle + car + 
196829,Mitte,1011201,Wilhelmstraße,July,20,Saturday,minor,0,Turning,Daylight,1,1,0,0,0,0,Wet,13.37683,52.5094,bicycle + car + 