id,district,lor,street,month,hour,weekday,injury,collision,movement,light_conditions,bicycle,car,pedestrian,motorbike,truck,other_vehicle,road_conditions,longitude,latitude,Combo_type
196830,Friedrichshain-Kreuzberg,2010102,Mehringplatz,June,11,Friday,minor,5,Turning,Daylight,1,1,0,0,0,0,Dry,13.39097,52.50418,bicycle + car + 
196831,Pankow,3020307,Buchholz,June,11,Friday,minor,6,Crossing,Daylight,0,1,1,0,0,0,Dry,13.43222,52.6045,car + pedestrian + 
196832,Mitte,1011303,Alexanderplatzviertel,June,11,Friday,minor,5,Paralle Traffic,Daylight,1,1,0,0,0,0,Dry,13.40617,52.51797,bicycle + car + 
196833,Mitte,1044201,Reinickendorfer Straße,July,19,Saturday,minor,2,Stationary Traffic,Daylight,0,1,0,0,0,0,Wet,13.36518,52.54911,car + 
196834,Lichtenberg,11010205,Falkenberg West,June,10,Friday,minor,2,Stationary Traffic,Daylight,0,1,0,0,1,0,Dry,13.52021,52.56846,car + truck + 
196835,Mitte,1011302,Oranienburger Straße,July,19,Saturday,minor,5,Crossing,Daylight,1,1,0,0,0,0,Wet,13.40266,52.52803,bicycle + car + 
196836,Mitte,1011302,Oranienburger Straße,June,10,Friday,minor,0,Crossing,Daylight,1,1,0,0,0,0,Dry,13.39507,52.52797,bicycle + car + 
196837,Charlottenburg-Wilmersdorf,4030929,Hindemithplatz,July,19,Saturday,minor,0,Crossing,Daylight,1,0,0,1,0,0,Wet,13.30759,52.50368,bicycle + motorbike + 
196838,Friedrichshain-Kreuzberg,2010102,Mehringplatz,June,9,Friday,minor,5,Crossing,Daylight,1,1,0,0,0,0,Dry,13.39841,52.50705,bicycle + car + 
196839,Friedrichshain-Kreuzberg,2050601,Hausburgviertel,July,19,Saturday,minor,5,Crossing,Daylight,0,1,0,0,0,1,Wet,13.44746,52.52643,car + other
196840,Reinickendorf,12214125,Waldidyll/Flughafensee,June,18,Friday,minor,2,Stationary Traffic,Daylight,0,1,0,0,0,0,Dry,13.28306,52.57565,car + 
196841,Steglitz-Zehlendorf,6010207,Mittelstraße,July,18,Saturday,minor,5,Turning,Daylight,1,1,0,0,0,0,Dry,13.32756,52.45465,bicycle + car + 
196842,Neukölln,8010303,Donaustraße,June,22,Friday,minor,0,Driving,Night,1,0,0,0,0,0,Dry,13.43353,52.48203,bicycle + 
196843,Steglitz-Zehlendorf,6010103,Markelstraße,July,18,Saturday,minor,0,Driving,Daylight,0,0,0,1,0,0,Dry,13.3103,52.46658,motorbike + 
196844,Treptow-Köpenick,9020702,Adlershof Ost,June,17,Friday,serious,0,Driving,Daylight,1,0,0,0,0,0,Dry,13.553,52.43969,bicycle + 
196845,Tempelhof-Schöneberg,7030301,Friedenau,June,17,Friday,serious,6,Overtaking,Daylight,0,1,1,0,0,0,Dry,13.33268,52.46914,car + pedestrian + 
196846,Marzahn-Hellersdorf,10030724,Oberfeldstraße,July,17,Saturday,minor,0,Driving,Daylight,0,0,0,1,0,0,Dry,13.55486,52.51572,motorbike + 
196847,Mitte,1022201,Stephankiez,June,13,Friday,minor,1,Paralle Traffic,Daylight,0,1,0,0,0,0,Dry,13.35431,52.52804,car + 
196848,Charlottenburg-Wilmersdorf,4051549,Rathaus Wilmersdorf,July,17,Saturday,minor,5,Turning,Daylight,0,1,0,0,0,0,Dry,13.32021,52.48369,car + 
196849,Lichtenberg,11051229,Rummelsburg,June,12,Friday,serious,5,Crossing,Daylight,1,1,0,0,0,0,Dry,13.47649,52.50089,bicycle + car + 
196850,Treptow-Köpenick,9020701,Adlershof West,June,11,Friday,minor,2,Stationary Traffic,Daylight,0,1,0,0,0,0,Dry,13.55113,52.42888,car + 
196851,Mitte,1044201,Reinickendorfer Straße,July,16,Saturday,minor,5,Crossing,Daylight,1,1,0,0,0,0,Dry,13.37569,52.55063,bicycle + car + 
196852,Charlottenburg-Wilmersdorf,4030415,Schloßgarten,June,9,Friday,minor,5,Turning,Daylight,1,1,0,0,0,0,Dry,13.29241,52.51908,bicycle + car + 
196853,Mitte,1022206,Lüneburger Straße,July,15,Saturday,minor,5,Crossing,Daylight,0,1,0,0,0,0,Dry,13.35985,52.52346,car + 
196854,Charlottenburg-Wilmersdorf,4030931,Breitscheidplatz,June,9,Friday,minor,1,Paralle Traffic,Daylight,1,1,0,0,0,0,Dry,13.33818,52.5052,bicycle + car + 
196855,Charlottenburg-Wilmersdorf,4051654,Wilhelmsaue,July,15,Saturday,minor,6,Stationary Traffic,Daylight,1,0,1,0,0,0,Dry,13.32423,52.48423,bicycle + pedestrian + 
196856,Mitte,1011303,Alexanderplatzviertel,June,9,Friday,minor,5,Turning,Daylight,1,0,0,1,0,0,Dry,13.42002,52.52497,bicycle + motorbike + 
196857,Spandau,5020416,Am Heideberg,July,13,Saturday,minor,0,Stationary Traffic,Daylight,0,1,0,1,0,0,Dry,13.14694,52.53965,car + motorbike + 
196858,Treptow-Köpenick,9020702,Adlershof Ost,June,9,Friday,minor,6,Other,Daylight,1,1,1,0,0,0,Dry,13.54457,52.43662,bicycle + car + pedestrian + 
196859,Neukölln,8010303,Donaustraße,June,8,Friday,minor,6,Turning,Daylight,0,1,1,0,0,0,Dry,13.43364,52.48189,car + pedestrian + 
196860,Mitte,1022106,Elberfelder Straße,July,12,Saturday,minor,5,Turning,Daylight,0,1,0,1,0,0,Dry,13.33757,52.51979,car + motorbike + 
196861,Pankow,3010101,Bucher Forst,July,12,Saturday,minor,7,Other,Daylight,1,0,0,0,0,0,Dry,13.4805,52.6372,bicycle + 
196862,Charlottenburg-Wilmersdorf,4020314,Messegelände,June,8,Friday,minor,5,Turning,Daylight,1,1,0,0,0,0,Dry,13.27347,52.49996,bicycle + car + 
196863,Treptow-Köpenick,9030901,Dorf Altglienicke,July,12,Saturday,minor,1,Paralle Traffic,Daylight,0,1,0,1,0,0,Dry,13.52853,52.4179,car + motorbike + 
196864,Friedrichshain-Kreuzberg,2050802,Boxhagener Platz,June,7,Friday,serious,2,Turning,Daylight,1,1,0,0,0,0,Dry,13.45877,52.50643,bicycle + car + 
196865,Tempelhof-Schöneberg,7040403,Manteuffelstraße,July,12,Saturday,minor,5,Crossing,Daylight,0,1,0,0,0,0,Dry,13.3722,52.45551,car + 
196866,Steglitz-Zehlendorf,6020303,Lankwitz Kirche,June,7,Friday,minor,5,Turning,Daylight,0,1,0,0,0,0,Dry,13.34835,52.43788,car + 
196867,Charlottenburg-Wilmersdorf,4041136,Hagenplatz,June,1,Friday,minor,1,Paralle Traffic,Night,0,1,0,0,0,0,Dry,13.2783,52.47787,car + 
196868,Mitte,1044201,Reinickendorfer Straße,July,11,Saturday,minor,3,Stationary Traffic,Daylight,0,1,0,1,0,0,Dry,13.36494,52.55008,car + motorbike + 
196869,Charlottenburg-Wilmersdorf,4051447,Ludwigkirchplatz,July,11,Saturday,minor,2,Stationary Traffic,Daylight,1,0,0,0,0,0,Dry,13.31995,52.49599,bicycle + 
196870,Neukölln,8010301,Reuterkiez,June,10,Friday,minor,3,Stationary Traffic,Daylight,1,1,0,0,0,0,Dry,13.43334,52.49178,bicycle + car + 
196871,Neukölln,8010118,Silbersteinstraße,June,9,Friday,minor,3,Stationary Traffic,Daylight,1,1,0,0,0,0,Dry,13.43258,52.46529,bicycle + car + 
196872,Steglitz-Zehlendorf,6010210,Bismarckstraße,July,0,Saturday,minor,1,Other,Night,0,1,0,0,0,0,Dry,13.34123,52.46044,car + 
196873,Lichtenberg,11030824,Frankfurter Allee Süd,June,7,Thursday,serious,5,Crossing,Daylight,1,1,0,0,0,0,Dry,13.48225,52.50773,bicycle + car + 
196874,Neukölln,8010118,Silbersteinstraße,July,6,Saturday,minor,4,Stationary Traffic,Daylight,0,1,0,0,0,0,Dry,13.4305,52.46888,car + 
196875,Pankow,3050924,Behaimstraße,June,13,Thursday,minor,6,Other,Daylight,0,0,0,0,0,1,Dry,13.45466,52.55061,other
196876,Steglitz-Zehlendorf,6010103,Markelstraße,June,13,Thursday,minor,3,Stationary Traffic,Daylight,0,1,0,0,0,0,Dry,13.31536,52.46475,car + 
196877,Mitte,1011201,Wilhelmstraße,July,12,Friday,minor,5,Turning,Daylight,1,1,0,0,0,0,Dry,13.37706,52.50859,bicycle + car + 
196878,Mitte,1033203,Humboldthain Nordwest,June,13,Thursday,minor,0,Driving,Daylight,1,1,0,0,0,0,Dry,13.37737,52.54964,bicycle + car + 
196879,Marzahn-Hellersdorf,10010310,Alt-Marzahn,July,22,Friday,minor,5,Crossing,Night,0,1,0,0,0,0,Dry,13.5397,52.53982,car + 
196880,Mitte,1011202,Unter den Linden Nord,June,13,Thursday,minor,5,Crossing,Daylight,0,1,0,0,0,0,Dry,13.3915,52.52208,car + 
196881,Neukölln,8010118,Silbersteinstraße,July,22,Friday,minor,3,Stationary Traffic,Night,0,1,0,0,0,0,Dry,13.43188,52.46654,car + 
196882,Charlottenburg-Wilmersdorf,4030931,Breitscheidplatz,June,13,Thursday,minor,5,Crossing,Daylight,1,1,0,0,0,0,Dry,13.33125,52.50311,bicycle + car + 
196883,Tempelhof-Schöneberg,7010102,Nollendorfplatz,July,21,Friday,minor,5,Turning,Night,1,1,0,0,0,0,Dry,13.3463,52.50124,bicycle + car + 
196884,Treptow-Köpenick,9020501,Oberschöneweide West,June,12,Thursday,minor,3,Stationary Traffic,Daylight,0,1,0,1,0,0,Dry,13.50196,52.48208,car + motorbike + 
196885,Charlottenburg-Wilmersdorf,4030828,Savignyplatz,June,12,Thursday,minor,1,Paralle Traffic,Daylight,0,1,0,1,0,0,Dry,13.32313,52.51058,car + motorbike + 
196886,Steglitz-Zehlendorf,6010102,Schloßstraße,July,21,Friday,serious,5,Turning,Daylight,0,1,0,1,0,0,Dry,13.32272,52.45648,car + motorbike + 
196887,Mitte,1044201,Reinickendorfer Straße,July,20,Friday,serious,5,Crossing,Dawn,1,1,0,0,0,0,Dry,13.37002,52.55291,bicycle + car + 
196888,Mitte,1011301,Charitéviertel,June,11,Thursday,serious,5,Crossing,Daylight,0,0,0,0,1,1,Dry,13.38693,52.52713,truck + other
196889,Mitte,1011303,Alexanderplatzviertel,June,11,Thursday,minor,1,Paralle Traffic,Daylight,0,1,0,0,0,0,Dry,13.41343,52.52777,car + 
196890,Mitte,1011301,Charitéviertel,July,20,Friday,minor,5,Crossing,Daylight,1,0,0,0,0,0,Dry,13.38789,52.52241,bicycle + 
196891,Marzahn-Hellersdorf,10010308,Marzahner Chaussee,June,20,Thursday,minor,5,Turning,Daylight,0,1,0,0,0,0,Dry,13.51751,52.53541,car + 
196892,Mitte,1011301,Charitéviertel,July,19,Friday,minor,0,Turning,Daylight,0,1,0,0,0,1,Dry,13.37854,52.5291,car + other
196893,Charlottenburg-Wilmersdorf,4030827,Karl-August-Platz,June,19,Thursday,minor,5,Turning,Daylight,1,1,0,0,0,0,Dry,13.31109,52.50659,bicycle + car + 
196894,Treptow-Köpenick,9051702,Bölschestraße,July,18,Friday,minor,3,Stationary Traffic,Daylight,0,1,0,0,0,1,Dry,13.62536,52.45607,car + other
196895,Friedrichshain-Kreuzberg,2030301,Oranienplatz,June,18,Thursday,minor,1,Paralle Traffic,Daylight,1,1,0,0,0,1,Dry,13.41781,52.50169,bicycle + car + other
196896,Tempelhof-Schöneberg,7040405,Rathaus Tempelhof,July,17,Friday,minor,6,Other,Daylight,0,1,1,0,0,0,Dry,13.38433,52.45698,car + pedestrian + 
196897,Mitte,1033203,Humboldthain Nordwest,June,11,Thursday,minor,4,Stationary Traffic,Daylight,1,1,0,0,0,0,Dry,13.37403,52.54752,bicycle + car + 
196898,Tempelhof-Schöneberg,7070704,Nahariyastraße,July,17,Friday,serious,5,Crossing,Daylight,0,1,0,1,0,0,Dry,13.42183,52.3949,car + motorbike + 
196899,Lichtenberg,11041128,Sewanstraße,June,11,Thursday,serious,5,Crossing,Daylight,1,1,0,0,0,0,Dry,13.50607,52.49198,bicycle + car + 
196900,Steglitz-Zehlendorf,6040804,Krumme Lanke,July,17,Friday,minor,5,Turning,Daylight,1,0,0,0,0,1,Dry,13.23237,52.43764,bicycle + other
196901,Pankow,3061228,Erich-Weinert-Straße,June,11,Thursday,minor,5,Turning,Daylight,1,0,0,0,0,1,Dry,13.43034,52.55093,bicycle + other
196902,Tempelhof-Schöneberg,7030301,Friedenau,June,10,Thursday,minor,0,Turning,Daylight,1,0,0,1,0,0,Dry,13.33141,52.46965,bicycle + motorbike + 
196903,Pankow,3040614,Pankow Zentrum,July,16,Friday,minor,5,Crossing,Daylight,1,1,0,0,0,0,Dry,13.40892,52.5711,bicycle + car + 
196904,Friedrichshain-Kreuzberg,2010102,Mehringplatz,June,18,Thursday,minor,6,Turning,Daylight,0,1,1,0,0,0,Dry,13.39145,52.50097,car + pedestrian + 
196905,Reinickendorf,12214421,Reinickes Hof,July,16,Friday,minor,2,Stationary Traffic,Daylight,0,1,0,0,0,0,Dry,13.33104,52.57269,car + 
196906,Treptow-Köpenick,9020501,Oberschöneweide West,June,11,Thursday,minor,5,Turning,Daylight,1,1,0,0,0,0,Dry,13.51256,52.46277,bicycle + car + 
196907,Friedrichshain-Kreuzberg,2050602,Samariterviertel,July,15,Friday,minor,2,Turning,Daylight,1,1,0,0,0,0,Dry,13.46966,52.5204,bicycle + car + 
196908,Lichtenberg,11020513,Orankesee,June,10,Thursday,minor,5,Turning,Daylight,0,1,0,0,0,0,Dry,13.46794,52.54672,car + 
196909,Pankow,3061126,Arnimplatz,July,13,Friday,minor,5,Crossing,Daylight,1,1,0,0,0,0,Dry,13.40628,52.55399,bicycle + car + 
196910,Neukölln,8030831,Gropiusstadt Ost,June,18,Thursday,serious,0,Turning,Daylight,1,1,0,0,0,0,Dry,13.46196,52.42237,bicycle + car + 
196911,Pankow,3040818,Pankow Süd,June,9,Thursday,minor,1,Paralle Traffic,Daylight,1,0,0,0,0,1,Dry,13.42088,52.5659,bicycle + other
196912,Friedrichshain-Kreuzberg,2040703,Wriezener Bahnhof/Entwicklungsgebiet,July,13,Friday,minor,2,Stationary Traffic,Daylight,0,1,0,0,0,0,Dry,13.4463,52.5028,car + 
196913,Neukölln,8010212,Rollberg,July,13,Friday,minor,2,Stationary Traffic,Daylight,0,1,0,0,0,0,Dry,13.43813,52.47814,car + 
196914,Friedrichshain-Kreuzberg,2010101,Askanischer Platz,June,18,Thursday,minor,6,Turning,Daylight,0,1,1,0,0,0,Dry,13.38794,52.50285,car + pedestrian + 
196915,Mitte,1011302,Oranienburger Straße,June,18,Thursday,minor,1,Paralle Traffic,Daylight,0,1,0,1,0,0,Dry,13.39509,52.52443,car + motorbike + 
196916,Treptow-Köpenick,9020701,Adlershof West,July,13,Friday,minor,5,Turning,Daylight,1,1,0,0,0,0,Dry,13.53637,52.43287,bicycle + car + 
196917,Treptow-Köpenick,9010202,Köpenicker Landstraße,June,18,Thursday,minor,0,Turning,Daylight,0,1,0,0,0,1,Dry,13.48054,52.47254,car + other
196918,Steglitz-Zehlendorf,6010205,Südende,July,13,Friday,minor,1,Paralle Traffic,Daylight,0,1,0,0,0,0,Dry,13.35788,52.44841,car + 
196919,Lichtenberg,11051331,Karlshorst Nord,June,18,Thursday,minor,5,Turning,Daylight,1,1,0,0,0,0,Dry,13.52696,52.48658,bicycle + car + 
196920,Steglitz-Zehlendorf,6010210,Bismarckstraße,June,18,Thursday,minor,1,Paralle Traffic,Daylight,1,1,0,0,0,0,Dry,13.34303,52.45883,bicycle + car + 
196921,Mitte,1033202,Humboldthain Süd,July,12,Friday,minor,5,Crossing,Daylight,1,1,0,0,0,0,Dry,13.37985,52.54018,bicycle + car + 
196922,Mitte,1022204,Thomasiusstraße,June,18,Thursday,minor,2,Stationary Traffic,Daylight,0,1,0,0,0,0,Dry,13.34502,52.52512,car + 
196923,Friedrichshain-Kreuzberg,2040701,Andreasviertel,June,18,Thursday,serious,1,Driving,Daylight,0,1,0,0,0,1,Dry,13.43398,52.51489,car + other
196924,Tempelhof-Schöneberg,7020201,Bayerischer Platz,July,10,Friday,minor,2,Turning,Daylight,0,1,0,0,0,0,Dry,13.33952,52.48844,car + 
196925,Marzahn-Hellersdorf,10040933,Mahlsdorf Süd,June,18,Thursday,minor,0,Driving,Daylight,1,0,0,0,0,0,Dry,13.61445,52.49354,bicycle + 
196926,Marzahn-Hellersdorf,10020622,Kaulsdorf Nord I,June,17,Thursday,minor,1,Paralle Traffic,Daylight,1,1,0,0,0,1,Dry,13.57548,52.51322,bicycle + car + other
196927,Spandau,5030730,Zitadellenweg,July,8,Friday,serious,2,Stationary Traffic,Daylight,0,1,0,1,0,0,Dry,13.21876,52.53715,car + motorbike + 
196928,Lichtenberg,11040926,Weitlingstraße,June,22,Thursday,minor,2,Stationary Traffic,Night,1,1,0,0,0,0,Dry,13.48611,52.50236,bicycle + car + 
196929,Neukölln,8010214,Glasower Straße,July,8,Friday,minor,5,Crossing,Daylight,0,1,0,0,0,0,Dry,13.43683,52.46516,car + 
196930,Friedrichshain-Kreuzberg,2040503,Richard-Sorge-Viertel,June,17,Thursday,minor,5,Turning,Daylight,1,0,0,0,0,0,Dry,13.44549,52.52042,bicycle + 
196931,Mitte,1044202,Sparrplatz,July,8,Friday,minor,5,Turning,Daylight,1,1,0,0,0,0,Dry,13.34491,52.53906,bicycle + car + 
196932,Pankow,3061228,Erich-Weinert-Straße,June,14,Thursday,minor,5,Crossing,Daylight,0,1,0,1,0,0,Dry,13.43446,52.54958,car + motorbike + 
196933,Pankow,3030405,Karow Nord,July,5,Friday,minor,0,Driving,Daylight,1,0,0,0,0,0,Wet,13.48703,52.61746,bicycle + 
196934,Friedrichshain-Kreuzberg,2050801,Traveplatz,June,14,Thursday,serious,0,Stationary Traffic,Daylight,1,1,0,0,0,0,Dry,13.4646,52.50985,bicycle + car + 
196935,Mitte,1033102,Gesundbrunnen,June,20,Thursday,minor,0,Driving,Daylight,1,0,0,0,0,0,Dry,13.38235,52.55183,bicycle + 
196936,Lichtenberg,11041128,Sewanstraße,July,4,Friday,minor,0,Driving,Daylight,1,0,0,0,0,0,Dry,13.50583,52.49149,bicycle + 
196937,Friedrichshain-Kreuzberg,2050602,Samariterviertel,July,1,Friday,minor,0,Other,Night,1,0,0,0,0,1,Dry,13.46,52.51729,bicycle + other
196938,Charlottenburg-Wilmersdorf,4030931,Breitscheidplatz,June,14,Thursday,minor,0,Driving,Daylight,0,0,0,1,0,0,Dry,13.33925,52.50327,motorbike + 
196939,Tempelhof-Schöneberg,7020203,Kaiser-Wilhelm-Platz,June,13,Thursday,minor,5,Turning,Daylight,1,1,0,0,0,0,Dry,13.34905,52.48944,bicycle + car + 
196940,Spandau,5020625,Borkumer Straße,July,15,Friday,serious,0,Stationary Traffic,Daylight,0,1,0,0,0,1,Dry,13.18399,52.53416,car + other
196941,Mitte,1011401,Invalidenstraße,June,9,Thursday,serious,0,Driving,Daylight,1,0,0,0,0,0,Dry,13.399,52.53244,bicycle + 
196942,Mitte,1011305,Heine-Viertel West,July,11,Thursday,minor,1,Paralle Traffic,Daylight,1,1,0,0,0,0,Dry,13.41294,52.51186,bicycle + car + 
196943,Charlottenburg-Wilmersdorf,4051549,Rathaus Wilmersdorf,June,9,Thursday,minor,5,Crossing,Daylight,1,1,0,0,0,0,Dry,13.30844,52.48777,bicycle + car + 
196944,Mitte,1044202,Sparrplatz,July,21,Thursday,minor,3,Stationary Traffic,Night,0,1,0,0,0,0,Dry,13.36424,52.54363,car + 
196945,Steglitz-Zehlendorf,6040810,Dahlem,June,8,Thursday,serious,5,Turning,Daylight,0,1,0,0,0,0,Dry,13.27084,52.45094,car + 
196946,Friedrichshain-Kreuzberg,2020202,Rathaus Yorckstraße,July,20,Thursday,minor,5,Turning,Dawn,0,1,0,0,0,0,Dry,13.38945,52.49602,car + 
196947,Mitte,1011301,Charitéviertel,June,8,Thursday,minor,5,Turning,Daylight,1,1,0,0,0,0,Dry,13.38062,52.5284,bicycle + car + 
196948,Pankow,3061227,Humannplatz,June,8,Thursday,serious,5,Turning,Daylight,1,0,0,0,1,0,Dry,13.42691,52.55223,bicycle + truck + 
196949,Treptow-Köpenick,9051702,Bölschestraße,July,17,Wednesday,minor,5,Crossing,Daylight,0,1,0,1,0,0,Dry,13.61871,52.45542,car + motorbike + 
196950,Friedrichshain-Kreuzberg,2020204,Urbanstraße,July,16,Wednesday,minor,2,Stationary Traffic,Daylight,1,0,0,0,0,0,Dry,13.39299,52.49201,bicycle + 
196951,Mitte,1011303,Alexanderplatzviertel,July,9,Wednesday,minor,5,Turning,Daylight,0,1,0,1,0,0,Dry,13.41027,52.52808,car + motorbike + 
196952,Steglitz-Zehlendorf,6040701,Wannsee,July,17,Wednesday,minor,7,Other,Daylight,0,0,0,1,0,0,Dry,13.17532,52.41993,motorbike + 
196953,Mitte,1022201,Stephankiez,July,14,Friday,minor,1,Paralle Traffic,Daylight,0,1,0,1,0,0,Dry,13.34425,52.53155,car + motorbike + 
196954,Charlottenburg-Wilmersdorf,4030417,Schloßstraße,July,17,Wednesday,minor,5,Crossing,Daylight,1,1,0,0,0,0,Dry,13.29662,52.51678,bicycle + car + 
196955,Charlottenburg-Wilmersdorf,4051654,Wilhelmsaue,July,16,Wednesday,minor,3,Stationary Traffic,Daylight,0,1,0,1,0,0,Dry,13.32198,52.4845,car + motorbike + 
196956,Neukölln,8010301,Reuterkiez,July,8,Wednesday,minor,1,Paralle Traffic,Daylight,1,1,0,0,0,0,Dry,13.43895,52.48962,bicycle + car + 
196957,Mitte,1011304,Karl-Marx-Allee,July,1,Thursday,minor,5,Turning,Night,1,1,0,0,0,0,Dry,13.41797,52.51557,bicycle + car + 
196958,Friedrichshain-Kreuzberg,2050803,Stralauer Kiez,July,20,Thursday,minor,2,Turning,Daylight,0,1,0,0,0,0,Dry,13.46611,52.50003,car + 
196959,Lichtenberg,11020513,Orankesee,July,20,Thursday,minor,5,Turning,Daylight,1,1,0,0,0,0,Dry,13.46825,52.54654,bicycle + car + 
196960,Mitte,1033201,Brunnenstraße,July,19,Thursday,minor,5,Turning,Daylight,0,1,0,1,0,0,Dry,13.39274,52.54255,car + motorbike + 
196961,Charlottenburg-Wilmersdorf,4030931,Breitscheidplatz,July,19,Thursday,minor,5,Turning,Daylight,1,1,0,0,0,0,Dry,13.33215,52.5062,bicycle + car + 
196962,Charlottenburg-Wilmersdorf,4030416,Klausenerplatz,July,19,Thursday,minor,1,Paralle Traffic,Daylight,1,1,0,0,0,0,Dry,13.29071,52.51777,bicycle + car + 
196963,Friedrichshain-Kreuzberg,2010104,Wassertorplatz,July,19,Thursday,minor,1,Paralle Traffic,Daylight,1,1,0,0,0,0,Dry,13.40115,52.49843,bicycle + car + 
196964,Pankow,3061126,Arnimplatz,July,18,Thursday,minor,2,Stationary Traffic,Daylight,0,1,0,1,0,0,Dry,13.39815,52.55474,car + motorbike + 
196965,Treptow-Köpenick,9051901,Dammvorstadt,July,18,Thursday,minor,2,Stationary Traffic,Daylight,0,0,0,0,0,1,Dry,13.5593,52.45613,other
196966,Tempelhof-Schöneberg,7040404,Marienhöhe,July,15,Thursday,minor,5,Turning,Daylight,1,1,0,0,0,0,Dry,13.36195,52.44725,bicycle + car + 
196967,Spandau,5040938,Kafkastraße,July,15,Thursday,minor,1,Paralle Traffic,Daylight,1,1,0,0,0,0,Dry,13.14,52.45204,bicycle + car + 
196968,Spandau,5010101,Hakenfelde Nord,July,17,Thursday,serious,5,Crossing,Daylight,0,1,0,1,0,0,Dry,13.21575,52.56455,car + motorbike + 
196969,Treptow-Köpenick,9020701,Adlershof West,July,15,Thursday,serious,5,Crossing,Daylight,1,1,0,0,0,0,Dry,13.52238,52.42827,bicycle + car + 
196970,Charlottenburg-Wilmersdorf,4030415,Schloßgarten,July,9,Thursday,minor,0,Other,Daylight,1,0,0,0,0,0,Dry,13.28608,52.51877,bicycle + 
196971,Mitte,1011302,Oranienburger Straße,July,15,Thursday,serious,3,Stationary Traffic,Daylight,1,1,0,0,0,0,Dry,13.39802,52.52947,bicycle + car + 
196972,Treptow-Köpenick,9031101,Grünau,July,14,Thursday,minor,5,Other,Daylight,0,1,0,0,0,0,Dry,13.56225,52.42118,car + 
196973,Treptow-Köpenick,9030901,Dorf Altglienicke,July,10,Thursday,minor,5,Turning,Daylight,0,1,0,0,0,0,Dry,13.52635,52.42461,car + 
196974,Neukölln,8030829,Gropiusstadt Nord,July,18,Thursday,minor,5,Crossing,Daylight,0,1,0,0,0,0,Dry,13.45733,52.43109,car + 
196975,Mitte,1011204,Leipziger Straße,July,22,Thursday,serious,0,Driving,Night,0,0,0,0,0,1,Dry,13.39033,52.50783,other
196976,Steglitz-Zehlendorf,6020306,Lankwitz Süd,July,23,Thursday,minor,5,Crossing,Night,0,1,0,1,0,0,Dry,13.36503,52.42407,car + motorbike + 
196977,Tempelhof-Schöneberg,7020202,Volkspark (Rudolf-Wilde-Park),July,13,Thursday,minor,5,Turning,Daylight,1,1,0,0,0,0,Dry,13.34499,52.48461,bicycle + car + 
196978,Spandau,5020419,Magistratsweg,July,8,Thursday,minor,6,Overtaking,Daylight,0,0,1,0,1,0,Dry,13.15728,52.53301,pedestrian + truck + 
196979,Tempelhof-Schöneberg,7010101,Wittenbergplatz/Viktoria-Luise-Platz,July,8,Thursday,minor,5,Turning,Daylight,1,0,0,0,1,0,Dry,13.33959,52.49758,bicycle + truck + 
196980,Charlottenburg-Wilmersdorf,4061757,Forst Grunewald,July,12,Thursday,minor,1,Paralle Traffic,Daylight,1,0,0,0,0,1,Dry,13.21048,52.50135,bicycle + other
196981,Mitte,1011101,Stülerstraße,July,12,Thursday,minor,3,Stationary Traffic,Daylight,0,1,0,1,0,0,Dry,13.35171,52.50877,car + motorbike + 
196982,Mitte,1033101,Soldiner Straße,July,12,Thursday,serious,5,Crossing,Daylight,0,1,0,1,0,0,Dry,13.37696,52.55805,car + motorbike + 
196983,Lichtenberg,11010310,Mühlengrund,July,12,Thursday,minor,5,Turning,Daylight,1,1,0,0,0,0,Dry,13.50731,52.56417,bicycle + car + 
196984,Treptow-Köpenick,9020702,Adlershof Ost,July,8,Thursday,serious,5,Turning,Daylight,1,1,0,0,0,0,Dry,13.5527,52.43065,bicycle + car + 
196985,Friedrichshain-Kreuzberg,2020204,Urbanstraße,July,10,Thursday,serious,5,Turning,Daylight,0,1,0,0,0,1,Dry,13.3952,52.49617,car + other
196986,Friedrichshain-Kreuzberg,2010103,Moritzplatz,July,10,Thursday,serious,0,Stationary Traffic,Daylight,0,1,0,0,0,1,Dry,13.40705,52.50468,car + other
196987,Tempelhof-Schöneberg,7040404,Marienhöhe,July,7,Thursday,minor,2,Stationary Traffic,Daylight,0,0,0,1,1,0,Dry,13.37762,52.45289,motorbike + truck + 
196988,Pankow,3061227,Humannplatz,July,7,Thursday,minor,5,Crossing,Daylight,1,0,0,0,0,1,Dry,13.42737,52.55249,bicycle + other
196989,Treptow-Köpenick,9010101,Elsenstraße,July,7,Thursday,minor,5,Turning,Daylight,1,1,0,0,0,0,Dry,13.44687,52.49398,bicycle + car + 
196990,Reinickendorf,12103117,Letteplatz,July,6,Thursday,minor,0,Other,Daylight,0,1,0,1,0,0,Wet,13.37702,52.56071,car + motorbike + 
196991,Mitte,1011101,Stülerstraße,July,10,Thursday,minor,5,Crossing,Daylight,0,1,0,0,0,0,Dry,13.34721,52.50549,car + 
196992,Friedrichshain-Kreuzberg,2020206,Graefekiez,July,9,Thursday,minor,1,Paralle Traffic,Daylight,0,1,0,0,0,0,Dry,13.42219,52.49159,car + 
196993,Steglitz-Zehlendorf,6040701,Wannsee,July,9,Thursday,minor,0,Crossing,Daylight,1,0,0,0,0,0,Dry,13.17647,52.42094,bicycle + 
196994,Charlottenburg-Wilmersdorf,4030725,Amtsgerichtsplatz,July,9,Thursday,serious,5,Crossing,Daylight,1,1,0,0,0,0,Dry,13.29364,52.50544,bicycle + car + 