id,district,lor,street,month,hour,weekday,injury,collision,movement,light_conditions,bicycle,car,pedestrian,motorbike,truck,other_vehicle,road_conditions,longitude,latitude,Combo_type
196995,Friedrichshain-Kreuzberg,2010102,Mehringplatz,July,8,Thursday,serious,0,Driving,Daylight,0,1,0,0,0,0,Dry,13.39039,52.50671,car + 
196996,Mitte,1011103,Lützowstraße,July,17,Thursday,minor,0,Stationary Traffic,Daylight,0,1,0,0,0,1,Dry,13.34978,52.50326,car + other
196997,Spandau,5010101,Hakenfelde Nord,July,9,Thursday,fatal,3,Stationary Traffic,Daylight,1,0,0,0,1,0,Dry,13.21499,52.56371,bicycle + truck + 
196998,Charlottenburg-Wilmersdorf,4030931,Breitscheidplatz,July,17,Wednesday,minor,5,Turning,Daylight,1,1,0,0,0,0,Dry,13.33861,52.50526,bicycle + car + 
196999,Mitte,1033203,Humboldthain Nordwest,July,17,Wednesday,minor,2,Stationary Traffic,Daylight,1,1,0,0,0,0,Dry,13.37173,52.54204,bicycle + car + 
197000,Marzahn-Hellersdorf,10040828,Kaulsdorf Nord,July,16,Wednesday,minor,5,Crossing,Daylight,1,1,0,0,0,0,Dry,13.60023,52.52608,bicycle + car + 
197001,Tempelhof-Schöneberg,7010104,Dennewitzplatz,July,15,Wednesday,minor,2,Stationary Traffic,Daylight,0,1,0,0,0,0,Dry,13.3625,52.49787,car + 
197002,Neukölln,8020622,Parchimer Allee,July,15,Wednesday,minor,5,Other,Daylight,0,1,0,0,0,0,Dry,13.4368,52.44863,car + 
197003,Steglitz-Zehlendorf,6030610,Lichterfelde West,July,15,Wednesday,serious,5,Turning,Daylight,0,1,0,0,0,0,Dry,13.3097,52.43147,car + 
197004,Tempelhof-Schöneberg,7020204,Schöneberger Insel,July,17,Wednesday,minor,1,Paralle Traffic,Daylight,1,1,0,0,0,0,Dry,13.36679,52.48509,bicycle + car + 
197005,Neukölln,8020728,Buckow Ost,July,15,Wednesday,minor,0,Stationary Traffic,Daylight,0,1,0,0,0,1,Dry,13.43996,52.4242,car + other
197006,Friedrichshain-Kreuzberg,2040503,Richard-Sorge-Viertel,July,14,Wednesday,minor,2,Stationary Traffic,Daylight,0,1,0,1,0,1,Dry,13.44355,52.52508,car + motorbike + other
197007,Neukölln,8041038,Waßmannsdorfer Chaussee,July,13,Wednesday,minor,2,Other,Daylight,1,0,0,0,0,1,Dry,13.49512,52.41271,bicycle + other
197008,Treptow-Köpenick,9020802,Köllnische Vorstadt,July,12,Wednesday,serious,0,Overtaking,Daylight,0,0,1,0,0,1,Dry,13.56559,52.44528,pedestrian + other
197009,Friedrichshain-Kreuzberg,2020204,Urbanstraße,July,11,Wednesday,minor,5,Turning,Daylight,1,1,0,0,0,0,Dry,13.39782,52.49074,bicycle + car + 
197010,Steglitz-Zehlendorf,6010206,Stadtpark,July,11,Wednesday,minor,0,Driving,Daylight,1,0,0,0,0,0,Dry,13.34295,52.4454,bicycle + 
197011,Tempelhof-Schöneberg,7040403,Manteuffelstraße,July,10,Wednesday,minor,5,Turning,Daylight,0,1,0,1,0,0,Dry,13.37221,52.45557,car + motorbike + 
197012,Tempelhof-Schöneberg,7020203,Kaiser-Wilhelm-Platz,July,9,Wednesday,serious,5,Turning,Daylight,1,0,0,1,0,0,Dry,13.35596,52.48609,bicycle + motorbike + 
197013,Treptow-Köpenick,9051801,Rahnsdorf/Hessenwinkel,July,9,Wednesday,minor,2,Crossing,Daylight,1,1,0,0,0,0,Dry,13.71834,52.43149,bicycle + car + 
197014,Friedrichshain-Kreuzberg,2010103,Moritzplatz,July,8,Wednesday,minor,5,Crossing,Daylight,1,1,0,0,0,0,Dry,13.41097,52.5039,bicycle + car + 
197015,Reinickendorf,12214125,Waldidyll/Flughafensee,July,23,Wednesday,serious,2,Stationary Traffic,Night,0,1,0,0,0,1,Dry,13.30688,52.55491,car + other
197016,Charlottenburg-Wilmersdorf,4010102,Plötzensee,July,20,Wednesday,serious,1,Driving,Daylight,0,1,0,0,0,0,Dry,13.31154,52.5477,car + 
197017,Neukölln,8041036,Zittauer Straße,July,19,Wednesday,minor,5,Crossing,Daylight,0,1,0,0,0,0,Dry,13.48709,52.4229,car + 
197018,Mitte,1033203,Humboldthain Nordwest,July,19,Wednesday,serious,0,Stationary Traffic,Daylight,1,1,0,0,0,0,Dry,13.37552,52.54852,bicycle + car + 
197019,Pankow,3030715,Heinersdorf,July,6,Wednesday,minor,0,Crossing,Daylight,0,1,0,1,0,0,Dry,13.43373,52.56032,car + motorbike + 
197020,Pankow,3061228,Erich-Weinert-Straße,July,6,Wednesday,minor,5,Crossing,Daylight,1,1,0,0,0,0,Dry,13.43643,52.54853,bicycle + car + 
197021,Lichtenberg,11041022,Rosenfelder Ring,July,5,Wednesday,minor,5,Crossing,Daylight,1,1,0,0,0,0,Dry,13.50498,52.51081,bicycle + car + 
197022,Friedrichshain-Kreuzberg,2050802,Boxhagener Platz,July,1,Wednesday,serious,0,Driving,Night,0,0,0,0,0,1,Dry,13.46127,52.50857,other
197023,Steglitz-Zehlendorf,6030609,Augustaplatz,July,15,Wednesday,minor,5,Turning,Daylight,0,1,0,0,0,1,Dry,13.31337,52.43537,car + other
197024,Friedrichshain-Kreuzberg,2030402,Wrangelkiez,July,9,Tuesday,serious,0,Turning,Daylight,1,1,0,0,0,0,Dry,13.44329,52.50037,bicycle + car + 
197025,Friedrichshain-Kreuzberg,2040502,Friedenstraße,July,16,Tuesday,minor,5,Turning,Daylight,1,0,0,0,0,0,Dry,13.44061,52.51702,bicycle + 
197026,Friedrichshain-Kreuzberg,2010103,Moritzplatz,July,18,Tuesday,minor,5,Turning,Daylight,1,1,0,0,0,0,Dry,13.40791,52.50444,bicycle + car + 
197027,Pankow,3050925,Komponistenviertel Weißensee,July,17,Tuesday,minor,5,Other,Daylight,1,1,0,0,0,0,Dry,13.46254,52.54976,bicycle + car + 
197028,Treptow-Köpenick,9020501,Oberschöneweide West,July,17,Tuesday,serious,5,Crossing,Daylight,0,1,0,1,0,0,Dry,13.50949,52.46346,car + motorbike + 
197029,Neukölln,8010301,Reuterkiez,July,17,Tuesday,minor,1,Paralle Traffic,Daylight,1,1,0,0,0,1,Dry,13.43842,52.4846,bicycle + car + other
197030,Treptow-Köpenick,9051701,Hirschgarten,July,16,Tuesday,minor,2,Other,Daylight,0,1,0,0,0,0,Dry,13.60816,52.45317,car + 
197031,Friedrichshain-Kreuzberg,2020204,Urbanstraße,July,2,Tuesday,minor,1,Driving,Night,0,1,0,0,0,0,Dry,13.39821,52.49509,car + 
197032,Marzahn-Hellersdorf,11030720,Herzbergstraße,July,14,Tuesday,minor,2,Stationary Traffic,Daylight,0,1,0,0,0,1,Dry,13.51672,52.53531,car + other
197033,Spandau,5020524,Weinmeisterhornweg,July,14,Tuesday,minor,5,Turning,Daylight,0,1,0,0,0,0,Dry,13.18457,52.51555,car + 
197034,Reinickendorf,12224230,Heiligensee,July,13,Tuesday,minor,1,Paralle Traffic,Daylight,0,1,0,1,0,0,Dry,13.24268,52.61626,car + motorbike + 
197035,Charlottenburg-Wilmersdorf,4051448,Schaperstraße,July,13,Tuesday,minor,1,Paralle Traffic,Daylight,1,1,0,0,0,0,Dry,13.33456,52.4966,bicycle + car + 
197036,Neukölln,8041037,Alt-Rudow,July,13,Tuesday,minor,5,Crossing,Daylight,1,1,0,0,0,0,Dry,13.49564,52.41775,bicycle + car + 
197037,Tempelhof-Schöneberg,7040405,Rathaus Tempelhof,July,12,Tuesday,minor,5,Crossing,Daylight,0,1,0,0,0,0,Dry,13.39938,52.45299,car + 
197038,Charlottenburg-Wilmersdorf,4010101,Jungfernheide,July,12,Tuesday,minor,2,Stationary Traffic,Daylight,0,1,0,0,0,0,Dry,13.28207,52.5338,car + 
197039,Friedrichshain-Kreuzberg,2050802,Boxhagener Platz,July,12,Tuesday,minor,5,Turning,Daylight,1,0,0,0,1,0,Dry,13.45206,52.51068,bicycle + truck + 
197040,Charlottenburg-Wilmersdorf,4051446,Preußenpark,July,10,Tuesday,minor,6,Overtaking,Daylight,0,1,1,0,0,0,Dry,13.30946,52.49525,car + pedestrian + 
197041,Charlottenburg-Wilmersdorf,4041239,Stadion Wilmersdorf,July,10,Tuesday,minor,5,Turning,Daylight,1,1,0,0,0,0,Dry,13.30547,52.47979,bicycle + car + 
197042,Mitte,1011204,Leipziger Straße,July,18,Tuesday,minor,4,Stationary Traffic,Daylight,1,0,0,0,0,1,Dry,13.40306,52.51669,bicycle + other
197043,Friedrichshain-Kreuzberg,2020204,Urbanstraße,July,9,Tuesday,minor,6,Other,Daylight,0,1,1,0,0,0,Dry,13.39762,52.49506,car + pedestrian + 
197044,Neukölln,8010301,Reuterkiez,July,19,Tuesday,minor,0,Crossing,Daylight,1,0,0,0,0,0,Dry,13.44091,52.48646,bicycle + 
197045,Pankow,3061430,Volkspark Prenzlauer Berg,July,19,Tuesday,minor,5,Turning,Daylight,1,1,0,0,0,0,Dry,13.45737,52.52923,bicycle + car + 
197046,Treptow-Köpenick,9020802,Köllnische Vorstadt,July,6,Tuesday,serious,3,Stationary Traffic,Daylight,0,1,0,0,0,0,Dry,13.55934,52.44479,car + 
197047,Treptow-Köpenick,9020701,Adlershof West,July,18,Tuesday,minor,2,Stationary Traffic,Daylight,0,1,0,0,0,1,Dry,13.5487,52.4277,car + other
197048,Treptow-Köpenick,9010402,Johannisthal Ost,July,18,Tuesday,serious,0,Driving,Daylight,0,0,0,1,0,0,Dry,13.51347,52.42766,motorbike + 
197049,Treptow-Köpenick,9031101,Grünau,July,18,Tuesday,minor,5,Crossing,Daylight,1,0,0,0,0,1,Dry,13.58536,52.4111,bicycle + other
197050,Pankow,3020203,Blankenfelde,July,16,Tuesday,minor,5,Crossing,Daylight,1,1,0,0,0,0,Dry,13.38064,52.6341,bicycle + car + 
197051,Charlottenburg-Wilmersdorf,4030415,Schloßgarten,July,16,Tuesday,minor,2,Turning,Daylight,0,1,0,1,0,0,Dry,13.29012,52.51902,car + motorbike + 
197052,Friedrichshain-Kreuzberg,2020206,Graefekiez,July,16,Tuesday,minor,0,Driving,Daylight,1,0,0,0,0,0,Dry,13.41913,52.48761,bicycle + 
197053,Charlottenburg-Wilmersdorf,4051448,Schaperstraße,July,15,Tuesday,minor,2,Stationary Traffic,Daylight,1,1,0,0,0,0,Dry,13.32482,52.49798,bicycle + car + 
197054,Spandau,5010101,Hakenfelde Nord,July,15,Tuesday,minor,3,Stationary Traffic,Daylight,1,0,0,0,0,1,Dry,13.21335,52.56099,bicycle + other
197055,Mitte,1044101,Rehberge,July,15,Tuesday,minor,0,Stationary Traffic,Daylight,0,0,0,0,0,1,Dry,13.34916,52.55198,other
197056,Friedrichshain-Kreuzberg,2040701,Andreasviertel,July,17,Tuesday,minor,2,Stationary Traffic,Daylight,0,1,0,1,0,0,Dry,13.42825,52.51812,car + motorbike + 
197057,Neukölln,8010301,Reuterkiez,July,21,Tuesday,minor,3,Stationary Traffic,Daylight,1,1,0,0,0,0,Dry,13.4332,52.48914,bicycle + car + 
197058,Lichtenberg,11020513,Orankesee,July,13,Tuesday,minor,2,Stationary Traffic,Daylight,0,1,0,0,0,0,Dry,13.46754,52.547,car + 
197059,Treptow-Köpenick,9020502,Oberschöneweide Ost,July,8,Tuesday,minor,1,Driving,Daylight,0,1,0,1,0,0,Dry,13.54842,52.45698,car + motorbike + 
197060,Lichtenberg,11020412,Hauptstraße,July,16,Monday,minor,2,Stationary Traffic,Daylight,0,1,0,0,0,0,Dry,13.51564,52.55175,car + 
197061,Spandau,5020629,Börnicker Straße,July,17,Monday,minor,5,Turning,Daylight,0,1,0,1,0,0,Dry,13.20126,52.51212,car + motorbike + 
197062,Mitte,1011202,Unter den Linden Nord,July,16,Monday,minor,2,Turning,Daylight,0,0,0,1,0,1,Dry,13.38071,52.51663,motorbike + other
197063,Steglitz-Zehlendorf,6040805,Fischerhüttenstraße,July,15,Monday,minor,1,Paralle Traffic,Daylight,0,1,0,0,1,0,Dry,13.23549,52.43592,car + truck + 
197064,Friedrichshain-Kreuzberg,2040701,Andreasviertel,July,21,Monday,serious,5,Turning,Night,1,1,0,0,0,0,Dry,13.43537,52.51471,bicycle + car + 
197065,Neukölln,8020727,Buckow Mitte,July,17,Monday,minor,2,Stationary Traffic,Daylight,0,1,0,1,0,0,Dry,13.42789,52.42087,car + motorbike + 
197066,Steglitz-Zehlendorf,6010102,Schloßstraße,July,19,Monday,minor,0,Driving,Daylight,0,0,0,1,0,0,Dry,13.32435,52.45594,motorbike + 
197067,Neukölln,8010510,Gewerbegebiet Köllnische Heide,July,15,Monday,minor,2,Stationary Traffic,Daylight,0,1,0,0,0,0,Dry,13.45303,52.47018,car + 
197068,Reinickendorf,12214125,Waldidyll/Flughafensee,July,15,Monday,serious,6,Overtaking,Daylight,0,1,1,0,0,1,Dry,13.29447,52.57645,car + pedestrian + other
197069,Mitte,1011202,Unter den Linden Nord,July,13,Monday,minor,5,Crossing,Daylight,0,1,0,0,0,0,Dry,13.39165,52.52201,car + 
197070,Steglitz-Zehlendorf,6030501,Berlepschstraße,July,12,Monday,minor,5,Crossing,Daylight,0,1,0,0,0,0,Dry,13.2486,52.42707,car + 
197071,Friedrichshain-Kreuzberg,2020206,Graefekiez,July,21,Monday,minor,1,Paralle Traffic,Night,0,1,0,0,0,0,Dry,13.41559,52.48793,car + 
197072,Mitte,1011301,Charitéviertel,July,12,Monday,minor,3,Stationary Traffic,Daylight,1,0,0,0,1,0,Dry,13.38137,52.53192,bicycle + truck + 
197073,Mitte,1022106,Elberfelder Straße,July,10,Monday,minor,3,Stationary Traffic,Daylight,1,0,0,0,1,0,Dry,13.32972,52.5228,bicycle + truck + 
197074,Charlottenburg-Wilmersdorf,4020311,Reichsstraße,July,10,Monday,minor,5,Crossing,Daylight,0,1,0,0,0,0,Dry,13.26702,52.51432,car + 
197075,Mitte,1011302,Oranienburger Straße,July,10,Monday,minor,2,Stationary Traffic,Daylight,0,1,0,0,0,0,Dry,13.40933,52.52864,car + 
197076,Treptow-Köpenick,9020701,Adlershof West,July,10,Monday,minor,3,Stationary Traffic,Daylight,0,1,0,0,1,0,Dry,13.53044,52.44285,car + truck + 
197077,Treptow-Köpenick,9020601,Schnellerstraße,July,9,Monday,minor,5,Crossing,Daylight,1,1,0,0,0,0,Dry,13.5039,52.46084,bicycle + car + 
197078,Steglitz-Zehlendorf,6040703,Nikolassee,July,8,Monday,minor,5,Crossing,Daylight,1,1,0,0,0,0,Wet,13.19323,52.43368,bicycle + car + 
197079,Tempelhof-Schöneberg,7040405,Rathaus Tempelhof,July,8,Monday,minor,2,Stationary Traffic,Daylight,0,1,0,0,0,0,Dry,13.40979,52.45533,car + 
197080,Spandau,5010205,An der Tränke,July,6,Monday,minor,0,Stationary Traffic,Daylight,0,1,0,1,0,0,Dry,13.13341,52.55378,car + motorbike + 
197081,Mitte,1022204,Thomasiusstraße,July,9,Monday,minor,5,Other,Daylight,1,1,0,0,0,0,Dry,13.34911,52.5234,bicycle + car + 
197082,Mitte,1044201,Reinickendorfer Straße,July,12,Sunday,minor,2,Stationary Traffic,Daylight,0,1,0,0,0,0,Dry,13.37411,52.55684,car + 
197083,Mitte,1022206,Lüneburger Straße,July,18,Sunday,minor,0,Driving,Daylight,1,0,0,0,0,0,Dry,13.35722,52.52372,bicycle + 
197084,Pankow,3061228,Erich-Weinert-Straße,July,14,Sunday,minor,3,Stationary Traffic,Daylight,0,1,0,0,0,1,Dry,13.43669,52.545,car + other
197085,Friedrichshain-Kreuzberg,2030302,Lausitzer Platz,July,1,Sunday,minor,9,Driving,Night,0,1,0,0,0,0,Wet,13.44285,52.50101,car + 
197086,Mitte,1011402,Arkonaplatz,July,1,Sunday,minor,0,Driving,Night,1,0,0,0,0,0,Wet,13.40318,52.53198,bicycle + 
197087,Friedrichshain-Kreuzberg,2030301,Oranienplatz,July,21,Sunday,serious,0,Crossing,Dawn,0,1,0,1,0,0,Dry,13.42497,52.50205,car + motorbike + 
197088,Friedrichshain-Kreuzberg,2040702,Weberwiese,July,19,Sunday,minor,0,Other,Daylight,0,0,0,0,0,1,Dry,13.44608,52.51287,other
197089,Spandau,5020521,Döberitzer Weg,July,18,Sunday,minor,2,Stationary Traffic,Daylight,0,1,0,0,0,0,Dry,13.11938,52.52899,car + 
197090,Neukölln,8010118,Silbersteinstraße,July,17,Sunday,minor,6,Overtaking,Daylight,0,0,1,1,0,0,Dry,13.42907,52.47163,pedestrian + motorbike + 
197091,Marzahn-Hellersdorf,10040933,Mahlsdorf Süd,July,10,Sunday,minor,8,Driving,Daylight,0,1,0,0,0,0,Dry,13.60227,52.47909,car + 
197092,Mitte,1044203,Leopoldplatz,July,20,Sunday,minor,6,Overtaking,Dawn,1,0,1,0,0,0,Dry,13.35845,52.55401,bicycle + pedestrian + 
197093,Reinickendorf,12214424,Scharnweberstraße,July,13,Saturday,minor,0,Crossing,Daylight,0,1,0,1,0,0,Dry,13.32607,52.56182,car + motorbike + 
197094,Friedrichshain-Kreuzberg,2040703,Wriezener Bahnhof/Entwicklungsgebiet,July,15,Saturday,minor,0,Driving,Daylight,0,1,0,0,0,0,Wet,13.45016,52.50747,car + 
197095,Treptow-Köpenick,9010302,Späthsfelde,July,3,Saturday,serious,9,Driving,Dawn,0,0,0,1,0,0,Dry,13.46325,52.45453,motorbike + 
197096,Charlottenburg-Wilmersdorf,4030931,Breitscheidplatz,July,0,Saturday,minor,3,Stationary Traffic,Night,0,1,0,0,0,0,Dry,13.33094,52.50527,car + 
197097,Steglitz-Zehlendorf,6040810,Dahlem,July,18,Saturday,minor,3,Stationary Traffic,Daylight,1,1,0,0,0,0,Wet,13.28343,52.45192,bicycle + car + 
197098,Tempelhof-Schöneberg,7010104,Dennewitzplatz,July,23,Saturday,minor,6,Overtaking,Night,0,1,1,0,0,0,Wet,13.36283,52.49417,car + pedestrian + 
197099,Tempelhof-Schöneberg,7070704,Nahariyastraße,July,22,Saturday,serious,0,Turning,Night,0,1,0,1,0,0,Wet,13.41242,52.39439,car + motorbike + 
197100,Marzahn-Hellersdorf,10030724,Oberfeldstraße,July,21,Saturday,minor,5,Turning,Night,1,1,0,0,0,0,Wet,13.56299,52.51421,bicycle + car + 
197101,Neukölln,8010213,Körnerpark,July,21,Saturday,minor,6,Turning,Dawn,0,1,1,0,0,0,Wet,13.44054,52.47384,car + pedestrian + 
197102,Friedrichshain-Kreuzberg,2030301,Oranienplatz,July,19,Saturday,minor,5,Other,Daylight,0,1,0,1,0,0,Dry,13.41897,52.50372,car + motorbike + 
197103,Treptow-Köpenick,9020802,Köllnische Vorstadt,July,18,Saturday,serious,5,Other,Daylight,0,1,0,0,0,0,Dry,13.57041,52.44081,car + 
197104,Mitte,1011301,Charitéviertel,July,17,Saturday,minor,6,Turning,Daylight,0,1,1,0,0,0,Dry,13.38398,52.52983,car + pedestrian + 
197105,Steglitz-Zehlendorf,6010206,Stadtpark,July,16,Saturday,minor,2,Stationary Traffic,Daylight,1,1,0,0,0,0,Wet,13.34066,52.44568,bicycle + car + 
197106,Mitte,1033102,Gesundbrunnen,July,16,Saturday,minor,1,Paralle Traffic,Daylight,0,1,0,0,0,0,Wet,13.38562,52.55562,car + 
197107,Tempelhof-Schöneberg,7010104,Dennewitzplatz,July,15,Saturday,minor,0,Driving,Daylight,0,1,0,1,0,0,Wet,13.3639,52.48834,car + motorbike + 
197108,Mitte,1044101,Rehberge,July,14,Saturday,minor,5,Crossing,Daylight,1,1,0,0,0,0,Wet,13.33491,52.56005,bicycle + car + 
197109,Reinickendorf,12224230,Heiligensee,July,14,Saturday,minor,2,Stationary Traffic,Daylight,0,1,0,0,0,0,Dry,13.21732,52.6114,car + 
197110,Steglitz-Zehlendorf,6040701,Wannsee,July,14,Saturday,minor,6,Overtaking,Daylight,0,1,1,0,0,0,Dry,13.14498,52.41489,car + pedestrian + 
197111,Spandau,5010207,Darbystraße,July,13,Saturday,minor,5,Turning,Daylight,0,1,0,1,0,0,Dry,13.18292,52.54787,car + motorbike + 
197112,Spandau,5010103,Amorbacher Weg,July,13,Saturday,minor,5,Crossing,Daylight,0,1,0,0,0,0,Dry,13.18863,52.55645,car + 
197113,Lichtenberg,11030721,Rüdigerstraße,July,13,Saturday,minor,0,Driving,Daylight,1,0,0,0,0,0,Dry,13.47588,52.52036,bicycle + 
197114,Tempelhof-Schöneberg,7010104,Dennewitzplatz,July,12,Saturday,minor,5,Turning,Daylight,1,1,0,0,0,0,Dry,13.36286,52.48891,bicycle + car + 
197115,Neukölln,8010404,Rixdorf,July,12,Saturday,minor,5,Turning,Daylight,0,1,0,0,0,0,Dry,13.45013,52.47669,car + 
197116,Charlottenburg-Wilmersdorf,4051654,Wilhelmsaue,July,11,Saturday,minor,2,Crossing,Daylight,0,1,0,0,0,0,Dry,13.32095,52.48399,car + 
197117,Steglitz-Zehlendorf,6040810,Dahlem,July,8,Saturday,minor,0,Turning,Daylight,1,1,0,0,0,0,Dry,13.28336,52.45885,bicycle + car + 
197118,Mitte,1022106,Elberfelder Straße,July,7,Saturday,minor,6,Turning,Daylight,0,1,1,0,0,0,Dry,13.34301,52.52551,car + pedestrian + 
197119,Charlottenburg-Wilmersdorf,4030930,George-Grosz-Platz,July,10,Saturday,minor,3,Stationary Traffic,Daylight,1,1,0,0,0,0,Dry,13.32044,52.50168,bicycle + car + 
197120,Treptow-Köpenick,9010401,Johannisthal West,July,12,Saturday,minor,2,Stationary Traffic,Daylight,0,1,0,0,0,1,Dry,13.50825,52.45076,car + other
197121,Marzahn-Hellersdorf,10040933,Mahlsdorf Süd,July,8,Friday,serious,5,Crossing,Daylight,1,1,0,0,0,0,Wet,13.60219,52.4833,bicycle + car + 
197122,Charlottenburg-Wilmersdorf,4030931,Breitscheidplatz,July,14,Friday,minor,1,Paralle Traffic,Daylight,0,1,0,0,0,0,Dry,13.33102,52.50165,car + 
197123,Marzahn-Hellersdorf,10030727,Biesdorf Süd,July,10,Friday,minor,5,Crossing,Daylight,0,1,0,0,0,0,Wet,13.5596,52.49931,car + 
197124,Tempelhof-Schöneberg,7020202,Volkspark (Rudolf-Wilde-Park),July,11,Friday,minor,6,Other,Daylight,0,1,1,0,0,0,Dry,13.34357,52.47998,car + pedestrian + 
197125,Neukölln,8010211,Flughafenstraße,July,21,Friday,minor,0,Paralle Traffic,Night,0,1,0,0,0,0,Dry,13.43337,52.48084,car + 
197126,Pankow,3061126,Arnimplatz,July,17,Friday,minor,5,Turning,Daylight,1,1,0,0,0,0,Dry,13.40861,52.55395,bicycle + car + 
197127,Mitte,1022206,Lüneburger Straße,July,17,Friday,minor,3,Stationary Traffic,Daylight,1,0,0,0,0,1,Wet,13.36603,52.52509,bicycle + other
197128,Steglitz-Zehlendorf,6030503,Zehlendorf Mitte,July,17,Friday,minor,5,Turning,Daylight,1,1,0,0,0,0,Dry,13.25617,52.42881,bicycle + car + 
197129,Marzahn-Hellersdorf,10010310,Alt-Marzahn,July,17,Wednesday,minor,2,Turning,Daylight,0,1,0,0,0,0,Dry,13.57134,52.54592,car + 
197130,Charlottenburg-Wilmersdorf,4051655,Babelsberger Straße,July,8,Wednesday,minor,5,Crossing,Daylight,1,0,0,0,0,1,Dry,13.32881,52.47885,bicycle + other
197131,Spandau,5010204,Griesingerstraße,July,15,Friday,minor,5,Turning,Daylight,1,1,0,0,0,0,Wet,13.1538,52.55399,bicycle + car + 
197132,Steglitz-Zehlendorf,6030609,Augustaplatz,July,14,Friday,minor,2,Stationary Traffic,Daylight,0,1,0,0,0,0,Dry,13.31163,52.43355,car + 
197133,Pankow,3010102,Buch,July,14,Friday,serious,5,Crossing,Daylight,0,1,0,1,0,0,Wet,13.50308,52.63657,car + motorbike + 
197134,Mitte,1033102,Gesundbrunnen,July,14,Friday,minor,2,Stationary Traffic,Daylight,0,1,0,0,0,0,Wet,13.38561,52.55015,car + 
197135,Reinickendorf,12214125,Waldidyll/Flughafensee,July,14,Friday,minor,2,Turning,Daylight,0,1,0,0,0,1,Wet,13.28433,52.57564,car + other
197136,Reinickendorf,12302107,Schorfheidestraße,July,13,Friday,minor,2,Stationary Traffic,Daylight,0,1,0,0,0,0,Wet,13.33926,52.59652,car + 
197137,Mitte,1022106,Elberfelder Straße,July,12,Friday,minor,2,Stationary Traffic,Daylight,0,1,0,0,0,0,Wet,13.34141,52.52554,car + 
197138,Friedrichshain-Kreuzberg,2040703,Wriezener Bahnhof/Entwicklungsgebiet,July,12,Friday,minor,6,Other,Daylight,1,0,0,0,0,1,Wet,13.44644,52.50238,bicycle + other
197139,Marzahn-Hellersdorf,10010311,Landsberger Tor,July,16,Friday,minor,2,Stationary Traffic,Daylight,0,1,0,0,0,0,Dry,13.58329,52.54908,car + 
197140,Marzahn-Hellersdorf,10010308,Marzahner Chaussee,July,12,Friday,minor,5,Crossing,Daylight,0,1,0,0,0,1,Wet,13.51907,52.53274,car + other
197141,Marzahn-Hellersdorf,10020412,Alte Hellersdorfer Straße,July,12,Friday,minor,5,Crossing,Daylight,1,1,0,0,0,0,Wet,13.59287,52.54835,bicycle + car + 
197142,Tempelhof-Schöneberg,7060604,Marienfelde Süd,July,11,Friday,minor,5,Turning,Daylight,0,1,0,0,0,0,Dry,13.35024,52.41429,car + 
197143,Reinickendorf,12301203,Wittenau Süd,July,10,Friday,serious,5,Crossing,Daylight,0,1,0,0,0,0,Wet,13.33998,52.58817,car + 
197144,Tempelhof-Schöneberg,7010104,Dennewitzplatz,July,10,Friday,minor,0,Driving,Daylight,1,0,0,0,0,0,Wet,13.36727,52.49343,bicycle + 
197145,Lichtenberg,11040926,Weitlingstraße,July,12,Friday,minor,1,Paralle Traffic,Daylight,1,1,0,0,0,0,Wet,13.47876,52.50183,bicycle + car + 
197146,Reinickendorf,12304314,Ziekowstraße/Freie Scholle,July,10,Friday,minor,8,Driving,Daylight,0,1,0,0,0,0,Wet,13.28482,52.59587,car + 
197147,Pankow,3040614,Pankow Zentrum,July,16,Friday,minor,2,Stationary Traffic,Daylight,0,1,0,0,0,0,Wet,13.41758,52.57239,car + 
197148,Charlottenburg-Wilmersdorf,4030623,Ernst-Reuter-Platz,July,15,Friday,minor,5,Other,Daylight,0,1,0,0,0,0,Wet,13.32783,52.50552,car + 
197149,Mitte,1011101,Stülerstraße,July,10,Friday,minor,0,Driving,Daylight,0,0,0,1,0,0,Wet,13.35228,52.50566,motorbike + 
197150,Pankow,3010102,Buch,July,10,Friday,minor,0,Crossing,Daylight,0,1,0,1,0,0,Wet,13.49807,52.62828,car + motorbike + 
197151,Tempelhof-Schöneberg,7030301,Friedenau,July,9,Friday,minor,1,Paralle Traffic,Daylight,1,1,0,0,0,0,Wet,13.33276,52.47685,bicycle + car + 
197152,Charlottenburg-Wilmersdorf,4051549,Rathaus Wilmersdorf,July,9,Friday,minor,2,Stationary Traffic,Daylight,0,1,0,0,0,1,Wet,13.32017,52.48429,car + other
197153,Spandau,5010103,Amorbacher Weg,July,8,Friday,minor,2,Stationary Traffic,Daylight,0,1,0,0,0,0,Wet,13.20037,52.55541,car + 
197154,Mitte,1011204,Leipziger Straße,July,9,Friday,minor,0,Other,Daylight,1,1,0,0,0,0,Dry,13.3999,52.51298,bicycle + car + 
197155,Tempelhof-Schöneberg,7050504,Imbrosweg,July,8,Friday,serious,9,Driving,Daylight,0,1,0,0,0,0,Wet,13.41634,52.45161,car + 
197156,Charlottenburg-Wilmersdorf,4031032,Halensee,July,8,Friday,minor,0,Driving,Daylight,0,0,0,1,0,0,Wet,13.29672,52.49754,motorbike + 
197157,Tempelhof-Schöneberg,7040404,Marienhöhe,July,8,Friday,minor,5,Turning,Daylight,0,1,0,0,0,1,Wet,13.36681,52.44967,car + other
197158,Mitte,1011105,Nördlicher Landwehrkanal,July,7,Friday,minor,2,Stationary Traffic,Daylight,0,1,0,0,1,0,Wet,13.36165,52.50552,car + truck + 
197159,Marzahn-Hellersdorf,10020413,Gut Hellersdorf,July,7,Friday,minor,5,Crossing,Daylight,0,1,0,0,0,0,Wet,13.59162,52.54147,car + 