id,district,lor,street,month,hour,weekday,injury,collision,movement,light_conditions,bicycle,car,pedestrian,motorbike,truck,other_vehicle,road_conditions,longitude,latitude,Combo_type
197160,Reinickendorf,12304314,Ziekowstraße/Freie Scholle,July,7,Friday,minor,2,Stationary Traffic,Daylight,0,1,0,0,0,0,Wet,13.28474,52.59597,car + 
197161,Mitte,1011401,Invalidenstraße,July,6,Friday,serious,5,Turning,Daylight,0,1,0,1,0,0,Wet,13.39891,52.53262,car + motorbike + 
197162,Spandau,5020626,Adamstraße,July,6,Friday,minor,5,Crossing,Daylight,0,1,0,0,0,0,Wet,13.19795,52.51946,car + 
197163,Friedrichshain-Kreuzberg,2020204,Urbanstraße,July,1,Friday,minor,0,Crossing,Night,1,1,0,0,0,0,Dry,13.39642,52.49103,bicycle + car + 
197164,Charlottenburg-Wilmersdorf,4030827,Karl-August-Platz,July,16,Friday,minor,2,Other,Daylight,1,1,0,0,0,0,Dry,13.31391,52.50652,bicycle + car + 
197165,Friedrichshain-Kreuzberg,2020202,Rathaus Yorckstraße,July,9,Thursday,minor,5,Turning,Daylight,1,0,0,0,0,0,Dry,13.38568,52.49659,bicycle + 
197166,Friedrichshain-Kreuzberg,2040702,Weberwiese,July,14,Thursday,minor,6,Other,Daylight,0,0,1,0,0,1,Dry,13.45174,52.51259,pedestrian + other
197167,Friedrichshain-Kreuzberg,2040701,Andreasviertel,July,14,Thursday,minor,6,Overtaking,Daylight,1,0,1,0,0,0,Dry,13.43093,52.50986,bicycle + pedestrian + 
197168,Spandau,5020625,Borkumer Straße,July,14,Thursday,minor,5,Crossing,Daylight,0,1,0,1,0,0,Dry,13.19861,52.53335,car + motorbike + 
197169,Pankow,3040614,Pankow Zentrum,July,14,Thursday,minor,2,Stationary Traffic,Daylight,0,1,0,0,0,0,Dry,13.43029,52.58885,car + 
197170,Tempelhof-Schöneberg,7040403,Manteuffelstraße,July,22,Thursday,minor,5,Turning,Night,1,1,0,0,0,0,Wet,13.38544,52.4661,bicycle + car + 
197171,Mitte,1033203,Humboldthain Nordwest,July,13,Thursday,minor,6,Overtaking,Daylight,1,0,1,0,0,0,Dry,13.37456,52.54234,bicycle + pedestrian + 
197172,Charlottenburg-Wilmersdorf,4030415,Schloßgarten,July,19,Thursday,serious,0,Other,Daylight,1,0,0,0,0,0,Dry,13.28925,52.51896,bicycle + 
197173,Mitte,1011201,Wilhelmstraße,July,13,Thursday,minor,6,Stationary Traffic,Daylight,1,0,1,0,0,0,Dry,13.38328,52.51141,bicycle + pedestrian + 
197174,Friedrichshain-Kreuzberg,2050803,Stralauer Kiez,July,20,Thursday,minor,2,Stationary Traffic,Daylight,0,1,0,1,0,0,Dry,13.46517,52.49818,car + motorbike + 
197175,Mitte,1033102,Gesundbrunnen,July,19,Thursday,minor,6,Overtaking,Daylight,0,1,1,0,0,0,Dry,13.38652,52.54961,car + pedestrian + 
197176,Friedrichshain-Kreuzberg,2050601,Hausburgviertel,July,13,Thursday,minor,2,Other,Daylight,0,1,0,1,0,0,Dry,13.45132,52.52609,car + motorbike + 
197177,Friedrichshain-Kreuzberg,2030302,Lausitzer Platz,July,20,Thursday,minor,5,Crossing,Daylight,1,0,0,0,0,0,Dry,13.43442,52.50414,bicycle + 
197178,Marzahn-Hellersdorf,10010310,Alt-Marzahn,July,12,Thursday,minor,0,Crossing,Daylight,0,1,0,1,0,0,Dry,13.5658,52.54485,car + motorbike + 
197179,Charlottenburg-Wilmersdorf,7030301,Friedenau,July,12,Thursday,serious,5,Crossing,Daylight,0,1,0,0,0,0,Dry,13.32042,52.47676,car + 
197180,Spandau,5020625,Borkumer Straße,July,11,Thursday,minor,5,Turning,Daylight,0,1,0,1,0,0,Dry,13.19261,52.5309,car + motorbike + 
197181,Friedrichshain-Kreuzberg,2050602,Samariterviertel,July,10,Thursday,minor,5,Turning,Daylight,1,1,0,0,0,0,Dry,13.46286,52.51503,bicycle + car + 
197182,Treptow-Köpenick,9010202,Köpenicker Landstraße,July,9,Thursday,serious,2,Stationary Traffic,Daylight,0,1,0,0,0,0,Dry,13.48219,52.4815,car + 
197183,Mitte,1022202,Heidestraße,July,9,Thursday,minor,5,Turning,Daylight,0,1,0,0,0,0,Dry,13.36028,52.5373,car + 
197184,Neukölln,8010301,Reuterkiez,July,17,Thursday,serious,1,Paralle Traffic,Daylight,1,1,0,0,0,0,Dry,13.43259,52.48851,bicycle + car + 
197185,Tempelhof-Schöneberg,7020201,Bayerischer Platz,July,8,Thursday,minor,5,Turning,Daylight,1,1,0,0,0,0,Dry,13.34519,52.4903,bicycle + car + 
197186,Friedrichshain-Kreuzberg,2010101,Askanischer Platz,July,8,Thursday,minor,6,Turning,Daylight,0,1,1,0,0,0,Dry,13.38885,52.49947,car + pedestrian + 
197187,Treptow-Köpenick,9010202,Köpenicker Landstraße,July,9,Thursday,minor,5,Turning,Daylight,1,1,0,0,0,0,Dry,13.47535,52.47581,bicycle + car + 
197188,Neukölln,8010212,Rollberg,July,23,Thursday,minor,9,Driving,Night,0,1,0,0,0,0,Wet,13.43479,52.47863,car + 
197189,Reinickendorf,12304314,Ziekowstraße/Freie Scholle,July,23,Thursday,minor,0,Driving,Night,1,0,0,0,0,0,Dry,13.29446,52.60092,bicycle + 
197190,Neukölln,8010117,Schillerpromenade,July,22,Thursday,minor,1,Paralle Traffic,Night,1,1,0,0,0,0,Wet,13.42797,52.47373,bicycle + car + 
197191,Tempelhof-Schöneberg,7050503,Eisenacher Straße,July,17,Thursday,minor,6,Other,Daylight,0,1,1,0,0,0,Dry,13.3865,52.44561,car + pedestrian + 
197192,Lichtenberg,11040926,Weitlingstraße,July,14,Thursday,minor,0,Driving,Daylight,0,0,0,1,0,0,Dry,13.50027,52.51064,motorbike + 
197193,Spandau,5010339,Freiheit,July,21,Wednesday,minor,1,Paralle Traffic,Dawn,0,1,0,0,1,0,Dry,13.23822,52.52676,car + truck + 
197194,Tempelhof-Schöneberg,7040406,Germaniagarten,July,21,Wednesday,serious,5,Crossing,Dawn,1,0,0,0,0,1,Dry,13.42191,52.46245,bicycle + other
197195,Friedrichshain-Kreuzberg,2020204,Urbanstraße,July,21,Wednesday,minor,5,Crossing,Dawn,1,1,0,0,0,0,Wet,13.39962,52.49438,bicycle + car + 
197196,Mitte,1011401,Invalidenstraße,July,21,Wednesday,minor,0,Driving,Night,0,0,0,1,0,0,Wet,13.38619,52.53136,motorbike + 
197197,Mitte,1011201,Wilhelmstraße,July,21,Wednesday,minor,5,Crossing,Night,1,1,0,0,0,0,Wet,13.39022,52.50768,bicycle + car + 
197198,Charlottenburg-Wilmersdorf,4030930,George-Grosz-Platz,July,20,Wednesday,minor,3,Stationary Traffic,Daylight,1,1,0,0,0,0,Dry,13.32419,52.50225,bicycle + car + 
197199,Spandau,5020420,Werkstraße,July,20,Wednesday,serious,9,Driving,Daylight,0,0,0,1,0,0,Dry,13.1259,52.53556,motorbike + 
197200,Mitte,1011202,Unter den Linden Nord,July,20,Wednesday,minor,5,Turning,Daylight,1,1,0,0,0,0,Dry,13.39074,52.517,bicycle + car + 
197201,Lichtenberg,11030619,Fennpfuhl Ost,July,19,Wednesday,minor,5,Crossing,Daylight,0,1,0,0,0,0,Dry,13.48533,52.52674,car + 
197202,Friedrichshain-Kreuzberg,2020204,Urbanstraße,July,19,Wednesday,minor,0,Turning,Daylight,0,1,0,1,0,0,Dry,13.40396,52.49537,car + motorbike + 
197203,Marzahn-Hellersdorf,10010308,Marzahner Chaussee,July,18,Wednesday,minor,5,Other,Daylight,0,1,0,0,0,0,Dry,13.51975,52.52586,car + 
197204,Steglitz-Zehlendorf,6010103,Markelstraße,July,18,Wednesday,minor,0,Stationary Traffic,Daylight,1,0,0,0,0,1,Dry,13.32542,52.46187,bicycle + other
197205,Neukölln,8010404,Rixdorf,July,17,Wednesday,minor,5,Turning,Daylight,1,1,0,0,0,0,Dry,13.4481,52.47779,bicycle + car + 
197206,Mitte,1011201,Wilhelmstraße,July,17,Wednesday,minor,5,Turning,Daylight,1,1,0,0,0,0,Dry,13.382,52.51394,bicycle + car + 
197207,Marzahn-Hellersdorf,10030724,Oberfeldstraße,July,15,Wednesday,minor,5,Turning,Daylight,0,1,0,0,0,0,Dry,13.56396,52.51884,car + 
197208,Pankow,3061430,Volkspark Prenzlauer Berg,July,14,Wednesday,minor,5,Crossing,Daylight,1,0,0,0,0,1,Dry,13.45794,52.52882,bicycle + other
197209,Mitte,1033203,Humboldthain Nordwest,July,14,Wednesday,minor,2,Other,Daylight,1,1,0,0,0,0,Dry,13.37417,52.54365,bicycle + car + 
197210,Reinickendorf,12214125,Waldidyll/Flughafensee,July,13,Wednesday,minor,3,Stationary Traffic,Daylight,0,1,0,0,0,0,Dry,13.30495,52.55285,car + 
197211,Reinickendorf,12224230,Heiligensee,July,13,Wednesday,minor,1,Paralle Traffic,Daylight,0,1,0,0,0,0,Dry,13.23637,52.61175,car + 
197212,Neukölln,8010117,Schillerpromenade,July,11,Wednesday,minor,2,Stationary Traffic,Daylight,0,1,0,0,1,0,Dry,13.42736,52.47486,car + truck + 
197213,Treptow-Köpenick,9020602,Oberspree,July,10,Wednesday,serious,6,Overtaking,Daylight,0,1,1,0,0,0,Dry,13.53954,52.45082,car + pedestrian + 
197214,Pankow,3040818,Pankow Süd,July,7,Wednesday,minor,1,Paralle Traffic,Daylight,0,1,0,0,0,1,Dry,13.42086,52.56597,car + other
197215,Pankow,3030715,Heinersdorf,July,10,Wednesday,minor,2,Stationary Traffic,Daylight,0,1,0,0,0,0,Dry,13.4447,52.57928,car + 
197216,Pankow,3061126,Arnimplatz,July,9,Wednesday,minor,3,Stationary Traffic,Daylight,0,1,0,1,0,0,Dry,13.41361,52.55394,car + motorbike + 
197217,Mitte,1011301,Charitéviertel,July,10,Wednesday,minor,5,Crossing,Daylight,0,1,0,1,0,0,Dry,13.37863,52.52857,car + motorbike + 
197218,Neukölln,8010301,Reuterkiez,July,3,Saturday,minor,2,Stationary Traffic,Night,1,1,0,0,0,0,Dry,13.43951,52.48208,bicycle + car + 
197219,Friedrichshain-Kreuzberg,2020204,Urbanstraße,July,3,Saturday,serious,0,Driving,Night,0,0,0,1,0,0,Dry,13.39237,52.49213,motorbike + 
197220,Spandau,5030833,Motardstraße,July,2,Saturday,serious,0,Driving,Night,0,1,0,0,0,0,Dry,13.26646,52.53371,car + 
197221,Mitte,1011101,Stülerstraße,July,22,Friday,serious,5,Crossing,Night,1,0,0,0,0,0,Dry,13.34459,52.50646,bicycle + 
197222,Charlottenburg-Wilmersdorf,4030621,Spreestadt,July,14,Saturday,minor,5,Turning,Daylight,1,1,0,0,0,0,Dry,13.32657,52.5194,bicycle + car + 
197223,Charlottenburg-Wilmersdorf,4030827,Karl-August-Platz,July,14,Saturday,serious,3,Stationary Traffic,Daylight,1,1,0,0,0,0,Dry,13.30328,52.50986,bicycle + car + 
197224,Mitte,1022201,Stephankiez,July,13,Saturday,minor,0,Turning,Daylight,0,1,0,1,0,0,Dry,13.35638,52.53589,car + motorbike + 
197225,Treptow-Köpenick,9010101,Elsenstraße,July,22,Saturday,minor,6,Overtaking,Night,1,0,1,0,0,0,Dry,13.44179,52.49099,bicycle + pedestrian + 
197226,Mitte,1011203,Unter den Linden Süd,July,13,Saturday,serious,0,Other,Daylight,0,1,1,0,0,1,Dry,13.39048,52.51216,car + pedestrian + other
197227,Mitte,1022104,Emdener Straße,July,12,Saturday,serious,2,Turning,Daylight,1,1,0,0,0,0,Dry,13.3432,52.53194,bicycle + car + 
197228,Friedrichshain-Kreuzberg,2040701,Andreasviertel,July,21,Saturday,minor,5,Turning,Dawn,1,1,0,0,0,0,Dry,13.43017,52.51014,bicycle + car + 
197229,Spandau,5020626,Adamstraße,July,12,Saturday,serious,5,Turning,Daylight,0,1,0,0,0,0,Dry,13.18883,52.5217,car + 
197230,Reinickendorf,12231101,Hermsdorf,July,12,Saturday,minor,5,Turning,Daylight,1,1,0,0,0,0,Dry,13.31621,52.61387,bicycle + car + 
197231,Steglitz-Zehlendorf,6040703,Nikolassee,July,12,Saturday,minor,5,Turning,Daylight,1,1,0,0,0,0,Dry,13.23725,52.46928,bicycle + car + 
197232,Reinickendorf,12103220,Humboldtstraße,July,12,Saturday,minor,4,Paralle Traffic,Daylight,0,1,0,0,0,1,Dry,13.34358,52.57363,car + other
197233,Marzahn-Hellersdorf,10030724,Oberfeldstraße,July,19,Saturday,minor,3,Stationary Traffic,Daylight,0,1,0,1,0,0,Dry,13.56402,52.51887,car + motorbike + 
197234,Neukölln,8030831,Gropiusstadt Ost,July,11,Saturday,minor,0,Driving,Daylight,0,0,0,1,0,0,Dry,13.47668,52.42564,motorbike + 
197235,Mitte,1011401,Invalidenstraße,July,11,Saturday,minor,1,Paralle Traffic,Daylight,1,0,0,0,0,1,Dry,13.39063,52.53184,bicycle + other
197236,Pankow,3050923,Weißenseer Spitze,July,11,Saturday,minor,5,Turning,Daylight,0,1,0,0,0,0,Dry,13.4292,52.55636,car + 
197237,Treptow-Köpenick,9010202,Köpenicker Landstraße,July,11,Saturday,minor,5,Crossing,Daylight,0,1,0,0,0,0,Dry,13.48397,52.47416,car + 
197238,Mitte,1011101,Stülerstraße,July,11,Saturday,serious,5,Crossing,Daylight,1,1,0,0,0,0,Dry,13.34579,52.50396,bicycle + car + 
197239,Lichtenberg,11051332,Karlshorst Süd,July,10,Saturday,minor,5,Crossing,Daylight,1,0,0,0,0,1,Dry,13.5247,52.47859,bicycle + other
197240,Treptow-Köpenick,9020701,Adlershof West,July,8,Saturday,minor,0,Stationary Traffic,Daylight,0,0,0,1,0,1,Dry,13.5454,52.42581,motorbike + other
197241,Friedrichshain-Kreuzberg,2040701,Andreasviertel,July,4,Saturday,minor,5,Crossing,Dawn,0,1,0,0,0,0,Dry,13.42642,52.51586,car + 
197242,Charlottenburg-Wilmersdorf,4020310,Park Ruhwald,July,7,Friday,minor,3,Stationary Traffic,Daylight,1,0,0,0,0,1,Dry,13.27912,52.52523,bicycle + other
197243,Treptow-Köpenick,9010401,Johannisthal West,July,6,Friday,minor,3,Stationary Traffic,Daylight,1,0,0,0,0,1,Dry,13.5089,52.4525,bicycle + other
197244,Lichtenberg,11010310,Mühlengrund,July,16,Friday,minor,5,Turning,Daylight,1,1,0,0,0,0,Dry,13.50764,52.5643,bicycle + car + 
197245,Pankow,3020209,Niederschönhausen,July,16,Friday,minor,5,Crossing,Daylight,1,1,0,0,0,0,Dry,13.39022,52.58518,bicycle + car + 
197246,Steglitz-Zehlendorf,6010206,Stadtpark,July,15,Friday,minor,2,Stationary Traffic,Daylight,0,1,0,1,0,0,Dry,13.33316,52.45239,car + motorbike + 
197247,Lichtenberg,11051331,Karlshorst Nord,July,15,Friday,serious,0,Driving,Daylight,0,0,0,0,0,1,Dry,13.53351,52.48173,other
197248,Steglitz-Zehlendorf,6030503,Zehlendorf Mitte,July,15,Friday,serious,5,Other,Daylight,0,0,0,1,0,1,Dry,13.26009,52.43429,motorbike + other
197249,Friedrichshain-Kreuzberg,2030401,Reichenberger Straße,July,15,Friday,serious,5,Crossing,Daylight,1,0,0,0,0,1,Dry,13.43689,52.49571,bicycle + other
197250,Tempelhof-Schöneberg,7010102,Nollendorfplatz,July,13,Friday,minor,2,Stationary Traffic,Daylight,0,1,0,0,0,1,Dry,13.34879,52.50209,car + other
197251,Pankow,3051017,Rennbahnstraße,July,13,Friday,minor,5,Crossing,Daylight,0,1,0,0,0,0,Dry,13.47699,52.56322,car + 
197252,Charlottenburg-Wilmersdorf,4010102,Plötzensee,July,13,Friday,minor,2,Stationary Traffic,Daylight,0,1,0,1,0,0,Dry,13.3261,52.53872,car + motorbike + 
197253,Treptow-Köpenick,9010401,Johannisthal West,July,13,Friday,minor,5,Turning,Daylight,1,1,0,0,0,0,Dry,13.50623,52.45387,bicycle + car + 
197254,Neukölln,8020625,Handwerker-Siedlung,July,12,Friday,serious,2,Stationary Traffic,Daylight,0,1,0,0,0,0,Dry,13.43492,52.44018,car + 
197255,Friedrichshain-Kreuzberg,2020205,Chamissokiez,July,12,Friday,minor,0,Other,Daylight,1,0,0,0,0,0,Dry,13.40776,52.48835,bicycle + 
197256,Charlottenburg-Wilmersdorf,4030724,Lietzensee,July,11,Friday,minor,6,Other,Daylight,0,1,1,0,0,0,Dry,13.28627,52.50982,car + pedestrian + 
197257,Tempelhof-Schöneberg,7070701,Kettinger Straße/Schillerstraße,July,11,Friday,minor,3,Stationary Traffic,Daylight,0,1,0,1,0,0,Dry,13.39892,52.41397,car + motorbike + 
197258,Friedrichshain-Kreuzberg,2030302,Lausitzer Platz,July,10,Friday,minor,5,Turning,Daylight,1,0,0,0,1,0,Dry,13.43018,52.50652,bicycle + truck + 
197259,Pankow,3061430,Volkspark Prenzlauer Berg,July,22,Friday,minor,5,Crossing,Night,1,1,0,0,0,0,Dry,13.456,52.53087,bicycle + car + 
197260,Tempelhof-Schöneberg,7040403,Manteuffelstraße,July,21,Friday,minor,5,Turning,Night,0,1,0,0,0,0,Dry,13.3721,52.4698,car + 
197261,Treptow-Köpenick,9010101,Elsenstraße,July,21,Friday,serious,5,Crossing,Dawn,1,1,0,0,0,0,Dry,13.45423,52.49393,bicycle + car + 
197262,Friedrichshain-Kreuzberg,2040701,Andreasviertel,July,20,Friday,minor,5,Crossing,Daylight,1,1,0,0,0,0,Dry,13.43014,52.51016,bicycle + car + 
197263,Tempelhof-Schöneberg,7040401,Neu-Tempelhof,July,19,Friday,minor,5,Turning,Daylight,0,1,0,0,0,0,Dry,13.38559,52.47156,car + 
197264,Charlottenburg-Wilmersdorf,4030929,Hindemithplatz,July,1,Friday,minor,5,Crossing,Night,0,1,0,0,0,0,Dry,13.31116,52.5005,car + 
197265,Neukölln,8030829,Gropiusstadt Nord,July,19,Friday,minor,5,Other,Daylight,1,1,0,0,0,0,Dry,13.45418,52.42973,bicycle + car + 
197266,Lichtenberg,11051331,Karlshorst Nord,July,10,Friday,minor,6,Overtaking,Daylight,0,1,1,0,0,0,Dry,13.52556,52.482,car + pedestrian + 
197267,Spandau,5020625,Borkumer Straße,July,9,Friday,minor,0,Stationary Traffic,Daylight,0,0,0,0,0,1,Dry,13.19653,52.53066,other
197268,Lichtenberg,11030619,Fennpfuhl Ost,July,9,Friday,minor,5,Turning,Daylight,1,1,0,0,0,0,Dry,13.485,52.53344,bicycle + car + 
197269,Mitte,1011301,Charitéviertel,July,9,Friday,minor,5,Crossing,Daylight,0,1,0,0,0,1,Dry,13.3878,52.52249,car + other
197270,Mitte,1044202,Sparrplatz,July,8,Friday,serious,5,Crossing,Daylight,1,1,0,0,0,0,Dry,13.35685,52.54233,bicycle + car + 
197271,Tempelhof-Schöneberg,7030301,Friedenau,July,8,Friday,minor,4,Stationary Traffic,Daylight,1,1,0,0,0,0,Dry,13.33025,52.4692,bicycle + car + 
197272,Lichtenberg,11040926,Weitlingstraße,July,7,Friday,minor,5,Crossing,Daylight,1,1,0,0,0,0,Dry,13.49709,52.50081,bicycle + car + 
197273,Treptow-Köpenick,9052001,Köpenick Nord,July,6,Friday,minor,1,Driving,Daylight,0,1,0,0,0,0,Dry,13.57713,52.46195,car + 
197274,Friedrichshain-Kreuzberg,2050803,Stralauer Kiez,July,6,Friday,minor,5,Turning,Daylight,1,1,0,0,0,0,Dry,13.4663,52.50048,bicycle + car + 
197275,Mitte,1011202,Unter den Linden Nord,July,15,Friday,minor,3,Stationary Traffic,Daylight,0,1,0,0,0,1,Dry,13.3858,52.51681,car + other
197276,Neukölln,8020727,Buckow Mitte,July,11,Thursday,minor,0,Crossing,Daylight,1,1,0,0,0,0,Dry,13.42715,52.4213,bicycle + car + 
197277,Neukölln,8010508,Weiße Siedlung,July,21,Thursday,serious,9,Driving,Night,0,0,0,1,0,0,Dry,13.4637,52.46987,motorbike + 
197278,Mitte,1011303,Alexanderplatzviertel,July,21,Thursday,minor,6,Overtaking,Daylight,1,0,1,0,0,0,Dry,13.40794,52.51876,bicycle + pedestrian + 
197279,Mitte,1044203,Leopoldplatz,July,20,Thursday,minor,5,Turning,Daylight,0,1,0,0,0,1,Dry,13.3588,52.55403,car + other
197280,Charlottenburg-Wilmersdorf,4030931,Breitscheidplatz,July,19,Thursday,minor,5,Crossing,Daylight,1,1,0,0,0,0,Dry,13.33144,52.50302,bicycle + car + 
197281,Steglitz-Zehlendorf,6040804,Krumme Lanke,July,18,Thursday,minor,5,Crossing,Daylight,0,1,0,1,0,0,Dry,13.23384,52.43863,car + motorbike + 
197282,Neukölln,8020727,Buckow Mitte,July,18,Thursday,minor,5,Turning,Daylight,0,1,0,0,0,0,Dry,13.42585,52.41363,car + 
197283,Lichtenberg,11020513,Orankesee,July,16,Thursday,minor,0,Other,Daylight,0,1,0,0,0,1,Dry,13.46894,52.54328,car + other
197284,Friedrichshain-Kreuzberg,2020206,Graefekiez,July,15,Thursday,minor,5,Turning,Daylight,1,0,0,0,0,1,Dry,13.41627,52.49102,bicycle + other
197285,Mitte,1011201,Wilhelmstraße,July,18,Thursday,minor,5,Crossing,Daylight,1,1,0,0,0,0,Dry,13.39035,52.50774,bicycle + car + 
197286,Friedrichshain-Kreuzberg,2040701,Andreasviertel,July,15,Thursday,minor,2,Stationary Traffic,Daylight,0,1,0,0,0,0,Dry,13.42809,52.51784,car + 
197287,Mitte,1022106,Elberfelder Straße,July,17,Thursday,minor,5,Other,Daylight,1,0,0,0,0,1,Dry,13.33002,52.52379,bicycle + other
197288,Mitte,1044201,Reinickendorfer Straße,July,15,Thursday,minor,5,Turning,Daylight,0,1,0,1,0,0,Dry,13.36914,52.54841,car + motorbike + 
197289,Mitte,1011203,Unter den Linden Süd,July,17,Thursday,minor,5,Other,Daylight,1,1,0,0,0,0,Dry,13.3895,52.51281,bicycle + car + 
197290,Mitte,1044201,Reinickendorfer Straße,July,15,Thursday,minor,6,Other,Daylight,0,1,1,0,0,0,Dry,13.37985,52.55277,car + pedestrian + 
197291,Charlottenburg-Wilmersdorf,4051653,Prager Platz,July,15,Thursday,minor,6,Crossing,Daylight,0,1,1,0,0,0,Dry,13.3318,52.49316,car + pedestrian + 
197292,Neukölln,8010301,Reuterkiez,July,17,Thursday,minor,5,Crossing,Daylight,1,0,0,0,0,0,Dry,13.44196,52.4859,bicycle + 
197293,Neukölln,8020622,Parchimer Allee,July,14,Thursday,minor,1,Paralle Traffic,Daylight,0,1,0,0,0,1,Dry,13.43495,52.44714,car + other
197294,Tempelhof-Schöneberg,7030303,Grazer Platz,July,16,Thursday,serious,5,Crossing,Daylight,1,1,0,0,0,0,Dry,13.34725,52.4705,bicycle + car + 
197295,Reinickendorf,12302212,Rollbergesiedlung,July,14,Thursday,minor,0,Paralle Traffic,Daylight,0,1,0,0,0,1,Dry,13.33624,52.61114,car + other
197296,Treptow-Köpenick,9051702,Bölschestraße,July,13,Thursday,minor,1,Driving,Daylight,1,1,0,0,0,0,Dry,13.62176,52.44644,bicycle + car + 
197297,Mitte,1011102,Großer Tiergarten,July,11,Thursday,minor,3,Turning,Daylight,0,1,0,0,0,0,Dry,13.35054,52.51384,car + 
197298,Tempelhof-Schöneberg,7070701,Kettinger Straße/Schillerstraße,July,11,Thursday,minor,5,Turning,Daylight,0,1,0,0,1,0,Dry,13.39273,52.41267,car + truck + 
197299,Mitte,1022102,Beusselkiez,July,11,Thursday,minor,6,Turning,Daylight,0,0,1,0,0,1,Dry,13.32845,52.5274,pedestrian + other
197300,Treptow-Köpenick,9020702,Adlershof Ost,July,11,Thursday,minor,2,Stationary Traffic,Daylight,0,1,0,0,0,1,Dry,13.5539,52.43153,car + other
197301,Tempelhof-Schöneberg,7040401,Neu-Tempelhof,July,11,Thursday,minor,2,Stationary Traffic,Daylight,0,1,0,0,0,1,Dry,13.38469,52.47241,car + other
197302,Mitte,1011301,Charitéviertel,July,10,Thursday,minor,5,Crossing,Daylight,0,1,0,0,0,1,Dry,13.37936,52.52421,car + other
197303,Mitte,1011105,Nördlicher Landwehrkanal,July,10,Thursday,minor,1,Paralle Traffic,Daylight,1,1,0,0,0,0,Dry,13.37591,52.50696,bicycle + car + 
197304,Lichtenberg,11040926,Weitlingstraße,July,10,Thursday,minor,1,Driving,Daylight,0,1,0,0,0,0,Dry,13.50015,52.5093,car + 
197305,Lichtenberg,11020411,Malchower Weg,July,9,Thursday,serious,5,Turning,Daylight,0,0,0,1,0,1,Dry,13.51968,52.55314,motorbike + other
197306,Pankow,3030715,Heinersdorf,July,9,Thursday,minor,2,Stationary Traffic,Daylight,0,1,0,0,0,0,Dry,13.42917,52.57198,car + 
197307,Mitte,1011306,Heine-Viertel Ost,July,9,Thursday,minor,5,Crossing,Daylight,1,1,0,0,0,0,Dry,13.41966,52.50609,bicycle + car + 
197308,Charlottenburg-Wilmersdorf,4041241,Breite Straße,July,7,Thursday,minor,5,Crossing,Daylight,1,1,0,0,0,0,Dry,13.29357,52.4716,bicycle + car + 
197309,Tempelhof-Schöneberg,7040401,Neu-Tempelhof,July,5,Thursday,minor,0,Driving,Dawn,0,0,0,0,0,1,Dry,13.37774,52.47444,other
197310,Spandau,5010209,An der Kappe,July,3,Thursday,serious,1,Driving,Night,0,1,0,0,0,0,Dry,13.15044,52.54475,car + 
197311,Pankow,3050925,Komponistenviertel Weißensee,July,17,Thursday,minor,6,Turning,Daylight,0,1,1,0,0,0,Dry,13.45894,52.55016,car + pedestrian + 
197312,Friedrichshain-Kreuzberg,2030402,Wrangelkiez,July,14,Thursday,minor,5,Other,Daylight,0,0,0,1,0,1,Dry,13.4429,52.50058,motorbike + other
197313,Tempelhof-Schöneberg,7010104,Dennewitzplatz,July,10,Thursday,minor,0,Other,Daylight,0,0,0,1,0,0,Wet,13.36126,52.49442,motorbike + 
197314,Charlottenburg-Wilmersdorf,4030931,Breitscheidplatz,July,10,Wednesday,minor,1,Paralle Traffic,Daylight,1,0,0,0,0,1,Dry,13.32868,52.50332,bicycle + other
197315,Tempelhof-Schöneberg,7030302,Ceciliengärten,July,15,Wednesday,minor,6,Overtaking,Daylight,1,0,1,0,0,0,Dry,13.3377,52.47147,bicycle + pedestrian + 
197316,Spandau,5010206,Gütersloher Weg,July,17,Wednesday,serious,5,Turning,Daylight,1,1,0,0,0,0,Dry,13.16639,52.55106,bicycle + car + 
197317,Lichtenberg,11020514,Große-Leege-Straße,July,17,Wednesday,minor,5,Turning,Daylight,1,1,0,0,0,0,Dry,13.48928,52.54242,bicycle + car + 
197318,Friedrichshain-Kreuzberg,2040701,Andreasviertel,July,17,Wednesday,minor,0,Turning,Daylight,0,1,0,1,0,0,Dry,13.43969,52.51391,car + motorbike + 
197319,Treptow-Köpenick,9010301,Baumschulenstraße,July,16,Wednesday,minor,6,Turning,Daylight,0,0,1,0,1,0,Dry,13.48697,52.46565,pedestrian + truck + 
197320,Mitte,1033201,Brunnenstraße,July,16,Wednesday,minor,6,Other,Daylight,1,0,1,0,0,0,Dry,13.39404,52.54764,bicycle + pedestrian + 
197321,Steglitz-Zehlendorf,6020302,Komponistenviertel Lankwitz,July,16,Wednesday,minor,5,Crossing,Daylight,1,1,0,0,0,0,Dry,13.33135,52.44212,bicycle + car + 
197322,Tempelhof-Schöneberg,7040405,Rathaus Tempelhof,July,16,Wednesday,minor,2,Other,Daylight,0,0,0,1,0,1,Dry,13.39011,52.46575,motorbike + other
197323,Charlottenburg-Wilmersdorf,4010103,Paul-Hertz-Siedlung,July,5,Wednesday,minor,0,Stationary Traffic,Daylight,0,0,0,1,0,0,Dry,13.29328,52.53468,motorbike + 
197324,Spandau,5040934,Alt-Gatow,July,23,Wednesday,minor,0,Driving,Night,1,0,0,0,0,0,Dry,13.18028,52.49346,bicycle + 