id,district,lor,street,month,hour,weekday,injury,collision,movement,light_conditions,bicycle,car,pedestrian,motorbike,truck,other_vehicle,road_conditions,longitude,latitude,Combo_type
197325,Mitte,1033201,Brunnenstraße,July,20,Wednesday,minor,0,Crossing,Daylight,1,0,0,0,0,1,Dry,13.40252,52.54019,bicycle + other
197326,Mitte,1011402,Arkonaplatz,July,19,Wednesday,minor,1,Paralle Traffic,Daylight,1,1,0,0,0,0,Dry,13.40605,52.535,bicycle + car + 
197327,Reinickendorf,1044101,Rehberge,July,19,Wednesday,minor,2,Overtaking,Daylight,0,1,1,0,0,0,Dry,13.30721,52.55503,car + pedestrian + 
197328,Lichtenberg,11051229,Rummelsburg,July,18,Wednesday,minor,2,Crossing,Daylight,0,1,0,0,0,0,Dry,13.47029,52.50224,car + 
197329,Friedrichshain-Kreuzberg,2050802,Boxhagener Platz,July,18,Wednesday,minor,0,Stationary Traffic,Daylight,1,0,0,0,0,0,Dry,13.45872,52.50658,bicycle + 
197330,Mitte,1011302,Oranienburger Straße,July,18,Wednesday,minor,5,Crossing,Daylight,1,1,0,0,0,0,Dry,13.40273,52.5281,bicycle + car + 
197331,Spandau,5030730,Zitadellenweg,July,18,Wednesday,serious,2,Stationary Traffic,Daylight,0,1,0,1,0,0,Dry,13.21834,52.5373,car + motorbike + 
197332,Friedrichshain-Kreuzberg,2020204,Urbanstraße,July,18,Wednesday,minor,5,Turning,Daylight,0,1,0,1,0,0,Dry,13.39524,52.49463,car + motorbike + 
197333,Tempelhof-Schöneberg,7040401,Neu-Tempelhof,July,18,Wednesday,minor,6,Turning,Daylight,1,0,1,0,0,0,Dry,13.3909,52.48422,bicycle + pedestrian + 
197334,Mitte,1011402,Arkonaplatz,July,18,Wednesday,minor,0,Driving,Daylight,1,0,0,0,0,0,Dry,13.40214,52.53081,bicycle + 
197335,Marzahn-Hellersdorf,10020414,Helle Mitte,July,17,Wednesday,minor,6,Other,Daylight,0,1,1,0,0,0,Dry,13.60328,52.53859,car + pedestrian + 
197336,Mitte,1044102,Schillerpark,July,12,Wednesday,minor,2,Turning,Daylight,0,1,0,0,0,1,Dry,13.35128,52.55838,car + other
197337,Treptow-Köpenick,9020502,Oberschöneweide Ost,July,12,Wednesday,minor,0,Stationary Traffic,Daylight,0,1,0,1,0,0,Dry,13.51579,52.4681,car + motorbike + 
197338,Tempelhof-Schöneberg,7010104,Dennewitzplatz,July,12,Wednesday,minor,5,Turning,Daylight,1,1,0,0,0,0,Dry,13.36602,52.49374,bicycle + car + 
197339,Treptow-Köpenick,9010202,Köpenicker Landstraße,July,11,Wednesday,serious,6,Other,Daylight,0,1,1,0,0,0,Dry,13.48149,52.47904,car + pedestrian + 
197340,Pankow,3071639,Bötzowstraße,July,10,Wednesday,serious,6,Overtaking,Daylight,0,1,1,0,0,0,Dry,13.43392,52.52921,car + pedestrian + 
197341,Tempelhof-Schöneberg,7010101,Wittenbergplatz/Viktoria-Luise-Platz,July,9,Wednesday,minor,5,Turning,Daylight,0,1,0,0,0,0,Dry,13.34066,52.50256,car + 
197342,Tempelhof-Schöneberg,7010102,Nollendorfplatz,July,8,Wednesday,minor,5,Crossing,Daylight,1,1,0,0,0,0,Dry,13.353,52.49933,bicycle + car + 
197343,Mitte,1011204,Leipziger Straße,July,8,Wednesday,minor,1,Paralle Traffic,Daylight,1,1,0,0,0,0,Dry,13.40475,52.51126,bicycle + car + 
197344,Lichtenberg,11030619,Fennpfuhl Ost,July,8,Wednesday,minor,5,Turning,Daylight,1,1,0,0,0,0,Dry,13.48175,52.52676,bicycle + car + 
197345,Lichtenberg,11030721,Rüdigerstraße,July,7,Wednesday,minor,5,Crossing,Daylight,0,1,0,1,0,0,Dry,13.4859,52.51847,car + motorbike + 
197346,Spandau,5010339,Freiheit,July,7,Wednesday,minor,6,Overtaking,Daylight,0,1,1,0,0,0,Dry,13.2287,52.52835,car + pedestrian + 
197347,Pankow,3010102,Buch,July,16,Wednesday,minor,2,Stationary Traffic,Daylight,0,1,0,0,0,0,Dry,13.50296,52.63649,car + 
197348,Lichtenberg,11051331,Karlshorst Nord,July,16,Wednesday,minor,0,Other,Daylight,1,1,0,0,0,0,Dry,13.54177,52.47498,bicycle + car + 
197349,Charlottenburg-Wilmersdorf,4030726,Droysenstraße,July,15,Wednesday,serious,5,Turning,Daylight,0,1,0,1,0,0,Dry,13.30702,52.50002,car + motorbike + 
197350,Reinickendorf,12214125,Waldidyll/Flughafensee,July,15,Wednesday,minor,3,Paralle Traffic,Daylight,1,1,0,0,0,0,Dry,13.25485,52.5624,bicycle + car + 
197351,Charlottenburg-Wilmersdorf,4051653,Prager Platz,July,14,Wednesday,serious,6,Overtaking,Daylight,1,0,1,0,0,0,Dry,13.33179,52.49316,bicycle + pedestrian + 
197352,Pankow,1033102,Gesundbrunnen,July,14,Wednesday,minor,2,Stationary Traffic,Daylight,0,1,0,0,0,0,Dry,13.39719,52.55481,car + 
197353,Pankow,3050924,Behaimstraße,July,13,Wednesday,minor,6,Turning,Daylight,0,1,1,0,0,0,Dry,13.44815,52.54938,car + pedestrian + 
197354,Mitte,1022207,Hansaviertel,July,13,Wednesday,minor,0,Crossing,Daylight,0,1,0,0,0,0,Dry,13.34077,52.51687,car + 
197355,Mitte,1022202,Heidestraße,July,13,Wednesday,minor,5,Turning,Daylight,1,1,0,0,0,0,Dry,13.36034,52.53724,bicycle + car + 
197356,Lichtenberg,11020412,Hauptstraße,July,12,Wednesday,minor,3,Stationary Traffic,Daylight,0,1,0,0,1,0,Dry,13.5069,52.5486,car + truck + 
197357,Friedrichshain-Kreuzberg,2050601,Hausburgviertel,July,13,Wednesday,serious,3,Stationary Traffic,Daylight,0,1,0,1,0,0,Dry,13.4487,52.52658,car + motorbike + 
197358,Marzahn-Hellersdorf,10010310,Alt-Marzahn,July,5,Wednesday,minor,6,Overtaking,Daylight,0,0,1,0,0,1,Dry,13.56011,52.53749,pedestrian + other
197359,Friedrichshain-Kreuzberg,2040701,Andreasviertel,July,20,Wednesday,minor,5,Turning,Daylight,0,1,0,1,0,0,Dry,13.42868,52.51888,car + motorbike + 
197360,Treptow-Köpenick,9031101,Grünau,July,19,Tuesday,minor,6,Overtaking,Daylight,1,0,1,0,0,0,Dry,13.60949,52.40793,bicycle + pedestrian + 
197361,Mitte,1033202,Humboldthain Süd,July,21,Tuesday,minor,5,Crossing,Night,0,1,0,1,0,0,Dry,13.39201,52.53883,car + motorbike + 
197362,Mitte,1033203,Humboldthain Nordwest,July,20,Tuesday,minor,0,Other,Daylight,0,1,0,0,0,0,Dry,13.37144,52.54011,car + 
197363,Tempelhof-Schöneberg,7020203,Kaiser-Wilhelm-Platz,July,19,Tuesday,minor,2,Other,Daylight,1,0,0,0,0,1,Dry,13.36335,52.48765,bicycle + other
197364,Treptow-Köpenick,9020502,Oberschöneweide Ost,July,19,Tuesday,minor,5,Turning,Daylight,1,1,0,0,0,0,Dry,13.52547,52.46461,bicycle + car + 
197365,Friedrichshain-Kreuzberg,2020206,Graefekiez,July,19,Tuesday,serious,5,Other,Dawn,0,1,0,1,0,0,Dry,13.41615,52.49097,car + motorbike + 
197366,Mitte,1011302,Oranienburger Straße,July,19,Tuesday,serious,1,Paralle Traffic,Daylight,1,1,0,0,0,0,Dry,13.4029,52.52773,bicycle + car + 
197367,Mitte,1011302,Oranienburger Straße,July,18,Tuesday,minor,2,Stationary Traffic,Daylight,0,1,0,1,0,0,Dry,13.39946,52.52954,car + motorbike + 
197368,Spandau,5020523,Maulbeerallee,July,18,Tuesday,minor,5,Crossing,Daylight,0,1,0,0,0,0,Dry,13.16259,52.52009,car + 
197369,Neukölln,8041037,Alt-Rudow,July,18,Tuesday,minor,0,Crossing,Daylight,0,1,0,1,0,0,Dry,13.49134,52.42061,car + motorbike + 
197370,Friedrichshain-Kreuzberg,2040703,Wriezener Bahnhof/Entwicklungsgebiet,July,17,Tuesday,minor,6,Overtaking,Daylight,0,1,1,0,0,0,Dry,13.44198,52.50437,car + pedestrian + 
197371,Friedrichshain-Kreuzberg,2030302,Lausitzer Platz,July,17,Tuesday,minor,2,Stationary Traffic,Daylight,1,0,0,0,0,0,Dry,13.4446,52.50104,bicycle + 
197372,Friedrichshain-Kreuzberg,2050803,Stralauer Kiez,July,16,Tuesday,minor,5,Crossing,Daylight,1,1,0,0,0,0,Dry,13.45331,52.501,bicycle + car + 
197373,Treptow-Köpenick,9020501,Oberschöneweide West,July,16,Tuesday,minor,5,Other,Daylight,0,1,0,0,0,1,Dry,13.51308,52.46689,car + other
197374,Pankow,3010102,Buch,July,11,Tuesday,minor,0,Driving,Daylight,1,0,0,0,0,0,Dry,13.49463,52.63574,bicycle + 
197375,Mitte,1011402,Arkonaplatz,July,16,Tuesday,serious,0,Driving,Daylight,1,0,0,0,0,0,Dry,13.40434,52.53317,bicycle + 
197376,Mitte,1011401,Invalidenstraße,July,16,Tuesday,minor,0,Driving,Daylight,1,0,0,0,0,0,Dry,13.40101,52.53001,bicycle + 
197377,Mitte,1011203,Unter den Linden Süd,July,15,Tuesday,minor,5,Turning,Daylight,0,1,0,1,0,0,Dry,13.38919,52.5147,car + motorbike + 
197378,Neukölln,8010303,Donaustraße,July,15,Tuesday,serious,0,Driving,Daylight,1,0,0,0,0,0,Dry,13.424,52.48653,bicycle + 
197379,Friedrichshain-Kreuzberg,2040701,Andreasviertel,July,14,Tuesday,minor,0,Other,Daylight,1,1,0,0,0,0,Dry,13.43972,52.51403,bicycle + car + 
197380,Mitte,1044103,Westliche Müllerstraße,July,13,Tuesday,minor,2,Stationary Traffic,Daylight,0,0,0,1,0,1,Dry,13.34485,52.54691,motorbike + other
197381,Steglitz-Zehlendorf,6020302,Komponistenviertel Lankwitz,July,13,Tuesday,minor,5,Other,Daylight,0,1,0,1,0,0,Dry,13.34297,52.44006,car + motorbike + 
197382,Treptow-Köpenick,9041301,Kietzer Feld/Nachtheide,July,13,Tuesday,serious,5,Crossing,Daylight,1,1,0,0,0,0,Dry,13.58374,52.4312,bicycle + car + 
197383,Neukölln,8010117,Schillerpromenade,July,12,Tuesday,minor,5,Other,Daylight,0,1,0,1,0,0,Dry,13.42121,52.47992,car + motorbike + 
197384,Charlottenburg-Wilmersdorf,4030929,Hindemithplatz,July,12,Tuesday,minor,3,Turning,Daylight,0,1,0,0,0,0,Dry,13.31187,52.50042,car + 
197385,Mitte,1011301,Charitéviertel,July,12,Tuesday,minor,1,Paralle Traffic,Daylight,1,1,0,0,0,0,Dry,13.3821,52.52299,bicycle + car + 
197386,Charlottenburg-Wilmersdorf,4051445,Eisenzahnstraße,July,11,Tuesday,minor,2,Turning,Daylight,0,1,0,1,0,0,Dry,13.30792,52.48858,car + motorbike + 
197387,Friedrichshain-Kreuzberg,2030301,Oranienplatz,July,11,Tuesday,minor,6,Overtaking,Daylight,0,1,1,0,0,0,Dry,13.42487,52.50203,car + pedestrian + 
197388,Charlottenburg-Wilmersdorf,4030929,Hindemithplatz,July,11,Tuesday,minor,2,Stationary Traffic,Daylight,0,1,0,1,0,0,Dry,13.30815,52.50004,car + motorbike + 
197389,Pankow,3040614,Pankow Zentrum,July,11,Tuesday,minor,5,Crossing,Daylight,0,1,0,1,0,0,Dry,13.41375,52.58292,car + motorbike + 
197390,Spandau,5010314,Carl-Schurz-Straße,July,17,Tuesday,minor,2,Stationary Traffic,Daylight,0,1,0,0,0,0,Dry,13.20485,52.53599,car + 
197391,Spandau,5020521,Döberitzer Weg,July,10,Tuesday,minor,2,Stationary Traffic,Daylight,0,1,0,0,0,0,Dry,13.12271,52.52859,car + 
197392,Tempelhof-Schöneberg,7040401,Neu-Tempelhof,July,10,Tuesday,minor,2,Turning,Daylight,0,1,0,1,0,0,Dry,13.40032,52.48371,car + motorbike + 
197393,Friedrichshain-Kreuzberg,2030402,Wrangelkiez,July,10,Tuesday,minor,0,Driving,Daylight,1,0,0,0,0,0,Dry,13.44112,52.49733,bicycle + 
197394,Mitte,1044203,Leopoldplatz,July,9,Tuesday,minor,2,Stationary Traffic,Daylight,0,1,0,0,0,0,Dry,13.35723,52.54957,car + 
197395,Lichtenberg,11051229,Rummelsburg,July,9,Tuesday,minor,5,Turning,Daylight,1,1,0,0,0,0,Dry,13.48078,52.49911,bicycle + car + 
197396,Charlottenburg-Wilmersdorf,4030518,Tegeler Weg,July,9,Tuesday,minor,2,Turning,Daylight,0,1,0,1,0,0,Dry,13.29741,52.52651,car + motorbike + 
197397,Pankow,3061429,Greifswalder Straße,July,9,Tuesday,minor,1,Paralle Traffic,Daylight,1,1,0,0,0,0,Dry,13.44823,52.53787,bicycle + car + 
197398,Treptow-Köpenick,9051702,Bölschestraße,July,7,Tuesday,minor,5,Other,Daylight,1,0,0,0,0,1,Dry,13.62528,52.4555,bicycle + other
197399,Pankow,3040512,Wilhelmsruh,July,6,Tuesday,minor,5,Crossing,Daylight,0,1,0,0,0,1,Dry,13.37427,52.58683,car + other
197400,Lichtenberg,11010205,Falkenberg West,July,6,Tuesday,minor,5,Crossing,Daylight,0,1,0,1,0,0,Dry,13.5226,52.56075,car + motorbike + 
197401,Mitte,1011301,Charitéviertel,July,6,Tuesday,minor,5,Turning,Daylight,0,1,0,1,0,0,Dry,13.38718,52.52717,car + motorbike + 
197402,Charlottenburg-Wilmersdorf,4051446,Preußenpark,July,3,Tuesday,minor,5,Crossing,Night,1,1,0,0,0,0,Dry,13.31411,52.49036,bicycle + car + 
197403,Mitte,1011303,Alexanderplatzviertel,July,18,Tuesday,minor,0,Driving,Daylight,0,0,0,0,0,1,Dry,13.40022,52.52047,other
197404,Spandau,5020417,Staakener Straße,July,13,Tuesday,minor,1,Paralle Traffic,Daylight,1,1,0,0,0,0,Dry,13.15438,52.5335,bicycle + car + 
197405,Mitte,1011301,Charitéviertel,July,19,Tuesday,minor,1,Paralle Traffic,Daylight,1,1,0,0,0,0,Dry,13.38618,52.52806,bicycle + car + 
197406,Pankow,3061227,Humannplatz,July,7,Monday,minor,5,Crossing,Daylight,0,1,0,0,0,0,Dry,13.41945,52.55017,car + 
197407,Charlottenburg-Wilmersdorf,4010102,Plötzensee,July,6,Monday,minor,2,Turning,Daylight,0,1,0,0,1,0,Dry,13.30242,52.54789,car + truck + 
197408,Tempelhof-Schöneberg,7070701,Kettinger Straße/Schillerstraße,July,1,Monday,minor,0,Driving,Night,0,1,0,0,0,0,Dry,13.39954,52.41421,car + 
197409,Mitte,1011303,Alexanderplatzviertel,July,15,Monday,minor,5,Crossing,Daylight,1,1,0,0,0,0,Dry,13.40974,52.52402,bicycle + car + 
197410,Pankow,3040614,Pankow Zentrum,July,15,Monday,minor,2,Other,Daylight,0,0,0,1,1,0,Dry,13.4286,52.58323,motorbike + truck + 
197411,Charlottenburg-Wilmersdorf,4051448,Schaperstraße,July,17,Monday,minor,5,Turning,Daylight,1,1,0,0,0,0,Wet,13.32609,52.4947,bicycle + car + 
197412,Charlottenburg-Wilmersdorf,4031032,Halensee,July,17,Monday,minor,0,Other,Daylight,1,1,0,0,0,0,Wet,13.29982,52.49618,bicycle + car + 
197413,Mitte,1033202,Humboldthain Süd,July,13,Monday,minor,5,Turning,Daylight,1,1,0,0,0,0,Dry,13.39114,52.53621,bicycle + car + 
197414,Mitte,1033202,Humboldthain Süd,July,13,Monday,minor,3,Stationary Traffic,Daylight,1,0,0,0,0,1,Dry,13.3902,52.53542,bicycle + other
197415,Mitte,1044201,Reinickendorfer Straße,July,16,Monday,minor,2,Other,Daylight,0,1,0,0,0,0,Dry,13.37236,52.55412,car + 
197416,Mitte,1011201,Wilhelmstraße,July,15,Monday,serious,5,Turning,Daylight,1,1,0,0,0,0,Dry,13.38421,52.50997,bicycle + car + 
197417,Mitte,1033201,Brunnenstraße,July,15,Monday,minor,1,Driving,Daylight,0,1,0,0,0,0,Dry,13.39309,52.54862,car + 
197418,Spandau,5020626,Adamstraße,July,16,Monday,minor,2,Stationary Traffic,Daylight,0,1,0,0,0,1,Dry,13.19734,52.52474,car + other
197419,Charlottenburg-Wilmersdorf,4020313,Königin-Elisabeth-Straße,July,14,Monday,serious,3,Stationary Traffic,Daylight,0,1,0,0,0,0,Dry,13.27934,52.50649,car + 
197420,Charlottenburg-Wilmersdorf,4030415,Schloßgarten,July,17,Monday,serious,0,Driving,Daylight,0,0,0,1,0,0,Wet,13.28594,52.5213,motorbike + 
197421,Spandau,5010103,Amorbacher Weg,July,21,Monday,minor,9,Driving,Dawn,0,1,0,0,0,0,Wet,13.2036,52.55558,car + 
197422,Neukölln,8010211,Flughafenstraße,July,20,Monday,minor,2,Other,Dawn,0,1,0,1,0,0,Dry,13.42924,52.48176,car + motorbike + 
197423,Reinickendorf,12214424,Scharnweberstraße,July,19,Monday,minor,2,Stationary Traffic,Daylight,0,1,0,0,0,0,Dry,13.33097,52.56244,car + 
197424,Mitte,1044203,Leopoldplatz,July,19,Monday,minor,1,Paralle Traffic,Daylight,1,1,0,0,0,1,Dry,13.35349,52.55104,bicycle + car + other
197425,Friedrichshain-Kreuzberg,2010103,Moritzplatz,July,13,Monday,minor,5,Crossing,Daylight,0,1,0,0,0,0,Dry,13.40636,52.5026,car + 
197426,Charlottenburg-Wilmersdorf,4030726,Droysenstraße,July,13,Monday,minor,5,Turning,Daylight,0,1,0,1,0,0,Dry,13.30717,52.50005,car + motorbike + 
197427,Mitte,1022106,Elberfelder Straße,July,12,Monday,minor,5,Crossing,Daylight,1,0,0,0,0,0,Dry,13.33192,52.52397,bicycle + 
197428,Treptow-Köpenick,9051901,Dammvorstadt,July,12,Monday,minor,5,Crossing,Daylight,0,1,0,0,0,0,Dry,13.57869,52.45243,car + 
197429,Lichtenberg,11041022,Rosenfelder Ring,July,11,Monday,minor,0,Other,Daylight,0,0,0,0,1,0,Dry,13.51906,52.51347,truck + 
197430,Steglitz-Zehlendorf,6020306,Lankwitz Süd,July,11,Monday,minor,5,Crossing,Daylight,0,1,0,0,0,1,Dry,13.36719,52.4269,car + other
197431,Treptow-Köpenick,9020501,Oberschöneweide West,July,11,Monday,minor,5,Crossing,Daylight,1,1,0,0,0,0,Dry,13.51199,52.4707,bicycle + car + 
197432,Friedrichshain-Kreuzberg,2010102,Mehringplatz,July,9,Monday,minor,2,Stationary Traffic,Daylight,1,0,0,0,0,0,Dry,13.39596,52.49842,bicycle + 
197433,Lichtenberg,11051332,Karlshorst Süd,July,9,Monday,minor,2,Stationary Traffic,Daylight,0,1,0,0,0,0,Dry,13.52482,52.47969,car + 
197434,Pankow,3040614,Pankow Zentrum,July,8,Monday,minor,5,Crossing,Daylight,1,1,0,0,0,0,Dry,13.40833,52.5721,bicycle + car + 
197435,Mitte,1011301,Charitéviertel,July,6,Monday,minor,6,Overtaking,Daylight,1,0,1,0,0,0,Dry,13.38041,52.52858,bicycle + pedestrian + 
197436,Spandau,5010101,Hakenfelde Nord,July,10,Monday,minor,5,Turning,Daylight,1,1,0,0,0,0,Dry,13.20768,52.55565,bicycle + car + 
197437,Charlottenburg-Wilmersdorf,4020311,Reichsstraße,July,10,Monday,serious,6,Overtaking,Daylight,0,1,1,0,0,0,Dry,13.2705,52.51041,car + pedestrian + 
197438,Pankow,3020210,Herthaplatz,July,20,Monday,minor,1,Paralle Traffic,Dawn,1,1,0,0,0,0,Dry,13.40197,52.58735,bicycle + car + 
197439,Spandau,5010103,Amorbacher Weg,July,11,Monday,minor,6,Turning,Daylight,0,1,1,0,0,0,Dry,13.18859,52.55654,car + pedestrian + 
197440,Treptow-Köpenick,9030901,Dorf Altglienicke,July,14,Sunday,minor,6,Overtaking,Daylight,0,1,1,0,0,0,Dry,13.54892,52.41909,car + pedestrian + 
197441,Mitte,1044103,Westliche Müllerstraße,July,19,Sunday,minor,2,Stationary Traffic,Daylight,0,1,0,0,0,0,Dry,13.34718,52.54773,car + 
197442,Pankow,3040818,Pankow Süd,July,22,Sunday,minor,1,Other,Night,0,0,0,1,0,1,Dry,13.42814,52.55402,motorbike + other
197443,Charlottenburg-Wilmersdorf,4051445,Eisenzahnstraße,July,19,Sunday,minor,1,Paralle Traffic,Daylight,0,1,0,1,0,0,Dry,13.30114,52.48916,car + motorbike + 
197444,Pankow,3061131,Falkplatz,July,19,Sunday,minor,5,Crossing,Daylight,1,1,0,0,0,0,Dry,13.41205,52.54271,bicycle + car + 
197445,Steglitz-Zehlendorf,6030503,Zehlendorf Mitte,July,19,Sunday,minor,1,Paralle Traffic,Daylight,0,1,0,0,0,0,Dry,13.27691,52.43377,car + 
197446,Neukölln,8010301,Reuterkiez,July,18,Sunday,minor,0,Turning,Daylight,0,1,0,0,0,1,Dry,13.43015,52.48606,car + other
197447,Treptow-Köpenick,9010202,Köpenicker Landstraße,July,18,Sunday,minor,5,Turning,Daylight,0,1,0,0,0,1,Dry,13.47511,52.47994,car + other
197448,Treptow-Köpenick,9031202,Schmöckwitz/Rauchfangswerder,July,17,Sunday,serious,5,Crossing,Daylight,0,1,0,1,0,0,Dry,13.68421,52.37047,car + motorbike + 
197449,Lichtenberg,11030720,Herzbergstraße,July,16,Sunday,minor,3,Stationary Traffic,Daylight,0,1,0,1,0,0,Dry,13.50533,52.53455,car + motorbike + 
197450,Lichtenberg,11010309,Zingster Straße West,July,16,Sunday,serious,6,Overtaking,Daylight,0,1,1,0,0,0,Dry,13.50161,52.56601,car + pedestrian + 
197451,Lichtenberg,11010102,Dorf Wartenberg,July,16,Sunday,minor,4,Stationary Traffic,Daylight,0,1,0,1,0,0,Dry,13.5144,52.57734,car + motorbike + 
197452,Friedrichshain-Kreuzberg,2040701,Andreasviertel,July,15,Sunday,minor,5,Crossing,Daylight,0,1,0,1,0,0,Dry,13.43083,52.51198,car + motorbike + 
197453,Spandau,5010207,Darbystraße,July,15,Sunday,minor,5,Turning,Daylight,0,1,0,0,0,0,Wet,13.18459,52.54751,car + 
197454,Charlottenburg-Wilmersdorf,4061757,Forst Grunewald,July,14,Sunday,minor,2,Stationary Traffic,Daylight,1,1,0,0,0,0,Dry,13.21147,52.50055,bicycle + car + 
197455,Treptow-Köpenick,9020801,Spindlersfeld,July,14,Sunday,minor,1,Paralle Traffic,Daylight,1,1,0,0,0,0,Dry,13.5709,52.4477,bicycle + car + 
197456,Charlottenburg-Wilmersdorf,4030930,George-Grosz-Platz,July,14,Sunday,minor,1,Paralle Traffic,Daylight,1,1,0,0,0,0,Dry,13.31645,52.50123,bicycle + car + 
197457,Mitte,1022104,Emdener Straße,July,15,Sunday,minor,8,Driving,Daylight,0,1,0,0,0,1,Dry,13.34134,52.53089,car + other
197458,Reinickendorf,12301206,Lübars,July,10,Sunday,minor,5,Crossing,Daylight,0,1,0,0,0,0,Wet,13.34115,52.60857,car + 
197459,Neukölln,8010301,Reuterkiez,July,2,Sunday,serious,1,Paralle Traffic,Night,1,1,0,0,0,0,Wet,13.4375,52.49046,bicycle + car + 
197460,Mitte,1033102,Gesundbrunnen,July,22,Sunday,serious,0,Other,Night,0,0,0,0,0,1,Dry,13.38732,52.54993,other
197461,Pankow,3061228,Erich-Weinert-Straße,July,20,Saturday,minor,5,Turning,Dawn,1,1,0,0,0,0,Dry,13.43467,52.54923,bicycle + car + 
197462,Mitte,1033203,Humboldthain Nordwest,July,18,Saturday,minor,6,Overtaking,Daylight,0,1,1,0,0,0,Dry,13.38638,52.54936,car + pedestrian + 
197463,Reinickendorf,12224230,Heiligensee,July,22,Saturday,minor,6,Other,Night,1,0,1,0,0,0,Wet,13.24339,52.61421,bicycle + pedestrian + 
197464,Tempelhof-Schöneberg,7010104,Dennewitzplatz,July,20,Saturday,minor,5,Turning,Daylight,0,1,0,0,0,1,Dry,13.36116,52.49424,car + other
197465,Reinickendorf,12214424,Scharnweberstraße,July,20,Saturday,minor,2,Turning,Daylight,0,1,0,0,0,0,Dry,13.32756,52.56411,car + 
197466,Neukölln,8010301,Reuterkiez,July,18,Saturday,serious,5,Turning,Daylight,0,1,0,1,0,0,Dry,13.42894,52.48658,car + motorbike + 
197467,Lichtenberg,11010102,Dorf Wartenberg,July,17,Saturday,minor,9,Driving,Daylight,0,1,0,0,0,0,Dry,13.52253,52.57996,car + 
197468,Mitte,1022201,Stephankiez,July,17,Saturday,minor,5,Other,Daylight,0,1,0,1,0,0,Dry,13.35112,52.53188,car + motorbike + 
197469,Tempelhof-Schöneberg,7010102,Nollendorfplatz,July,16,Saturday,serious,1,Paralle Traffic,Daylight,1,1,0,0,0,0,Dry,13.34596,52.49773,bicycle + car + 
197470,Charlottenburg-Wilmersdorf,4010101,Jungfernheide,July,16,Saturday,minor,5,Crossing,Daylight,1,1,0,0,0,0,Dry,13.28675,52.5391,bicycle + car + 
197471,Pankow,3050923,Weißenseer Spitze,July,16,Saturday,minor,8,Driving,Daylight,0,0,0,0,0,1,Dry,13.43954,52.55569,other
197472,Charlottenburg-Wilmersdorf,4051445,Eisenzahnstraße,July,15,Saturday,minor,5,Turning,Daylight,1,1,0,0,0,0,Dry,13.30232,52.48827,bicycle + car + 
197473,Charlottenburg-Wilmersdorf,4020314,Messegelände,July,14,Saturday,minor,2,Stationary Traffic,Daylight,0,1,0,1,0,0,Dry,13.2787,52.50279,car + motorbike + 
197474,Charlottenburg-Wilmersdorf,4051654,Wilhelmsaue,July,13,Saturday,serious,5,Turning,Daylight,0,1,0,0,0,0,Dry,13.32236,52.48643,car + 
197475,Lichtenberg,11030720,Herzbergstraße,July,12,Saturday,serious,2,Stationary Traffic,Daylight,0,1,0,0,0,0,Dry,13.49936,52.53419,car + 
197476,Steglitz-Zehlendorf,6020409,Königsberger Straße,July,12,Saturday,minor,3,Stationary Traffic,Daylight,0,1,0,1,0,0,Dry,13.31327,52.42299,car + motorbike + 
197477,Tempelhof-Schöneberg,7050502,Fritz-Werner-Straße,July,11,Saturday,minor,5,Turning,Daylight,0,1,0,0,0,0,Dry,13.37829,52.43482,car + 
197478,Tempelhof-Schöneberg,7060604,Marienfelde Süd,July,11,Saturday,minor,5,Crossing,Daylight,1,1,0,0,0,0,Dry,13.35083,52.40822,bicycle + car + 
197479,Marzahn-Hellersdorf,10020412,Alte Hellersdorfer Straße,July,10,Saturday,minor,5,Crossing,Daylight,1,1,0,0,0,0,Dry,13.59215,52.54635,bicycle + car + 
197480,Pankow,3020307,Buchholz,July,10,Saturday,serious,6,Crossing,Daylight,0,1,1,0,0,0,Dry,13.4321,52.60427,car + pedestrian + 
197481,Spandau,5030730,Zitadellenweg,July,9,Saturday,minor,0,Stationary Traffic,Daylight,0,0,0,0,0,1,Dry,13.21843,52.53726,other
197482,Treptow-Köpenick,9010201,Am Treptower Park Süd,July,9,Saturday,serious,6,Turning,Daylight,0,1,1,0,0,0,Dry,13.45829,52.48586,car + pedestrian + 
197483,Reinickendorf,12214421,Reinickes Hof,July,8,Saturday,minor,5,Crossing,Daylight,0,1,0,1,0,0,Dry,13.32931,52.57566,car + motorbike + 
197484,Neukölln,8020619,Buschkrugallee Nord,July,18,Saturday,minor,5,Crossing,Daylight,0,1,0,0,0,0,Dry,13.44411,52.4623,car + 
197485,Pankow,3050923,Weißenseer Spitze,July,22,Saturday,minor,5,Turning,Night,1,0,0,0,0,1,Wet,13.43473,52.55361,bicycle + other
197486,Spandau,5010310,Eckschanze,July,14,Friday,minor,2,Stationary Traffic,Daylight,0,1,0,0,0,0,Dry,13.20054,52.54951,car + 
197487,Steglitz-Zehlendorf,6010209,Feuerbachstraße,July,16,Friday,minor,5,Crossing,Daylight,0,1,0,0,0,0,Dry,13.33233,52.45838,car + 
197488,Spandau,5020521,Döberitzer Weg,July,19,Friday,serious,5,Crossing,Daylight,0,1,0,0,0,0,Dry,13.12863,52.52877,car + 
197489,Mitte,1011201,Wilhelmstraße,July,18,Friday,minor,5,Crossing,Daylight,0,1,0,1,0,0,Dry,13.37692,52.51077,car + motorbike + 
197490,Pankow,3061227,Humannplatz,July,16,Friday,serious,5,Crossing,Daylight,0,1,0,1,0,0,Wet,13.42703,52.55221,car + motorbike + 
197491,Reinickendorf,12304314,Ziekowstraße/Freie Scholle,July,15,Friday,minor,2,Stationary Traffic,Daylight,0,1,0,0,0,0,Dry,13.30134,52.59967,car + 