id,district,lor,street,month,hour,weekday,injury,collision,movement,light_conditions,bicycle,car,pedestrian,motorbike,truck,other_vehicle,road_conditions,longitude,latitude,Combo_type
197492,Lichtenberg,11020516,Weiße Taube,July,14,Friday,minor,4,Stationary Traffic,Daylight,0,1,0,0,1,0,Dry,13.50906,52.54217,car + truck + 
197493,Friedrichshain-Kreuzberg,2040702,Weberwiese,July,13,Friday,minor,2,Other,Daylight,0,0,0,1,1,0,Dry,13.44804,52.51321,motorbike + truck + 
197494,Spandau,5020419,Magistratsweg,July,12,Friday,minor,5,Turning,Daylight,0,1,0,0,0,0,Dry,13.14159,52.53243,car + 
197495,Reinickendorf,12301203,Wittenau Süd,July,11,Friday,minor,0,Paralle Traffic,Daylight,1,1,0,0,0,1,Dry,13.33008,52.59439,bicycle + car + other
197496,Mitte,1011303,Alexanderplatzviertel,July,10,Friday,minor,2,Stationary Traffic,Daylight,0,0,0,1,0,1,Dry,13.41182,52.52397,motorbike + other
197497,Steglitz-Zehlendorf,6020303,Lankwitz Kirche,July,10,Friday,minor,5,Turning,Daylight,1,1,0,0,0,0,Dry,13.34563,52.43621,bicycle + car + 
197498,Mitte,1011203,Unter den Linden Süd,July,8,Friday,minor,5,Crossing,Daylight,1,1,0,0,0,0,Dry,13.38906,52.51558,bicycle + car + 
197499,Spandau,5010206,Gütersloher Weg,July,22,Friday,minor,2,Turning,Night,0,1,0,1,0,0,Dry,13.16551,52.55123,car + motorbike + 
197500,Neukölln,8020620,Tempelhofer Weg,July,20,Friday,minor,5,Crossing,Night,0,1,0,0,0,0,Dry,13.42968,52.46031,car + 
197501,Friedrichshain-Kreuzberg,2050804,Stralauer Halbinsel,July,16,Friday,minor,0,Driving,Daylight,0,0,0,1,0,0,Wet,13.46767,52.49821,motorbike + 
197502,Mitte,1011104,Körnerstraße,July,12,Friday,serious,6,Turning,Daylight,0,0,1,0,0,1,Dry,13.37071,52.50002,pedestrian + other
197503,Charlottenburg-Wilmersdorf,4020313,Königin-Elisabeth-Straße,July,10,Friday,serious,5,Crossing,Daylight,0,1,0,0,0,0,Dry,13.28127,52.51283,car + 
197504,Lichtenberg,11030619,Fennpfuhl Ost,July,16,Friday,minor,0,Driving,Daylight,0,0,0,1,0,0,Wet,13.48464,52.53348,motorbike + 
197505,Mitte,1011302,Oranienburger Straße,July,17,Friday,minor,0,Driving,Daylight,1,0,0,0,0,0,Wet,13.40202,52.5288,bicycle + 
197506,Marzahn-Hellersdorf,10030724,Oberfeldstraße,August,15,Tuesday,minor,0,Turning,Daylight,1,1,0,0,0,0,Wet,13.55943,52.53407,bicycle + car + 
197507,Pankow,3040818,Pankow Süd,August,17,Tuesday,fatal,5,Paralle Traffic,Daylight,0,0,0,0,0,1,Dry,13.42201,52.56055,other
197508,Neukölln,8020621,Mohriner Allee Nord,August,13,Monday,minor,3,Stationary Traffic,Daylight,1,1,0,0,0,0,Dry,13.42931,52.44269,bicycle + car + 
197509,Mitte,1011105,Nördlicher Landwehrkanal,August,22,Monday,minor,1,Paralle Traffic,Night,1,1,0,0,0,0,Dry,13.37289,52.51136,bicycle + car + 
197510,Charlottenburg-Wilmersdorf,4020311,Reichsstraße,August,17,Monday,minor,0,Driving,Daylight,0,0,0,1,0,0,Dry,13.27296,52.50874,motorbike + 
197511,Charlottenburg-Wilmersdorf,4030621,Spreestadt,August,16,Monday,minor,2,Turning,Daylight,0,1,0,0,0,1,Dry,13.32672,52.5196,car + other
197512,Mitte,1011302,Oranienburger Straße,August,16,Monday,minor,3,Stationary Traffic,Daylight,1,1,0,0,0,0,Dry,13.39896,52.52888,bicycle + car + 
197513,Charlottenburg-Wilmersdorf,4030417,Schloßstraße,August,16,Monday,minor,5,Crossing,Daylight,1,1,0,0,0,0,Dry,13.28696,52.51298,bicycle + car + 
197514,Treptow-Köpenick,9020601,Schnellerstraße,August,9,Monday,minor,5,Turning,Daylight,1,0,0,0,0,1,Dry,13.50192,52.46079,bicycle + other
197515,Charlottenburg-Wilmersdorf,4051655,Babelsberger Straße,August,17,Monday,minor,3,Stationary Traffic,Daylight,1,1,0,0,0,0,Dry,13.33346,52.48774,bicycle + car + 
197516,Treptow-Köpenick,9052001,Köpenick Nord,August,16,Monday,minor,0,Turning,Daylight,1,0,0,0,0,1,Dry,13.55323,52.46969,bicycle + other
197517,Pankow,3061430,Volkspark Prenzlauer Berg,August,16,Monday,minor,6,Turning,Daylight,0,0,1,0,1,0,Dry,13.45741,52.52896,pedestrian + truck + 
197518,Treptow-Köpenick,9020702,Adlershof Ost,August,16,Monday,minor,0,Crossing,Daylight,1,1,0,0,0,0,Dry,13.5495,52.43832,bicycle + car + 
197519,Neukölln,8010301,Reuterkiez,August,15,Monday,minor,2,Stationary Traffic,Daylight,0,1,0,0,0,0,Dry,13.43151,52.48558,car + 
197520,Tempelhof-Schöneberg,7020204,Schöneberger Insel,August,15,Monday,serious,1,Paralle Traffic,Daylight,1,1,0,0,0,0,Dry,13.36226,52.48573,bicycle + car + 
197521,Mitte,1022101,Huttenkiez,August,15,Monday,minor,0,Turning,Daylight,1,1,0,0,0,0,Dry,13.32187,52.53174,bicycle + car + 
197522,Tempelhof-Schöneberg,7030303,Grazer Platz,August,13,Monday,minor,0,Driving,Daylight,0,0,0,1,0,0,Wet,13.35567,52.45725,motorbike + 
197523,Mitte,1011204,Leipziger Straße,August,11,Monday,minor,5,Crossing,Daylight,1,0,0,0,0,1,Dry,13.39124,52.50774,bicycle + other
197524,Friedrichshain-Kreuzberg,2020203,Viktoriapark,August,11,Monday,minor,1,Paralle Traffic,Daylight,1,1,0,0,0,0,Dry,13.37531,52.48504,bicycle + car + 
197525,Charlottenburg-Wilmersdorf,4030621,Spreestadt,August,11,Monday,minor,6,Other,Daylight,1,0,1,0,0,0,Dry,13.32177,52.52101,bicycle + pedestrian + 
197526,Neukölln,8041035,Blumenviertel,August,11,Monday,minor,5,Other,Daylight,0,1,0,1,0,0,Dry,13.47745,52.4301,car + motorbike + 
197527,Steglitz-Zehlendorf,6010206,Stadtpark,August,11,Monday,minor,5,Crossing,Daylight,0,1,0,0,0,0,Dry,13.338,52.45114,car + 
197528,Mitte,1011202,Unter den Linden Nord,August,8,Monday,serious,5,Crossing,Daylight,1,1,0,0,0,0,Dry,13.40097,52.51838,bicycle + car + 
197529,Tempelhof-Schöneberg,7070703,John-Locke-Straße,August,8,Monday,minor,5,Turning,Daylight,1,1,0,0,0,0,Dry,13.40624,52.38667,bicycle + car + 
197530,Mitte,2040701,Andreasviertel,August,8,Monday,minor,2,Stationary Traffic,Daylight,0,1,0,0,0,1,Dry,13.42575,52.5153,car + other
197531,Neukölln,8010117,Schillerpromenade,August,8,Monday,minor,5,Turning,Daylight,1,1,0,0,0,0,Dry,13.4255,52.47978,bicycle + car + 
197532,Charlottenburg-Wilmersdorf,4020311,Reichsstraße,August,7,Monday,minor,2,Stationary Traffic,Daylight,0,1,0,0,0,0,Dry,13.26596,52.51305,car + 
197533,Pankow,3040614,Pankow Zentrum,August,7,Monday,minor,2,Other,Daylight,0,1,0,0,0,0,Dry,13.41176,52.58233,car + 
197534,Pankow,3040614,Pankow Zentrum,August,10,Monday,minor,0,Crossing,Daylight,1,0,0,0,0,1,Dry,13.42877,52.58431,bicycle + other
197535,Pankow,3050925,Komponistenviertel Weißensee,August,7,Monday,minor,5,Turning,Daylight,0,1,0,1,0,0,Dry,13.45441,52.54913,car + motorbike + 
197536,Treptow-Köpenick,9010402,Johannisthal Ost,August,6,Monday,minor,5,Crossing,Daylight,1,1,0,0,0,0,Dry,13.51107,52.44954,bicycle + car + 
197537,Friedrichshain-Kreuzberg,2030401,Reichenberger Straße,August,2,Monday,minor,5,Crossing,Night,0,1,0,0,0,1,Dry,13.42779,52.49634,car + other
197538,Mitte,1033203,Humboldthain Nordwest,August,6,Monday,minor,1,Paralle Traffic,Daylight,1,1,0,0,0,0,Dry,13.3825,52.5478,bicycle + car + 
197539,Pankow,3051017,Rennbahnstraße,August,10,Monday,minor,2,Stationary Traffic,Daylight,0,1,0,0,0,0,Dry,13.46995,52.56424,car + 
197540,Steglitz-Zehlendorf,6010208,Bergstraße,August,9,Monday,minor,5,Turning,Daylight,0,1,0,1,0,0,Dry,13.32961,52.45894,car + motorbike + 
197541,Marzahn-Hellersdorf,10030725,Buckower Ring,August,9,Monday,minor,2,Stationary Traffic,Daylight,0,1,0,0,0,0,Dry,13.56327,52.51429,car + 
197542,Spandau,5010313,Ackerstraße,August,9,Monday,minor,5,Turning,Daylight,1,1,0,0,0,0,Dry,13.19733,52.5435,bicycle + car + 
197543,Tempelhof-Schöneberg,7040401,Neu-Tempelhof,August,4,Sunday,minor,2,Stationary Traffic,Night,0,1,0,0,0,0,Dry,13.38578,52.48432,car + 
197544,Pankow,3051017,Rennbahnstraße,August,17,Sunday,serious,0,Driving,Daylight,1,0,0,0,0,0,Dry,13.48735,52.55672,bicycle + 
197545,Mitte,1011201,Wilhelmstraße,August,13,Sunday,minor,0,Driving,Daylight,0,0,0,1,0,0,Dry,13.37672,52.51081,motorbike + 
197546,Mitte,1011303,Alexanderplatzviertel,August,0,Sunday,minor,0,Driving,Night,0,0,0,0,0,1,Dry,13.40948,52.52221,other
197547,Spandau,5010314,Carl-Schurz-Straße,August,12,Sunday,minor,2,Stationary Traffic,Daylight,0,1,0,1,0,1,Dry,13.20717,52.53889,car + motorbike + other
197548,Pankow,3030406,Alt-Karow,August,17,Sunday,minor,5,Crossing,Daylight,0,1,0,1,0,0,Dry,13.49303,52.61124,car + motorbike + 
197549,Steglitz-Zehlendorf,6020303,Lankwitz Kirche,August,16,Sunday,minor,5,Crossing,Daylight,0,1,0,1,0,0,Dry,13.34578,52.43636,car + motorbike + 
197550,Spandau,5020522,Pillnitzer Weg,August,13,Sunday,minor,2,Stationary Traffic,Daylight,0,1,0,0,0,0,Dry,13.15472,52.52176,car + 
197551,Spandau,5030730,Zitadellenweg,August,12,Sunday,minor,3,Stationary Traffic,Daylight,0,1,0,1,0,0,Dry,13.21291,52.53859,car + motorbike + 
197552,Charlottenburg-Wilmersdorf,4051447,Ludwigkirchplatz,August,4,Sunday,minor,1,Paralle Traffic,Night,0,1,0,0,0,1,Dry,13.32046,52.49798,car + other
197553,Pankow,3040614,Pankow Zentrum,August,4,Sunday,minor,5,Crossing,Night,0,1,0,0,0,0,Dry,13.40645,52.56538,car + 
197554,Lichtenberg,11010101,Dorf Malchow,August,18,Sunday,minor,0,Other,Daylight,1,0,0,0,0,0,Dry,13.48938,52.57715,bicycle + 
197555,Friedrichshain-Kreuzberg,2030402,Wrangelkiez,August,0,Sunday,minor,0,Paralle Traffic,Night,1,1,0,0,0,1,Dry,13.44954,52.49677,bicycle + car + other
197556,Mitte,1011101,Stülerstraße,August,21,Sunday,minor,1,Paralle Traffic,Night,1,1,0,0,0,0,Dry,13.34031,52.50524,bicycle + car + 
197557,Neukölln,8020620,Tempelhofer Weg,August,20,Sunday,serious,5,Crossing,Dawn,0,1,0,0,0,0,Dry,13.43305,52.45238,car + 
197558,Friedrichshain-Kreuzberg,2020204,Urbanstraße,August,19,Sunday,minor,0,Driving,Daylight,1,0,0,0,0,0,Dry,13.39501,52.4964,bicycle + 
197559,Lichtenberg,11051332,Karlshorst Süd,August,19,Sunday,minor,0,Driving,Daylight,1,0,0,0,0,0,Dry,13.52535,52.48108,bicycle + 
197560,Reinickendorf,12214424,Scharnweberstraße,August,21,Saturday,minor,2,Stationary Traffic,Daylight,0,1,0,0,0,0,Dry,13.32206,52.5606,car + 
197561,Friedrichshain-Kreuzberg,2030302,Lausitzer Platz,August,14,Saturday,minor,4,Stationary Traffic,Daylight,1,0,0,0,0,1,Dry,13.43163,52.49928,bicycle + other
197562,Reinickendorf,12214527,Alt-Tegel,August,14,Saturday,minor,2,Stationary Traffic,Daylight,0,1,0,0,0,0,Dry,13.28833,52.5844,car + 
197563,Reinickendorf,12214422,Klixstraße,August,19,Saturday,minor,5,Crossing,Daylight,0,1,0,0,0,0,Dry,13.30545,52.56826,car + 
197564,Charlottenburg-Wilmersdorf,4041136,Hagenplatz,August,13,Saturday,minor,6,Overtaking,Daylight,0,1,1,0,0,0,Dry,13.26606,52.48295,car + pedestrian + 
197565,Neukölln,8041035,Blumenviertel,August,13,Saturday,minor,5,Crossing,Daylight,1,1,0,0,0,0,Dry,13.47812,52.44212,bicycle + car + 
197566,Friedrichshain-Kreuzberg,2030301,Oranienplatz,August,15,Saturday,minor,2,Stationary Traffic,Daylight,1,1,0,0,0,0,Dry,13.42057,52.5031,bicycle + car + 
197567,Neukölln,8020727,Buckow Mitte,August,15,Saturday,minor,1,Paralle Traffic,Daylight,1,1,0,0,0,0,Dry,13.43515,52.42676,bicycle + car + 
197568,Neukölln,8030831,Gropiusstadt Ost,August,17,Saturday,minor,5,Turning,Daylight,1,1,0,0,0,0,Dry,13.47317,52.42312,bicycle + car + 
197569,Reinickendorf,12214424,Scharnweberstraße,August,15,Saturday,minor,5,Turning,Daylight,0,1,0,0,0,0,Dry,13.32801,52.56411,car + 
197570,Mitte,1033101,Soldiner Straße,August,15,Saturday,minor,6,Overtaking,Daylight,0,1,1,0,0,0,Dry,13.38171,52.56209,car + pedestrian + 
197571,Pankow,3020209,Niederschönhausen,August,17,Saturday,serious,5,Crossing,Daylight,0,1,0,1,0,0,Dry,13.39957,52.59158,car + motorbike + 
197572,Spandau,5020625,Borkumer Straße,August,16,Saturday,minor,0,Turning,Daylight,1,1,0,0,0,0,Dry,13.18815,52.5325,bicycle + car + 
197573,Treptow-Köpenick,9020701,Adlershof West,August,17,Saturday,serious,2,Stationary Traffic,Daylight,0,1,0,1,0,0,Dry,13.55083,52.42908,car + motorbike + 
197574,Marzahn-Hellersdorf,10040828,Kaulsdorf Nord,August,18,Saturday,minor,5,Crossing,Daylight,0,1,0,0,0,0,Dry,13.6062,52.52422,car + 
197575,Friedrichshain-Kreuzberg,2050602,Samariterviertel,August,19,Saturday,minor,0,Driving,Daylight,1,0,0,0,0,0,Dry,13.45475,52.51911,bicycle + 
197576,Mitte,1011401,Invalidenstraße,August,19,Saturday,serious,1,Paralle Traffic,Daylight,1,0,0,0,0,1,Dry,13.38834,52.53162,bicycle + other
197577,Reinickendorf,12214424,Scharnweberstraße,August,23,Saturday,minor,5,Turning,Night,0,1,0,1,0,0,Dry,13.32191,52.56053,car + motorbike + 
197578,Treptow-Köpenick,9010301,Baumschulenstraße,August,22,Saturday,minor,0,Crossing,Night,0,1,0,1,0,0,Dry,13.48714,52.46554,car + motorbike + 
197579,Steglitz-Zehlendorf,6020410,Oberhofer Platz,August,23,Saturday,minor,5,Crossing,Night,1,0,0,0,0,0,Dry,13.32683,52.4269,bicycle + 
197580,Reinickendorf,12103117,Letteplatz,August,13,Saturday,serious,2,Other,Daylight,1,1,0,0,0,0,Dry,13.37838,52.56595,bicycle + car + 
197581,Charlottenburg-Wilmersdorf,4020311,Reichsstraße,August,11,Saturday,minor,5,Paralle Traffic,Daylight,0,1,0,1,0,0,Dry,13.2618,52.5192,car + motorbike + 
197582,Charlottenburg-Wilmersdorf,4030931,Breitscheidplatz,August,11,Saturday,minor,2,Stationary Traffic,Daylight,1,1,0,0,0,0,Dry,13.33305,52.50578,bicycle + car + 
197583,Charlottenburg-Wilmersdorf,4030725,Amtsgerichtsplatz,August,11,Saturday,minor,2,Stationary Traffic,Daylight,1,1,0,0,0,0,Dry,13.29324,52.50672,bicycle + car + 
197584,Mitte,1044201,Reinickendorfer Straße,August,10,Saturday,minor,0,Turning,Daylight,0,0,0,0,1,1,Dry,13.38153,52.55612,truck + other
197585,Lichtenberg,11051229,Rummelsburg,August,1,Saturday,serious,6,Overtaking,Night,0,1,1,0,0,0,Dry,13.4765,52.50089,car + pedestrian + 
197586,Neukölln,8020727,Buckow Mitte,August,14,Friday,serious,6,Overtaking,Daylight,0,1,1,0,0,0,Dry,13.4353,52.42336,car + pedestrian + 
197587,Spandau,5010313,Ackerstraße,August,0,Friday,minor,6,Turning,Night,0,0,1,0,0,1,Dry,13.20413,52.54374,pedestrian + other
197588,Mitte,1044201,Reinickendorfer Straße,August,16,Friday,minor,5,Crossing,Daylight,1,1,0,0,0,0,Dry,13.3644,52.54959,bicycle + car + 
197589,Reinickendorf,12103218,Teichstraße,August,18,Friday,minor,0,Turning,Daylight,1,1,0,0,0,0,Dry,13.34735,52.57855,bicycle + car + 
197590,Mitte,1011301,Charitéviertel,August,9,Friday,minor,6,Other,Daylight,0,0,1,0,0,1,Dry,13.38732,52.52595,pedestrian + other
197591,Mitte,1022201,Stephankiez,August,14,Friday,serious,5,Crossing,Daylight,0,1,0,1,0,0,Dry,13.35107,52.5297,car + motorbike + 
197592,Friedrichshain-Kreuzberg,2010101,Askanischer Platz,August,18,Friday,minor,0,Turning,Daylight,1,1,0,0,0,0,Wet,13.38865,52.49932,bicycle + car + 
197593,Mitte,1044201,Reinickendorfer Straße,August,11,Friday,minor,5,Paralle Traffic,Daylight,0,1,0,0,0,0,Dry,13.37541,52.55026,car + 
197594,Pankow,3030406,Alt-Karow,August,11,Friday,minor,0,Paralle Traffic,Daylight,1,0,0,0,0,0,Dry,13.4763,52.61124,bicycle + 
197595,Friedrichshain-Kreuzberg,2040701,Andreasviertel,August,15,Friday,minor,5,Turning,Daylight,1,1,0,0,0,0,Dry,13.42412,52.51335,bicycle + car + 
197596,Neukölln,8010404,Rixdorf,August,14,Friday,minor,6,Overtaking,Daylight,0,1,1,0,0,0,Dry,13.44814,52.47782,car + pedestrian + 
197597,Charlottenburg-Wilmersdorf,4051445,Eisenzahnstraße,August,14,Friday,minor,5,Crossing,Daylight,0,0,0,1,0,1,Dry,13.30836,52.49004,motorbike + other
197598,Steglitz-Zehlendorf,6010102,Schloßstraße,August,13,Friday,minor,1,Paralle Traffic,Daylight,1,0,0,0,0,1,Dry,13.31693,52.46321,bicycle + other
197599,Tempelhof-Schöneberg,7020203,Kaiser-Wilhelm-Platz,August,13,Friday,minor,2,Stationary Traffic,Daylight,0,1,0,1,0,0,Dry,13.35563,52.49013,car + motorbike + 
197600,Charlottenburg-Wilmersdorf,4010102,Plötzensee,August,12,Friday,minor,5,Other,Daylight,0,1,0,1,0,0,Dry,13.32174,52.53891,car + motorbike + 
197601,Spandau,5020627,Tiefwerder,August,11,Friday,minor,2,Stationary Traffic,Daylight,0,1,0,0,0,0,Dry,13.20427,52.53033,car + 
197602,Reinickendorf,12214423,Mellerbogen,August,11,Friday,serious,5,Crossing,Daylight,0,1,0,1,0,0,Dry,13.31715,52.57636,car + motorbike + 
197603,Spandau,5010208,Germersheimer Platz,August,10,Friday,minor,1,Paralle Traffic,Daylight,0,1,0,0,0,1,Dry,13.18527,52.54469,car + other
197604,Steglitz-Zehlendorf,6030608,Schweizer Viertel,August,8,Friday,serious,0,Driving,Daylight,0,1,0,1,0,0,Dry,13.28101,52.42105,car + motorbike + 
197605,Friedrichshain-Kreuzberg,2020204,Urbanstraße,August,8,Friday,minor,5,Crossing,Daylight,1,0,0,0,0,0,Dry,13.39832,52.49599,bicycle + 
197606,Marzahn-Hellersdorf,10030724,Oberfeldstraße,August,8,Friday,minor,2,Other,Daylight,0,1,0,0,0,0,Dry,13.56369,52.51887,car + 
197607,Reinickendorf,12214421,Reinickes Hof,August,8,Friday,minor,2,Stationary Traffic,Daylight,0,1,0,0,0,0,Dry,13.33139,52.57371,car + 
197608,Steglitz-Zehlendorf,6030502,Zehlendorf Süd,August,8,Friday,minor,5,Turning,Daylight,1,1,0,0,0,0,Dry,13.26751,52.40804,bicycle + car + 
197609,Lichtenberg,11040926,Weitlingstraße,August,19,Friday,minor,0,Turning,Dawn,0,1,0,1,0,0,Wet,13.48703,52.50243,car + motorbike + 
197610,Pankow,3040818,Pankow Süd,August,19,Friday,minor,1,Paralle Traffic,Daylight,1,1,0,0,0,0,Wet,13.41305,52.55755,bicycle + car + 
197611,Treptow-Köpenick,9051901,Dammvorstadt,August,18,Friday,minor,2,Turning,Daylight,0,1,0,0,0,0,Wet,13.57067,52.45177,car + 
197612,Charlottenburg-Wilmersdorf,4030519,Kaiserin-Augusta-Allee,August,18,Friday,serious,5,Crossing,Daylight,0,1,0,1,0,0,Wet,13.31444,52.52093,car + motorbike + 
197613,Lichtenberg,11051330,Karlshorst West,August,18,Friday,minor,1,Paralle Traffic,Dawn,1,1,0,0,0,0,Wet,13.52328,52.48307,bicycle + car + 
197614,Pankow,3061430,Volkspark Prenzlauer Berg,August,17,Friday,serious,0,Driving,Daylight,1,0,0,0,0,0,Wet,13.45053,52.53621,bicycle + 
197615,Pankow,11030618,Fennpfuhl West,August,17,Friday,minor,2,Stationary Traffic,Daylight,0,1,0,0,0,0,Wet,13.45788,52.52858,car + 
197616,Charlottenburg-Wilmersdorf,4030828,Savignyplatz,August,17,Friday,minor,6,Overtaking,Daylight,0,1,1,0,0,0,Wet,13.32023,52.50686,car + pedestrian + 
197617,Pankow,3061435,Conrad-Blenkle-Straße,August,17,Friday,minor,5,Crossing,Daylight,0,1,0,0,0,0,Wet,13.44909,52.52887,car + 
197618,Charlottenburg-Wilmersdorf,4020311,Reichsstraße,August,16,Friday,minor,5,Crossing,Daylight,0,1,0,0,0,0,Wet,13.26865,52.5093,car + 
197619,Mitte,1033203,Humboldthain Nordwest,August,16,Friday,minor,2,Stationary Traffic,Daylight,0,1,0,0,0,0,Wet,13.37695,52.5435,car + 
197620,Spandau,5020625,Borkumer Straße,August,22,Friday,minor,6,Overtaking,Night,0,1,1,0,0,0,Dry,13.1955,52.53347,car + pedestrian + 
197621,Mitte,1044201,Reinickendorfer Straße,August,20,Friday,minor,0,Driving,Daylight,1,0,0,0,0,0,Dry,13.36314,52.54872,bicycle + 
197622,Pankow,3061227,Humannplatz,August,18,Friday,minor,0,Turning,Dawn,1,1,0,0,0,0,Wet,13.41814,52.54971,bicycle + car + 
197623,Mitte,1033101,Soldiner Straße,August,15,Thursday,minor,2,Stationary Traffic,Daylight,0,1,0,1,0,0,Dry,13.38507,52.55691,car + motorbike + 
197624,Charlottenburg-Wilmersdorf,4030931,Breitscheidplatz,August,22,Thursday,minor,1,Paralle Traffic,Night,1,1,0,0,0,0,Dry,13.33609,52.50006,bicycle + car + 
197625,Steglitz-Zehlendorf,6010101,Fichtenberg,August,21,Thursday,serious,5,Turning,Night,0,1,0,0,0,0,Dry,13.3178,52.45792,car + 
197626,Pankow,3050923,Weißenseer Spitze,August,21,Thursday,serious,5,Crossing,Dawn,1,0,0,0,0,1,Dry,13.43184,52.55451,bicycle + other
197627,Friedrichshain-Kreuzberg,2050801,Traveplatz,August,20,Thursday,minor,1,Paralle Traffic,Dawn,1,1,0,0,0,0,Dry,13.46699,52.50809,bicycle + car + 
197628,Friedrichshain-Kreuzberg,2010101,Askanischer Platz,August,20,Thursday,minor,6,Overtaking,Dawn,1,0,1,0,0,0,Dry,13.3885,52.50172,bicycle + pedestrian + 
197629,Pankow,3071536,Teutoburger Platz,August,19,Thursday,minor,6,Overtaking,Daylight,0,1,1,0,0,0,Dry,13.411,52.5398,car + pedestrian + 
197630,Marzahn-Hellersdorf,10030726,Alt-Biesdorf,August,19,Thursday,minor,5,Crossing,Daylight,1,1,0,0,0,0,Dry,13.55726,52.50714,bicycle + car + 
197631,Spandau,5010101,Hakenfelde Nord,August,16,Thursday,minor,2,Stationary Traffic,Daylight,0,1,0,1,0,0,Wet,13.20875,52.56158,car + motorbike + 
197632,Neukölln,8010117,Schillerpromenade,August,18,Thursday,minor,1,Paralle Traffic,Daylight,1,1,0,0,0,0,Dry,13.42145,52.47914,bicycle + car + 
197633,Friedrichshain-Kreuzberg,2030302,Lausitzer Platz,August,18,Thursday,minor,0,Crossing,Daylight,0,1,0,1,0,0,Dry,13.43188,52.50565,car + motorbike + 
197634,Spandau,5010209,An der Kappe,August,17,Thursday,minor,5,Turning,Daylight,0,1,0,0,0,0,Dry,13.17819,52.54884,car + 
197635,Charlottenburg-Wilmersdorf,4030620,Alt-Lietzow,August,16,Thursday,minor,2,Stationary Traffic,Daylight,0,1,0,0,0,1,Dry,13.31075,52.51619,car + other
197636,Tempelhof-Schöneberg,7040404,Marienhöhe,August,16,Thursday,minor,0,Driving,Daylight,1,0,0,0,0,0,Dry,13.3646,52.45042,bicycle + 
197637,Charlottenburg-Wilmersdorf,4051550,Leon-Jessel-Platz,August,16,Thursday,minor,5,Crossing,Daylight,1,1,0,0,0,0,Dry,13.31467,52.49,bicycle + car + 
197638,Tempelhof-Schöneberg,7040401,Neu-Tempelhof,August,14,Thursday,minor,5,Crossing,Daylight,0,1,0,0,0,0,Dry,13.37913,52.48058,car + 
197639,Spandau,5010311,Eiswerder,August,14,Thursday,minor,2,Stationary Traffic,Daylight,0,1,0,0,0,0,Dry,13.20794,52.55389,car + 
197640,Reinickendorf,12302212,Rollbergesiedlung,August,14,Thursday,minor,0,Stationary Traffic,Daylight,1,0,0,0,1,0,Dry,13.32321,52.60771,bicycle + truck + 
197641,Pankow,3030715,Heinersdorf,August,14,Thursday,serious,6,Overtaking,Daylight,0,1,1,0,0,0,Dry,13.43764,52.56978,car + pedestrian + 
197642,Charlottenburg-Wilmersdorf,4020204,Olympiagelände,August,13,Thursday,minor,5,Turning,Daylight,0,1,0,1,0,0,Dry,13.24035,52.51192,car + motorbike + 
197643,Mitte,1033203,Humboldthain Nordwest,August,15,Thursday,minor,5,Crossing,Daylight,0,1,0,0,0,0,Dry,13.3765,52.54303,car + 
197644,Pankow,3061227,Humannplatz,August,13,Thursday,minor,6,Overtaking,Daylight,0,0,1,1,0,0,Dry,13.41703,52.54989,pedestrian + motorbike + 
197645,Mitte,1011305,Heine-Viertel West,August,13,Thursday,serious,6,Overtaking,Daylight,0,1,1,0,0,0,Dry,13.40512,52.50823,car + pedestrian + 
197646,Lichtenberg,11040926,Weitlingstraße,August,13,Thursday,minor,5,Turning,Daylight,1,1,0,0,0,0,Dry,13.49632,52.50016,bicycle + car + 
197647,Marzahn-Hellersdorf,10040829,Alt-Kaulsdorf,August,12,Thursday,minor,0,Stationary Traffic,Daylight,1,1,0,0,0,0,Dry,13.58165,52.50746,bicycle + car + 
197648,Friedrichshain-Kreuzberg,2020204,Urbanstraße,August,12,Thursday,minor,1,Paralle Traffic,Daylight,1,0,0,0,1,0,Dry,13.39709,52.49119,bicycle + truck + 
197649,Pankow,3040614,Pankow Zentrum,August,12,Thursday,serious,5,Crossing,Daylight,0,1,0,0,1,0,Dry,13.42882,52.57917,car + truck + 
197650,Charlottenburg-Wilmersdorf,4020310,Park Ruhwald,August,12,Thursday,minor,2,Stationary Traffic,Daylight,0,1,0,0,0,0,Dry,13.28342,52.51867,car + 
197651,Neukölln,8020621,Mohriner Allee Nord,August,12,Thursday,minor,5,Other,Daylight,0,1,0,0,0,0,Dry,13.41947,52.45215,car + 
197652,Charlottenburg-Wilmersdorf,4020311,Reichsstraße,August,10,Thursday,minor,5,Crossing,Daylight,0,1,0,0,0,0,Dry,13.25967,52.51476,car + 
197653,Friedrichshain-Kreuzberg,2020204,Urbanstraße,August,12,Thursday,minor,2,Turning,Daylight,0,1,0,1,0,0,Wet,13.39517,52.49625,car + motorbike + 
197654,Pankow,3071536,Teutoburger Platz,August,9,Thursday,minor,5,Turning,Daylight,1,1,0,0,0,0,Dry,13.41019,52.52988,bicycle + car + 
197655,Lichtenberg,11030618,Fennpfuhl West,August,8,Thursday,minor,5,Crossing,Daylight,0,0,0,0,1,1,Dry,13.46707,52.52846,truck + other