id,district,lor,street,month,hour,weekday,injury,collision,movement,light_conditions,bicycle,car,pedestrian,motorbike,truck,other_vehicle,road_conditions,longitude,latitude,Combo_type
197656,Pankow,3061227,Humannplatz,August,11,Thursday,minor,5,Other,Daylight,0,1,0,0,0,0,Dry,13.4271,52.55221,car + 
197657,Lichtenberg,11030618,Fennpfuhl West,August,8,Thursday,minor,5,Paralle Traffic,Daylight,0,1,0,1,0,0,Wet,13.46709,52.52873,car + motorbike + 
197658,Tempelhof-Schöneberg,7010103,Barbarossaplatz,August,10,Thursday,minor,0,Stationary Traffic,Daylight,1,1,0,0,0,0,Dry,13.34915,52.49074,bicycle + car + 
197659,Pankow,3020210,Herthaplatz,August,10,Thursday,minor,1,Paralle Traffic,Daylight,0,1,0,0,0,0,Dry,13.41061,52.59041,car + 
197660,Charlottenburg-Wilmersdorf,4041344,Rüdesheimer Platz,August,8,Thursday,minor,0,Crossing,Daylight,0,1,0,1,0,0,Dry,13.32012,52.47679,car + motorbike + 
197661,Reinickendorf,12103218,Teichstraße,August,8,Thursday,minor,5,Turning,Daylight,1,1,0,0,0,0,Dry,13.35313,52.568,bicycle + car + 
197662,Mitte,1011105,Nördlicher Landwehrkanal,August,7,Thursday,minor,8,Driving,Daylight,0,1,0,0,0,0,Dry,13.36425,52.50611,car + 
197663,Friedrichshain-Kreuzberg,2030402,Wrangelkiez,August,6,Thursday,minor,0,Overtaking,Daylight,1,0,1,0,0,0,Wet,13.44551,52.49921,bicycle + pedestrian + 
197664,Lichtenberg,11040925,Victoriastadt,August,6,Thursday,minor,2,Stationary Traffic,Daylight,0,1,0,1,0,0,Dry,13.47553,52.5026,car + motorbike + 
197665,Mitte,1033201,Brunnenstraße,August,5,Thursday,minor,5,Crossing,Dawn,0,1,0,0,0,0,Wet,13.39434,52.54741,car + 
197666,Charlottenburg-Wilmersdorf,4051655,Babelsberger Straße,August,2,Thursday,minor,5,Turning,Night,0,1,0,0,0,0,Dry,13.33088,52.48737,car + 
197667,Friedrichshain-Kreuzberg,2030302,Lausitzer Platz,August,0,Thursday,minor,0,Turning,Night,1,1,0,0,0,0,Wet,13.44157,52.50128,bicycle + car + 
197668,Reinickendorf,12214421,Reinickes Hof,July,2,Wednesday,minor,0,Other,Night,1,0,0,0,0,0,Dry,13.3315,52.57557,bicycle + 
197669,Charlottenburg-Wilmersdorf,4041136,Hagenplatz,July,20,Wednesday,minor,5,Turning,Dawn,0,1,0,0,0,0,Wet,13.28097,52.47683,car + 
197670,Reinickendorf,12103218,Teichstraße,July,20,Wednesday,minor,1,Paralle Traffic,Night,0,1,0,0,0,0,Wet,13.36223,52.57892,car + 
197671,Reinickendorf,12103117,Letteplatz,July,20,Wednesday,minor,0,Driving,Dawn,0,0,0,1,0,0,Wet,13.36444,52.56267,motorbike + 
197672,Friedrichshain-Kreuzberg,2020203,Viktoriapark,July,19,Wednesday,minor,5,Paralle Traffic,Dawn,0,1,0,1,0,0,Dry,13.3847,52.49002,car + motorbike + 
197673,Friedrichshain-Kreuzberg,2040701,Andreasviertel,July,23,Wednesday,minor,5,Other,Night,0,1,0,1,0,0,Wet,13.42958,52.50958,car + motorbike + 
197674,Charlottenburg-Wilmersdorf,4051447,Ludwigkirchplatz,July,22,Wednesday,minor,0,Driving,Night,0,0,0,1,0,0,Wet,13.32228,52.49307,motorbike + 
197675,Charlottenburg-Wilmersdorf,4030827,Karl-August-Platz,July,18,Wednesday,minor,5,Turning,Daylight,0,1,0,0,0,0,Dry,13.31387,52.50629,car + 
197676,Neukölln,8041036,Zittauer Straße,July,18,Wednesday,minor,5,Crossing,Daylight,0,1,0,0,0,0,Dry,13.4898,52.42005,car + 
197677,Mitte,1011303,Alexanderplatzviertel,July,17,Wednesday,minor,2,Stationary Traffic,Daylight,0,1,0,0,0,0,Wet,13.41054,52.52866,car + 
197678,Charlottenburg-Wilmersdorf,4030929,Hindemithplatz,July,17,Wednesday,minor,0,Stationary Traffic,Daylight,0,1,0,1,0,0,Wet,13.31316,52.50138,car + motorbike + 
197679,Charlottenburg-Wilmersdorf,4030725,Amtsgerichtsplatz,July,17,Wednesday,serious,0,Driving,Daylight,1,0,0,0,0,0,Wet,13.29507,52.50414,bicycle + 
197680,Marzahn-Hellersdorf,10030727,Biesdorf Süd,July,17,Wednesday,minor,6,Overtaking,Daylight,0,1,1,0,0,0,Wet,13.56175,52.50564,car + pedestrian + 
197681,Mitte,1011303,Alexanderplatzviertel,July,17,Wednesday,serious,5,Turning,Daylight,1,1,0,0,0,0,Wet,13.40397,52.52272,bicycle + car + 
197682,Mitte,1022106,Elberfelder Straße,July,16,Wednesday,minor,0,Paralle Traffic,Daylight,0,1,0,1,0,0,Wet,13.3416,52.52552,car + motorbike + 
197683,Tempelhof-Schöneberg,7050505,Hundsteinweg,July,16,Wednesday,minor,2,Stationary Traffic,Daylight,0,1,0,0,0,0,Wet,13.39025,52.43948,car + 
197684,Mitte,1011301,Charitéviertel,July,16,Wednesday,minor,5,Crossing,Daylight,0,1,0,0,0,0,Wet,13.38009,52.53279,car + 
197685,Reinickendorf,12231101,Hermsdorf,July,15,Wednesday,minor,5,Turning,Daylight,1,1,0,0,0,0,Wet,13.30409,52.62216,bicycle + car + 
197686,Mitte,1011101,Stülerstraße,July,15,Wednesday,minor,2,Stationary Traffic,Daylight,0,1,0,0,0,0,Wet,13.35136,52.50961,car + 
197687,Charlottenburg-Wilmersdorf,4010102,Plötzensee,July,10,Wednesday,minor,5,Turning,Daylight,0,1,0,0,0,0,Dry,13.3261,52.53839,car + 
197688,Mitte,1022204,Thomasiusstraße,July,9,Wednesday,minor,5,Other,Daylight,1,1,0,0,0,0,Dry,13.34586,52.52501,bicycle + car + 
197689,Reinickendorf,12214422,Klixstraße,July,9,Wednesday,serious,4,Stationary Traffic,Daylight,1,0,0,0,0,0,Dry,13.31081,52.56806,bicycle + 
197690,Friedrichshain-Kreuzberg,2020203,Viktoriapark,July,9,Wednesday,minor,2,Stationary Traffic,Daylight,0,1,0,1,0,0,Dry,13.3877,52.49304,car + motorbike + 
197691,Friedrichshain-Kreuzberg,2030301,Oranienplatz,July,7,Wednesday,minor,5,Turning,Daylight,1,1,0,0,0,0,Dry,13.41658,52.50204,bicycle + car + 
197692,Mitte,1011302,Oranienburger Straße,July,15,Wednesday,serious,5,Other,Daylight,0,1,0,0,0,0,Dry,13.39981,52.52956,car + 
197693,Mitte,1011402,Arkonaplatz,July,7,Wednesday,minor,5,Crossing,Daylight,1,0,0,0,0,1,Dry,13.40497,52.53407,bicycle + other
197694,Spandau,5030731,Gartenfelder Straße,July,7,Wednesday,minor,5,Turning,Daylight,0,0,0,1,0,1,Dry,13.24138,52.53859,motorbike + other
197695,Reinickendorf,12214422,Klixstraße,July,4,Wednesday,minor,5,Crossing,Dawn,1,1,0,0,0,0,Dry,13.3019,52.56904,bicycle + car + 
197696,Lichtenberg,11010204,Falkenberg Ost,July,2,Wednesday,minor,0,Driving,Night,1,0,0,0,0,0,Dry,13.52631,52.56923,bicycle + 
197697,Spandau,5010312,Kurstraße,July,14,Wednesday,minor,6,Overtaking,Daylight,0,1,1,0,0,0,Dry,13.20843,52.54883,car + pedestrian + 
197698,Mitte,1044101,Rehberge,July,14,Wednesday,minor,5,Crossing,Daylight,0,1,0,0,0,0,Dry,13.3309,52.55889,car + 
197699,Steglitz-Zehlendorf,6040810,Dahlem,July,12,Wednesday,minor,5,Crossing,Daylight,0,0,0,1,0,1,Dry,13.29312,52.46756,motorbike + other
197700,Charlottenburg-Wilmersdorf,4030929,Hindemithplatz,July,12,Wednesday,minor,5,Crossing,Daylight,0,1,0,0,0,1,Dry,13.30914,52.50038,car + other
197701,Reinickendorf,12214527,Alt-Tegel,July,11,Wednesday,serious,5,Other,Daylight,0,1,0,1,0,0,Dry,13.28976,52.58261,car + motorbike + 
197702,Tempelhof-Schöneberg,7020203,Kaiser-Wilhelm-Platz,July,10,Wednesday,minor,1,Paralle Traffic,Daylight,1,1,0,0,0,0,Dry,13.35427,52.48734,bicycle + car + 
197703,Charlottenburg-Wilmersdorf,4061757,Forst Grunewald,July,10,Wednesday,minor,5,Crossing,Daylight,1,0,0,0,0,0,Dry,13.25378,52.50505,bicycle + 
197704,Neukölln,8010118,Silbersteinstraße,July,10,Wednesday,minor,6,Overtaking,Daylight,0,1,1,0,0,0,Dry,13.43059,52.46874,car + pedestrian + 
197705,Reinickendorf,12103218,Teichstraße,July,9,Tuesday,minor,0,Stationary Traffic,Daylight,1,1,0,0,0,0,Dry,13.35128,52.56762,bicycle + car + 
197706,Pankow,3040818,Pankow Süd,July,7,Tuesday,minor,6,Other,Daylight,0,1,1,0,0,0,Dry,13.41854,52.56222,car + pedestrian + 
197707,Marzahn-Hellersdorf,10040933,Mahlsdorf Süd,July,9,Tuesday,minor,5,Crossing,Daylight,0,1,0,0,0,0,Dry,13.59751,52.50234,car + 
197708,Pankow,3051017,Rennbahnstraße,July,8,Tuesday,minor,2,Turning,Daylight,0,1,0,0,0,0,Wet,13.46844,52.55979,car + 
197709,Mitte,1011401,Invalidenstraße,July,8,Tuesday,minor,3,Stationary Traffic,Daylight,1,0,0,0,0,0,Dry,13.38377,52.53077,bicycle + 
197710,Mitte,1011204,Leipziger Straße,July,0,Tuesday,serious,5,Turning,Night,0,1,0,1,0,0,Dry,13.40571,52.51408,car + motorbike + 
197711,Treptow-Köpenick,9010401,Johannisthal West,July,6,Tuesday,serious,1,Paralle Traffic,Daylight,1,1,0,0,0,0,Dry,13.50394,52.44435,bicycle + car + 
197712,Lichtenberg,11051331,Karlshorst Nord,July,17,Tuesday,minor,5,Crossing,Daylight,0,1,0,0,0,0,Dry,13.53203,52.48403,car + 
197713,Charlottenburg-Wilmersdorf,4041241,Breite Straße,July,16,Tuesday,serious,1,Paralle Traffic,Daylight,1,1,0,0,0,0,Dry,13.29938,52.47441,bicycle + car + 
197714,Spandau,5020625,Borkumer Straße,July,16,Tuesday,serious,5,Other,Daylight,0,1,0,1,0,0,Dry,13.19888,52.53376,car + motorbike + 
197715,Mitte,1044102,Schillerpark,July,15,Tuesday,minor,5,Turning,Daylight,1,1,0,0,0,0,Dry,13.34803,52.55613,bicycle + car + 
197716,Charlottenburg-Wilmersdorf,4030828,Savignyplatz,July,15,Tuesday,minor,5,Other,Daylight,0,1,0,1,0,0,Dry,13.31765,52.5069,car + motorbike + 
197717,Mitte,1011101,Stülerstraße,July,15,Tuesday,minor,0,Crossing,Daylight,0,1,0,1,0,0,Dry,13.34673,52.50489,car + motorbike + 
197718,Friedrichshain-Kreuzberg,2020203,Viktoriapark,July,23,Tuesday,minor,0,Driving,Night,1,0,0,0,0,0,Dry,13.37917,52.49245,bicycle + 
197719,Mitte,1033102,Gesundbrunnen,July,15,Tuesday,minor,6,Overtaking,Daylight,0,0,1,1,0,0,Dry,13.38989,52.55019,pedestrian + motorbike + 
197720,Pankow,3061228,Erich-Weinert-Straße,July,20,Tuesday,minor,1,Paralle Traffic,Dawn,1,1,0,0,0,0,Dry,13.44,52.54387,bicycle + car + 
197721,Charlottenburg-Wilmersdorf,4020312,Branitzer Platz,July,13,Tuesday,minor,0,Other,Daylight,0,1,0,1,0,0,Dry,13.26895,52.51845,car + motorbike + 
197722,Mitte,1011101,Stülerstraße,July,20,Tuesday,serious,0,Driving,Daylight,1,0,0,0,0,0,Dry,13.34065,52.50518,bicycle + 
197723,Neukölln,8010117,Schillerpromenade,July,14,Tuesday,minor,5,Crossing,Daylight,0,1,0,1,0,0,Dry,13.42382,52.47728,car + motorbike + 
197724,Mitte,1011101,Stülerstraße,July,20,Tuesday,minor,5,Crossing,Daylight,0,1,0,0,0,0,Dry,13.3522,52.50632,car + 
197725,Spandau,5020417,Staakener Straße,July,20,Tuesday,minor,5,Crossing,Daylight,1,1,0,0,0,0,Dry,13.16677,52.53351,bicycle + car + 
197726,Tempelhof-Schöneberg,7010101,Wittenbergplatz/Viktoria-Luise-Platz,July,19,Tuesday,minor,5,Other,Daylight,0,1,0,1,0,0,Dry,13.34129,52.50045,car + motorbike + 
197727,Treptow-Köpenick,9010202,Köpenicker Landstraße,July,13,Tuesday,minor,3,Driving,Daylight,1,0,0,0,0,1,Dry,13.48081,52.47267,bicycle + other
197728,Spandau,5040936,Jägerallee,July,12,Tuesday,minor,2,Turning,Daylight,1,1,0,0,0,0,Dry,13.14423,52.45431,bicycle + car + 
197729,Neukölln,8010404,Rixdorf,July,18,Tuesday,minor,2,Stationary Traffic,Daylight,0,1,0,0,0,0,Dry,13.4455,52.47913,car + 
197730,Steglitz-Zehlendorf,6040804,Krumme Lanke,July,18,Tuesday,minor,5,Turning,Daylight,1,1,0,0,0,0,Dry,13.25032,52.45365,bicycle + car + 
197731,Charlottenburg-Wilmersdorf,4030725,Amtsgerichtsplatz,July,18,Tuesday,minor,3,Stationary Traffic,Daylight,0,1,0,0,0,0,Dry,13.30182,52.51032,car + 
197732,Treptow-Köpenick,9010402,Johannisthal Ost,July,17,Tuesday,minor,2,Other,Daylight,0,1,0,1,0,0,Dry,13.50677,52.43699,car + motorbike + 
197733,Neukölln,8020728,Buckow Ost,July,17,Tuesday,minor,5,Crossing,Daylight,1,0,0,0,0,1,Dry,13.4394,52.42414,bicycle + other
197734,Treptow-Köpenick,9051702,Bölschestraße,July,10,Tuesday,serious,1,Paralle Traffic,Daylight,0,1,0,1,0,0,Dry,13.62173,52.44644,car + motorbike + 
197735,Mitte,1033101,Soldiner Straße,July,9,Tuesday,minor,1,Paralle Traffic,Daylight,1,0,0,0,1,0,Dry,13.39648,52.55998,bicycle + truck + 
197736,Neukölln,8041037,Alt-Rudow,July,12,Tuesday,minor,5,Turning,Daylight,0,1,0,0,0,1,Dry,13.49356,52.43026,car + other
197737,Tempelhof-Schöneberg,7010102,Nollendorfplatz,July,14,Tuesday,fatal,6,Turning,Daylight,0,0,1,0,1,0,Dry,13.34615,52.50097,pedestrian + truck + 
197738,Friedrichshain-Kreuzberg,2040502,Friedenstraße,July,13,Monday,minor,5,Turning,Daylight,1,0,0,0,0,1,Dry,13.44068,52.51726,bicycle + other
197739,Tempelhof-Schöneberg,7070701,Kettinger Straße/Schillerstraße,July,15,Monday,minor,0,Other,Daylight,1,0,0,0,0,0,Dry,13.39999,52.4135,bicycle + 
197740,Marzahn-Hellersdorf,10040933,Mahlsdorf Süd,July,12,Monday,minor,0,Driving,Daylight,1,0,0,0,0,0,Dry,13.60205,52.48328,bicycle + 
197741,Mitte,1033102,Gesundbrunnen,July,22,Monday,minor,2,Stationary Traffic,Night,0,1,0,1,0,0,Wet,13.39158,52.55543,car + motorbike + 
197742,Pankow,3040614,Pankow Zentrum,July,21,Monday,minor,0,Turning,Night,0,1,0,1,0,0,Wet,13.40651,52.56538,car + motorbike + 
197743,Friedrichshain-Kreuzberg,2050802,Boxhagener Platz,July,20,Monday,minor,1,Driving,Daylight,0,1,0,1,0,0,Wet,13.4596,52.50908,car + motorbike + 
197744,Mitte,1033202,Humboldthain Süd,July,18,Monday,minor,5,Turning,Daylight,1,0,0,0,0,1,Wet,13.39115,52.53621,bicycle + other
197745,Charlottenburg-Wilmersdorf,4030930,George-Grosz-Platz,July,18,Monday,minor,0,Stationary Traffic,Daylight,0,1,0,1,0,0,Wet,13.32179,52.50172,car + motorbike + 
197746,Steglitz-Zehlendorf,6030610,Lichterfelde West,July,18,Monday,minor,0,Paralle Traffic,Daylight,1,1,0,0,0,0,Wet,13.29464,52.44225,bicycle + car + 
197747,Mitte,1033203,Humboldthain Nordwest,July,18,Monday,minor,2,Stationary Traffic,Daylight,0,1,0,0,0,0,Wet,13.37497,52.54816,car + 
197748,Mitte,1011302,Oranienburger Straße,July,16,Monday,minor,2,Stationary Traffic,Daylight,0,1,0,0,0,0,Dry,13.39318,52.52491,car + 
197749,Spandau,5010311,Eiswerder,July,16,Monday,minor,5,Other,Daylight,1,1,0,0,0,0,Dry,13.20902,52.54654,bicycle + car + 
197750,Steglitz-Zehlendorf,6010210,Bismarckstraße,July,19,Monday,minor,2,Stationary Traffic,Daylight,0,1,0,0,0,0,Wet,13.34204,52.46337,car + 
197751,Mitte,1011203,Unter den Linden Süd,July,17,Monday,minor,1,Paralle Traffic,Daylight,1,1,0,0,0,0,Wet,13.39251,52.51228,bicycle + car + 
197752,Charlottenburg-Wilmersdorf,4051655,Babelsberger Straße,July,16,Monday,minor,5,Turning,Daylight,0,1,0,1,0,0,Dry,13.33271,52.47869,car + motorbike + 
197753,Mitte,1033102,Gesundbrunnen,July,16,Monday,minor,5,Turning,Daylight,1,1,0,0,0,0,Dry,13.39186,52.5498,bicycle + car + 
197754,Pankow,3030715,Heinersdorf,July,19,Monday,minor,0,Other,Daylight,0,1,0,0,0,0,Wet,13.44221,52.56974,car + 
197755,Charlottenburg-Wilmersdorf,4051655,Babelsberger Straße,July,15,Monday,serious,5,Crossing,Daylight,1,1,0,0,0,0,Dry,13.33278,52.47972,bicycle + car + 
197756,Lichtenberg,11020516,Weiße Taube,July,15,Monday,minor,5,Turning,Daylight,1,0,0,0,0,1,Dry,13.516,52.53695,bicycle + other
197757,Mitte,1011301,Charitéviertel,July,15,Monday,minor,2,Other,Daylight,1,1,0,0,0,0,Dry,13.38107,52.53216,bicycle + car + 
197758,Charlottenburg-Wilmersdorf,4041342,Schlangenbader Straße,July,14,Monday,serious,2,Stationary Traffic,Daylight,0,1,0,1,0,0,Dry,13.3083,52.47697,car + motorbike + 
197759,Treptow-Köpenick,9020502,Oberschöneweide Ost,July,15,Monday,minor,2,Turning,Daylight,0,1,0,0,0,0,Dry,13.55432,52.4557,car + 
197760,Spandau,5010206,Gütersloher Weg,July,14,Monday,minor,0,Driving,Daylight,0,0,0,1,0,0,Dry,13.15133,52.55379,motorbike + 
197761,Charlottenburg-Wilmersdorf,4051446,Preußenpark,July,14,Monday,minor,5,Turning,Daylight,0,0,0,0,1,1,Dry,13.31265,52.49931,truck + other
197762,Friedrichshain-Kreuzberg,2050802,Boxhagener Platz,July,14,Monday,minor,5,Crossing,Daylight,0,1,0,0,0,0,Dry,13.46471,52.50697,car + 
197763,Treptow-Köpenick,9020701,Adlershof West,July,13,Monday,minor,3,Turning,Daylight,0,1,0,1,0,0,Dry,13.54691,52.43152,car + motorbike + 
197764,Tempelhof-Schöneberg,7020204,Schöneberger Insel,July,12,Monday,serious,6,Other,Daylight,0,0,1,0,0,1,Dry,13.36413,52.47646,pedestrian + other
197765,Charlottenburg-Wilmersdorf,4020310,Park Ruhwald,July,12,Monday,minor,2,Stationary Traffic,Daylight,0,1,0,0,0,0,Dry,13.2762,52.51884,car + 
197766,Pankow,3061126,Arnimplatz,July,12,Monday,minor,5,Turning,Daylight,1,1,0,0,0,0,Dry,13.3995,52.55257,bicycle + car + 
197767,Friedrichshain-Kreuzberg,2020203,Viktoriapark,July,11,Monday,minor,5,Crossing,Daylight,1,1,0,0,0,0,Dry,13.38616,52.48503,bicycle + car + 
197768,Marzahn-Hellersdorf,10020622,Kaulsdorf Nord I,July,11,Monday,serious,5,Turning,Daylight,0,1,0,0,0,0,Dry,13.58792,52.52071,car + 
197769,Treptow-Köpenick,9030901,Dorf Altglienicke,July,9,Monday,minor,6,Overtaking,Daylight,0,1,1,0,0,0,Dry,13.53902,52.42157,car + pedestrian + 
197770,Friedrichshain-Kreuzberg,2040502,Friedenstraße,July,9,Monday,minor,5,Turning,Daylight,1,1,0,0,0,0,Dry,13.44061,52.51702,bicycle + car + 
197771,Charlottenburg-Wilmersdorf,4051551,Brabanter Platz,July,9,Monday,minor,2,Stationary Traffic,Daylight,0,1,0,0,0,0,Dry,13.31481,52.48135,car + 
197772,Spandau,5020627,Tiefwerder,July,11,Monday,serious,8,Driving,Daylight,0,1,0,0,0,0,Dry,13.20789,52.52644,car + 
197773,Friedrichshain-Kreuzberg,2030302,Lausitzer Platz,July,18,Monday,minor,0,Driving,Daylight,1,0,0,0,0,0,Wet,13.43206,52.50572,bicycle + 
197774,Friedrichshain-Kreuzberg,2010102,Mehringplatz,July,19,Monday,minor,0,Driving,Daylight,1,0,0,0,0,0,Wet,13.39079,52.50453,bicycle + 
197775,Charlottenburg-Wilmersdorf,4010102,Plötzensee,July,8,Monday,minor,3,Stationary Traffic,Daylight,0,1,0,0,0,1,Dry,13.32616,52.53823,car + other
197776,Neukölln,8010118,Silbersteinstraße,July,7,Monday,minor,2,Turning,Daylight,1,1,0,0,0,0,Dry,13.42904,52.4719,bicycle + car + 
197777,Friedrichshain-Kreuzberg,2050802,Boxhagener Platz,July,6,Monday,minor,2,Stationary Traffic,Daylight,0,1,0,1,0,0,Dry,13.45159,52.51077,car + motorbike + 
197778,Steglitz-Zehlendorf,6020408,Lichterfelde Süd,July,20,Sunday,minor,0,Driving,Daylight,1,0,0,0,0,0,Dry,13.30465,52.41804,bicycle + 
197779,Tempelhof-Schöneberg,7010101,Wittenbergplatz/Viktoria-Luise-Platz,July,14,Sunday,minor,2,Stationary Traffic,Daylight,0,1,0,1,0,0,Dry,13.33872,52.49433,car + motorbike + 
197780,Spandau,5030731,Gartenfelder Straße,July,13,Sunday,minor,2,Stationary Traffic,Daylight,0,1,0,0,0,0,Dry,13.2386,52.5392,car + 
197781,Mitte,1011202,Unter den Linden Nord,July,17,Sunday,minor,0,Other,Daylight,0,0,0,0,0,1,Dry,13.39526,52.52044,other
197782,Mitte,1011303,Alexanderplatzviertel,July,22,Sunday,minor,0,Overtaking,Night,0,0,1,1,0,0,Dry,13.40054,52.52167,pedestrian + motorbike + 
197783,Neukölln,8010510,Gewerbegebiet Köllnische Heide,July,18,Sunday,minor,0,Driving,Daylight,1,0,0,0,0,0,Dry,13.45455,52.46537,bicycle + 
197784,Neukölln,8040933,Vogelviertel Süd,July,16,Sunday,minor,5,Other,Daylight,0,1,0,0,0,0,Dry,13.46588,52.43607,car + 
197785,Mitte,1011102,Großer Tiergarten,July,16,Sunday,minor,1,Paralle Traffic,Daylight,0,1,0,0,0,1,Dry,13.3755,52.5194,car + other
197786,Tempelhof-Schöneberg,7030303,Grazer Platz,July,15,Sunday,serious,2,Stationary Traffic,Daylight,0,1,0,1,0,0,Dry,13.34821,52.46363,car + motorbike + 
197787,Mitte,1011304,Karl-Marx-Allee,July,15,Sunday,minor,0,Driving,Daylight,0,0,0,0,0,1,Dry,13.42229,52.52441,other
197788,Friedrichshain-Kreuzberg,2050804,Stralauer Halbinsel,July,9,Sunday,minor,5,Turning,Daylight,1,0,0,0,0,1,Dry,13.46617,52.4968,bicycle + other
197789,Friedrichshain-Kreuzberg,2010103,Moritzplatz,July,10,Saturday,minor,0,Driving,Daylight,1,0,0,0,0,0,Dry,13.41316,52.50238,bicycle + 
197790,Friedrichshain-Kreuzberg,2040502,Friedenstraße,July,17,Saturday,minor,0,Crossing,Daylight,1,1,0,0,0,0,Dry,13.43671,52.52349,bicycle + car + 
197791,Neukölln,8010404,Rixdorf,July,23,Saturday,minor,0,Other,Night,1,0,0,0,0,1,Dry,13.44507,52.47934,bicycle + other
197792,Steglitz-Zehlendorf,6030503,Zehlendorf Mitte,July,18,Saturday,minor,5,Crossing,Daylight,1,1,0,0,0,0,Dry,13.25596,52.43591,bicycle + car + 
197793,Neukölln,8010301,Reuterkiez,July,18,Saturday,minor,0,Stationary Traffic,Daylight,0,1,0,1,0,0,Dry,13.43156,52.49234,car + motorbike + 
197794,Mitte,1022103,Westhafen,July,17,Saturday,minor,2,Stationary Traffic,Daylight,0,1,0,0,0,0,Dry,13.3343,52.54113,car + 
197795,Charlottenburg-Wilmersdorf,4051448,Schaperstraße,July,16,Saturday,minor,2,Stationary Traffic,Daylight,0,1,0,0,0,0,Dry,13.33642,52.49794,car + 
197796,Charlottenburg-Wilmersdorf,4030725,Amtsgerichtsplatz,July,16,Saturday,minor,5,Turning,Daylight,0,1,0,0,0,0,Dry,13.30202,52.50798,car + 
197797,Mitte,1033101,Soldiner Straße,July,16,Saturday,minor,5,Turning,Daylight,1,1,0,0,0,0,Dry,13.38794,52.56071,bicycle + car + 
197798,Steglitz-Zehlendorf,6040806,Fischtal,July,15,Saturday,serious,6,Overtaking,Daylight,0,1,1,0,0,0,Dry,13.25073,52.44977,car + pedestrian + 
197799,Neukölln,8010301,Reuterkiez,July,23,Saturday,minor,0,Stationary Traffic,Night,0,0,0,1,0,0,Dry,13.42936,52.48649,motorbike + 
197800,Mitte,1022207,Hansaviertel,August,7,Wednesday,minor,6,Overtaking,Daylight,0,1,1,0,0,0,Dry,13.34436,52.51688,car + pedestrian + 
197801,Spandau,5020524,Weinmeisterhornweg,August,6,Wednesday,minor,5,Turning,Daylight,0,1,0,0,0,0,Dry,13.18465,52.5154,car + 
197802,Treptow-Köpenick,9051702,Bölschestraße,August,7,Wednesday,serious,6,Other,Daylight,0,0,1,0,0,1,Dry,13.62264,52.44671,pedestrian + other
197803,Spandau,5010101,Hakenfelde Nord,August,7,Wednesday,minor,0,Driving,Daylight,1,0,0,0,0,0,Dry,13.21749,52.57316,bicycle + 
197804,Pankow,3061126,Arnimplatz,August,18,Tuesday,minor,0,Paralle Traffic,Daylight,1,1,0,0,0,0,Dry,13.41071,52.5508,bicycle + car + 
197805,Mitte,1022206,Lüneburger Straße,August,17,Tuesday,serious,6,Other,Daylight,0,0,1,0,0,1,Dry,13.36058,52.52343,pedestrian + other
197806,Mitte,1011202,Unter den Linden Nord,August,13,Tuesday,minor,6,Overtaking,Daylight,1,0,1,0,0,0,Dry,13.40034,52.51898,bicycle + pedestrian + 
197807,Pankow,3071536,Teutoburger Platz,August,18,Tuesday,minor,1,Paralle Traffic,Daylight,1,1,0,0,0,1,Dry,13.41086,52.53966,bicycle + car + other
197808,Treptow-Köpenick,9020502,Oberschöneweide Ost,August,16,Tuesday,serious,6,Overtaking,Daylight,0,0,1,1,0,0,Dry,13.53409,52.45724,pedestrian + motorbike + 
197809,Pankow,3061429,Greifswalder Straße,August,16,Tuesday,minor,5,Turning,Daylight,1,1,0,0,0,0,Dry,13.44464,52.54562,bicycle + car + 
197810,Mitte,1022101,Huttenkiez,August,15,Tuesday,minor,2,Stationary Traffic,Daylight,0,1,0,0,0,0,Dry,13.32881,52.524,car + 
197811,Neukölln,8010406,Treptower Straße Nord,August,18,Tuesday,minor,1,Paralle Traffic,Dawn,1,1,0,0,0,0,Dry,13.4469,52.4861,bicycle + car + 
197812,Tempelhof-Schöneberg,7040403,Manteuffelstraße,August,18,Tuesday,minor,6,Turning,Daylight,0,1,1,0,0,0,Dry,13.38552,52.46859,car + pedestrian + 
197813,Tempelhof-Schöneberg,7010102,Nollendorfplatz,August,18,Tuesday,minor,6,Overtaking,Daylight,0,1,1,0,0,0,Dry,13.34593,52.49875,car + pedestrian + 
197814,Marzahn-Hellersdorf,10040933,Mahlsdorf Süd,August,18,Tuesday,minor,1,Paralle Traffic,Daylight,1,1,0,0,0,0,Dry,13.59807,52.48935,bicycle + car + 
197815,Pankow,3071633,Thälmannpark,August,17,Tuesday,minor,3,Stationary Traffic,Daylight,1,0,0,0,0,0,Dry,13.42507,52.54099,bicycle + 
197816,Neukölln,8010214,Glasower Straße,August,17,Tuesday,minor,5,Turning,Daylight,1,1,0,0,0,0,Dry,13.44279,52.46508,bicycle + car + 
197817,Friedrichshain-Kreuzberg,2050801,Traveplatz,August,17,Tuesday,minor,5,Turning,Daylight,1,1,0,0,0,0,Dry,13.46227,52.51322,bicycle + car + 
197818,Tempelhof-Schöneberg,7030301,Friedenau,August,17,Tuesday,minor,2,Turning,Daylight,1,1,0,0,0,0,Dry,13.32843,52.46896,bicycle + car + 
197819,Tempelhof-Schöneberg,7040403,Manteuffelstraße,August,17,Tuesday,serious,0,Driving,Daylight,0,0,0,0,0,1,Dry,13.38163,52.45943,other
197820,Mitte,1011303,Alexanderplatzviertel,August,8,Tuesday,minor,0,Stationary Traffic,Daylight,1,0,0,0,0,0,Dry,13.41097,52.52577,bicycle + 