id,district,lor,street,month,hour,weekday,injury,collision,movement,light_conditions,bicycle,car,pedestrian,motorbike,truck,other_vehicle,road_conditions,longitude,latitude,Combo_type
197986,Mitte,1011101,Stülerstraße,August,16,Thursday,minor,2,Turning,Daylight,0,1,0,1,0,0,Dry,13.34936,52.50863,car + motorbike + 
197987,Mitte,1011305,Heine-Viertel West,August,18,Thursday,minor,3,Turning,Daylight,1,1,0,0,0,0,Dry,13.41373,52.50748,bicycle + car + 
197988,Treptow-Köpenick,9020502,Oberschöneweide Ost,August,16,Thursday,serious,5,Turning,Daylight,1,1,0,0,0,0,Dry,13.52524,52.45904,bicycle + car + 
197989,Neukölln,8010405,Hertzbergplatz,August,15,Thursday,minor,5,Crossing,Daylight,1,0,0,0,0,0,Dry,13.45476,52.47525,bicycle + 
197990,Friedrichshain-Kreuzberg,2010102,Mehringplatz,August,15,Thursday,minor,1,Paralle Traffic,Daylight,1,1,0,0,0,0,Dry,13.39108,52.50314,bicycle + car + 
197991,Mitte,1011204,Leipziger Straße,August,15,Thursday,minor,2,Stationary Traffic,Daylight,1,1,0,0,0,0,Dry,13.39132,52.50775,bicycle + car + 
197992,Neukölln,8010301,Reuterkiez,August,14,Thursday,minor,0,Crossing,Daylight,0,1,0,0,0,1,Dry,13.43513,52.48408,car + other
197993,Mitte,1033202,Humboldthain Süd,August,14,Thursday,minor,5,Turning,Daylight,1,0,0,0,0,1,Dry,13.3797,52.5402,bicycle + other
197994,Spandau,5010314,Carl-Schurz-Straße,August,14,Thursday,minor,3,Stationary Traffic,Daylight,0,1,0,1,0,0,Dry,13.2031,52.54084,car + motorbike + 
197995,Friedrichshain-Kreuzberg,2040701,Andreasviertel,August,14,Thursday,minor,2,Stationary Traffic,Daylight,0,1,0,0,0,1,Dry,13.42653,52.51554,car + other
197996,Neukölln,8020619,Buschkrugallee Nord,August,14,Thursday,minor,5,Turning,Daylight,1,1,0,0,0,0,Dry,13.45425,52.4529,bicycle + car + 
197997,Lichtenberg,11010204,Falkenberg Ost,August,13,Thursday,minor,5,Crossing,Daylight,1,1,0,0,0,0,Dry,13.5267,52.5691,bicycle + car + 
197998,Mitte,1022106,Elberfelder Straße,August,10,Thursday,minor,5,Turning,Daylight,1,1,0,0,0,0,Dry,13.33191,52.52215,bicycle + car + 
197999,Tempelhof-Schöneberg,7020203,Kaiser-Wilhelm-Platz,August,21,Thursday,minor,6,Other,Night,1,0,1,0,0,0,Dry,13.35449,52.48771,bicycle + pedestrian + 
198000,Charlottenburg-Wilmersdorf,4031032,Halensee,August,19,Thursday,serious,5,Turning,Daylight,0,1,0,1,0,0,Dry,13.2868,52.49582,car + motorbike + 
198001,Steglitz-Zehlendorf,6040810,Dahlem,August,8,Thursday,minor,5,Paralle Traffic,Daylight,1,1,0,0,0,0,Dry,13.30474,52.46352,bicycle + car + 
198002,Reinickendorf,12304313,Borsigwalde,August,10,Thursday,serious,5,Crossing,Daylight,0,1,0,0,0,0,Dry,13.31306,52.58549,car + 
198003,Pankow,3051017,Rennbahnstraße,August,8,Thursday,minor,5,Crossing,Daylight,1,0,0,0,0,0,Dry,13.46986,52.56427,bicycle + 
198004,Pankow,3061430,Volkspark Prenzlauer Berg,August,8,Thursday,minor,5,Other,Daylight,0,1,0,1,0,0,Dry,13.46161,52.53066,car + motorbike + 
198005,Mitte,1011201,Wilhelmstraße,August,9,Thursday,minor,0,Driving,Daylight,1,0,0,0,0,0,Wet,13.37774,52.50802,bicycle + 
198006,Neukölln,8020622,Parchimer Allee,August,8,Thursday,minor,2,Stationary Traffic,Daylight,0,1,0,0,0,0,Dry,13.43385,52.44382,car + 
198007,Spandau,5010205,An der Tränke,August,8,Thursday,minor,5,Crossing,Daylight,1,1,0,0,0,0,Dry,13.13174,52.5496,bicycle + car + 
198008,Marzahn-Hellersdorf,10010204,Wuhletalstraße,August,6,Thursday,serious,6,Overtaking,Daylight,0,1,1,0,0,0,Dry,13.5676,52.55601,car + pedestrian + 
198009,Spandau,5030731,Gartenfelder Straße,August,8,Wednesday,minor,6,Other,Daylight,1,0,1,0,0,0,Dry,13.23187,52.53868,bicycle + pedestrian + 
198010,Mitte,1011203,Unter den Linden Süd,August,14,Wednesday,minor,5,Turning,Daylight,1,0,0,0,0,0,Wet,13.39087,52.51574,bicycle + 
198011,Treptow-Köpenick,9020601,Schnellerstraße,August,12,Wednesday,serious,6,Other,Daylight,1,0,1,0,0,0,Dry,13.51528,52.45306,bicycle + pedestrian + 
198012,Tempelhof-Schöneberg,7040405,Rathaus Tempelhof,August,11,Wednesday,minor,3,Stationary Traffic,Daylight,0,1,0,0,0,0,Dry,13.39976,52.45909,car + 
198013,Charlottenburg-Wilmersdorf,4051446,Preußenpark,August,11,Wednesday,serious,6,Overtaking,Daylight,0,1,1,0,0,0,Dry,13.30786,52.49697,car + pedestrian + 
198014,Friedrichshain-Kreuzberg,2020203,Viktoriapark,August,11,Wednesday,minor,2,Stationary Traffic,Daylight,0,1,0,0,0,0,Dry,13.37989,52.49268,car + 
198015,Friedrichshain-Kreuzberg,2020204,Urbanstraße,August,9,Wednesday,minor,6,Overtaking,Daylight,1,0,1,0,0,0,Dry,13.4,52.49451,bicycle + pedestrian + 
198016,Neukölln,8020728,Buckow Ost,August,9,Wednesday,minor,6,Overtaking,Daylight,0,1,1,0,0,0,Dry,13.44866,52.4213,car + pedestrian + 
198017,Charlottenburg-Wilmersdorf,4030724,Lietzensee,August,9,Wednesday,minor,5,Other,Daylight,0,1,0,0,0,0,Dry,13.28925,52.50664,car + 
198018,Charlottenburg-Wilmersdorf,4051446,Preußenpark,August,9,Wednesday,minor,5,Crossing,Daylight,1,1,0,0,0,0,Dry,13.31512,52.49089,bicycle + car + 
198019,Steglitz-Zehlendorf,6030608,Schweizer Viertel,August,9,Wednesday,serious,5,Crossing,Daylight,1,1,0,0,0,0,Dry,13.29465,52.42932,bicycle + car + 
198020,Mitte,1011402,Arkonaplatz,August,8,Wednesday,minor,0,Stationary Traffic,Daylight,0,1,0,1,0,0,Dry,13.39697,52.537,car + motorbike + 
198021,Mitte,1011201,Wilhelmstraße,August,7,Wednesday,minor,2,Turning,Daylight,0,1,0,1,0,0,Dry,13.38422,52.50996,car + motorbike + 
198022,Neukölln,8010510,Gewerbegebiet Köllnische Heide,August,3,Wednesday,minor,5,Crossing,Night,1,1,0,0,0,0,Dry,13.46069,52.46825,bicycle + car + 
198023,Mitte,1011103,Lützowstraße,August,20,Wednesday,minor,5,Crossing,Daylight,0,1,0,1,0,0,Dry,13.36099,52.50222,car + motorbike + 
198024,Charlottenburg-Wilmersdorf,4051653,Prager Platz,August,7,Wednesday,minor,5,Turning,Daylight,0,1,0,0,0,0,Dry,13.33077,52.49316,car + 
198025,Reinickendorf,12231101,Hermsdorf,August,12,Wednesday,minor,5,Crossing,Daylight,0,1,0,0,0,0,Dry,13.30035,52.61851,car + 
198026,Reinickendorf,12214424,Scharnweberstraße,August,12,Wednesday,minor,0,Driving,Daylight,1,0,0,0,0,0,Dry,13.32611,52.56458,bicycle + 
198027,Pankow,3040512,Wilhelmsruh,August,7,Wednesday,minor,2,Stationary Traffic,Daylight,0,1,0,0,0,0,Dry,13.37577,52.59093,car + 
198028,Steglitz-Zehlendorf,6020301,Alt-Lankwitz,August,2,Wednesday,minor,9,Driving,Night,0,1,0,0,0,0,Dry,13.35271,52.4411,car + 
198029,Friedrichshain-Kreuzberg,2020204,Urbanstraße,August,16,Wednesday,minor,5,Crossing,Daylight,0,1,0,0,0,0,Dry,13.39652,52.4913,car + 
198030,Pankow,3040818,Pankow Süd,August,8,Wednesday,minor,3,Stationary Traffic,Daylight,1,1,0,0,0,0,Dry,13.4234,52.55555,bicycle + car + 
198031,Mitte,1011402,Arkonaplatz,August,15,Wednesday,minor,6,Other,Daylight,0,0,1,0,0,1,Dry,13.40584,52.53077,pedestrian + other
198032,Tempelhof-Schöneberg,7020204,Schöneberger Insel,August,15,Wednesday,minor,3,Other,Daylight,1,0,0,0,0,0,Dry,13.36347,52.4818,bicycle + 
198033,Mitte,1011204,Leipziger Straße,August,15,Wednesday,minor,5,Turning,Daylight,1,0,0,0,0,1,Wet,13.39373,52.50968,bicycle + other
198034,Friedrichshain-Kreuzberg,2030402,Wrangelkiez,August,14,Wednesday,minor,0,Stationary Traffic,Daylight,1,1,0,0,0,0,Dry,13.44744,52.4981,bicycle + car + 
198035,Mitte,1011303,Alexanderplatzviertel,August,14,Wednesday,minor,0,Driving,Daylight,0,0,0,1,0,0,Wet,13.41589,52.52178,motorbike + 
198036,Tempelhof-Schöneberg,7050501,Rathausstraße,August,14,Wednesday,minor,0,Crossing,Daylight,1,1,0,0,0,0,Wet,13.37505,52.437,bicycle + car + 
198037,Friedrichshain-Kreuzberg,2020204,Urbanstraße,August,14,Wednesday,minor,0,Turning,Daylight,0,0,0,1,0,1,Wet,13.395,52.49627,motorbike + other
198038,Pankow,3061430,Volkspark Prenzlauer Berg,August,14,Wednesday,minor,5,Turning,Daylight,1,1,0,0,0,0,Wet,13.45909,52.52907,bicycle + car + 
198039,Charlottenburg-Wilmersdorf,4030623,Ernst-Reuter-Platz,August,19,Wednesday,minor,5,Turning,Daylight,1,1,0,0,0,0,Dry,13.31898,52.5138,bicycle + car + 
198040,Spandau,5020419,Magistratsweg,August,18,Wednesday,minor,5,Crossing,Daylight,0,1,0,0,0,0,Dry,13.14161,52.53247,car + 
198041,Lichtenberg,11041128,Sewanstraße,August,17,Wednesday,minor,5,Crossing,Daylight,0,1,0,1,0,0,Dry,13.51824,52.49433,car + motorbike + 
198042,Lichtenberg,11030720,Herzbergstraße,August,13,Wednesday,minor,5,Other,Daylight,0,1,0,0,1,0,Wet,13.49554,52.52296,car + truck + 
198043,Marzahn-Hellersdorf,10040828,Kaulsdorf Nord,August,13,Wednesday,minor,5,Other,Daylight,0,1,0,0,0,0,Dry,13.59257,52.51511,car + 
198044,Mitte,1022106,Elberfelder Straße,August,13,Wednesday,minor,5,Turning,Daylight,1,1,0,0,0,0,Dry,13.33927,52.52581,bicycle + car + 
198045,Mitte,1022104,Emdener Straße,August,5,Tuesday,minor,5,Crossing,Dawn,0,1,0,1,0,0,Dry,13.33473,52.53292,car + motorbike + 
198046,Steglitz-Zehlendorf,6010209,Feuerbachstraße,August,12,Tuesday,serious,1,Paralle Traffic,Daylight,1,1,0,0,0,0,Dry,13.3309,52.46402,bicycle + car + 
198047,Charlottenburg-Wilmersdorf,4051653,Prager Platz,August,15,Tuesday,minor,0,Stationary Traffic,Daylight,0,1,0,1,0,0,Wet,13.33101,52.49293,car + motorbike + 
198048,Tempelhof-Schöneberg,7020202,Volkspark (Rudolf-Wilde-Park),August,16,Tuesday,minor,1,Other,Daylight,0,1,0,0,0,0,Dry,13.34924,52.48078,car + 
198049,Charlottenburg-Wilmersdorf,4020310,Park Ruhwald,August,10,Tuesday,minor,2,Turning,Daylight,0,1,0,1,0,0,Dry,13.27998,52.51847,car + motorbike + 
198050,Mitte,1011203,Unter den Linden Süd,August,20,Tuesday,minor,5,Crossing,Night,1,1,0,0,0,0,Dry,13.39078,52.51574,bicycle + car + 
198051,Tempelhof-Schöneberg,7010104,Dennewitzplatz,August,20,Tuesday,minor,3,Stationary Traffic,Daylight,1,0,0,0,0,1,Dry,13.36502,52.4938,bicycle + other
198052,Steglitz-Zehlendorf,6030501,Berlepschstraße,August,19,Tuesday,minor,1,Driving,Daylight,0,1,0,0,0,0,Dry,13.25153,52.42809,car + 
198053,Tempelhof-Schöneberg,7030301,Friedenau,August,19,Tuesday,minor,2,Stationary Traffic,Daylight,0,1,0,0,0,0,Dry,13.33273,52.46919,car + 
198054,Spandau,5010314,Carl-Schurz-Straße,August,18,Tuesday,minor,0,Turning,Daylight,0,1,0,0,0,1,Dry,13.20319,52.54083,car + other
198055,Spandau,5020625,Borkumer Straße,August,18,Tuesday,minor,0,Overtaking,Daylight,1,0,1,0,0,0,Dry,13.19458,52.53363,bicycle + pedestrian + 
198056,Mitte,1011301,Charitéviertel,August,18,Tuesday,minor,2,Turning,Daylight,1,1,0,0,0,0,Dry,13.38617,52.52364,bicycle + car + 
198057,Mitte,1033203,Humboldthain Nordwest,August,18,Tuesday,minor,5,Crossing,Daylight,1,1,0,0,0,0,Dry,13.37464,52.53732,bicycle + car + 
198058,Friedrichshain-Kreuzberg,2020206,Graefekiez,August,16,Tuesday,minor,0,Other,Daylight,1,1,0,0,0,0,Wet,13.41479,52.49305,bicycle + car + 
198059,Friedrichshain-Kreuzberg,2020206,Graefekiez,August,17,Tuesday,serious,2,Stationary Traffic,Daylight,0,0,0,1,0,1,Dry,13.40986,52.48882,motorbike + other
198060,Treptow-Köpenick,9031101,Grünau,August,17,Tuesday,minor,3,Stationary Traffic,Daylight,1,1,0,0,0,0,Dry,13.59213,52.41088,bicycle + car + 
198061,Mitte,1011105,Nördlicher Landwehrkanal,August,17,Wednesday,minor,5,Turning,Daylight,1,1,0,0,0,0,Dry,13.36414,52.50995,bicycle + car + 
198062,Mitte,1011204,Leipziger Straße,August,17,Tuesday,minor,0,Crossing,Daylight,0,1,0,1,0,0,Wet,13.39406,52.50873,car + motorbike + 
198063,Charlottenburg-Wilmersdorf,4030620,Alt-Lietzow,August,17,Tuesday,minor,5,Other,Daylight,1,1,0,0,0,0,Dry,13.31801,52.51827,bicycle + car + 
198064,Mitte,1022202,Heidestraße,August,17,Wednesday,minor,0,Turning,Daylight,1,1,0,0,0,0,Dry,13.36034,52.53724,bicycle + car + 
198065,Pankow,3061126,Arnimplatz,August,17,Tuesday,minor,5,Turning,Daylight,1,1,0,0,0,0,Dry,13.40252,52.5543,bicycle + car + 
198066,Tempelhof-Schöneberg,7070702,Alt-Lichtenrade/Töpchiner Weg,August,17,Wednesday,minor,5,Crossing,Daylight,1,1,0,0,0,0,Dry,13.42008,52.40174,bicycle + car + 
198067,Mitte,1011203,Unter den Linden Süd,August,17,Tuesday,minor,5,Crossing,Daylight,0,1,0,0,0,1,Dry,13.38899,52.51563,car + other
198068,Marzahn-Hellersdorf,10010203,Gewerbegebiet Bitterfelder Straße,August,17,Wednesday,minor,5,Crossing,Daylight,1,0,0,0,0,1,Dry,13.53743,52.54036,bicycle + other
198069,Steglitz-Zehlendorf,6020303,Lankwitz Kirche,August,17,Tuesday,minor,5,Turning,Daylight,0,1,0,1,0,0,Dry,13.34886,52.43479,car + motorbike + 
198070,Mitte,1011202,Unter den Linden Nord,August,8,Wednesday,minor,5,Turning,Daylight,1,0,0,1,0,0,Dry,13.388,52.52175,bicycle + motorbike + 
198071,Pankow,3051021,Buschallee,August,11,Tuesday,minor,2,Paralle Traffic,Daylight,0,1,0,1,0,0,Dry,13.47479,52.55551,car + motorbike + 
198072,Friedrichshain-Kreuzberg,2010104,Wassertorplatz,August,16,Wednesday,minor,6,Other,Daylight,1,0,1,0,0,0,Dry,13.40608,52.4977,bicycle + pedestrian + 
198073,Neukölln,8010117,Schillerpromenade,August,12,Tuesday,minor,2,Stationary Traffic,Daylight,1,1,0,0,0,0,Dry,13.42669,52.47633,bicycle + car + 
198074,Mitte,1044201,Reinickendorfer Straße,August,16,Wednesday,serious,1,Paralle Traffic,Daylight,0,1,0,1,0,0,Dry,13.37604,52.55489,car + motorbike + 
198075,Mitte,1033101,Soldiner Straße,August,11,Tuesday,minor,5,Crossing,Daylight,0,1,0,1,0,0,Dry,13.39273,52.56418,car + motorbike + 
198076,Spandau,5030832,Rohrdamm,August,11,Tuesday,minor,6,Other,Daylight,0,1,1,0,0,0,Dry,13.27195,52.53649,car + pedestrian + 
198077,Mitte,1044201,Reinickendorfer Straße,August,15,Wednesday,minor,5,Turning,Daylight,0,1,0,1,0,0,Dry,13.37155,52.55399,car + motorbike + 
198078,Steglitz-Zehlendorf,6040806,Fischtal,August,10,Tuesday,minor,1,Paralle Traffic,Daylight,1,1,0,0,0,0,Dry,13.26002,52.45157,bicycle + car + 
198079,Charlottenburg-Wilmersdorf,4030623,Ernst-Reuter-Platz,August,15,Wednesday,serious,5,Turning,Daylight,1,0,0,0,0,1,Dry,13.32458,52.51688,bicycle + other
198080,Neukölln,8010117,Schillerpromenade,August,9,Tuesday,minor,5,Crossing,Daylight,0,1,0,1,0,1,Dry,13.42704,52.47554,car + motorbike + other
198081,Reinickendorf,12214527,Alt-Tegel,August,12,Wednesday,minor,5,Other,Daylight,0,1,0,1,0,0,Dry,13.28688,52.58381,car + motorbike + 
198082,Pankow,3030406,Alt-Karow,August,9,Tuesday,minor,0,Crossing,Daylight,0,1,0,0,0,1,Dry,13.47288,52.617,car + other
198083,Steglitz-Zehlendorf,6040703,Nikolassee,August,11,Wednesday,minor,5,Crossing,Daylight,0,1,0,0,0,0,Dry,13.20659,52.43046,car + 
198084,Neukölln,8010510,Gewerbegebiet Köllnische Heide,August,8,Tuesday,minor,5,Turning,Daylight,1,1,0,0,0,0,Dry,13.45416,52.46913,bicycle + car + 
198085,Charlottenburg-Wilmersdorf,4030620,Alt-Lietzow,August,7,Tuesday,minor,5,Turning,Daylight,1,1,0,0,0,0,Dry,13.30297,52.51866,bicycle + car + 
198086,Lichtenberg,11030721,Rüdigerstraße,August,10,Wednesday,minor,5,Paralle Traffic,Daylight,0,1,0,0,0,1,Dry,13.49693,52.51715,car + other
198087,Mitte,1022105,Zwinglistraße,August,10,Wednesday,minor,5,Turning,Daylight,0,1,0,0,0,0,Dry,13.33036,52.52641,car + 
198088,Pankow,3040614,Pankow Zentrum,August,7,Tuesday,minor,5,Crossing,Daylight,1,1,0,0,0,0,Dry,13.4286,52.58297,bicycle + car + 
198089,Lichtenberg,11010103,Dorf Falkenberg,August,7,Tuesday,serious,3,Stationary Traffic,Daylight,0,0,0,1,0,1,Dry,13.56286,52.5719,motorbike + other
198090,Mitte,1022206,Lüneburger Straße,August,10,Wednesday,serious,6,Other,Daylight,0,1,1,0,0,0,Dry,13.36759,52.52403,car + pedestrian + 
198091,Treptow-Köpenick,9020802,Köllnische Vorstadt,August,7,Tuesday,minor,2,Stationary Traffic,Daylight,0,1,0,1,0,0,Dry,13.5641,52.44573,car + motorbike + 
198092,Treptow-Köpenick,9010201,Am Treptower Park Süd,August,9,Wednesday,minor,5,Turning,Daylight,1,1,0,0,0,0,Dry,13.46417,52.4818,bicycle + car + 
198093,Charlottenburg-Wilmersdorf,4041238,Kissinger Straße,August,15,Tuesday,minor,1,Paralle Traffic,Daylight,0,1,0,0,0,0,Dry,13.29024,52.47559,car + 
198094,Lichtenberg,11030721,Rüdigerstraße,August,16,Tuesday,minor,4,Stationary Traffic,Daylight,1,1,0,0,0,0,Dry,13.49902,52.51726,bicycle + car + 
198095,Tempelhof-Schöneberg,7060603,Marienfelde Nordost,August,9,Wednesday,minor,5,Turning,Daylight,1,1,0,0,0,0,Dry,13.38982,52.42032,bicycle + car + 
198096,Reinickendorf,12231102,Frohnau,August,15,Tuesday,minor,0,Crossing,Daylight,0,0,0,1,0,1,Wet,13.29454,52.62947,motorbike + other
198097,Spandau,5010206,Gütersloher Weg,August,15,Tuesday,minor,0,Crossing,Daylight,0,1,0,1,0,0,Wet,13.14924,52.55418,car + motorbike + 
198098,Pankow,3071536,Teutoburger Platz,August,7,Wednesday,minor,5,Turning,Daylight,1,0,0,0,0,1,Dry,13.41095,52.53061,bicycle + other
198099,Charlottenburg-Wilmersdorf,4020207,Flatowallee,August,16,Tuesday,serious,5,Other,Daylight,0,1,0,0,0,0,Dry,13.24678,52.51374,car + 
198100,Spandau,5020628,Graetschelsteig,August,15,Tuesday,minor,0,Crossing,Daylight,0,1,0,1,0,0,Dry,13.18764,52.51506,car + motorbike + 
198101,Mitte,1044201,Reinickendorfer Straße,August,15,Wednesday,minor,5,Turning,Daylight,1,1,0,0,0,0,Dry,13.37723,52.55366,bicycle + car + 
198102,Mitte,1044201,Reinickendorfer Straße,August,14,Tuesday,minor,6,Overtaking,Daylight,1,0,1,0,0,0,Dry,13.37429,52.55652,bicycle + pedestrian + 
198103,Pankow,3071537,Kollwitzplatz,August,15,Wednesday,minor,4,Paralle Traffic,Daylight,1,1,0,0,0,0,Dry,13.41935,52.53823,bicycle + car + 
198104,Lichtenberg,11030618,Fennpfuhl West,August,16,Tuesday,minor,3,Stationary Traffic,Daylight,1,0,0,0,0,0,Dry,13.47157,52.53217,bicycle + 
198105,Tempelhof-Schöneberg,7010102,Nollendorfplatz,August,15,Wednesday,minor,3,Stationary Traffic,Daylight,1,1,0,0,0,0,Dry,13.34628,52.50103,bicycle + car + 
198106,Neukölln,8010118,Silbersteinstraße,August,14,Tuesday,minor,0,Turning,Daylight,0,1,0,1,0,0,Dry,13.42602,52.46573,car + motorbike + 
198107,Pankow,3040614,Pankow Zentrum,August,14,Wednesday,minor,5,Crossing,Daylight,0,1,0,1,0,0,Dry,13.39965,52.56649,car + motorbike + 
198108,Treptow-Köpenick,9020701,Adlershof West,August,14,Tuesday,serious,5,Turning,Daylight,0,1,0,1,0,0,Dry,13.53636,52.43286,car + motorbike + 
198109,Treptow-Köpenick,9051702,Bölschestraße,August,16,Tuesday,minor,5,Other,Daylight,0,1,0,1,0,0,Dry,13.62717,52.46354,car + motorbike + 
198110,Charlottenburg-Wilmersdorf,4020313,Königin-Elisabeth-Straße,August,14,Wednesday,minor,6,Turning,Daylight,0,1,1,0,0,0,Dry,13.28329,52.51111,car + pedestrian + 
198111,Reinickendorf,12304314,Ziekowstraße/Freie Scholle,August,14,Wednesday,minor,1,Paralle Traffic,Daylight,1,1,0,0,0,0,Dry,13.30212,52.59337,bicycle + car + 
198112,Spandau,5030730,Zitadellenweg,August,13,Tuesday,minor,5,Turning,Daylight,1,1,0,0,0,0,Dry,13.21397,52.53838,bicycle + car + 
198113,Mitte,1011402,Arkonaplatz,August,8,Tuesday,minor,5,Crossing,Daylight,1,1,0,0,0,0,Dry,13.40314,52.53362,bicycle + car + 
198114,Neukölln,8010404,Rixdorf,August,13,Wednesday,serious,5,Crossing,Daylight,0,1,0,1,0,0,Dry,13.43878,52.48066,car + motorbike + 
198115,Charlottenburg-Wilmersdorf,4051550,Leon-Jessel-Platz,August,12,Tuesday,minor,5,Other,Daylight,1,1,0,0,0,0,Dry,13.31937,52.48948,bicycle + car + 
198116,Friedrichshain-Kreuzberg,2040701,Andreasviertel,August,13,Wednesday,minor,5,Crossing,Daylight,0,1,0,0,0,0,Dry,13.4267,52.51572,car + 
198117,Reinickendorf,12301203,Wittenau Süd,August,16,Tuesday,minor,3,Stationary Traffic,Daylight,0,1,0,0,0,0,Dry,13.32627,52.59168,car + 
198118,Pankow,3050920,Weißer See,August,13,Wednesday,minor,5,Crossing,Daylight,0,1,0,0,0,0,Dry,13.45845,52.55775,car + 
198119,Friedrichshain-Kreuzberg,2050802,Boxhagener Platz,August,15,Tuesday,minor,5,Crossing,Daylight,0,1,0,0,0,0,Wet,13.46106,52.51113,car + 
198120,Charlottenburg-Wilmersdorf,4030620,Alt-Lietzow,August,13,Wednesday,serious,1,Paralle Traffic,Daylight,0,1,0,0,0,1,Dry,13.31097,52.51611,car + other
198121,Pankow,3061430,Volkspark Prenzlauer Berg,August,15,Tuesday,minor,5,Turning,Daylight,1,1,0,0,0,0,Wet,13.45907,52.52907,bicycle + car + 
198122,Steglitz-Zehlendorf,6040810,Dahlem,August,7,Wednesday,minor,0,Turning,Daylight,0,1,0,1,0,0,Dry,13.27671,52.45046,car + motorbike + 
198123,Reinickendorf,12301203,Wittenau Süd,August,15,Tuesday,minor,0,Driving,Daylight,0,0,0,1,0,0,Wet,13.3157,52.57808,motorbike + 
198124,Tempelhof-Schöneberg,7010102,Nollendorfplatz,August,12,Wednesday,minor,1,Paralle Traffic,Daylight,1,1,0,0,0,1,Dry,13.35981,52.49615,bicycle + car + other
198125,Treptow-Köpenick,9051901,Dammvorstadt,August,13,Thursday,minor,5,Other,Daylight,0,1,0,0,0,1,Dry,13.57393,52.44956,car + other
198126,Marzahn-Hellersdorf,10040829,Alt-Kaulsdorf,August,13,Thursday,minor,1,Paralle Traffic,Daylight,1,1,0,0,0,0,Dry,13.59095,52.50533,bicycle + car + 
198127,Mitte,1044101,Rehberge,August,13,Thursday,minor,5,Turning,Daylight,1,1,0,0,0,0,Dry,13.33876,52.5433,bicycle + car + 
198128,Mitte,1011202,Unter den Linden Nord,August,12,Thursday,minor,2,Other,Daylight,1,1,0,0,0,0,Dry,13.38861,52.51829,bicycle + car + 
198129,Mitte,1022106,Elberfelder Straße,August,9,Thursday,serious,2,Other,Daylight,0,1,0,0,0,0,Dry,13.3342,52.52454,car + 
198130,Charlottenburg-Wilmersdorf,4020310,Park Ruhwald,August,9,Thursday,serious,5,Turning,Daylight,1,0,0,0,1,0,Dry,13.28042,52.51833,bicycle + truck + 
198131,Mitte,1011306,Heine-Viertel Ost,August,9,Thursday,minor,5,Turning,Daylight,0,1,0,1,0,0,Dry,13.42459,52.5088,car + motorbike + 
198132,Mitte,1044202,Sparrplatz,August,9,Thursday,minor,0,Paralle Traffic,Daylight,0,1,0,1,0,0,Dry,13.34609,52.53898,car + motorbike + 
198133,Lichtenberg,11020411,Malchower Weg,August,9,Thursday,minor,5,Crossing,Daylight,1,1,0,0,0,0,Dry,13.49315,52.56262,bicycle + car + 
198134,Mitte,1044201,Reinickendorfer Straße,August,8,Thursday,minor,5,Crossing,Daylight,0,1,0,0,0,0,Dry,13.37698,52.5563,car + 
198135,Tempelhof-Schöneberg,7030303,Grazer Platz,August,8,Thursday,minor,5,Turning,Daylight,0,1,0,1,0,0,Dry,13.34746,52.47054,car + motorbike + 
198136,Reinickendorf,12214424,Scharnweberstraße,August,8,Thursday,minor,3,Stationary Traffic,Daylight,0,1,0,0,1,0,Dry,13.32912,52.56351,car + truck + 
198137,Mitte,1022206,Lüneburger Straße,August,8,Thursday,minor,5,Turning,Daylight,1,1,0,0,0,0,Dry,13.35721,52.52372,bicycle + car + 
198138,Friedrichshain-Kreuzberg,2040502,Friedenstraße,August,8,Thursday,minor,5,Turning,Daylight,1,1,0,0,0,0,Dry,13.43292,52.52334,bicycle + car + 
198139,Treptow-Köpenick,9020601,Schnellerstraße,August,7,Thursday,minor,5,Turning,Daylight,1,1,0,0,0,0,Dry,13.53341,52.45206,bicycle + car + 
198140,Tempelhof-Schöneberg,7010101,Wittenbergplatz/Viktoria-Luise-Platz,August,3,Thursday,minor,6,Stationary Traffic,Night,0,0,1,0,0,1,Dry,13.34456,52.49661,pedestrian + other
198141,Reinickendorf,12231101,Hermsdorf,August,10,Thursday,minor,0,Driving,Daylight,0,0,0,1,0,0,Dry,13.29944,52.62339,motorbike + 
198142,Reinickendorf,12214424,Scharnweberstraße,August,16,Wednesday,minor,5,Turning,Daylight,1,1,0,0,0,0,Dry,13.33151,52.56198,bicycle + car + 
198143,Reinickendorf,12304314,Ziekowstraße/Freie Scholle,August,16,Wednesday,minor,0,Driving,Daylight,0,1,0,1,0,0,Dry,13.29597,52.59667,car + motorbike + 
198144,Friedrichshain-Kreuzberg,2020202,Rathaus Yorckstraße,August,4,Wednesday,minor,5,Crossing,Night,0,1,0,0,0,0,Wet,13.38516,52.4984,car + 
198145,Pankow,3061126,Arnimplatz,August,19,Wednesday,minor,2,Turning,Night,0,1,0,1,0,0,Dry,13.40059,52.55442,car + motorbike + 
198146,Charlottenburg-Wilmersdorf,4030620,Alt-Lietzow,August,19,Wednesday,minor,5,Crossing,Dawn,0,1,0,1,0,0,Dry,13.3066,52.51812,car + motorbike + 
198147,Steglitz-Zehlendorf,6010205,Südende,August,18,Wednesday,minor,5,Turning,Daylight,0,1,0,1,0,0,Dry,13.34639,52.44819,car + motorbike + 