id,district,lor,street,month,hour,weekday,injury,collision,movement,light_conditions,bicycle,car,pedestrian,motorbike,truck,other_vehicle,road_conditions,longitude,latitude,Combo_type
198148,Tempelhof-Schöneberg,7030301,Friedenau,August,18,Wednesday,minor,5,Other,Daylight,1,0,0,0,0,1,Dry,13.32837,52.46625,bicycle + other
198149,Friedrichshain-Kreuzberg,2010101,Askanischer Platz,August,17,Wednesday,minor,1,Paralle Traffic,Daylight,0,1,0,1,0,0,Dry,13.38785,52.50294,car + motorbike + 
198150,Friedrichshain-Kreuzberg,2050602,Samariterviertel,August,16,Wednesday,minor,1,Paralle Traffic,Daylight,1,1,0,0,0,0,Dry,13.47213,52.51665,bicycle + car + 
198151,Friedrichshain-Kreuzberg,2020206,Graefekiez,August,18,Wednesday,minor,3,Stationary Traffic,Daylight,1,1,0,0,0,0,Dry,13.41821,52.49573,bicycle + car + 
198152,Spandau,5020521,Döberitzer Weg,August,17,Wednesday,minor,0,Crossing,Daylight,1,1,0,0,0,0,Dry,13.12936,52.52715,bicycle + car + 
198153,Steglitz-Zehlendorf,6020409,Königsberger Straße,August,14,Wednesday,serious,2,Stationary Traffic,Daylight,0,1,0,0,0,1,Dry,13.31916,52.43319,car + other
198154,Tempelhof-Schöneberg,7030301,Friedenau,August,17,Wednesday,minor,3,Stationary Traffic,Daylight,1,1,0,0,0,0,Dry,13.33447,52.47085,bicycle + car + 
198155,Charlottenburg-Wilmersdorf,4051652,Nikolsburger Platz,August,17,Wednesday,minor,0,Overtaking,Daylight,1,0,1,0,0,0,Dry,13.32341,52.49262,bicycle + pedestrian + 
198156,Tempelhof-Schöneberg,7010102,Nollendorfplatz,August,15,Wednesday,minor,3,Stationary Traffic,Daylight,1,1,0,0,0,0,Dry,13.35697,52.49452,bicycle + car + 
198157,Tempelhof-Schöneberg,7040403,Manteuffelstraße,August,22,Wednesday,minor,5,Crossing,Night,0,1,0,0,0,0,Dry,13.38271,52.4685,car + 
198158,Tempelhof-Schöneberg,7020203,Kaiser-Wilhelm-Platz,August,19,Wednesday,minor,5,Turning,Daylight,1,1,0,0,0,0,Dry,13.35297,52.48434,bicycle + car + 
198159,Mitte,1033201,Brunnenstraße,August,8,Wednesday,serious,6,Overtaking,Daylight,1,0,1,0,0,0,Dry,13.39298,52.54873,bicycle + pedestrian + 
198160,Mitte,1011204,Leipziger Straße,August,8,Wednesday,minor,5,Crossing,Daylight,1,1,0,0,0,0,Dry,13.39026,52.50859,bicycle + car + 
198161,Spandau,5040934,Alt-Gatow,August,8,Wednesday,minor,5,Crossing,Daylight,0,1,0,1,0,0,Dry,13.17995,52.49882,car + motorbike + 
198162,Friedrichshain-Kreuzberg,2040701,Andreasviertel,August,7,Wednesday,minor,5,Turning,Daylight,0,1,0,0,0,0,Dry,13.42867,52.51887,car + 
198163,Reinickendorf,12214422,Klixstraße,August,7,Wednesday,minor,6,Turning,Daylight,0,1,1,0,0,0,Dry,13.31306,52.57479,car + pedestrian + 
198164,Pankow,3020307,Buchholz,August,7,Wednesday,minor,6,Turning,Daylight,0,1,1,0,0,0,Dry,13.43011,52.60966,car + pedestrian + 
198165,Spandau,5010314,Carl-Schurz-Straße,August,6,Wednesday,serious,0,Stationary Traffic,Dawn,0,1,0,1,0,0,Dry,13.20652,52.53913,car + motorbike + 
198166,Neukölln,8020622,Parchimer Allee,August,6,Wednesday,minor,5,Crossing,Daylight,1,0,0,0,0,1,Dry,13.43353,52.44519,bicycle + other
198167,Tempelhof-Schöneberg,7050504,Imbrosweg,August,9,Wednesday,minor,9,Driving,Daylight,0,1,0,0,0,1,Dry,13.40676,52.44449,car + other
198168,Marzahn-Hellersdorf,10010308,Marzahner Chaussee,August,17,Wednesday,serious,5,Turning,Daylight,0,1,0,1,0,0,Dry,13.52,52.5326,car + motorbike + 
198169,Mitte,1011203,Unter den Linden Süd,August,16,Wednesday,serious,5,Crossing,Daylight,1,1,0,0,0,0,Dry,13.39105,52.51488,bicycle + car + 
198170,Tempelhof-Schöneberg,7020203,Kaiser-Wilhelm-Platz,August,15,Wednesday,minor,0,Driving,Daylight,0,1,0,1,0,0,Dry,13.34892,52.48564,car + motorbike + 
198171,Reinickendorf,12214527,Alt-Tegel,August,15,Wednesday,minor,5,Crossing,Daylight,1,1,0,0,0,0,Dry,13.28714,52.58609,bicycle + car + 
198172,Marzahn-Hellersdorf,10010308,Marzahner Chaussee,August,15,Wednesday,minor,5,Crossing,Daylight,1,1,0,0,0,0,Dry,13.52484,52.5362,bicycle + car + 
198173,Treptow-Köpenick,9010401,Johannisthal West,August,15,Wednesday,minor,6,Overtaking,Daylight,0,1,1,0,0,0,Dry,13.50668,52.4473,car + pedestrian + 
198174,Neukölln,8010301,Reuterkiez,August,15,Wednesday,minor,5,Turning,Daylight,1,1,0,0,0,0,Dry,13.42698,52.48733,bicycle + car + 
198175,Steglitz-Zehlendorf,6040809,Thielallee,August,14,Wednesday,serious,5,Crossing,Daylight,1,1,0,0,0,0,Dry,13.29037,52.45768,bicycle + car + 
198176,Treptow-Köpenick,9020701,Adlershof West,August,14,Wednesday,minor,5,Turning,Daylight,0,1,0,0,0,0,Dry,13.53518,52.43229,car + 
198177,Friedrichshain-Kreuzberg,2010101,Askanischer Platz,August,12,Wednesday,minor,5,Crossing,Daylight,1,1,0,0,0,0,Dry,13.38676,52.50101,bicycle + car + 
198178,Charlottenburg-Wilmersdorf,4030417,Schloßstraße,August,11,Wednesday,minor,5,Turning,Daylight,1,0,0,1,0,0,Dry,13.28842,52.51301,bicycle + motorbike + 
198179,Neukölln,8020728,Buckow Ost,August,10,Wednesday,serious,2,Stationary Traffic,Daylight,0,1,0,1,0,0,Dry,13.44107,52.41756,car + motorbike + 
198180,Treptow-Köpenick,9031101,Grünau,August,9,Wednesday,minor,5,Crossing,Daylight,0,1,0,0,0,1,Dry,13.58979,52.41074,car + other
198181,Charlottenburg-Wilmersdorf,4010102,Plötzensee,August,9,Wednesday,serious,5,Crossing,Daylight,0,1,0,1,0,0,Dry,13.31029,52.54764,car + motorbike + 
198182,Lichtenberg,11010103,Dorf Falkenberg,August,9,Wednesday,minor,5,Turning,Daylight,1,0,0,0,0,1,Dry,13.56431,52.57228,bicycle + other
198183,Marzahn-Hellersdorf,10020517,Adele-Sandrock-Straße,August,11,Tuesday,serious,0,Other,Daylight,1,0,0,0,0,0,Dry,13.60697,52.53375,bicycle + 
198184,Tempelhof-Schöneberg,7040405,Rathaus Tempelhof,August,15,Tuesday,minor,2,Stationary Traffic,Daylight,0,1,0,0,0,0,Dry,13.38775,52.46039,car + 
198185,Tempelhof-Schöneberg,7010101,Wittenbergplatz/Viktoria-Luise-Platz,August,8,Tuesday,minor,5,Crossing,Daylight,1,0,0,0,0,0,Dry,13.34222,52.50183,bicycle + 
198186,Reinickendorf,12214421,Reinickes Hof,August,21,Tuesday,minor,0,Driving,Night,0,0,0,1,0,0,Dry,13.33,52.5692,motorbike + 
198187,Pankow,3040614,Pankow Zentrum,August,20,Tuesday,minor,2,Stationary Traffic,Night,1,0,0,0,0,0,Dry,13.4075,52.56565,bicycle + 
198188,Mitte,1011201,Wilhelmstraße,August,18,Tuesday,minor,5,Crossing,Daylight,1,0,0,0,0,0,Dry,13.37672,52.5108,bicycle + 
198189,Steglitz-Zehlendorf,6030609,Augustaplatz,August,16,Tuesday,minor,5,Crossing,Daylight,0,1,0,0,0,0,Dry,13.29995,52.44386,car + 
198190,Neukölln,8030829,Gropiusstadt Nord,August,19,Tuesday,serious,1,Driving,Daylight,0,1,0,0,0,1,Dry,13.465,52.42954,car + other
198191,Friedrichshain-Kreuzberg,2010102,Mehringplatz,August,16,Tuesday,minor,2,Stationary Traffic,Daylight,0,1,0,0,0,0,Dry,13.39104,52.50337,car + 
198192,Neukölln,8010303,Donaustraße,August,16,Tuesday,minor,2,Stationary Traffic,Daylight,0,1,0,0,0,1,Dry,13.43922,52.48147,car + other
198193,Reinickendorf,12302110,Dannenwalder Weg,August,15,Tuesday,minor,0,Driving,Daylight,0,1,0,1,0,0,Dry,13.34967,52.5921,car + motorbike + 
198194,Reinickendorf,12224230,Heiligensee,August,15,Tuesday,minor,5,Crossing,Daylight,1,0,0,0,0,0,Dry,13.23027,52.60787,bicycle + 
198195,Friedrichshain-Kreuzberg,2010102,Mehringplatz,August,14,Tuesday,minor,6,Turning,Daylight,0,0,1,0,1,0,Dry,13.3981,52.50712,pedestrian + truck + 
198196,Charlottenburg-Wilmersdorf,4010103,Paul-Hertz-Siedlung,August,14,Tuesday,minor,5,Crossing,Daylight,1,1,0,0,0,0,Dry,13.29444,52.53442,bicycle + car + 
198197,Mitte,1044202,Sparrplatz,August,18,Tuesday,minor,5,Turning,Daylight,1,1,0,0,0,0,Dry,13.3451,52.53906,bicycle + car + 
198198,Mitte,1011201,Wilhelmstraße,August,18,Tuesday,minor,1,Paralle Traffic,Daylight,1,1,0,0,0,0,Dry,13.38081,52.51104,bicycle + car + 
198199,Friedrichshain-Kreuzberg,2010103,Moritzplatz,August,18,Tuesday,minor,0,Other,Daylight,0,1,0,0,0,1,Dry,13.41662,52.49958,car + other
198200,Mitte,1022204,Thomasiusstraße,August,18,Tuesday,minor,1,Paralle Traffic,Daylight,1,1,0,0,0,1,Dry,13.35066,52.52359,bicycle + car + other
198201,Charlottenburg-Wilmersdorf,4030931,Breitscheidplatz,August,16,Tuesday,minor,0,Turning,Daylight,0,1,0,0,0,1,Dry,13.33285,52.50643,car + other
198202,Mitte,1011303,Alexanderplatzviertel,August,9,Tuesday,minor,0,Paralle Traffic,Daylight,1,0,0,0,1,0,Dry,13.41071,52.52717,bicycle + truck + 
198203,Neukölln,8041036,Zittauer Straße,August,17,Tuesday,serious,6,Overtaking,Daylight,0,0,1,1,0,0,Dry,13.4872,52.42292,pedestrian + motorbike + 
198204,Mitte,1011102,Großer Tiergarten,August,17,Tuesday,serious,6,Other,Daylight,1,0,1,0,0,0,Dry,13.35347,52.51649,bicycle + pedestrian + 
198205,Spandau,5010339,Freiheit,August,15,Tuesday,minor,5,Turning,Daylight,0,1,0,0,0,0,Dry,13.24009,52.52624,car + 
198206,Treptow-Köpenick,9031001,Bohnsdorf,August,15,Tuesday,serious,5,Turning,Daylight,1,1,0,0,0,0,Dry,13.57218,52.39216,bicycle + car + 
198207,Mitte,1044102,Schillerpark,August,10,Tuesday,minor,2,Crossing,Daylight,1,1,0,0,0,0,Dry,13.36668,52.55733,bicycle + car + 
198208,Pankow,3040614,Pankow Zentrum,August,10,Tuesday,minor,2,Crossing,Daylight,0,1,0,1,0,0,Dry,13.42879,52.58505,car + motorbike + 
198209,Pankow,3071638,Winsstraße,August,9,Tuesday,minor,2,Stationary Traffic,Daylight,1,1,0,0,0,0,Dry,13.42529,52.53387,bicycle + car + 
198210,Spandau,5020522,Pillnitzer Weg,August,9,Tuesday,minor,2,Turning,Daylight,0,1,0,0,0,0,Dry,13.14331,52.52421,car + 
198211,Reinickendorf,12214125,Waldidyll/Flughafensee,August,8,Tuesday,minor,0,Overtaking,Daylight,0,1,1,0,0,0,Dry,13.29491,52.55036,car + pedestrian + 
198212,Tempelhof-Schöneberg,7040405,Rathaus Tempelhof,August,9,Tuesday,minor,5,Turning,Daylight,1,1,0,0,0,0,Dry,13.40991,52.45532,bicycle + car + 
198213,Treptow-Köpenick,9041401,Allende I,August,9,Tuesday,minor,5,Turning,Daylight,0,1,0,0,0,0,Dry,13.59065,52.44653,car + 
198214,Treptow-Köpenick,9020501,Oberschöneweide West,August,7,Tuesday,minor,5,Turning,Daylight,1,0,0,0,1,0,Dry,13.51459,52.46889,bicycle + truck + 
198215,Friedrichshain-Kreuzberg,2030302,Lausitzer Platz,August,7,Tuesday,minor,5,Crossing,Daylight,0,1,0,1,0,0,Dry,13.44023,52.50207,car + motorbike + 
198216,Tempelhof-Schöneberg,7060604,Marienfelde Süd,August,8,Tuesday,fatal,6,Overtaking,Daylight,0,0,1,0,1,0,Dry,13.3627,52.4122,pedestrian + truck + 
198217,Friedrichshain-Kreuzberg,2020206,Graefekiez,August,18,Monday,minor,6,Overtaking,Daylight,1,0,1,0,0,0,Dry,13.41635,52.49123,bicycle + pedestrian + 
198218,Pankow,3030715,Heinersdorf,August,10,Monday,minor,3,Stationary Traffic,Daylight,1,0,0,0,0,0,Dry,13.43169,52.57119,bicycle + 
198219,Mitte,1022104,Emdener Straße,August,18,Monday,minor,6,Overtaking,Daylight,0,0,1,0,0,1,Dry,13.33388,52.53294,pedestrian + other
198220,Pankow,3051022,Hansastraße,August,13,Monday,minor,4,Stationary Traffic,Daylight,0,1,0,1,0,0,Dry,13.47945,52.55316,car + motorbike + 
198221,Pankow,3040614,Pankow Zentrum,August,17,Monday,minor,2,Stationary Traffic,Daylight,0,1,0,0,0,0,Dry,13.42562,52.5866,car + 
198222,Marzahn-Hellersdorf,10030725,Buckower Ring,August,17,Monday,serious,2,Other,Daylight,0,1,0,0,0,0,Dry,13.57099,52.52856,car + 
198223,Charlottenburg-Wilmersdorf,4051445,Eisenzahnstraße,August,17,Monday,minor,1,Paralle Traffic,Daylight,0,1,0,0,0,0,Dry,13.30316,52.49405,car + 
198224,Marzahn-Hellersdorf,10040933,Mahlsdorf Süd,August,17,Monday,minor,5,Turning,Daylight,0,1,0,0,0,1,Dry,13.60322,52.48485,car + other
198225,Tempelhof-Schöneberg,7040406,Germaniagarten,August,16,Monday,serious,6,Overtaking,Daylight,0,1,1,0,0,0,Dry,13.4198,52.4614,car + pedestrian + 
198226,Tempelhof-Schöneberg,7040403,Manteuffelstraße,August,16,Monday,minor,5,Turning,Daylight,0,1,0,1,0,0,Dry,13.37768,52.46593,car + motorbike + 
198227,Reinickendorf,12301205,Waidmannslust,August,15,Monday,minor,5,Crossing,Daylight,0,1,0,1,0,0,Dry,13.31278,52.60864,car + motorbike + 
198228,Mitte,1044201,Reinickendorfer Straße,August,15,Monday,minor,5,Crossing,Daylight,0,1,0,0,0,0,Dry,13.36304,52.54874,car + 
198229,Tempelhof-Schöneberg,7010102,Nollendorfplatz,August,15,Monday,minor,2,Stationary Traffic,Daylight,0,1,0,1,0,0,Dry,13.3466,52.50137,car + motorbike + 
198230,Mitte,1022206,Lüneburger Straße,August,23,Monday,minor,6,Overtaking,Night,0,1,1,0,0,0,Dry,13.36913,52.52625,car + pedestrian + 
198231,Spandau,5010313,Ackerstraße,August,15,Monday,minor,6,Turning,Daylight,0,1,1,0,0,0,Dry,13.19452,52.54573,car + pedestrian + 
198232,Pankow,3071536,Teutoburger Platz,August,19,Monday,minor,6,Overtaking,Daylight,1,0,1,0,0,0,Dry,13.41084,52.53064,bicycle + pedestrian + 
198233,Lichtenberg,11051331,Karlshorst Nord,August,18,Thursday,minor,5,Turning,Daylight,1,1,0,0,0,0,Dry,13.52781,52.48989,bicycle + car + 
198234,Mitte,1011302,Oranienburger Straße,August,19,Monday,minor,5,Turning,Daylight,1,1,0,0,0,0,Dry,13.39756,52.52941,bicycle + car + 
198235,Steglitz-Zehlendorf,6040810,Dahlem,August,14,Monday,minor,1,Paralle Traffic,Daylight,0,1,0,0,0,1,Dry,13.27761,52.46477,car + other
198236,Charlottenburg-Wilmersdorf,4041343,Binger Straße,August,19,Monday,minor,5,Turning,Daylight,1,1,0,0,0,0,Dry,13.31019,52.47906,bicycle + car + 
198237,Friedrichshain-Kreuzberg,2040703,Wriezener Bahnhof/Entwicklungsgebiet,August,14,Monday,minor,5,Crossing,Daylight,1,0,0,0,0,1,Dry,13.44997,52.50752,bicycle + other
198238,Steglitz-Zehlendorf,6010205,Südende,August,19,Monday,serious,5,Other,Daylight,0,0,0,1,0,1,Dry,13.35722,52.44537,motorbike + other
198239,Lichtenberg,11041128,Sewanstraße,August,19,Monday,minor,1,Paralle Traffic,Daylight,1,1,0,0,0,0,Dry,13.50533,52.49223,bicycle + car + 
198240,Pankow,3051022,Hansastraße,August,17,Monday,minor,2,Stationary Traffic,Daylight,1,1,0,0,0,0,Dry,13.46817,52.55389,bicycle + car + 
198241,Mitte,1011303,Alexanderplatzviertel,August,18,Monday,minor,2,Stationary Traffic,Daylight,1,1,0,0,0,0,Dry,13.41222,52.52428,bicycle + car + 
198242,Mitte,1011102,Großer Tiergarten,August,13,Monday,minor,2,Stationary Traffic,Daylight,0,1,0,0,0,0,Dry,13.35106,52.51048,car + 
198243,Marzahn-Hellersdorf,10030726,Alt-Biesdorf,August,18,Monday,minor,5,Turning,Daylight,0,1,0,0,0,0,Dry,13.55068,52.50937,car + 
198244,Reinickendorf,12231102,Frohnau,August,12,Monday,minor,5,Crossing,Daylight,0,1,0,1,0,0,Dry,13.29445,52.62954,car + motorbike + 
198245,Steglitz-Zehlendorf,6040810,Dahlem,August,12,Monday,minor,5,Other,Daylight,0,1,0,0,0,0,Dry,13.27212,52.45352,car + 
198246,Friedrichshain-Kreuzberg,2030302,Lausitzer Platz,August,12,Monday,minor,2,Turning,Daylight,0,1,0,0,1,0,Dry,13.44201,52.50091,car + truck + 
198247,Friedrichshain-Kreuzberg,2040501,Barnimkiez,August,12,Monday,minor,1,Paralle Traffic,Daylight,1,0,0,0,0,1,Dry,13.42699,52.52716,bicycle + other
198248,Friedrichshain-Kreuzberg,2030302,Lausitzer Platz,August,11,Monday,minor,5,Crossing,Daylight,0,1,0,0,0,0,Dry,13.43,52.50346,car + 
198249,Steglitz-Zehlendorf,6010101,Fichtenberg,August,11,Monday,minor,5,Turning,Daylight,1,1,0,0,0,0,Dry,13.31775,52.45787,bicycle + car + 
198250,Neukölln,8030831,Gropiusstadt Ost,August,11,Monday,serious,6,Turning,Daylight,0,1,1,0,0,0,Dry,13.46795,52.42768,car + pedestrian + 
198251,Charlottenburg-Wilmersdorf,4051655,Babelsberger Straße,August,10,Monday,minor,2,Turning,Daylight,1,1,0,0,0,0,Dry,13.32944,52.48152,bicycle + car + 
198252,Steglitz-Zehlendorf,6020306,Lankwitz Süd,August,8,Monday,minor,5,Crossing,Daylight,0,1,0,0,0,1,Dry,13.3628,52.42823,car + other
198253,Charlottenburg-Wilmersdorf,4030929,Hindemithplatz,August,7,Monday,serious,5,Other,Daylight,0,1,0,1,0,0,Dry,13.31326,52.50212,car + motorbike + 
198254,Steglitz-Zehlendorf,6030605,Botanischer Garten,August,6,Monday,minor,2,Stationary Traffic,Daylight,0,1,0,1,0,0,Dry,13.313,52.45273,car + motorbike + 
198255,Mitte,1011102,Großer Tiergarten,August,6,Monday,minor,5,Turning,Dawn,1,1,0,0,0,0,Dry,13.37195,52.5194,bicycle + car + 
198256,Treptow-Köpenick,9010401,Johannisthal West,August,5,Monday,minor,0,Driving,Dawn,0,1,0,1,0,0,Wet,13.5052,52.44535,car + motorbike + 
198257,Friedrichshain-Kreuzberg,7040401,Neu-Tempelhof,August,5,Monday,minor,2,Stationary Traffic,Dawn,0,1,0,0,0,0,Dry,13.37668,52.48483,car + 
198258,Reinickendorf,12214126,Tegel Süd,August,11,Monday,minor,0,Other,Daylight,0,1,0,0,0,0,Dry,13.28764,52.58018,car + 
198259,Steglitz-Zehlendorf,6020411,Schütte-Lanz-Straße,August,19,Sunday,minor,2,Stationary Traffic,Daylight,0,1,0,0,0,0,Dry,13.3149,52.41732,car + 
198260,Spandau,5010314,Carl-Schurz-Straße,August,19,Sunday,minor,0,Stationary Traffic,Daylight,0,0,0,1,0,1,Wet,13.19971,52.53525,motorbike + other
198261,Neukölln,8020622,Parchimer Allee,August,21,Sunday,minor,5,Crossing,Night,0,1,0,0,0,0,Wet,13.45224,52.44337,car + 
198262,Charlottenburg-Wilmersdorf,4020310,Park Ruhwald,August,13,Sunday,minor,2,Crossing,Daylight,0,1,0,0,0,0,Dry,13.27311,52.51943,car + 
198263,Treptow-Köpenick,9010402,Johannisthal Ost,August,21,Sunday,minor,2,Turning,Night,0,1,0,0,0,0,Wet,13.49791,52.43363,car + 
198264,Mitte,1011401,Invalidenstraße,August,22,Sunday,serious,0,Other,Night,0,0,0,0,0,1,Wet,13.39923,52.53216,other
198265,Tempelhof-Schöneberg,7010104,Dennewitzplatz,August,22,Sunday,serious,4,Driving,Night,0,1,0,0,0,0,Wet,13.3637,52.48844,car + 
198266,Mitte,1011201,Wilhelmstraße,August,18,Sunday,minor,0,Driving,Daylight,0,0,0,1,0,0,Wet,13.37723,52.51282,motorbike + 
198267,Lichtenberg,11020412,Hauptstraße,August,20,Sunday,serious,0,Driving,Dawn,0,0,0,1,0,0,Wet,13.51183,52.55053,motorbike + 
198268,Mitte,1011105,Nördlicher Landwehrkanal,August,19,Sunday,serious,5,Turning,Daylight,0,1,0,0,0,0,Wet,13.37111,52.51111,car + 
198269,Mitte,1022106,Elberfelder Straße,August,19,Sunday,minor,2,Stationary Traffic,Daylight,0,1,0,0,0,0,Wet,13.32937,52.52268,car + 
198270,Reinickendorf,12302107,Schorfheidestraße,August,19,Sunday,minor,2,Stationary Traffic,Daylight,0,1,0,0,0,0,Wet,13.33976,52.59585,car + 
198271,Charlottenburg-Wilmersdorf,4020312,Branitzer Platz,August,18,Sunday,minor,5,Crossing,Daylight,1,1,0,0,0,0,Wet,13.26954,52.51972,bicycle + car + 
198272,Tempelhof-Schöneberg,7070703,John-Locke-Straße,August,18,Sunday,minor,5,Turning,Daylight,1,1,0,0,0,0,Wet,13.40651,52.39376,bicycle + car + 
198273,Tempelhof-Schöneberg,7020203,Kaiser-Wilhelm-Platz,August,17,Sunday,minor,1,Paralle Traffic,Daylight,1,1,0,0,0,0,Dry,13.35603,52.49017,bicycle + car + 
198274,Mitte,1011303,Alexanderplatzviertel,August,17,Sunday,minor,5,Turning,Daylight,0,1,0,0,0,1,Wet,13.40935,52.51677,car + other
198275,Friedrichshain-Kreuzberg,2010103,Moritzplatz,August,16,Sunday,minor,5,Crossing,Daylight,0,1,0,0,0,0,Dry,13.41453,52.50014,car + 
198276,Neukölln,8020625,Handwerker-Siedlung,August,16,Sunday,serious,1,Paralle Traffic,Daylight,0,1,0,0,0,0,Dry,13.45019,52.43695,car + 
198277,Pankow,3020203,Blankenfelde,August,16,Sunday,minor,5,Turning,Daylight,0,1,0,0,0,0,Wet,13.40209,52.60285,car + 
198278,Reinickendorf,12103219,Schäfersee,August,14,Sunday,minor,5,Crossing,Daylight,0,1,0,0,0,0,Dry,13.33948,52.56397,car + 
198279,Charlottenburg-Wilmersdorf,4030416,Klausenerplatz,August,14,Sunday,minor,5,Other,Daylight,0,1,0,0,0,0,Wet,13.28794,52.51462,car + 
198280,Friedrichshain-Kreuzberg,2020205,Chamissokiez,August,13,Sunday,minor,6,Turning,Daylight,1,0,1,0,0,0,Wet,13.39203,52.48936,bicycle + pedestrian + 
198281,Spandau,5030730,Zitadellenweg,August,11,Sunday,minor,2,Stationary Traffic,Daylight,0,1,0,0,0,0,Wet,13.22717,52.53766,car + 
198282,Steglitz-Zehlendorf,6020306,Lankwitz Süd,August,11,Sunday,serious,5,Crossing,Daylight,0,1,0,0,0,0,Wet,13.35731,52.42299,car + 
198283,Tempelhof-Schöneberg,7010102,Nollendorfplatz,August,2,Sunday,minor,3,Stationary Traffic,Night,0,1,0,1,0,0,Dry,13.34987,52.50045,car + motorbike + 
198284,Treptow-Köpenick,9010202,Köpenicker Landstraße,August,21,Sunday,minor,2,Stationary Traffic,Night,0,1,0,0,0,1,Wet,13.47399,52.4751,car + other
198285,Tempelhof-Schöneberg,7020203,Kaiser-Wilhelm-Platz,August,18,Saturday,minor,1,Paralle Traffic,Daylight,0,1,0,0,0,0,Dry,13.34593,52.4892,car + 
198286,Friedrichshain-Kreuzberg,2040702,Weberwiese,August,4,Saturday,minor,1,Driving,Night,0,1,0,0,0,0,Dry,13.44255,52.51626,car + 
198287,Charlottenburg-Wilmersdorf,4030725,Amtsgerichtsplatz,August,1,Saturday,minor,0,Overtaking,Night,1,0,1,0,0,0,Dry,13.29403,52.50674,bicycle + pedestrian + 
198288,Neukölln,8010118,Silbersteinstraße,August,13,Saturday,minor,5,Turning,Daylight,1,1,0,0,0,0,Dry,13.4318,52.46641,bicycle + car + 
198289,Reinickendorf,12214126,Tegel Süd,August,13,Saturday,minor,5,Turning,Daylight,0,1,0,1,0,0,Dry,13.27907,52.5784,car + motorbike + 
198290,Friedrichshain-Kreuzberg,2020203,Viktoriapark,August,13,Saturday,minor,6,Overtaking,Daylight,1,0,1,0,0,0,Dry,13.38705,52.49316,bicycle + pedestrian + 
198291,Mitte,1011102,Großer Tiergarten,August,12,Saturday,minor,5,Crossing,Daylight,0,1,0,0,0,1,Dry,13.37212,52.51957,car + other
198292,Tempelhof-Schöneberg,7040403,Manteuffelstraße,August,12,Saturday,minor,5,Turning,Daylight,0,1,0,0,0,0,Dry,13.38556,52.46859,car + 
198293,Mitte,1011202,Unter den Linden Nord,August,12,Saturday,minor,0,Driving,Daylight,0,0,0,1,0,0,Dry,13.3888,52.5172,motorbike + 
198294,Mitte,1044201,Reinickendorfer Straße,August,11,Saturday,minor,2,Stationary Traffic,Daylight,0,1,0,0,0,0,Dry,13.38114,52.55597,car + 
198295,Friedrichshain-Kreuzberg,2020204,Urbanstraße,August,0,Saturday,minor,0,Driving,Night,0,0,0,0,0,1,Dry,13.39952,52.4946,other
198296,Treptow-Köpenick,9020701,Adlershof West,August,22,Saturday,serious,5,Turning,Night,0,1,0,0,0,0,Dry,13.54519,52.42574,car + 
198297,Mitte,1011304,Karl-Marx-Allee,August,22,Saturday,minor,2,Stationary Traffic,Night,0,1,0,0,0,0,Dry,13.42614,52.52305,car + 
198298,Steglitz-Zehlendorf,6020411,Schütte-Lanz-Straße,August,20,Saturday,minor,6,Other,Night,1,0,1,0,0,0,Dry,13.32723,52.41072,bicycle + pedestrian + 
198299,Tempelhof-Schöneberg,7010104,Dennewitzplatz,August,19,Saturday,minor,5,Crossing,Daylight,1,1,0,0,0,0,Dry,13.36199,52.49771,bicycle + car + 
198300,Pankow,3030711,Blankenburg,August,18,Saturday,minor,0,Other,Daylight,1,0,0,0,0,0,Dry,13.44616,52.59074,bicycle + 
198301,Treptow-Köpenick,9010202,Köpenicker Landstraße,August,17,Saturday,serious,5,Crossing,Daylight,0,1,0,1,0,0,Dry,13.48401,52.47418,car + motorbike + 
198302,Steglitz-Zehlendorf,6020409,Königsberger Straße,August,17,Saturday,minor,2,Stationary Traffic,Daylight,0,1,0,0,0,0,Dry,13.32054,52.43465,car + 
198303,Friedrichshain-Kreuzberg,2030401,Reichenberger Straße,August,16,Saturday,minor,2,Other,Daylight,0,1,0,0,0,1,Dry,13.42144,52.49608,car + other
198304,Spandau,5020524,Weinmeisterhornweg,August,16,Saturday,serious,0,Driving,Daylight,1,0,0,0,0,0,Dry,13.17108,52.51832,bicycle + 
198305,Spandau,5010314,Carl-Schurz-Straße,August,15,Saturday,minor,2,Stationary Traffic,Daylight,0,1,0,0,0,0,Dry,13.18198,52.53751,car + 
198306,Charlottenburg-Wilmersdorf,4041344,Rüdesheimer Platz,August,15,Saturday,minor,5,Crossing,Daylight,1,1,0,0,0,0,Dry,13.32013,52.47289,bicycle + car + 
198307,Steglitz-Zehlendorf,6040810,Dahlem,August,15,Saturday,minor,2,Stationary Traffic,Daylight,0,1,0,0,0,0,Dry,13.30352,52.45907,car + 
198308,Mitte,1044201,Reinickendorfer Straße,August,15,Saturday,minor,1,Paralle Traffic,Daylight,0,1,0,1,0,0,Dry,13.38345,52.5561,car + motorbike + 
198309,Friedrichshain-Kreuzberg,2050802,Boxhagener Platz,August,14,Saturday,minor,2,Stationary Traffic,Daylight,0,1,0,0,0,1,Dry,13.45058,52.50864,car + other
198310,Tempelhof-Schöneberg,7050501,Rathausstraße,August,14,Saturday,minor,2,Stationary Traffic,Daylight,1,1,0,0,0,0,Dry,13.38316,52.44817,bicycle + car + 