id,district,lor,street,month,hour,weekday,injury,collision,movement,light_conditions,bicycle,car,pedestrian,motorbike,truck,other_vehicle,road_conditions,longitude,latitude,Combo_type
198311,Lichtenberg,11051331,Karlshorst Nord,August,8,Friday,serious,5,Crossing,Daylight,1,1,0,0,0,0,Dry,13.53344,52.49255,bicycle + car + 
198312,Tempelhof-Schöneberg,7030301,Friedenau,August,19,Friday,minor,6,Other,Daylight,0,1,1,0,0,0,Dry,13.32475,52.4657,car + pedestrian + 
198313,Reinickendorf,12214421,Reinickes Hof,August,20,Friday,minor,5,Turning,Daylight,0,1,0,1,0,0,Dry,13.3314,52.57352,car + motorbike + 
198314,Neukölln,8010301,Reuterkiez,August,19,Friday,minor,3,Stationary Traffic,Daylight,1,1,0,0,0,0,Dry,13.42893,52.48647,bicycle + car + 
198315,Mitte,1011304,Karl-Marx-Allee,August,18,Friday,minor,5,Turning,Daylight,0,1,0,1,0,0,Dry,13.41753,52.51847,car + motorbike + 
198316,Mitte,1011302,Oranienburger Straße,August,17,Friday,minor,3,Stationary Traffic,Daylight,0,1,0,1,0,0,Dry,13.40837,52.52891,car + motorbike + 
198317,Treptow-Köpenick,9020701,Adlershof West,August,16,Friday,minor,5,Turning,Daylight,1,1,0,0,0,0,Dry,13.54693,52.43151,bicycle + car + 
198318,Marzahn-Hellersdorf,10040830,Kaulsdorf Süd,August,16,Friday,minor,2,Stationary Traffic,Daylight,0,1,0,0,0,1,Dry,13.57861,52.49907,car + other
198319,Mitte,1022101,Huttenkiez,August,16,Friday,minor,0,Paralle Traffic,Daylight,1,0,0,0,0,1,Dry,13.32398,52.53213,bicycle + other
198320,Charlottenburg-Wilmersdorf,4051655,Babelsberger Straße,August,16,Friday,minor,6,Overtaking,Daylight,0,1,1,0,0,0,Dry,13.329,52.47972,car + pedestrian + 
198321,Mitte,1011305,Heine-Viertel West,August,15,Friday,minor,5,Turning,Daylight,1,0,0,0,0,0,Dry,13.41221,52.51225,bicycle + 
198322,Charlottenburg-Wilmersdorf,4031032,Halensee,August,15,Friday,minor,2,Stationary Traffic,Daylight,0,1,0,0,0,0,Dry,13.29437,52.4976,car + 
198323,Steglitz-Zehlendorf,6040804,Krumme Lanke,August,15,Friday,minor,5,Turning,Daylight,1,1,0,0,0,0,Dry,13.23428,52.4392,bicycle + car + 
198324,Mitte,1044201,Reinickendorfer Straße,August,14,Friday,minor,5,Crossing,Daylight,1,1,0,0,0,0,Dry,13.3691,52.54622,bicycle + car + 
198325,Mitte,1022106,Elberfelder Straße,August,15,Friday,minor,2,Stationary Traffic,Daylight,0,1,0,0,0,0,Dry,13.33092,52.52395,car + 
198326,Tempelhof-Schöneberg,7050505,Hundsteinweg,August,15,Friday,minor,2,Other,Daylight,0,1,0,0,0,0,Dry,13.40492,52.42776,car + 
198327,Treptow-Köpenick,9030902,Wohngebiet II,August,16,Friday,minor,5,Turning,Daylight,1,1,0,0,0,0,Dry,13.52327,52.40216,bicycle + car + 
198328,Reinickendorf,12304314,Ziekowstraße/Freie Scholle,August,14,Friday,minor,5,Other,Daylight,0,1,0,1,0,0,Dry,13.2916,52.5946,car + motorbike + 
198329,Charlottenburg-Wilmersdorf,4030518,Tegeler Weg,August,18,Friday,minor,0,Other,Daylight,0,0,0,0,0,1,Dry,13.29782,52.52513,other
198330,Treptow-Köpenick,9041301,Kietzer Feld/Nachtheide,August,17,Friday,minor,2,Stationary Traffic,Daylight,1,1,0,0,0,0,Dry,13.58244,52.43654,bicycle + car + 
198331,Tempelhof-Schöneberg,7060604,Marienfelde Süd,August,2,Friday,serious,8,Other,Night,1,1,0,0,0,0,Dry,13.36236,52.41238,bicycle + car + 
198332,Pankow,3061126,Arnimplatz,August,7,Friday,minor,2,Stationary Traffic,Daylight,0,1,0,1,0,0,Dry,13.41383,52.55364,car + motorbike + 
198333,Pankow,3051017,Rennbahnstraße,August,7,Friday,minor,5,Crossing,Daylight,0,1,0,0,0,0,Dry,13.47698,52.56329,car + 
198334,Marzahn-Hellersdorf,10030724,Oberfeldstraße,August,7,Friday,minor,1,Paralle Traffic,Daylight,1,1,0,0,0,0,Dry,13.5612,52.52519,bicycle + car + 
198335,Lichtenberg,11041128,Sewanstraße,August,6,Friday,minor,1,Other,Daylight,0,1,0,0,0,0,Dry,13.5087,52.50059,car + 
198336,Mitte,1011305,Heine-Viertel West,August,0,Friday,serious,0,Driving,Night,1,0,0,0,0,0,Dry,13.41389,52.50769,bicycle + 
198337,Mitte,1022104,Emdener Straße,August,13,Friday,minor,0,Paralle Traffic,Daylight,1,1,0,0,0,0,Dry,13.34319,52.53165,bicycle + car + 
198338,Charlottenburg-Wilmersdorf,4031032,Halensee,August,13,Friday,minor,2,Stationary Traffic,Daylight,0,1,0,0,0,0,Dry,13.28803,52.49623,car + 
198339,Pankow,3030405,Karow Nord,August,13,Friday,minor,3,Stationary Traffic,Daylight,0,1,0,0,0,0,Dry,13.48734,52.61833,car + 
198340,Tempelhof-Schöneberg,7040401,Neu-Tempelhof,August,13,Friday,minor,1,Paralle Traffic,Daylight,0,1,0,1,0,0,Dry,13.37724,52.48044,car + motorbike + 
198341,Marzahn-Hellersdorf,10020413,Gut Hellersdorf,August,12,Friday,minor,8,Driving,Daylight,0,0,0,1,0,0,Dry,13.58651,52.53939,motorbike + 
198342,Reinickendorf,12214125,Waldidyll/Flughafensee,August,12,Friday,minor,5,Turning,Daylight,1,1,0,0,0,0,Dry,13.29267,52.57869,bicycle + car + 
198343,Pankow,3030406,Alt-Karow,August,11,Friday,minor,5,Crossing,Daylight,1,1,0,0,0,0,Dry,13.47907,52.60984,bicycle + car + 
198344,Charlottenburg-Wilmersdorf,4030622,Richard-Wagner-Straße,August,11,Friday,minor,5,Turning,Daylight,0,1,0,0,0,0,Dry,13.30705,52.51348,car + 
198345,Mitte,1033203,Humboldthain Nordwest,August,11,Friday,serious,0,Other,Daylight,0,1,0,0,0,1,Dry,13.37841,52.5503,car + other
198346,Friedrichshain-Kreuzberg,2030402,Wrangelkiez,August,10,Friday,minor,2,Stationary Traffic,Daylight,0,1,0,0,0,0,Dry,13.4453,52.49932,car + 
198347,Charlottenburg-Wilmersdorf,4030417,Schloßstraße,August,10,Friday,serious,6,Turning,Daylight,0,1,1,0,0,0,Dry,13.30079,52.51533,car + pedestrian + 
198348,Pankow,3020203,Blankenfelde,August,10,Friday,minor,9,Driving,Daylight,0,1,0,0,0,0,Dry,13.39754,52.61726,car + 
198349,Charlottenburg-Wilmersdorf,4020209,Eichkamp,August,10,Friday,minor,5,Crossing,Daylight,1,0,0,0,0,1,Dry,13.26545,52.49512,bicycle + other
198350,Mitte,1011302,Oranienburger Straße,August,9,Friday,minor,5,Crossing,Daylight,1,1,0,0,0,0,Dry,13.39809,52.52723,bicycle + car + 
198351,Mitte,1033201,Brunnenstraße,August,9,Friday,minor,5,Turning,Daylight,1,0,0,0,1,0,Dry,13.39605,52.53834,bicycle + truck + 
198352,Marzahn-Hellersdorf,10010102,Havemannstraße,August,10,Friday,minor,3,Stationary Traffic,Daylight,1,0,0,0,0,1,Dry,13.57248,52.56817,bicycle + other
198353,Pankow,3050923,Weißenseer Spitze,August,8,Friday,minor,5,Crossing,Daylight,0,1,0,0,0,0,Dry,13.43752,52.55598,car + 
198354,Neukölln,8010301,Reuterkiez,August,10,Friday,minor,5,Turning,Daylight,1,1,0,0,0,0,Dry,13.43529,52.49117,bicycle + car + 
198355,Spandau,5010312,Kurstraße,August,17,Thursday,minor,5,Crossing,Daylight,0,1,0,0,0,0,Dry,13.20572,52.5416,car + 
198356,Mitte,1022207,Hansaviertel,August,8,Friday,minor,1,Paralle Traffic,Daylight,0,1,0,1,0,0,Dry,13.34504,52.52152,car + motorbike + 
198357,Marzahn-Hellersdorf,10020517,Adele-Sandrock-Straße,August,8,Friday,minor,5,Turning,Daylight,1,1,0,0,0,0,Dry,13.61631,52.53163,bicycle + car + 
198358,Mitte,1011101,Stülerstraße,August,16,Thursday,minor,1,Other,Daylight,1,1,0,0,0,0,Dry,13.33953,52.50537,bicycle + car + 
198359,Mitte,1033101,Soldiner Straße,August,8,Friday,minor,5,Turning,Daylight,0,1,0,1,0,0,Dry,13.37698,52.55718,car + motorbike + 
198360,Charlottenburg-Wilmersdorf,4031032,Halensee,August,9,Friday,minor,1,Paralle Traffic,Daylight,1,1,0,0,0,0,Dry,13.29525,52.49774,bicycle + car + 
198361,Pankow,3061228,Erich-Weinert-Straße,August,16,Thursday,minor,0,Stationary Traffic,Daylight,1,0,0,0,0,1,Dry,13.43544,52.54927,bicycle + other
198362,Charlottenburg-Wilmersdorf,4030929,Hindemithplatz,August,9,Friday,minor,1,Paralle Traffic,Daylight,1,0,0,0,0,1,Dry,13.31023,52.50346,bicycle + other
198363,Pankow,3061430,Volkspark Prenzlauer Berg,August,9,Thursday,serious,5,Turning,Daylight,1,1,0,0,0,0,Dry,13.45902,52.52906,bicycle + car + 
198364,Tempelhof-Schöneberg,7010104,Dennewitzplatz,August,15,Friday,serious,5,Turning,Daylight,1,0,0,0,0,1,Dry,13.37093,52.49262,bicycle + other
198365,Pankow,3061228,Erich-Weinert-Straße,August,14,Thursday,minor,5,Turning,Daylight,1,1,0,0,0,0,Dry,13.42881,52.54775,bicycle + car + 
198366,Mitte,1044202,Sparrplatz,August,15,Friday,minor,0,Driving,Daylight,0,0,0,1,0,0,Dry,13.36038,52.54437,motorbike + 
198367,Friedrichshain-Kreuzberg,2010102,Mehringplatz,August,9,Thursday,minor,6,Other,Daylight,0,1,1,0,0,0,Dry,13.39087,52.50453,car + pedestrian + 
198368,Friedrichshain-Kreuzberg,2040703,Wriezener Bahnhof/Entwicklungsgebiet,August,9,Friday,minor,5,Crossing,Daylight,1,1,0,0,0,0,Dry,13.44666,52.50281,bicycle + car + 
198369,Charlottenburg-Wilmersdorf,4030930,George-Grosz-Platz,August,18,Thursday,minor,6,Turning,Daylight,0,1,1,0,0,0,Dry,13.31966,52.50308,car + pedestrian + 
198370,Mitte,1011104,Körnerstraße,August,14,Friday,serious,5,Crossing,Daylight,1,1,0,0,0,0,Dry,13.36657,52.50289,bicycle + car + 
198371,Tempelhof-Schöneberg,7050502,Fritz-Werner-Straße,August,18,Thursday,minor,1,Paralle Traffic,Daylight,1,1,0,0,0,0,Dry,13.38587,52.43462,bicycle + car + 
198372,Neukölln,8010301,Reuterkiez,August,23,Thursday,minor,2,Turning,Night,0,1,0,0,0,0,Dry,13.43075,52.48601,car + 
198373,Steglitz-Zehlendorf,6010209,Feuerbachstraße,August,14,Friday,minor,5,Turning,Daylight,0,1,0,1,0,0,Dry,13.33764,52.45854,car + motorbike + 
198374,Lichtenberg,11051229,Rummelsburg,August,22,Thursday,minor,0,Driving,Night,1,0,0,0,0,0,Dry,13.47644,52.50106,bicycle + 
198375,Neukölln,8030830,Gropiusstadt Süd,August,14,Friday,minor,2,Stationary Traffic,Daylight,0,1,0,0,0,0,Dry,13.45257,52.4292,car + 
198376,Mitte,1011303,Alexanderplatzviertel,August,22,Thursday,minor,2,Stationary Traffic,Night,0,1,0,1,0,0,Dry,13.41777,52.52582,car + motorbike + 
198377,Spandau,5020625,Borkumer Straße,August,20,Thursday,minor,2,Stationary Traffic,Daylight,0,1,0,0,0,0,Dry,13.19743,52.53305,car + 
198378,Steglitz-Zehlendorf,6020303,Lankwitz Kirche,August,14,Friday,minor,0,Stationary Traffic,Daylight,1,0,0,0,0,0,Dry,13.34632,52.43237,bicycle + 
198379,Reinickendorf,12302109,Treuenbrietzener Straße,August,20,Thursday,minor,6,Other,Dawn,0,1,1,0,0,0,Dry,13.36711,52.60244,car + pedestrian + 
198380,Pankow,3061227,Humannplatz,August,9,Friday,minor,5,Crossing,Daylight,1,1,0,0,0,0,Dry,13.42737,52.55249,bicycle + car + 
198381,Mitte,1044202,Sparrplatz,August,18,Thursday,minor,2,Other,Daylight,1,1,0,0,0,0,Dry,13.35952,52.5463,bicycle + car + 
198382,Lichtenberg,11020514,Große-Leege-Straße,August,14,Friday,serious,2,Turning,Daylight,1,1,0,0,0,0,Dry,13.49496,52.54538,bicycle + car + 
198383,Marzahn-Hellersdorf,10040933,Mahlsdorf Süd,August,17,Thursday,minor,0,Other,Daylight,1,0,0,0,0,0,Dry,13.60383,52.48547,bicycle + 
198384,Steglitz-Zehlendorf,6040703,Nikolassee,August,13,Friday,serious,0,Crossing,Daylight,1,0,0,1,0,0,Dry,13.22411,52.42947,bicycle + motorbike + 
198385,Mitte,1011204,Leipziger Straße,August,17,Thursday,minor,1,Driving,Daylight,0,1,0,1,0,0,Dry,13.40494,52.51467,car + motorbike + 
198386,Mitte,1011305,Heine-Viertel West,August,17,Thursday,minor,2,Stationary Traffic,Daylight,0,1,0,0,0,0,Dry,13.41239,52.50576,car + 
198387,Neukölln,8020622,Parchimer Allee,August,13,Friday,minor,5,Turning,Daylight,0,1,0,0,0,0,Dry,13.44985,52.44555,car + 
198388,Neukölln,8041037,Alt-Rudow,August,13,Friday,minor,5,Turning,Daylight,1,1,0,0,0,0,Dry,13.49039,52.42783,bicycle + car + 
198389,Lichtenberg,11051330,Karlshorst West,August,17,Thursday,minor,0,Stationary Traffic,Daylight,1,0,0,0,0,0,Dry,13.52615,52.49324,bicycle + 
198390,Pankow,3040818,Pankow Süd,August,13,Friday,minor,5,Crossing,Daylight,0,1,0,0,0,0,Dry,13.41842,52.55514,car + 
198391,Mitte,1044202,Sparrplatz,August,16,Thursday,minor,5,Crossing,Daylight,1,1,0,0,0,0,Dry,13.35765,52.54111,bicycle + car + 
198392,Tempelhof-Schöneberg,7040405,Rathaus Tempelhof,August,13,Friday,minor,2,Stationary Traffic,Daylight,1,1,0,0,0,0,Dry,13.38731,52.45852,bicycle + car + 
198393,Pankow,3040508,Rosenthal,August,16,Thursday,serious,0,Driving,Daylight,0,0,0,1,0,0,Wet,13.37487,52.59657,motorbike + 
198394,Tempelhof-Schöneberg,7040401,Neu-Tempelhof,August,15,Thursday,minor,5,Turning,Daylight,1,1,0,0,0,0,Dry,13.40031,52.48371,bicycle + car + 
198395,Mitte,1011102,Großer Tiergarten,August,8,Friday,minor,2,Stationary Traffic,Daylight,1,1,0,0,0,0,Dry,13.35023,52.51365,bicycle + car + 
198396,Mitte,1011201,Wilhelmstraße,August,8,Friday,serious,4,Stationary Traffic,Daylight,1,1,0,0,0,0,Dry,13.38669,52.50749,bicycle + car + 
198397,Treptow-Köpenick,9020802,Köllnische Vorstadt,August,15,Thursday,minor,0,Stationary Traffic,Daylight,1,1,0,0,0,0,Dry,13.5664,52.44398,bicycle + car + 
198398,Tempelhof-Schöneberg,7010102,Nollendorfplatz,August,15,Thursday,minor,6,Overtaking,Daylight,0,1,1,0,0,0,Dry,13.34848,52.50078,car + pedestrian + 
198399,Steglitz-Zehlendorf,6010209,Feuerbachstraße,August,7,Friday,minor,5,Crossing,Daylight,1,1,0,0,0,0,Dry,13.33245,52.4583,bicycle + car + 
198400,Treptow-Köpenick,9020502,Oberschöneweide Ost,August,15,Thursday,minor,2,Stationary Traffic,Daylight,0,1,0,0,0,0,Dry,13.5422,52.45778,car + 
198401,Mitte,1022104,Emdener Straße,August,7,Friday,minor,4,Overtaking,Daylight,1,0,1,0,0,0,Dry,13.3432,52.52848,bicycle + pedestrian + 
198402,Mitte,1044201,Reinickendorfer Straße,August,16,Thursday,minor,5,Crossing,Daylight,1,1,0,0,0,0,Wet,13.37727,52.55363,bicycle + car + 
198403,Mitte,1011202,Unter den Linden Nord,August,16,Thursday,minor,5,Crossing,Daylight,1,1,0,0,0,0,Dry,13.39516,52.51726,bicycle + car + 
198404,Neukölln,8020619,Buschkrugallee Nord,August,7,Friday,minor,1,Overtaking,Daylight,0,1,1,1,0,0,Dry,13.43833,52.45421,car + pedestrian + motorbike + 
198405,Pankow,3050920,Weißer See,August,15,Thursday,minor,6,Overtaking,Daylight,0,1,1,0,0,0,Dry,13.45398,52.55401,car + pedestrian + 
198406,Charlottenburg-Wilmersdorf,4020313,Königin-Elisabeth-Straße,August,6,Friday,minor,5,Crossing,Daylight,0,1,0,1,0,0,Dry,13.27838,52.50695,car + motorbike + 
198407,Tempelhof-Schöneberg,7010102,Nollendorfplatz,August,15,Thursday,minor,5,Other,Daylight,1,1,0,0,0,0,Dry,13.34863,52.49793,bicycle + car + 
198408,Spandau,5010314,Carl-Schurz-Straße,August,6,Friday,minor,5,Turning,Daylight,1,1,0,0,0,0,Dry,13.20564,52.53945,bicycle + car + 
198409,Friedrichshain-Kreuzberg,3061435,Conrad-Blenkle-Straße,August,14,Thursday,serious,6,Overtaking,Daylight,0,1,1,0,0,0,Dry,13.45229,52.52774,car + pedestrian + 
198410,Pankow,3040818,Pankow Süd,August,14,Thursday,minor,5,Crossing,Daylight,1,1,0,0,0,0,Dry,13.41864,52.55508,bicycle + car + 
198411,Reinickendorf,12301203,Wittenau Süd,August,13,Thursday,minor,2,Stationary Traffic,Daylight,0,1,0,0,0,0,Dry,13.32455,52.58821,car + 
198412,Mitte,1011401,Invalidenstraße,August,13,Thursday,minor,2,Stationary Traffic,Daylight,0,1,0,1,0,0,Dry,13.39776,52.53251,car + motorbike + 
198413,Mitte,1022206,Lüneburger Straße,August,23,Thursday,minor,2,Stationary Traffic,Night,0,1,0,0,0,0,Dry,13.36734,52.52571,car + 
198414,Reinickendorf,12214125,Waldidyll/Flughafensee,August,17,Thursday,minor,5,Crossing,Daylight,0,1,0,1,0,0,Dry,13.25449,52.56194,car + motorbike + 
198415,Pankow,3040818,Pankow Süd,August,12,Thursday,minor,2,Stationary Traffic,Daylight,0,1,0,0,0,0,Dry,13.41334,52.56642,car + 
198416,Mitte,1022106,Elberfelder Straße,August,10,Thursday,minor,0,Turning,Daylight,1,1,0,0,0,0,Dry,13.32959,52.5238,bicycle + car + 
198417,Friedrichshain-Kreuzberg,2010103,Moritzplatz,August,17,Thursday,minor,5,Turning,Daylight,1,1,0,0,0,0,Dry,13.40787,52.50445,bicycle + car + 
198418,Steglitz-Zehlendorf,6030504,Teltower Damm,August,10,Thursday,minor,5,Turning,Daylight,0,1,0,1,0,0,Dry,13.27342,52.41665,car + motorbike + 
198419,Marzahn-Hellersdorf,10010311,Landsberger Tor,August,17,Thursday,minor,5,Turning,Daylight,1,1,0,0,0,0,Dry,13.57356,52.54655,bicycle + car + 
198420,Friedrichshain-Kreuzberg,2030302,Lausitzer Platz,August,10,Thursday,minor,2,Stationary Traffic,Daylight,0,1,0,0,0,0,Dry,13.4354,52.49982,car + 
198421,Reinickendorf,12214424,Scharnweberstraße,August,15,Thursday,serious,5,Turning,Daylight,1,1,0,0,0,0,Dry,13.33077,52.56256,bicycle + car + 
198422,Spandau,5010339,Freiheit,August,16,Thursday,minor,5,Crossing,Daylight,0,1,0,0,0,0,Dry,13.2424,52.52804,car + 
198423,Lichtenberg,11030721,Rüdigerstraße,August,16,Thursday,minor,5,Crossing,Daylight,1,1,0,0,0,0,Dry,13.48578,52.52078,bicycle + car + 
198424,Reinickendorf,12224230,Heiligensee,August,12,Thursday,minor,0,Other,Daylight,0,1,0,0,0,0,Dry,13.25665,52.62666,car + 
198425,Lichtenberg,11030618,Fennpfuhl West,August,17,Thursday,serious,0,Driving,Daylight,0,0,0,1,0,0,Dry,13.47081,52.53192,motorbike + 
198426,Friedrichshain-Kreuzberg,2020204,Urbanstraße,August,9,Thursday,minor,5,Turning,Daylight,1,1,0,0,0,0,Dry,13.39526,52.49688,bicycle + car + 
198427,Friedrichshain-Kreuzberg,2050803,Stralauer Kiez,August,16,Thursday,minor,0,Overtaking,Daylight,1,0,1,0,0,0,Dry,13.4555,52.5005,bicycle + pedestrian + 
198428,Tempelhof-Schöneberg,7040405,Rathaus Tempelhof,August,9,Thursday,serious,1,Paralle Traffic,Daylight,0,1,0,1,0,0,Dry,13.39358,52.46557,car + motorbike + 
198429,Mitte,1011401,Invalidenstraße,August,9,Thursday,minor,5,Crossing,Daylight,1,0,0,0,0,1,Dry,13.39194,52.53002,bicycle + other
198430,Friedrichshain-Kreuzberg,2040502,Friedenstraße,August,16,Thursday,minor,5,Turning,Daylight,0,1,0,1,0,0,Dry,13.44064,52.51711,car + motorbike + 
198431,Charlottenburg-Wilmersdorf,4030623,Ernst-Reuter-Platz,August,8,Thursday,minor,2,Stationary Traffic,Daylight,0,1,0,0,0,0,Dry,13.3193,52.51358,car + 
198432,Charlottenburg-Wilmersdorf,4030726,Droysenstraße,August,16,Thursday,minor,2,Stationary Traffic,Daylight,0,1,0,0,0,1,Dry,13.30409,52.50407,car + other
198433,Tempelhof-Schöneberg,7040401,Neu-Tempelhof,August,8,Thursday,minor,2,Stationary Traffic,Daylight,1,1,0,0,0,0,Dry,13.37682,52.479,bicycle + car + 
198434,Spandau,5030730,Zitadellenweg,August,16,Thursday,minor,2,Stationary Traffic,Daylight,0,1,0,0,0,0,Dry,13.21748,52.53798,car + 
198435,Treptow-Köpenick,9010402,Johannisthal Ost,August,8,Thursday,minor,3,Stationary Traffic,Daylight,1,0,0,0,0,1,Dry,13.52462,52.43932,bicycle + other
198436,Friedrichshain-Kreuzberg,2020203,Viktoriapark,August,15,Thursday,serious,5,Crossing,Daylight,1,0,0,1,0,0,Dry,13.37474,52.48504,bicycle + motorbike + 
198437,Reinickendorf,12214424,Scharnweberstraße,August,8,Thursday,minor,6,Overtaking,Daylight,0,1,1,0,0,0,Dry,13.32894,52.56673,car + pedestrian + 
198438,Friedrichshain-Kreuzberg,2020203,Viktoriapark,August,7,Thursday,minor,0,Driving,Daylight,1,0,0,0,0,0,Dry,13.386,52.49007,bicycle + 
198439,Marzahn-Hellersdorf,10020413,Gut Hellersdorf,August,15,Thursday,minor,2,Stationary Traffic,Daylight,0,1,0,0,0,0,Dry,13.59416,52.53359,car + 
198440,Mitte,1033102,Gesundbrunnen,August,15,Thursday,minor,3,Stationary Traffic,Daylight,0,1,0,0,0,0,Dry,13.3916,52.55514,car + 
198441,Reinickendorf,12231102,Frohnau,August,7,Thursday,minor,5,Crossing,Daylight,1,1,0,0,0,0,Dry,13.28902,52.63288,bicycle + car + 
198442,Neukölln,8010212,Rollberg,August,7,Thursday,minor,5,Turning,Daylight,1,1,0,0,0,0,Dry,13.43982,52.4752,bicycle + car + 
198443,Friedrichshain-Kreuzberg,2030301,Oranienplatz,August,23,Thursday,serious,6,Stationary Traffic,Night,0,1,1,0,0,0,Dry,13.41992,52.49862,car + pedestrian + 
198444,Pankow,3071638,Winsstraße,August,7,Thursday,minor,1,Paralle Traffic,Daylight,1,1,0,0,0,0,Dry,13.42827,52.5371,bicycle + car + 
198445,Friedrichshain-Kreuzberg,2020206,Graefekiez,August,22,Thursday,minor,1,Paralle Traffic,Night,1,1,0,1,0,0,Dry,13.41466,52.49372,bicycle + car + motorbike + 
198446,Treptow-Köpenick,9030901,Dorf Altglienicke,August,5,Thursday,minor,5,Crossing,Daylight,1,1,0,0,0,0,Dry,13.52663,52.42459,bicycle + car + 
198447,Mitte,1044103,Westliche Müllerstraße,August,7,Thursday,minor,5,Crossing,Daylight,0,1,0,0,0,0,Dry,13.35399,52.54721,car + 
198448,Pankow,3040818,Pankow Süd,August,10,Thursday,minor,2,Stationary Traffic,Daylight,1,1,0,0,0,0,Dry,13.40334,52.55803,bicycle + car + 
198449,Neukölln,8020622,Parchimer Allee,August,7,Thursday,minor,2,Stationary Traffic,Daylight,0,1,0,1,0,0,Dry,13.43666,52.44952,car + motorbike + 
198450,Mitte,1011203,Unter den Linden Süd,August,18,Wednesday,serious,6,Overtaking,Dawn,1,0,1,0,0,0,Dry,13.39527,52.51514,bicycle + pedestrian + 
198451,Charlottenburg-Wilmersdorf,4051654,Wilhelmsaue,August,20,Thursday,minor,0,Other,Dawn,1,0,0,0,0,0,Dry,13.32261,52.48595,bicycle + 
198452,Charlottenburg-Wilmersdorf,4051652,Nikolsburger Platz,August,8,Wednesday,minor,5,Crossing,Daylight,0,1,0,0,0,0,Dry,13.32854,52.49093,car + 
198453,Mitte,1011203,Unter den Linden Süd,August,18,Wednesday,minor,6,Overtaking,Dawn,1,0,1,0,0,0,Dry,13.39516,52.51513,bicycle + pedestrian + 
198454,Lichtenberg,2050803,Stralauer Kiez,August,19,Thursday,minor,5,Turning,Daylight,1,0,0,1,0,0,Dry,13.46937,52.50239,bicycle + motorbike + 
198455,Friedrichshain-Kreuzberg,2010102,Mehringplatz,August,12,Wednesday,minor,5,Turning,Daylight,1,0,0,0,0,1,Dry,13.39053,52.50666,bicycle + other
198456,Pankow,3061434,Anton-Saefkow-Park,August,18,Thursday,serious,5,Crossing,Daylight,1,0,0,0,0,0,Dry,13.44561,52.53463,bicycle + 
198457,Steglitz-Zehlendorf,6010103,Markelstraße,August,9,Wednesday,minor,2,Other,Daylight,0,1,0,0,0,0,Dry,13.32622,52.45982,car + 
198458,Steglitz-Zehlendorf,6020301,Alt-Lankwitz,August,18,Thursday,minor,2,Stationary Traffic,Daylight,0,1,0,0,0,0,Dry,13.35241,52.43336,car + 
198459,Steglitz-Zehlendorf,6020304,Kaiser-Wilhelm-Straße,August,12,Wednesday,minor,0,Stationary Traffic,Daylight,1,1,0,0,0,0,Dry,13.33856,52.43216,bicycle + car + 
198460,Friedrichshain-Kreuzberg,2030401,Reichenberger Straße,August,18,Thursday,minor,5,Turning,Daylight,0,1,0,1,0,0,Dry,13.42938,52.49463,car + motorbike + 
198461,Reinickendorf,12214424,Scharnweberstraße,August,21,Wednesday,serious,1,Paralle Traffic,Night,0,1,0,1,0,0,Dry,13.32084,52.56585,car + motorbike + 
198462,Marzahn-Hellersdorf,10010309,Springpfuhl,August,21,Wednesday,serious,5,Turning,Night,0,1,0,1,0,0,Dry,13.54132,52.53444,car + motorbike + 
198463,Tempelhof-Schöneberg,7040403,Manteuffelstraße,August,14,Thursday,minor,2,Stationary Traffic,Daylight,0,1,0,0,0,1,Dry,13.37794,52.46847,car + other
198464,Charlottenburg-Wilmersdorf,4041134,Bismarckallee,August,14,Thursday,serious,0,Other,Daylight,1,0,0,0,0,0,Dry,13.27835,52.48804,bicycle + 
198465,Steglitz-Zehlendorf,6030605,Botanischer Garten,August,19,Wednesday,minor,5,Crossing,Daylight,1,1,0,0,0,0,Dry,13.29791,52.44747,bicycle + car + 
198466,Friedrichshain-Kreuzberg,2030301,Oranienplatz,August,18,Wednesday,minor,5,Crossing,Daylight,1,0,0,0,0,1,Dry,13.42159,52.49813,bicycle + other
198467,Steglitz-Zehlendorf,6040804,Krumme Lanke,August,14,Thursday,minor,0,Paralle Traffic,Daylight,0,0,0,1,0,1,Dry,13.23626,52.44005,motorbike + other
198468,Charlottenburg-Wilmersdorf,4051445,Eisenzahnstraße,August,18,Wednesday,minor,5,Crossing,Daylight,1,1,0,0,0,0,Dry,13.3065,52.49276,bicycle + car + 
198469,Neukölln,8020728,Buckow Ost,August,14,Thursday,minor,5,Crossing,Daylight,0,1,0,0,0,1,Dry,13.44469,52.42632,car + other
198470,Marzahn-Hellersdorf,10010203,Gewerbegebiet Bitterfelder Straße,August,19,Wednesday,serious,1,Driving,Daylight,0,1,0,1,0,0,Dry,13.53854,52.55751,car + motorbike + 
198471,Tempelhof-Schöneberg,7070703,John-Locke-Straße,August,13,Thursday,serious,1,Paralle Traffic,Daylight,0,1,0,1,0,0,Dry,13.40439,52.39382,car + motorbike + 