id,district,lor,street,month,hour,weekday,injury,collision,movement,light_conditions,bicycle,car,pedestrian,motorbike,truck,other_vehicle,road_conditions,longitude,latitude,Combo_type
198472,Reinickendorf,12103115,Breitkopfbecken,August,16,Wednesday,serious,0,Other,Daylight,0,1,1,0,0,0,Dry,13.36342,52.56828,car + pedestrian + 
198473,Mitte,1011302,Oranienburger Straße,August,13,Thursday,minor,6,Overtaking,Daylight,1,0,1,0,0,0,Dry,13.40293,52.529,bicycle + pedestrian + 
198474,Tempelhof-Schöneberg,7040403,Manteuffelstraße,August,18,Wednesday,minor,5,Turning,Daylight,1,1,0,0,0,0,Dry,13.37106,52.47037,bicycle + car + 
198475,Treptow-Köpenick,9051901,Dammvorstadt,August,12,Thursday,minor,3,Stationary Traffic,Daylight,0,1,0,0,0,0,Dry,13.58249,52.45535,car + 
198476,Mitte,1011301,Charitéviertel,August,17,Wednesday,minor,0,Paralle Traffic,Daylight,1,1,0,0,0,0,Dry,13.37518,52.53687,bicycle + car + 
198477,Charlottenburg-Wilmersdorf,4041137,Flinsberger Platz,August,10,Thursday,minor,2,Stationary Traffic,Daylight,0,1,0,0,0,1,Dry,13.29978,52.48743,car + other
198478,Friedrichshain-Kreuzberg,2040703,Wriezener Bahnhof/Entwicklungsgebiet,August,9,Thursday,minor,3,Stationary Traffic,Daylight,1,1,0,0,0,0,Dry,13.44247,52.5042,bicycle + car + 
198479,Neukölln,8010212,Rollberg,August,9,Thursday,minor,5,Turning,Daylight,1,1,0,0,0,0,Dry,13.4327,52.47835,bicycle + car + 
198480,Steglitz-Zehlendorf,6010103,Markelstraße,August,8,Thursday,minor,2,Stationary Traffic,Daylight,1,1,0,0,0,0,Dry,13.31519,52.4657,bicycle + car + 
198481,Mitte,1011302,Oranienburger Straße,August,8,Thursday,minor,2,Stationary Traffic,Daylight,0,1,0,1,1,0,Dry,13.38845,52.52742,car + motorbike + truck + 
198482,Pankow,3030715,Heinersdorf,August,7,Thursday,minor,5,Crossing,Daylight,1,1,0,0,0,0,Dry,13.45298,52.56743,bicycle + car + 
198483,Friedrichshain-Kreuzberg,2020206,Graefekiez,August,7,Thursday,minor,2,Stationary Traffic,Daylight,0,1,0,0,0,0,Dry,13.41351,52.49179,car + 
198484,Friedrichshain-Kreuzberg,2010102,Mehringplatz,August,7,Thursday,minor,5,Turning,Daylight,1,1,0,0,0,0,Dry,13.40158,52.50609,bicycle + car + 
198485,Treptow-Köpenick,9052001,Köpenick Nord,August,7,Thursday,minor,5,Turning,Daylight,1,1,0,0,0,0,Dry,13.5728,52.47048,bicycle + car + 
198486,Lichtenberg,11010206,Wartenberg Süd,August,18,Thursday,serious,1,Driving,Daylight,0,1,0,1,0,0,Dry,13.52003,52.57034,car + motorbike + 
198487,Treptow-Köpenick,9051702,Bölschestraße,August,16,Thursday,serious,0,Crossing,Daylight,0,1,0,1,0,0,Dry,13.62565,52.45754,car + motorbike + 
198488,Steglitz-Zehlendorf,6030606,Hindenburgdamm,August,10,Thursday,serious,1,Paralle Traffic,Daylight,1,1,0,0,0,0,Dry,13.32091,52.44393,bicycle + car + 
198489,Tempelhof-Schöneberg,7010104,Dennewitzplatz,August,14,Thursday,serious,0,Driving,Daylight,1,0,0,0,0,0,Dry,13.36093,52.49018,bicycle + 
198490,Spandau,5020628,Graetschelsteig,August,14,Thursday,serious,5,Crossing,Daylight,0,1,0,0,0,0,Dry,13.18747,52.51498,car + 
198491,Spandau,5020420,Werkstraße,August,13,Thursday,serious,5,Crossing,Daylight,0,1,0,1,0,0,Dry,13.12825,52.53106,car + motorbike + 
198492,Neukölln,8041037,Alt-Rudow,August,9,Thursday,serious,5,Crossing,Daylight,0,1,0,1,0,0,Dry,13.49109,52.42382,car + motorbike + 
198493,Friedrichshain-Kreuzberg,2030302,Lausitzer Platz,August,7,Thursday,serious,2,Stationary Traffic,Daylight,0,1,0,1,0,0,Dry,13.43228,52.50562,car + motorbike + 
198494,Mitte,1044203,Leopoldplatz,August,12,Thursday,minor,3,Stationary Traffic,Daylight,0,1,0,0,0,0,Dry,13.36142,52.55516,car + 
198495,Tempelhof-Schöneberg,7010104,Dennewitzplatz,August,5,Thursday,minor,1,Paralle Traffic,Night,1,1,0,0,0,0,Dry,13.3656,52.49534,bicycle + car + 
198496,Spandau,5010314,Carl-Schurz-Straße,August,13,Thursday,minor,1,Paralle Traffic,Daylight,1,1,0,0,0,0,Dry,13.19937,52.53906,bicycle + car + 
198497,Pankow,3040818,Pankow Süd,August,7,Wednesday,minor,6,Overtaking,Daylight,1,0,1,0,0,0,Dry,13.42126,52.56349,bicycle + pedestrian + 
198498,Neukölln,8010404,Rixdorf,August,8,Wednesday,minor,6,Overtaking,Daylight,1,0,1,0,0,0,Dry,13.45279,52.47534,bicycle + pedestrian + 
198499,Steglitz-Zehlendorf,6040808,Hüttenweg,August,21,Wednesday,minor,1,Paralle Traffic,Night,1,1,0,0,0,0,Dry,13.25021,52.46705,bicycle + car + 
198500,Mitte,1011102,Großer Tiergarten,August,20,Wednesday,minor,0,Other,Dawn,0,0,0,1,0,1,Wet,13.35044,52.51365,motorbike + other
198501,Spandau,5010207,Darbystraße,August,20,Wednesday,minor,0,Turning,Daylight,0,1,0,1,0,0,Dry,13.1846,52.54752,car + motorbike + 
198502,Tempelhof-Schöneberg,7020203,Kaiser-Wilhelm-Platz,August,18,Wednesday,minor,0,Crossing,Daylight,0,1,0,1,0,0,Dry,13.34765,52.48628,car + motorbike + 
198503,Pankow,3061429,Greifswalder Straße,August,17,Wednesday,minor,6,Overtaking,Daylight,1,0,1,0,0,0,Dry,13.43988,52.5408,bicycle + pedestrian + 
198504,Friedrichshain-Kreuzberg,2020206,Graefekiez,August,18,Wednesday,minor,3,Stationary Traffic,Daylight,1,1,0,0,0,0,Dry,13.41588,52.49278,bicycle + car + 
198505,Mitte,1033203,Humboldthain Nordwest,August,18,Wednesday,minor,2,Stationary Traffic,Daylight,0,1,0,1,0,0,Dry,13.37273,52.53841,car + motorbike + 
198506,Marzahn-Hellersdorf,10040931,Mahlsdorf Nord,August,17,Wednesday,minor,1,Paralle Traffic,Daylight,1,1,0,0,0,0,Dry,13.63315,52.52298,bicycle + car + 
198507,Lichtenberg,11051229,Rummelsburg,August,17,Wednesday,minor,5,Turning,Daylight,1,0,0,0,0,1,Dry,13.47503,52.50155,bicycle + other
198508,Pankow,3050925,Komponistenviertel Weißensee,August,15,Wednesday,minor,6,Turning,Daylight,0,1,1,0,0,0,Dry,13.45896,52.55016,car + pedestrian + 
198509,Friedrichshain-Kreuzberg,2050601,Hausburgviertel,August,17,Wednesday,minor,5,Crossing,Daylight,1,1,0,0,0,0,Dry,13.45484,52.52346,bicycle + car + 
198510,Charlottenburg-Wilmersdorf,4030622,Richard-Wagner-Straße,August,16,Wednesday,minor,2,Stationary Traffic,Daylight,0,1,0,0,0,1,Dry,13.31486,52.51281,car + other
198511,Reinickendorf,12214421,Reinickes Hof,August,17,Wednesday,minor,5,Turning,Daylight,1,1,0,0,0,0,Dry,13.33195,52.57555,bicycle + car + 
198512,Friedrichshain-Kreuzberg,2050802,Boxhagener Platz,August,16,Wednesday,minor,2,Stationary Traffic,Daylight,0,0,0,0,0,1,Dry,13.46513,52.50775,other
198513,Friedrichshain-Kreuzberg,2040502,Friedenstraße,August,16,Wednesday,minor,0,Crossing,Daylight,0,1,0,1,0,0,Dry,13.4355,52.52169,car + motorbike + 
198514,Neukölln,8020625,Handwerker-Siedlung,August,16,Wednesday,minor,5,Crossing,Daylight,0,1,0,0,0,0,Dry,13.4349,52.43743,car + 
198515,Charlottenburg-Wilmersdorf,4051654,Wilhelmsaue,August,15,Wednesday,minor,6,Overtaking,Daylight,1,0,1,0,0,0,Dry,13.32668,52.48405,bicycle + pedestrian + 
198516,Steglitz-Zehlendorf,6030605,Botanischer Garten,August,15,Wednesday,minor,0,Driving,Daylight,1,0,0,0,0,0,Dry,13.30123,52.44609,bicycle + 
198517,Neukölln,8020619,Buschkrugallee Nord,August,15,Wednesday,minor,5,Turning,Daylight,0,1,0,0,0,0,Dry,13.44468,52.4631,car + 
198518,Mitte,1022106,Elberfelder Straße,August,15,Wednesday,minor,0,Stationary Traffic,Daylight,0,1,0,1,0,0,Dry,13.32932,52.52266,car + motorbike + 
198519,Pankow,3061441,Eldenaer Straße,August,15,Wednesday,minor,5,Crossing,Daylight,1,0,0,0,0,0,Dry,13.46076,52.52381,bicycle + 
198520,Treptow-Köpenick,9020702,Adlershof Ost,August,14,Wednesday,minor,0,Driving,Daylight,1,0,0,0,0,0,Dry,13.54896,52.43823,bicycle + 
198521,Treptow-Köpenick,9020501,Oberschöneweide West,August,14,Wednesday,minor,5,Other,Daylight,0,1,0,1,0,0,Dry,13.50996,52.47031,car + motorbike + 
198522,Mitte,1044102,Schillerpark,August,14,Wednesday,minor,1,Paralle Traffic,Daylight,0,1,0,0,0,0,Dry,13.3545,52.56094,car + 
198523,Treptow-Köpenick,9051701,Hirschgarten,August,14,Wednesday,minor,5,Crossing,Daylight,0,1,0,0,0,1,Dry,13.61139,52.45602,car + other
198524,Mitte,1044203,Leopoldplatz,August,13,Wednesday,minor,5,Crossing,Daylight,0,1,0,0,0,0,Dry,13.3606,52.54858,car + 
198525,Charlottenburg-Wilmersdorf,4041137,Flinsberger Platz,August,13,Wednesday,minor,2,Stationary Traffic,Daylight,0,1,0,0,0,0,Dry,13.28623,52.48024,car + 
198526,Neukölln,8010115,Hasenheide,August,13,Wednesday,minor,5,Turning,Daylight,1,1,0,0,0,0,Dry,13.41634,52.48048,bicycle + car + 
198527,Spandau,5030731,Gartenfelder Straße,August,12,Wednesday,minor,6,Overtaking,Daylight,1,0,1,0,0,0,Dry,13.24797,52.54541,bicycle + pedestrian + 
198528,Mitte,1033101,Soldiner Straße,August,12,Wednesday,minor,1,Paralle Traffic,Daylight,1,1,0,0,0,0,Dry,13.37355,52.55702,bicycle + car + 
198529,Friedrichshain-Kreuzberg,2020204,Urbanstraße,August,11,Wednesday,minor,5,Crossing,Daylight,1,1,0,0,0,0,Dry,13.39782,52.49528,bicycle + car + 
198530,Mitte,1011401,Invalidenstraße,August,11,Wednesday,minor,6,Overtaking,Daylight,0,0,1,0,0,1,Dry,13.38629,52.52996,pedestrian + other
198531,Neukölln,8010117,Schillerpromenade,August,10,Wednesday,minor,2,Stationary Traffic,Daylight,0,1,0,1,0,0,Dry,13.42687,52.47591,car + motorbike + 
198532,Charlottenburg-Wilmersdorf,4051655,Babelsberger Straße,August,10,Wednesday,minor,5,Turning,Daylight,1,1,0,0,0,0,Dry,13.32866,52.4786,bicycle + car + 
198533,Charlottenburg-Wilmersdorf,4041239,Stadion Wilmersdorf,August,10,Wednesday,minor,5,Turning,Daylight,1,0,0,0,0,1,Dry,13.30564,52.47976,bicycle + other
198534,Mitte,1011302,Oranienburger Straße,August,9,Wednesday,minor,5,Turning,Daylight,1,1,0,0,0,0,Dry,13.39002,52.52568,bicycle + car + 
198535,Reinickendorf,12304314,Ziekowstraße/Freie Scholle,August,9,Wednesday,minor,4,Stationary Traffic,Daylight,1,0,0,0,0,0,Dry,13.29162,52.59578,bicycle + 
198536,Pankow,3061430,Volkspark Prenzlauer Berg,August,8,Wednesday,minor,6,Overtaking,Daylight,0,1,1,0,0,0,Dry,13.45426,52.53241,car + pedestrian + 
198537,Mitte,1044101,Rehberge,August,8,Wednesday,minor,2,Other,Daylight,0,1,0,0,0,0,Dry,13.342,52.55231,car + 
198538,Mitte,1033203,Humboldthain Nordwest,August,7,Wednesday,minor,6,Overtaking,Daylight,1,0,1,0,0,0,Dry,13.37321,52.5381,bicycle + pedestrian + 
198539,Mitte,1033102,Gesundbrunnen,August,7,Wednesday,minor,1,Paralle Traffic,Daylight,1,0,0,0,0,1,Dry,13.3852,52.55022,bicycle + other
198540,Spandau,5030731,Gartenfelder Straße,August,7,Wednesday,minor,3,Stationary Traffic,Daylight,0,1,0,0,1,0,Dry,13.2323,52.53958,car + truck + 
198541,Tempelhof-Schöneberg,7040404,Marienhöhe,August,1,Wednesday,minor,8,Driving,Night,0,1,0,0,0,0,Dry,13.36211,52.44731,car + 
198542,Neukölln,8010211,Flughafenstraße,August,1,Wednesday,minor,5,Turning,Night,0,1,0,0,0,0,Dry,13.42486,52.48196,car + 
198543,Mitte,1022206,Lüneburger Straße,August,20,Wednesday,minor,5,Turning,Dawn,1,1,0,0,0,0,Dry,13.36617,52.52394,bicycle + car + 
198544,Friedrichshain-Kreuzberg,2050803,Stralauer Kiez,August,12,Wednesday,minor,0,Turning,Daylight,1,1,0,0,0,0,Dry,13.45925,52.50119,bicycle + car + 
198545,Spandau,5010314,Carl-Schurz-Straße,August,17,Wednesday,serious,5,Crossing,Daylight,1,1,0,0,0,0,Dry,13.19973,52.53457,bicycle + car + 
198546,Treptow-Köpenick,9020601,Schnellerstraße,August,14,Wednesday,serious,3,Stationary Traffic,Daylight,1,0,0,0,0,0,Dry,13.50109,52.46044,bicycle + 
198547,Mitte,1044102,Schillerpark,August,12,Wednesday,serious,6,Overtaking,Daylight,0,0,1,1,0,0,Dry,13.34968,52.55726,pedestrian + motorbike + 
198548,Marzahn-Hellersdorf,10040829,Alt-Kaulsdorf,August,7,Wednesday,serious,5,Crossing,Daylight,1,1,0,0,0,0,Dry,13.58899,52.51125,bicycle + car + 
198549,Lichtenberg,11020412,Hauptstraße,August,6,Wednesday,serious,5,Crossing,Daylight,1,1,0,0,0,0,Dry,13.51165,52.55073,bicycle + car + 
198550,Charlottenburg-Wilmersdorf,4030519,Kaiserin-Augusta-Allee,August,8,Tuesday,minor,2,Turning,Daylight,0,1,0,1,0,0,Dry,13.30993,52.52325,car + motorbike + 
198551,Steglitz-Zehlendorf,6030608,Schweizer Viertel,August,7,Tuesday,minor,5,Turning,Daylight,1,1,0,0,0,0,Dry,13.27965,52.42977,bicycle + car + 
198552,Charlottenburg-Wilmersdorf,4030518,Tegeler Weg,August,20,Tuesday,minor,5,Crossing,Night,0,1,0,0,0,1,Dry,13.30416,52.5267,car + other
198553,Mitte,1011304,Karl-Marx-Allee,August,19,Tuesday,minor,0,Driving,Dawn,1,0,0,0,0,0,Dry,13.41738,52.5157,bicycle + 
198554,Charlottenburg-Wilmersdorf,4020311,Reichsstraße,August,19,Tuesday,minor,1,Paralle Traffic,Dawn,1,1,0,0,0,0,Dry,13.2549,52.52083,bicycle + car + 
198555,Pankow,3061228,Erich-Weinert-Straße,August,19,Tuesday,minor,3,Stationary Traffic,Daylight,1,0,0,0,0,0,Dry,13.42794,52.54551,bicycle + 
198556,Mitte,1011301,Charitéviertel,August,18,Tuesday,minor,0,Driving,Daylight,1,0,0,0,0,0,Dry,13.38012,52.51991,bicycle + 
198557,Mitte,1011303,Alexanderplatzviertel,August,18,Tuesday,minor,1,Paralle Traffic,Daylight,1,1,0,0,0,1,Dry,13.41084,52.52689,bicycle + car + other
198558,Mitte,1011301,Charitéviertel,August,17,Tuesday,minor,6,Turning,Daylight,0,1,1,0,0,0,Dry,13.37955,52.52258,car + pedestrian + 
198559,Pankow,3020210,Herthaplatz,August,17,Tuesday,minor,5,Crossing,Daylight,0,1,0,1,0,0,Dry,13.4062,52.58178,car + motorbike + 
198560,Mitte,1044202,Sparrplatz,August,17,Tuesday,minor,2,Stationary Traffic,Daylight,1,1,0,0,0,0,Dry,13.35857,52.54012,bicycle + car + 
198561,Charlottenburg-Wilmersdorf,4030725,Amtsgerichtsplatz,August,17,Tuesday,minor,6,Overtaking,Daylight,0,1,1,0,0,0,Dry,13.30274,52.50608,car + pedestrian + 
198562,Neukölln,8030829,Gropiusstadt Nord,August,17,Tuesday,minor,2,Stationary Traffic,Daylight,0,1,0,0,0,0,Dry,13.45794,52.43122,car + 
198563,Charlottenburg-Wilmersdorf,4030623,Ernst-Reuter-Platz,August,16,Tuesday,minor,5,Crossing,Daylight,1,1,0,0,0,0,Dry,13.32331,52.516,bicycle + car + 
198564,Treptow-Köpenick,9030901,Dorf Altglienicke,August,16,Tuesday,minor,5,Turning,Daylight,0,1,0,0,0,0,Dry,13.53098,52.41559,car + 
198565,Charlottenburg-Wilmersdorf,4041241,Breite Straße,August,16,Tuesday,minor,5,Turning,Daylight,1,1,0,0,0,0,Dry,13.29148,52.4751,bicycle + car + 
198566,Tempelhof-Schöneberg,7040401,Neu-Tempelhof,August,16,Tuesday,minor,5,Turning,Daylight,1,1,0,0,0,0,Dry,13.38571,52.4782,bicycle + car + 
198567,Marzahn-Hellersdorf,10030724,Oberfeldstraße,August,15,Tuesday,minor,1,Paralle Traffic,Daylight,1,1,0,0,0,0,Dry,13.55654,52.53302,bicycle + car + 
198568,Charlottenburg-Wilmersdorf,4030417,Schloßstraße,August,9,Tuesday,minor,5,Turning,Daylight,1,1,0,0,0,0,Dry,13.29732,52.51112,bicycle + car + 
198569,Tempelhof-Schöneberg,7010104,Dennewitzplatz,August,12,Sunday,serious,0,Other,Daylight,1,0,0,0,0,0,Dry,13.37201,52.49244,bicycle + 
198570,Mitte,1044203,Leopoldplatz,August,4,Tuesday,minor,5,Crossing,Night,0,1,0,0,0,0,Wet,13.3655,52.55712,car + 
198571,Pankow,3030711,Blankenburg,August,15,Tuesday,minor,0,Crossing,Daylight,0,1,0,1,0,0,Dry,13.45071,52.59126,car + motorbike + 
198572,Tempelhof-Schöneberg,7030303,Grazer Platz,August,14,Tuesday,minor,0,Paralle Traffic,Daylight,1,1,0,0,0,0,Dry,13.34387,52.46482,bicycle + car + 
198573,Tempelhof-Schöneberg,7040405,Rathaus Tempelhof,August,14,Tuesday,minor,5,Crossing,Daylight,0,1,0,0,0,1,Dry,13.39974,52.45601,car + other
198574,Mitte,1011104,Körnerstraße,August,14,Tuesday,minor,5,Turning,Daylight,1,1,0,0,0,0,Dry,13.36581,52.50307,bicycle + car + 
198575,Neukölln,8041038,Waßmannsdorfer Chaussee,August,14,Tuesday,minor,6,Overtaking,Daylight,0,1,1,0,0,0,Dry,13.49625,52.41561,car + pedestrian + 
198576,Marzahn-Hellersdorf,10020517,Adele-Sandrock-Straße,August,13,Tuesday,minor,5,Turning,Daylight,1,1,0,0,0,0,Dry,13.62085,52.53094,bicycle + car + 
198577,Mitte,1011301,Charitéviertel,August,12,Tuesday,minor,5,Crossing,Daylight,0,1,0,1,0,0,Dry,13.38005,52.53278,car + motorbike + 
198578,Charlottenburg-Wilmersdorf,4010102,Plötzensee,August,12,Tuesday,minor,2,Stationary Traffic,Daylight,0,1,0,0,0,0,Dry,13.32524,52.5415,car + 
198579,Pankow,3050919,Gustav-Adolf-Straße,August,12,Tuesday,minor,2,Stationary Traffic,Daylight,0,1,0,0,0,0,Dry,13.44022,52.556,car + 
198580,Mitte,1044203,Leopoldplatz,August,5,Tuesday,minor,5,Crossing,Dawn,1,1,0,0,0,0,Dry,13.36538,52.55681,bicycle + car + 
198581,Tempelhof-Schöneberg,7020204,Schöneberger Insel,August,11,Tuesday,minor,3,Stationary Traffic,Daylight,1,0,0,0,0,1,Dry,13.36357,52.47832,bicycle + other
198582,Charlottenburg-Wilmersdorf,4020311,Reichsstraße,August,11,Tuesday,minor,5,Crossing,Daylight,0,1,0,0,0,0,Dry,13.2739,52.50968,car + 
198583,Steglitz-Zehlendorf,6020411,Schütte-Lanz-Straße,August,10,Tuesday,minor,5,Crossing,Daylight,1,1,0,0,0,0,Dry,13.33554,52.40876,bicycle + car + 
198584,Tempelhof-Schöneberg,7030301,Friedenau,August,10,Tuesday,minor,4,Stationary Traffic,Daylight,1,0,0,0,0,0,Dry,13.32687,52.46494,bicycle + 
198585,Treptow-Köpenick,9030901,Dorf Altglienicke,August,9,Tuesday,minor,5,Crossing,Daylight,0,1,0,0,1,0,Dry,13.52213,52.40246,car + truck + 
198586,Steglitz-Zehlendorf,6030607,Goerzwerke,August,9,Tuesday,minor,6,Overtaking,Daylight,1,0,1,0,0,0,Dry,13.31041,52.43096,bicycle + pedestrian + 
198587,Pankow,3040513,Schönholz,August,8,Tuesday,minor,5,Turning,Daylight,0,1,0,1,0,0,Dry,13.39881,52.57059,car + motorbike + 
198588,Mitte,1022104,Emdener Straße,August,8,Tuesday,minor,5,Other,Daylight,0,1,0,1,0,0,Dry,13.3295,52.53299,car + motorbike + 
198589,Tempelhof-Schöneberg,7030303,Grazer Platz,August,7,Tuesday,minor,6,Overtaking,Daylight,1,0,1,0,0,0,Dry,13.35568,52.45731,bicycle + pedestrian + 
198590,Charlottenburg-Wilmersdorf,4030726,Droysenstraße,August,8,Tuesday,minor,3,Stationary Traffic,Daylight,1,0,0,0,0,1,Dry,13.30451,52.49945,bicycle + other
198591,Neukölln,8041037,Alt-Rudow,August,7,Tuesday,minor,5,Turning,Daylight,1,0,0,0,0,1,Dry,13.49192,52.42044,bicycle + other
198592,Pankow,3030406,Alt-Karow,August,7,Tuesday,minor,5,Turning,Daylight,1,0,0,0,0,0,Dry,13.48578,52.61584,bicycle + 
198593,Mitte,1011306,Heine-Viertel Ost,August,7,Tuesday,minor,5,Paralle Traffic,Daylight,1,1,0,0,0,0,Dry,13.41928,52.508,bicycle + car + 
198594,Mitte,3071537,Kollwitzplatz,August,6,Tuesday,minor,3,Stationary Traffic,Daylight,0,1,0,1,0,0,Dry,13.41589,52.52741,car + motorbike + 
198595,Lichtenberg,11030721,Rüdigerstraße,August,16,Tuesday,serious,0,Crossing,Daylight,1,0,0,0,0,0,Dry,13.49248,52.51629,bicycle + 
198596,Marzahn-Hellersdorf,10010102,Havemannstraße,August,6,Tuesday,minor,5,Turning,Dawn,1,0,0,0,0,1,Dry,13.56577,52.57039,bicycle + other
198597,Reinickendorf,12304313,Borsigwalde,August,13,Tuesday,serious,8,Stationary Traffic,Daylight,0,1,0,0,0,0,Dry,13.30161,52.58003,car + 
198598,Treptow-Köpenick,9010401,Johannisthal West,August,9,Tuesday,serious,1,Paralle Traffic,Daylight,1,0,0,0,0,1,Dry,13.50083,52.45649,bicycle + other
198599,Friedrichshain-Kreuzberg,2030301,Oranienplatz,August,9,Tuesday,minor,1,Paralle Traffic,Daylight,1,1,0,0,0,1,Dry,13.42172,52.50062,bicycle + car + other
198600,Tempelhof-Schöneberg,7030303,Grazer Platz,August,10,Tuesday,minor,2,Stationary Traffic,Daylight,0,1,0,0,0,0,Dry,13.33772,52.46705,car + 
198601,Reinickendorf,12103117,Letteplatz,August,15,Monday,minor,6,Overtaking,Daylight,0,0,1,1,0,0,Dry,13.36643,52.56392,pedestrian + motorbike + 
198602,Steglitz-Zehlendorf,6040804,Krumme Lanke,August,18,Monday,minor,6,Other,Daylight,1,0,1,0,0,0,Dry,13.23749,52.44409,bicycle + pedestrian + 
198603,Steglitz-Zehlendorf,6030504,Teltower Damm,August,18,Monday,minor,2,Stationary Traffic,Daylight,1,1,0,0,0,0,Dry,13.26173,52.41644,bicycle + car + 
198604,Reinickendorf,12103219,Schäfersee,August,17,Monday,minor,5,Turning,Daylight,1,0,0,0,0,1,Dry,13.36298,52.56665,bicycle + other
198605,Friedrichshain-Kreuzberg,2030301,Oranienplatz,August,17,Monday,minor,5,Crossing,Daylight,1,1,0,0,0,0,Dry,13.42155,52.50067,bicycle + car + 
198606,Pankow,3061441,Eldenaer Straße,August,17,Monday,minor,2,Other,Daylight,0,1,0,0,0,0,Dry,13.45734,52.52446,car + 
198607,Steglitz-Zehlendorf,6030504,Teltower Damm,August,16,Monday,minor,2,Stationary Traffic,Daylight,1,1,0,0,0,0,Dry,13.2503,52.42128,bicycle + car + 
198608,Tempelhof-Schöneberg,7030301,Friedenau,August,16,Monday,minor,0,Other,Daylight,1,0,0,0,0,0,Dry,13.32819,52.4734,bicycle + 
198609,Mitte,1022102,Beusselkiez,August,16,Monday,minor,5,Crossing,Daylight,1,0,0,0,0,0,Dry,13.32434,52.52651,bicycle + 
198610,Charlottenburg-Wilmersdorf,4041136,Hagenplatz,August,16,Monday,minor,1,Paralle Traffic,Daylight,0,1,0,0,0,0,Dry,13.28093,52.47873,car + 
198611,Lichtenberg,11041128,Sewanstraße,August,10,Monday,minor,0,Other,Daylight,1,0,0,0,0,0,Dry,13.5016,52.49305,bicycle + 
198612,Mitte,1044201,Reinickendorfer Straße,September,12,Monday,minor,0,Overtaking,Daylight,0,0,1,0,0,1,Dry,13.37361,52.55677,pedestrian + other
198613,Mitte,1033102,Gesundbrunnen,August,20,Monday,minor,5,Crossing,Night,1,1,0,0,0,0,Dry,13.38383,52.55501,bicycle + car + 
198614,Treptow-Köpenick,9010402,Johannisthal Ost,September,15,Monday,minor,5,Crossing,Daylight,1,1,0,0,0,0,Dry,13.51811,52.44375,bicycle + car + 
198615,Lichtenberg,11030721,Rüdigerstraße,September,7,Monday,minor,3,Turning,Daylight,1,1,0,0,0,0,Dry,13.48583,52.51853,bicycle + car + 
198616,Lichtenberg,11010310,Mühlengrund,August,16,Monday,minor,2,Stationary Traffic,Daylight,0,1,0,0,0,1,Dry,13.50835,52.56434,car + other
198617,Friedrichshain-Kreuzberg,2050801,Traveplatz,August,15,Monday,minor,5,Turning,Daylight,1,0,0,1,0,0,Dry,13.47248,52.50852,bicycle + motorbike + 
198618,Charlottenburg-Wilmersdorf,4051445,Eisenzahnstraße,September,11,Monday,minor,2,Turning,Daylight,0,1,0,0,1,0,Dry,13.30889,52.49077,car + truck + 
198619,Steglitz-Zehlendorf,6040808,Hüttenweg,September,11,Monday,minor,2,Stationary Traffic,Daylight,0,1,0,1,0,0,Dry,13.2688,52.44756,car + motorbike + 
198620,Marzahn-Hellersdorf,10020517,Adele-Sandrock-Straße,August,15,Monday,minor,2,Stationary Traffic,Daylight,0,1,0,0,0,0,Dry,13.61883,52.53111,car + 
198621,Steglitz-Zehlendorf,6020301,Alt-Lankwitz,September,10,Monday,serious,2,Stationary Traffic,Daylight,0,1,0,0,0,0,Dry,13.36606,52.4353,car + 
198622,Treptow-Köpenick,9020802,Köllnische Vorstadt,August,15,Monday,minor,0,Crossing,Daylight,1,1,0,0,0,0,Dry,13.56918,52.44268,bicycle + car + 
198623,Mitte,1033202,Humboldthain Süd,September,11,Monday,minor,2,Turning,Daylight,0,1,0,0,0,0,Dry,13.39127,52.5362,car + 
198624,Mitte,1033102,Gesundbrunnen,August,15,Monday,minor,2,Stationary Traffic,Daylight,0,1,0,0,0,1,Dry,13.38381,52.55123,car + other
198625,Neukölln,8041036,Zittauer Straße,September,11,Monday,minor,5,Crossing,Daylight,0,1,0,0,0,0,Dry,13.49002,52.42008,car + 
198626,Spandau,5010101,Hakenfelde Nord,August,15,Monday,minor,5,Crossing,Daylight,1,1,0,0,0,0,Dry,13.21259,52.57321,bicycle + car + 
198627,Reinickendorf,12214424,Scharnweberstraße,September,11,Monday,minor,3,Stationary Traffic,Daylight,0,1,0,0,0,0,Dry,13.32948,52.5633,car + 
198628,Tempelhof-Schöneberg,7010104,Dennewitzplatz,September,7,Monday,minor,2,Other,Daylight,0,0,0,1,0,1,Dry,13.36637,52.48828,motorbike + other
198629,Steglitz-Zehlendorf,6030608,Schweizer Viertel,August,14,Monday,minor,0,Driving,Daylight,1,0,0,0,0,0,Dry,13.28715,52.4325,bicycle + 
198630,Charlottenburg-Wilmersdorf,4030621,Spreestadt,August,12,Monday,minor,5,Crossing,Daylight,1,1,0,0,0,0,Dry,13.32832,52.52225,bicycle + car + 
198631,Treptow-Köpenick,9051901,Dammvorstadt,September,10,Monday,minor,0,Driving,Daylight,1,0,0,0,0,0,Dry,13.57468,52.44836,bicycle + 
198632,Mitte,1011203,Unter den Linden Süd,August,11,Monday,minor,2,Stationary Traffic,Daylight,1,1,0,0,0,0,Dry,13.38958,52.51234,bicycle + car + 
198633,Mitte,1011203,Unter den Linden Süd,September,7,Monday,minor,1,Paralle Traffic,Daylight,1,1,0,0,0,0,Dry,13.38679,52.5146,bicycle + car + 