id,district,lor,street,month,hour,weekday,injury,collision,movement,light_conditions,bicycle,car,pedestrian,motorbike,truck,other_vehicle,road_conditions,longitude,latitude,Combo_type
198634,Friedrichshain-Kreuzberg,2050602,Samariterviertel,August,13,Monday,minor,5,Crossing,Daylight,1,1,0,0,0,0,Dry,13.45809,52.51945,bicycle + car + 
198635,Treptow-Köpenick,9010401,Johannisthal West,September,14,Monday,minor,5,Crossing,Daylight,1,1,0,0,0,0,Dry,13.50696,52.44714,bicycle + car + 
198636,Steglitz-Zehlendorf,6040807,Zehlendorf Eiche,August,11,Monday,serious,5,Turning,Daylight,1,1,0,0,0,0,Dry,13.27106,52.43878,bicycle + car + 
198637,Mitte,1011401,Invalidenstraße,September,10,Monday,minor,0,Driving,Daylight,1,1,0,0,0,0,Dry,13.39309,52.53211,bicycle + car + 
198638,Lichtenberg,11030619,Fennpfuhl Ost,August,10,Monday,minor,0,Stationary Traffic,Daylight,0,1,0,1,0,0,Dry,13.47735,52.53094,car + motorbike + 
198639,Marzahn-Hellersdorf,10040933,Mahlsdorf Süd,September,10,Monday,minor,2,Stationary Traffic,Daylight,0,0,0,1,1,0,Dry,13.60049,52.4766,motorbike + truck + 
198640,Mitte,1011102,Großer Tiergarten,September,14,Monday,minor,5,Crossing,Daylight,0,1,0,1,0,0,Dry,13.34898,52.51479,car + motorbike + 
198641,Friedrichshain-Kreuzberg,2050801,Traveplatz,August,10,Monday,minor,5,Paralle Traffic,Daylight,1,0,0,0,0,1,Dry,13.47434,52.51066,bicycle + other
198642,Friedrichshain-Kreuzberg,2010104,Wassertorplatz,September,10,Monday,minor,5,Crossing,Daylight,0,1,0,0,0,1,Dry,13.41052,52.49859,car + other
198643,Neukölln,8041035,Blumenviertel,August,9,Monday,minor,5,Crossing,Daylight,0,1,0,0,0,0,Dry,13.48361,52.43121,car + 
198644,Marzahn-Hellersdorf,10030727,Biesdorf Süd,September,9,Monday,minor,2,Stationary Traffic,Daylight,1,1,0,0,0,0,Dry,13.56039,52.48678,bicycle + car + 
198645,Mitte,1022204,Thomasiusstraße,September,9,Monday,serious,5,Turning,Daylight,0,1,0,1,0,0,Dry,13.35094,52.52435,car + motorbike + 
198646,Charlottenburg-Wilmersdorf,4030623,Ernst-Reuter-Platz,August,9,Monday,minor,0,Driving,Daylight,1,0,0,0,0,0,Dry,13.33025,52.51321,bicycle + 
198647,Charlottenburg-Wilmersdorf,4020311,Reichsstraße,September,9,Monday,serious,6,Other,Daylight,0,0,1,0,0,1,Dry,13.26877,52.51168,pedestrian + other
198648,Reinickendorf,12214422,Klixstraße,August,8,Monday,minor,1,Driving,Daylight,0,1,0,0,0,0,Dry,13.31362,52.5725,car + 
198649,Charlottenburg-Wilmersdorf,4051653,Prager Platz,September,8,Monday,minor,2,Stationary Traffic,Daylight,0,1,0,1,0,0,Dry,13.33102,52.49064,car + motorbike + 
198650,Friedrichshain-Kreuzberg,2010104,Wassertorplatz,August,8,Monday,minor,2,Stationary Traffic,Daylight,0,1,0,0,0,0,Dry,13.40725,52.49848,car + 
198651,Treptow-Köpenick,9041501,Altstadt Kietz,September,8,Monday,serious,2,Stationary Traffic,Daylight,0,1,0,0,0,0,Dry,13.57751,52.44408,car + 
198652,Charlottenburg-Wilmersdorf,4051446,Preußenpark,August,7,Monday,minor,5,Turning,Daylight,1,1,0,0,0,0,Dry,13.31528,52.49065,bicycle + car + 
198653,Charlottenburg-Wilmersdorf,4030417,Schloßstraße,September,8,Monday,minor,5,Turning,Daylight,1,1,0,0,0,0,Dry,13.28731,52.513,bicycle + car + 
198654,Tempelhof-Schöneberg,7030303,Grazer Platz,September,10,Monday,serious,9,Other,Daylight,0,1,0,0,0,0,Dry,13.35471,52.4587,car + 
198655,Steglitz-Zehlendorf,6020410,Oberhofer Platz,August,7,Monday,minor,5,Turning,Daylight,1,1,0,0,0,0,Dry,13.32637,52.42773,bicycle + car + 
198656,Friedrichshain-Kreuzberg,2040701,Andreasviertel,August,5,Monday,minor,5,Turning,Dawn,0,1,0,1,0,0,Dry,13.43109,52.51276,car + motorbike + 
198657,Friedrichshain-Kreuzberg,2020204,Urbanstraße,September,13,Sunday,minor,6,Other,Daylight,0,0,1,0,0,1,Dry,13.40412,52.49558,pedestrian + other
198658,Friedrichshain-Kreuzberg,2050802,Boxhagener Platz,August,0,Monday,minor,0,Driving,Night,0,0,0,1,0,0,Dry,13.45663,52.5118,motorbike + 
198659,Pankow,3071537,Kollwitzplatz,September,0,Sunday,minor,5,Crossing,Night,0,1,0,0,0,1,Dry,13.41373,52.53231,car + other
198660,Pankow,3040614,Pankow Zentrum,August,23,Monday,minor,0,Driving,Night,1,0,0,0,0,0,Wet,13.42202,52.57358,bicycle + 
198661,Steglitz-Zehlendorf,6030607,Goerzwerke,September,17,Sunday,serious,6,Overtaking,Daylight,0,1,1,0,0,0,Dry,13.29917,52.41972,car + pedestrian + 
198662,Mitte,1044203,Leopoldplatz,August,21,Monday,minor,5,Crossing,Night,1,1,0,0,0,0,Wet,13.36566,52.55683,bicycle + car + 
198663,Mitte,1044202,Sparrplatz,September,20,Sunday,minor,6,Overtaking,Night,1,0,1,0,0,0,Dry,13.35617,52.54203,bicycle + pedestrian + 
198664,Charlottenburg-Wilmersdorf,4020313,Königin-Elisabeth-Straße,September,18,Sunday,minor,5,Turning,Daylight,1,1,0,0,0,0,Dry,13.28526,52.51287,bicycle + car + 
198665,Lichtenberg,11041023,Gensinger Straße,August,20,Monday,minor,0,Other,Dawn,1,1,0,0,0,0,Wet,13.52147,52.51331,bicycle + car + 
198666,Neukölln,8010303,Donaustraße,September,18,Sunday,minor,0,Stationary Traffic,Daylight,0,1,0,0,0,1,Dry,13.43975,52.48155,car + other
198667,Steglitz-Zehlendorf,6010205,Südende,August,19,Monday,minor,1,Paralle Traffic,Night,1,0,0,0,0,1,Wet,13.33954,52.45085,bicycle + other
198668,Marzahn-Hellersdorf,10010102,Havemannstraße,September,17,Sunday,minor,5,Turning,Daylight,0,1,0,0,0,0,Dry,13.56562,52.57044,car + 
198669,Spandau,5030730,Zitadellenweg,August,18,Monday,minor,3,Turning,Daylight,0,1,0,0,1,0,Dry,13.22769,52.55879,car + truck + 
198670,Marzahn-Hellersdorf,10010311,Landsberger Tor,September,16,Sunday,minor,6,Stationary Traffic,Daylight,1,0,1,0,0,0,Dry,13.57607,52.54019,bicycle + pedestrian + 
198671,Reinickendorf,12103116,Hausotterplatz,August,22,Monday,serious,5,Crossing,Night,0,1,0,0,0,1,Wet,13.37258,52.56823,car + other
198672,Lichtenberg,11041128,Sewanstraße,September,11,Sunday,minor,5,Crossing,Daylight,1,1,0,0,0,0,Dry,13.52343,52.49742,bicycle + car + 
198673,Friedrichshain-Kreuzberg,2010102,Mehringplatz,September,11,Sunday,minor,5,Crossing,Daylight,1,1,0,0,0,0,Dry,13.39445,52.50697,bicycle + car + 
198674,Friedrichshain-Kreuzberg,2050801,Traveplatz,August,20,Monday,serious,1,Driving,Night,0,1,0,1,0,0,Wet,13.45814,52.51312,car + motorbike + 
198675,Spandau,5030730,Zitadellenweg,September,10,Sunday,minor,5,Turning,Daylight,1,1,0,0,0,0,Dry,13.21459,52.5383,bicycle + car + 
198676,Spandau,5010313,Ackerstraße,August,20,Monday,serious,5,Turning,Dawn,0,1,0,1,0,0,Wet,13.19854,52.54288,car + motorbike + 
198677,Mitte,1011301,Charitéviertel,September,10,Sunday,minor,1,Paralle Traffic,Daylight,1,1,0,0,0,0,Dry,13.3787,52.53405,bicycle + car + 
198678,Marzahn-Hellersdorf,10020414,Helle Mitte,August,17,Monday,minor,3,Stationary Traffic,Daylight,0,1,0,1,0,0,Dry,13.60447,52.53763,car + motorbike + 
198679,Treptow-Köpenick,9010301,Baumschulenstraße,September,8,Sunday,minor,2,Stationary Traffic,Daylight,0,1,0,0,0,0,Dry,13.49715,52.45834,car + 
198680,Pankow,3020307,Buchholz,August,14,Monday,serious,3,Stationary Traffic,Daylight,1,0,0,0,0,1,Dry,13.43162,52.60335,bicycle + other
198681,Friedrichshain-Kreuzberg,2050801,Traveplatz,August,22,Saturday,minor,2,Stationary Traffic,Night,0,1,0,1,0,0,Dry,13.47559,52.51206,car + motorbike + 
198682,Mitte,1011302,Oranienburger Straße,August,21,Saturday,serious,5,Crossing,Night,1,0,0,0,0,1,Dry,13.40642,52.52498,bicycle + other
198683,Neukölln,8010212,Rollberg,August,13,Monday,serious,2,Stationary Traffic,Daylight,1,1,0,0,0,0,Dry,13.43778,52.47863,bicycle + car + 
198684,Charlottenburg-Wilmersdorf,4030620,Alt-Lietzow,August,8,Monday,serious,3,Stationary Traffic,Daylight,1,1,0,0,0,0,Dry,13.31353,52.51783,bicycle + car + 
198685,Friedrichshain-Kreuzberg,2050801,Traveplatz,August,21,Saturday,minor,0,Driving,Night,0,0,0,1,0,0,Dry,13.46998,52.50634,motorbike + 
198686,Pankow,3040512,Wilhelmsruh,August,20,Saturday,minor,1,Paralle Traffic,Dawn,0,1,0,0,0,0,Dry,13.37462,52.58523,car + 
198687,Tempelhof-Schöneberg,7070702,Alt-Lichtenrade/Töpchiner Weg,August,5,Monday,minor,0,Crossing,Dawn,0,1,0,1,0,0,Dry,13.41022,52.39925,car + motorbike + 
198688,Lichtenberg,11010205,Falkenberg West,August,19,Saturday,serious,0,Other,Dawn,0,0,1,0,0,1,Dry,13.52409,52.5653,pedestrian + other
198689,Mitte,1011201,Wilhelmstraße,August,7,Monday,minor,6,Turning,Daylight,1,0,1,0,0,0,Dry,13.3767,52.51072,bicycle + pedestrian + 
198690,Charlottenburg-Wilmersdorf,4041238,Kissinger Straße,August,18,Saturday,minor,5,Crossing,Daylight,0,1,0,0,0,0,Dry,13.29595,52.48117,car + 
198691,Neukölln,8020620,Tempelhofer Weg,August,18,Saturday,serious,5,Crossing,Daylight,1,0,0,0,0,1,Dry,13.43605,52.44929,bicycle + other
198692,Neukölln,8010118,Silbersteinstraße,August,13,Sunday,minor,2,Stationary Traffic,Daylight,0,1,0,1,0,0,Dry,13.43154,52.46713,car + motorbike + 
198693,Neukölln,8010214,Glasower Straße,August,17,Saturday,minor,1,Paralle Traffic,Daylight,1,0,0,0,0,1,Dry,13.44526,52.46807,bicycle + other
198694,Marzahn-Hellersdorf,10040830,Kaulsdorf Süd,August,17,Saturday,minor,5,Turning,Daylight,1,1,0,0,0,0,Dry,13.57789,52.49763,bicycle + car + 
198695,Steglitz-Zehlendorf,6040810,Dahlem,August,8,Sunday,minor,5,Turning,Daylight,1,1,0,0,0,0,Dry,13.27049,52.45102,bicycle + car + 
198696,Charlottenburg-Wilmersdorf,4030931,Breitscheidplatz,August,17,Saturday,minor,2,Stationary Traffic,Daylight,1,1,0,0,0,0,Dry,13.32894,52.50338,bicycle + car + 
198697,Charlottenburg-Wilmersdorf,4030931,Breitscheidplatz,August,23,Sunday,minor,2,Stationary Traffic,Night,0,1,0,0,0,0,Dry,13.33409,52.50447,car + 
198698,Lichtenberg,11010204,Falkenberg Ost,August,16,Saturday,serious,5,Crossing,Daylight,0,1,0,1,0,0,Dry,13.52973,52.56984,car + motorbike + 
198699,Mitte,1044103,Westliche Müllerstraße,August,15,Saturday,minor,5,Crossing,Daylight,1,0,0,1,0,0,Dry,13.34419,52.54616,bicycle + motorbike + 
198700,Mitte,1022106,Elberfelder Straße,August,22,Sunday,minor,5,Crossing,Night,1,0,0,1,0,0,Dry,13.33484,52.52461,bicycle + motorbike + 
198701,Mitte,1011306,Heine-Viertel Ost,August,14,Saturday,minor,0,Driving,Daylight,0,0,0,1,0,0,Dry,13.41999,52.50818,motorbike + 
198702,Steglitz-Zehlendorf,6010209,Feuerbachstraße,August,19,Sunday,minor,0,Turning,Daylight,1,1,0,0,0,0,Dry,13.3351,52.46269,bicycle + car + 
198703,Mitte,1033102,Gesundbrunnen,August,13,Saturday,minor,5,Crossing,Daylight,1,1,0,0,0,0,Dry,13.3915,52.55031,bicycle + car + 
198704,Mitte,1011101,Stülerstraße,August,18,Sunday,minor,1,Paralle Traffic,Daylight,1,1,0,0,0,0,Dry,13.3424,52.50488,bicycle + car + 
198705,Neukölln,8020727,Buckow Mitte,August,13,Saturday,minor,6,Overtaking,Daylight,1,0,1,0,0,0,Dry,13.42707,52.42063,bicycle + pedestrian + 
198706,Charlottenburg-Wilmersdorf,4051446,Preußenpark,August,13,Saturday,minor,2,Stationary Traffic,Daylight,0,1,0,0,0,0,Dry,13.31512,52.49078,car + 
198707,Spandau,5010206,Gütersloher Weg,August,17,Sunday,minor,5,Turning,Daylight,0,1,0,1,0,0,Dry,13.15351,52.5534,car + motorbike + 
198708,Reinickendorf,12301204,Wittenau Nord,August,17,Sunday,minor,0,Driving,Daylight,0,0,0,1,0,0,Dry,13.31728,52.59402,motorbike + 
198709,Friedrichshain-Kreuzberg,2010102,Mehringplatz,August,13,Saturday,minor,1,Paralle Traffic,Daylight,1,1,0,0,0,0,Dry,13.39687,52.50509,bicycle + car + 
198710,Neukölln,8020620,Tempelhofer Weg,August,13,Saturday,minor,2,Stationary Traffic,Daylight,0,1,0,0,0,0,Dry,13.43505,52.45039,car + 
198711,Steglitz-Zehlendorf,6030504,Teltower Damm,August,17,Sunday,minor,2,Stationary Traffic,Daylight,0,1,0,1,0,0,Dry,13.26735,52.40923,car + motorbike + 
198712,Mitte,1044201,Reinickendorfer Straße,August,13,Saturday,minor,1,Stationary Traffic,Daylight,0,1,0,0,0,0,Dry,13.38185,52.55592,car + 
198713,Steglitz-Zehlendorf,6010103,Markelstraße,August,15,Sunday,minor,5,Crossing,Daylight,0,1,0,1,0,0,Dry,13.31826,52.46623,car + motorbike + 
198714,Mitte,1033102,Gesundbrunnen,August,12,Saturday,minor,2,Stationary Traffic,Daylight,0,1,0,0,0,0,Dry,13.38378,52.55125,car + 
198715,Friedrichshain-Kreuzberg,2030302,Lausitzer Platz,August,12,Saturday,minor,2,Stationary Traffic,Daylight,0,1,0,0,0,0,Dry,13.43316,52.50524,car + 
198716,Treptow-Köpenick,9020502,Oberschöneweide Ost,August,14,Sunday,minor,1,Stationary Traffic,Daylight,0,1,0,1,0,0,Dry,13.5407,52.45833,car + motorbike + 
198717,Neukölln,8010301,Reuterkiez,August,11,Saturday,minor,3,Stationary Traffic,Daylight,1,1,0,0,0,0,Dry,13.43405,52.48479,bicycle + car + 
198718,Reinickendorf,12302107,Schorfheidestraße,August,10,Saturday,minor,2,Turning,Daylight,0,1,0,1,0,0,Dry,13.34688,52.59692,car + motorbike + 
198719,Charlottenburg-Wilmersdorf,4020311,Reichsstraße,August,14,Sunday,minor,3,Stationary Traffic,Daylight,0,1,0,1,0,0,Dry,13.26244,52.5154,car + motorbike + 
198720,Friedrichshain-Kreuzberg,3061441,Eldenaer Straße,August,9,Saturday,minor,1,Stationary Traffic,Daylight,1,1,0,0,0,0,Dry,13.46952,52.52071,bicycle + car + 
198721,Mitte,1011201,Wilhelmstraße,August,14,Sunday,minor,6,Turning,Daylight,1,0,1,0,0,0,Dry,13.38415,52.51009,bicycle + pedestrian + 
198722,Pankow,3040818,Pankow Süd,August,8,Saturday,minor,1,Paralle Traffic,Daylight,1,1,0,0,0,0,Dry,13.41476,52.56649,bicycle + car + 
198723,Treptow-Köpenick,9010301,Baumschulenstraße,August,7,Saturday,serious,5,Turning,Daylight,0,1,0,0,0,0,Dry,13.4913,52.46909,car + 
198724,Marzahn-Hellersdorf,10010205,Marzahn Ost,August,21,Sunday,serious,0,Driving,Night,1,0,0,0,0,0,Dry,13.57626,52.55202,bicycle + 
198725,Mitte,1011304,Karl-Marx-Allee,August,11,Sunday,minor,5,Other,Daylight,0,1,0,0,0,1,Dry,13.42346,52.52381,car + other
198726,Mitte,1011102,Großer Tiergarten,August,4,Saturday,minor,8,Driving,Night,0,1,0,0,0,0,Dry,13.3702,52.51666,car + 
198727,Tempelhof-Schöneberg,7060601,Marienfelder Allee Nordwest,August,12,Saturday,minor,6,Other,Daylight,0,1,1,0,0,0,Dry,13.34809,52.41495,car + pedestrian + 
198728,Friedrichshain-Kreuzberg,2040502,Friedenstraße,August,10,Sunday,minor,5,Turning,Daylight,0,1,0,0,0,0,Dry,13.44063,52.5171,car + 
198729,Friedrichshain-Kreuzberg,2030301,Oranienplatz,August,0,Saturday,serious,6,Overtaking,Night,1,0,1,0,0,0,Dry,13.42393,52.50154,bicycle + pedestrian + 
198730,Reinickendorf,12214527,Alt-Tegel,August,3,Sunday,minor,0,Driving,Night,1,0,0,0,0,0,Dry,13.27964,52.5853,bicycle + 
198731,Spandau,5010314,Carl-Schurz-Straße,August,0,Sunday,minor,5,Crossing,Night,1,1,0,0,0,0,Dry,13.19977,52.53455,bicycle + car + 
198732,Charlottenburg-Wilmersdorf,4030725,Amtsgerichtsplatz,August,13,Saturday,minor,5,Turning,Daylight,1,1,0,0,0,0,Dry,13.30218,52.50683,bicycle + car + 
198733,Tempelhof-Schöneberg,7040405,Rathaus Tempelhof,August,18,Friday,minor,5,Crossing,Daylight,1,0,0,0,0,0,Dry,13.41198,52.46429,bicycle + 
198734,Lichtenberg,11030721,Rüdigerstraße,August,22,Saturday,serious,0,Driving,Night,1,0,0,0,0,0,Dry,13.49647,52.51416,bicycle + 
198735,Charlottenburg-Wilmersdorf,4030931,Breitscheidplatz,August,23,Friday,minor,6,Other,Night,0,1,1,0,0,0,Dry,13.32975,52.50355,car + pedestrian + 
198736,Friedrichshain-Kreuzberg,2020206,Graefekiez,August,22,Saturday,minor,2,Other,Night,1,1,0,0,0,0,Dry,13.42385,52.49035,bicycle + car + 
198737,Neukölln,8010212,Rollberg,August,21,Friday,serious,5,Crossing,Night,1,1,0,0,0,0,Dry,13.43266,52.47835,bicycle + car + 
198738,Lichtenberg,11051229,Rummelsburg,August,10,Saturday,minor,0,Other,Daylight,1,0,0,0,0,0,Dry,13.48049,52.49925,bicycle + 
198739,Pankow,3061429,Greifswalder Straße,August,19,Friday,minor,5,Crossing,Daylight,1,1,0,0,0,0,Dry,13.45337,52.54207,bicycle + car + 
198740,Tempelhof-Schöneberg,7010104,Dennewitzplatz,August,18,Saturday,minor,5,Crossing,Daylight,0,1,0,0,0,0,Dry,13.36382,52.49733,car + 
198741,Charlottenburg-Wilmersdorf,4020312,Branitzer Platz,August,19,Friday,minor,5,Crossing,Daylight,1,1,0,0,0,0,Dry,13.27375,52.51462,bicycle + car + 
198742,Reinickendorf,12214424,Scharnweberstraße,August,18,Saturday,minor,2,Stationary Traffic,Daylight,0,1,0,0,0,0,Dry,13.32599,52.56145,car + 
198743,Steglitz-Zehlendorf,6020411,Schütte-Lanz-Straße,August,18,Friday,minor,5,Crossing,Daylight,1,1,0,0,0,0,Dry,13.32538,52.41391,bicycle + car + 
198744,Mitte,1011201,Wilhelmstraße,August,17,Saturday,minor,5,Turning,Daylight,1,1,0,0,0,0,Dry,13.38328,52.51142,bicycle + car + 
198745,Pankow,3061228,Erich-Weinert-Straße,August,17,Friday,minor,5,Paralle Traffic,Daylight,0,1,0,1,0,0,Dry,13.43843,52.54441,car + motorbike + 
198746,Friedrichshain-Kreuzberg,2030301,Oranienplatz,August,23,Saturday,minor,1,Paralle Traffic,Night,1,1,0,0,0,0,Dry,13.41899,52.50086,bicycle + car + 
198747,Charlottenburg-Wilmersdorf,4030725,Amtsgerichtsplatz,August,17,Friday,serious,5,Crossing,Daylight,1,1,0,0,0,0,Dry,13.30282,52.5055,bicycle + car + 
198748,Charlottenburg-Wilmersdorf,4030827,Karl-August-Platz,August,17,Friday,serious,0,Other,Daylight,1,0,0,0,0,0,Dry,13.30385,52.50559,bicycle + 
198749,Spandau,5030730,Zitadellenweg,August,18,Saturday,minor,0,Stationary Traffic,Daylight,0,1,0,1,0,0,Dry,13.21303,52.53859,car + motorbike + 
198750,Tempelhof-Schöneberg,7010102,Nollendorfplatz,August,16,Friday,minor,5,Turning,Daylight,0,1,0,1,0,0,Dry,13.34592,52.49887,car + motorbike + 
198751,Tempelhof-Schöneberg,7040402,Lindenhofsiedlung,August,17,Saturday,minor,5,Crossing,Daylight,1,1,0,0,0,0,Dry,13.36705,52.45579,bicycle + car + 
198752,Pankow,3010102,Buch,August,13,Friday,minor,4,Stationary Traffic,Daylight,0,1,0,0,0,0,Dry,13.50783,52.62665,car + 
198753,Mitte,1011303,Alexanderplatzviertel,August,9,Friday,minor,3,Stationary Traffic,Daylight,0,1,0,0,0,1,Dry,13.40617,52.51797,car + other
198754,Marzahn-Hellersdorf,10030727,Biesdorf Süd,August,15,Saturday,minor,0,Other,Daylight,1,0,0,0,0,0,Dry,13.5655,52.49317,bicycle + 
198755,Mitte,1044202,Sparrplatz,August,15,Friday,minor,0,Other,Daylight,0,0,0,1,0,0,Dry,13.36162,52.54477,motorbike + 
198756,Spandau,5010311,Eiswerder,August,23,Saturday,minor,2,Stationary Traffic,Night,0,1,0,0,0,0,Dry,13.20795,52.55388,car + 
198757,Charlottenburg-Wilmersdorf,4030725,Amtsgerichtsplatz,August,15,Friday,minor,1,Paralle Traffic,Daylight,1,1,0,0,0,0,Dry,13.29723,52.50685,bicycle + car + 
198758,Neukölln,8010118,Silbersteinstraße,August,21,Saturday,minor,3,Stationary Traffic,Night,0,1,0,1,0,0,Dry,13.43082,52.46835,car + motorbike + 
198759,Reinickendorf,12301203,Wittenau Süd,August,15,Friday,minor,2,Stationary Traffic,Daylight,0,1,0,1,0,0,Dry,13.3161,52.57845,car + motorbike + 
198760,Spandau,5010312,Kurstraße,August,19,Saturday,minor,6,Overtaking,Dawn,0,1,1,0,0,0,Dry,13.20608,52.54069,car + pedestrian + 
198761,Reinickendorf,12103220,Humboldtstraße,August,14,Friday,minor,5,Turning,Daylight,1,0,0,0,0,1,Dry,13.34593,52.5745,bicycle + other
198762,Mitte,1011102,Großer Tiergarten,August,13,Friday,minor,5,Crossing,Daylight,1,1,0,0,0,0,Dry,13.35233,52.51584,bicycle + car + 
198763,Spandau,5020627,Tiefwerder,August,15,Saturday,minor,2,Turning,Daylight,0,1,0,0,0,0,Dry,13.21573,52.52682,car + 
198764,Mitte,1033202,Humboldthain Süd,August,19,Saturday,serious,0,Other,Daylight,1,0,0,0,0,0,Dry,13.38527,52.5353,bicycle + 
198765,Tempelhof-Schöneberg,7040403,Manteuffelstraße,August,13,Friday,minor,5,Other,Daylight,0,1,0,0,0,0,Dry,13.37486,52.46866,car + 
198766,Treptow-Köpenick,9020702,Adlershof Ost,August,14,Saturday,minor,5,Crossing,Daylight,1,1,0,0,0,0,Dry,13.54955,52.43829,bicycle + car + 
198767,Neukölln,8020622,Parchimer Allee,August,13,Friday,minor,5,Turning,Daylight,1,1,0,0,0,0,Dry,13.43429,52.44624,bicycle + car + 
198768,Pankow,3040818,Pankow Süd,August,14,Saturday,minor,2,Crossing,Daylight,0,1,0,0,0,0,Dry,13.41831,52.56896,car + 
198769,Charlottenburg-Wilmersdorf,4030827,Karl-August-Platz,August,13,Friday,minor,2,Stationary Traffic,Daylight,0,1,0,0,0,0,Dry,13.30982,52.50658,car + 
198770,Charlottenburg-Wilmersdorf,4030519,Kaiserin-Augusta-Allee,August,12,Friday,minor,5,Turning,Daylight,1,1,0,0,0,0,Dry,13.30621,52.52112,bicycle + car + 
198771,Treptow-Köpenick,9041501,Altstadt Kietz,August,13,Saturday,minor,2,Stationary Traffic,Daylight,0,1,0,0,0,0,Dry,13.57753,52.44408,car + 
198772,Neukölln,8030831,Gropiusstadt Ost,August,13,Saturday,minor,5,Turning,Daylight,0,1,0,0,0,0,Dry,13.46205,52.42251,car + 
198773,Treptow-Köpenick,9010302,Späthsfelde,August,12,Friday,minor,5,Crossing,Daylight,1,0,0,0,0,1,Dry,13.49244,52.44991,bicycle + other
198774,Pankow,3040614,Pankow Zentrum,August,11,Friday,minor,0,Crossing,Daylight,1,0,0,0,0,1,Dry,13.41873,52.57259,bicycle + other
198775,Treptow-Köpenick,9051901,Dammvorstadt,August,12,Saturday,minor,5,Crossing,Daylight,1,0,0,0,0,0,Dry,13.57225,52.45079,bicycle + 
198776,Spandau,5020417,Staakener Straße,August,11,Friday,minor,0,Crossing,Daylight,0,1,0,1,0,0,Dry,13.17918,52.53385,car + motorbike + 
198777,Tempelhof-Schöneberg,7030303,Grazer Platz,August,11,Saturday,minor,5,Turning,Daylight,1,1,0,0,0,0,Dry,13.33855,52.46669,bicycle + car + 
198778,Tempelhof-Schöneberg,7050501,Rathausstraße,August,9,Friday,minor,1,Paralle Traffic,Daylight,1,1,0,0,0,0,Dry,13.37909,52.44796,bicycle + car + 
198779,Mitte,1011204,Leipziger Straße,August,9,Friday,minor,5,Crossing,Daylight,1,1,0,0,0,0,Dry,13.40041,52.50943,bicycle + car + 
198780,Treptow-Köpenick,9041601,Müggelheim,August,11,Saturday,serious,8,Driving,Daylight,0,0,0,1,0,0,Dry,13.67219,52.41825,motorbike + 
198781,Neukölln,8010404,Rixdorf,August,9,Friday,minor,2,Stationary Traffic,Daylight,0,1,0,0,0,0,Dry,13.4398,52.47591,car + 
198782,Charlottenburg-Wilmersdorf,4030931,Breitscheidplatz,August,6,Saturday,serious,8,Other,Daylight,0,1,0,0,0,0,Wet,13.33364,52.50698,car + 
198783,Reinickendorf,12224229,Konradshöhe/Tegelort,August,8,Friday,minor,5,Turning,Daylight,1,1,0,0,0,0,Dry,13.22707,52.58465,bicycle + car + 
198784,Friedrichshain-Kreuzberg,2030401,Reichenberger Straße,August,12,Saturday,minor,5,Crossing,Daylight,0,1,0,0,0,0,Dry,13.42772,52.49627,car + 
198785,Neukölln,8020727,Buckow Mitte,August,8,Friday,minor,6,Overtaking,Daylight,0,1,1,0,0,0,Dry,13.43013,52.42148,car + pedestrian + 
198786,Neukölln,8010213,Körnerpark,August,16,Saturday,minor,5,Crossing,Daylight,1,1,0,0,0,0,Dry,13.43458,52.47251,bicycle + car + 
198787,Mitte,1033101,Soldiner Straße,August,8,Friday,minor,5,Turning,Daylight,1,1,0,0,0,0,Dry,13.39096,52.5633,bicycle + car + 
198788,Tempelhof-Schöneberg,7070701,Kettinger Straße/Schillerstraße,August,7,Friday,minor,1,Paralle Traffic,Daylight,0,1,0,0,1,0,Dry,13.40149,52.3964,car + truck + 
198789,Pankow,3061434,Anton-Saefkow-Park,August,3,Friday,minor,6,Overtaking,Night,0,1,1,0,0,0,Dry,13.43639,52.53886,car + pedestrian + 
198790,Tempelhof-Schöneberg,7020201,Bayerischer Platz,August,15,Friday,minor,5,Crossing,Daylight,0,1,0,0,0,0,Dry,13.34505,52.489,car + 
198791,Friedrichshain-Kreuzberg,2040701,Andreasviertel,August,7,Friday,minor,5,Turning,Daylight,1,1,0,0,0,0,Dry,13.42396,52.51343,bicycle + car + 
198792,Tempelhof-Schöneberg,7040405,Rathaus Tempelhof,August,9,Friday,minor,6,Overtaking,Daylight,0,1,1,0,0,0,Dry,13.3955,52.46541,car + pedestrian + 
198793,Steglitz-Zehlendorf,6010207,Mittelstraße,August,19,Friday,minor,5,Crossing,Daylight,0,1,0,1,0,0,Dry,13.32819,52.45427,car + motorbike + 
198794,Treptow-Köpenick,9051702,Bölschestraße,August,16,Friday,serious,5,Other,Daylight,0,1,0,1,0,0,Dry,13.62428,52.44795,car + motorbike + 
198795,Friedrichshain-Kreuzberg,2030302,Lausitzer Platz,August,13,Friday,minor,0,Turning,Daylight,1,0,0,0,0,1,Dry,13.43797,52.5002,bicycle + other