id,district,lor,street,month,hour,weekday,injury,collision,movement,light_conditions,bicycle,car,pedestrian,motorbike,truck,other_vehicle,road_conditions,longitude,latitude,Combo_type
198796,Mitte,1011305,Heine-Viertel West,August,16,Friday,serious,1,Paralle Traffic,Daylight,0,1,0,0,0,1,Dry,13.41332,52.51336,car + other
198797,Mitte,1011302,Oranienburger Straße,August,1,Friday,minor,0,Driving,Night,0,0,0,0,0,1,Dry,13.40847,52.52907,other
198798,Mitte,1033101,Soldiner Straße,August,13,Friday,serious,5,Turning,Daylight,0,1,0,0,0,0,Dry,13.36983,52.55973,car + 
198799,Treptow-Köpenick,9051901,Dammvorstadt,August,20,Friday,minor,0,Stationary Traffic,Dawn,1,0,0,0,0,1,Dry,13.57163,52.44472,bicycle + other
198800,Pankow,3071638,Winsstraße,August,8,Friday,minor,0,Stationary Traffic,Daylight,0,0,0,1,0,0,Dry,13.42804,52.53354,motorbike + 
198801,Pankow,3040818,Pankow Süd,August,20,Friday,minor,5,Turning,Dawn,1,1,0,0,0,0,Dry,13.41092,52.56118,bicycle + car + 
198802,Mitte,1022204,Thomasiusstraße,August,8,Friday,serious,5,Crossing,Daylight,1,0,0,0,0,0,Dry,13.34854,52.52201,bicycle + 
198803,Treptow-Köpenick,9020701,Adlershof West,August,17,Friday,minor,5,Turning,Daylight,1,1,0,0,0,0,Dry,13.54691,52.43152,bicycle + car + 
198804,Lichtenberg,11051229,Rummelsburg,August,11,Friday,minor,0,Stationary Traffic,Daylight,0,1,0,0,0,0,Dry,13.48075,52.49918,car + 
198805,Steglitz-Zehlendorf,6030608,Schweizer Viertel,August,9,Friday,serious,1,Paralle Traffic,Daylight,1,1,0,0,0,0,Dry,13.28239,52.42233,bicycle + car + 
198806,Neukölln,8020625,Handwerker-Siedlung,August,19,Friday,serious,0,Turning,Daylight,0,1,0,0,0,1,Dry,13.43491,52.44031,car + other
198807,Charlottenburg-Wilmersdorf,4030417,Schloßstraße,August,4,Friday,minor,1,Paralle Traffic,Night,1,1,0,0,0,0,Dry,13.29621,52.51638,bicycle + car + 
198808,Steglitz-Zehlendorf,6010102,Schloßstraße,August,19,Friday,serious,6,Overtaking,Daylight,1,0,1,0,0,0,Dry,13.31831,52.46178,bicycle + pedestrian + 
198809,Mitte,1011401,Invalidenstraße,August,9,Thursday,minor,5,Turning,Daylight,1,1,0,0,0,0,Dry,13.3851,52.53245,bicycle + car + 
198810,Neukölln,8010303,Donaustraße,August,18,Friday,minor,2,Stationary Traffic,Daylight,1,1,0,0,0,0,Dry,13.43884,52.48141,bicycle + car + 
198811,Mitte,1044201,Reinickendorfer Straße,August,21,Thursday,minor,1,Paralle Traffic,Night,1,1,0,0,0,0,Dry,13.36333,52.54891,bicycle + car + 
198812,Reinickendorf,12103116,Hausotterplatz,August,18,Friday,minor,1,Paralle Traffic,Daylight,1,1,0,0,0,0,Dry,13.3686,52.56859,bicycle + car + 
198813,Reinickendorf,12231102,Frohnau,August,19,Thursday,minor,3,Stationary Traffic,Dawn,1,1,0,0,0,0,Dry,13.27848,52.63602,bicycle + car + 
198814,Lichtenberg,11030619,Fennpfuhl Ost,August,18,Thursday,minor,5,Crossing,Daylight,1,0,0,0,0,0,Dry,13.47881,52.52834,bicycle + 
198815,Friedrichshain-Kreuzberg,2020206,Graefekiez,August,18,Friday,minor,6,Overtaking,Daylight,1,0,1,0,0,0,Dry,13.41573,52.49117,bicycle + pedestrian + 
198816,Mitte,1011305,Heine-Viertel West,August,17,Friday,minor,1,Paralle Traffic,Daylight,1,0,0,0,0,1,Dry,13.41186,52.50507,bicycle + other
198817,Tempelhof-Schöneberg,7040405,Rathaus Tempelhof,August,18,Thursday,minor,5,Turning,Daylight,1,1,0,0,0,0,Dry,13.4021,52.4634,bicycle + car + 
198818,Mitte,1011105,Nördlicher Landwehrkanal,August,18,Thursday,minor,2,Stationary Traffic,Daylight,0,1,0,0,0,0,Dry,13.37164,52.51119,car + 
198819,Tempelhof-Schöneberg,7030301,Friedenau,August,16,Friday,serious,5,Turning,Daylight,1,1,0,0,0,0,Dry,13.33516,52.47129,bicycle + car + 
198820,Mitte,1011201,Wilhelmstraße,August,17,Thursday,minor,5,Crossing,Daylight,1,0,0,0,0,1,Dry,13.38133,52.51201,bicycle + other
198821,Charlottenburg-Wilmersdorf,4051655,Babelsberger Straße,August,16,Friday,minor,5,Turning,Daylight,1,0,0,0,0,1,Dry,13.33067,52.48722,bicycle + other
198822,Treptow-Köpenick,9030901,Dorf Altglienicke,August,19,Thursday,minor,5,Crossing,Daylight,0,1,0,1,0,0,Dry,13.53673,52.41294,car + motorbike + 
198823,Mitte,1022106,Elberfelder Straße,August,17,Thursday,minor,6,Overtaking,Daylight,0,1,1,0,0,0,Dry,13.34139,52.52555,car + pedestrian + 
198824,Mitte,1011105,Nördlicher Landwehrkanal,August,22,Friday,minor,2,Turning,Night,1,1,0,0,0,0,Dry,13.37182,52.50926,bicycle + car + 
198825,Charlottenburg-Wilmersdorf,4051654,Wilhelmsaue,August,15,Thursday,minor,0,Other,Daylight,1,0,0,0,0,0,Dry,13.32254,52.48658,bicycle + 
198826,Mitte,1011204,Leipziger Straße,August,15,Thursday,minor,5,Crossing,Daylight,1,1,0,0,0,0,Dry,13.39182,52.50957,bicycle + car + 
198827,Treptow-Köpenick,9031001,Bohnsdorf,August,16,Friday,serious,5,Turning,Daylight,1,1,0,0,0,0,Dry,13.5442,52.3994,bicycle + car + 
198828,Pankow,3040614,Pankow Zentrum,August,15,Thursday,minor,5,Crossing,Daylight,1,0,0,0,0,0,Dry,13.41663,52.57063,bicycle + 
198829,Steglitz-Zehlendorf,6020303,Lankwitz Kirche,August,14,Thursday,minor,3,Turning,Daylight,0,1,0,1,0,0,Dry,13.35411,52.4384,car + motorbike + 
198830,Spandau,5030731,Gartenfelder Straße,August,22,Friday,minor,5,Turning,Night,1,1,0,0,0,0,Dry,13.24704,52.54415,bicycle + car + 
198831,Tempelhof-Schöneberg,7010102,Nollendorfplatz,August,14,Thursday,minor,3,Paralle Traffic,Daylight,1,1,0,0,0,0,Dry,13.346,52.49667,bicycle + car + 
198832,Charlottenburg-Wilmersdorf,4041241,Breite Straße,August,22,Friday,serious,5,Turning,Night,1,1,0,0,0,0,Dry,13.29857,52.47246,bicycle + car + 
198833,Pankow,3040614,Pankow Zentrum,August,14,Thursday,minor,5,Turning,Daylight,1,1,0,0,0,0,Dry,13.40895,52.57104,bicycle + car + 
198834,Charlottenburg-Wilmersdorf,4030930,George-Grosz-Platz,August,21,Friday,minor,5,Turning,Dawn,1,1,0,0,0,0,Dry,13.31651,52.49947,bicycle + car + 
198835,Friedrichshain-Kreuzberg,2030302,Lausitzer Platz,August,14,Thursday,minor,4,Other,Daylight,1,0,0,0,0,0,Dry,13.43375,52.49958,bicycle + 
198836,Lichtenberg,11030721,Rüdigerstraße,August,20,Friday,minor,0,Turning,Dawn,1,1,0,0,0,0,Dry,13.48596,52.52077,bicycle + car + 
198837,Spandau,5030832,Rohrdamm,August,14,Thursday,minor,5,Crossing,Daylight,1,1,0,0,0,0,Dry,13.26912,52.53777,bicycle + car + 
198838,Spandau,5040936,Jägerallee,August,14,Thursday,minor,5,Turning,Daylight,1,1,0,0,0,0,Dry,13.13375,52.46163,bicycle + car + 
198839,Neukölln,8010117,Schillerpromenade,August,16,Friday,serious,3,Stationary Traffic,Daylight,0,1,0,1,0,0,Dry,13.42795,52.47377,car + motorbike + 
198840,Mitte,1011204,Leipziger Straße,August,16,Friday,minor,5,Crossing,Daylight,0,1,0,0,0,1,Dry,13.39029,52.50859,car + other
198841,Charlottenburg-Wilmersdorf,4030620,Alt-Lietzow,August,13,Thursday,minor,0,Turning,Daylight,0,1,0,0,0,1,Dry,13.31524,52.5148,car + other
198842,Neukölln,8040933,Vogelviertel Süd,August,14,Thursday,serious,2,Stationary Traffic,Daylight,0,1,0,0,0,0,Dry,13.46209,52.43255,car + 
198843,Reinickendorf,12304314,Ziekowstraße/Freie Scholle,August,15,Friday,minor,5,Turning,Daylight,0,1,0,1,0,0,Dry,13.29159,52.596,car + motorbike + 
198844,Mitte,1011204,Leipziger Straße,August,12,Thursday,minor,5,Crossing,Daylight,1,0,0,0,0,0,Dry,13.40004,52.51206,bicycle + 
198845,Mitte,1044101,Rehberge,August,15,Friday,minor,5,Turning,Daylight,1,1,0,0,0,0,Dry,13.33324,52.56093,bicycle + car + 
198846,Treptow-Köpenick,9010402,Johannisthal Ost,August,12,Thursday,minor,5,Crossing,Daylight,0,1,0,0,0,0,Dry,13.49786,52.43372,car + 
198847,Spandau,5010339,Freiheit,August,12,Friday,minor,2,Stationary Traffic,Daylight,0,1,0,0,0,0,Dry,13.22884,52.52832,car + 
198848,Reinickendorf,12214424,Scharnweberstraße,August,10,Thursday,minor,0,Stationary Traffic,Daylight,0,1,0,1,0,0,Dry,13.33111,52.56236,car + motorbike + 
198849,Spandau,5010209,An der Kappe,August,11,Friday,minor,5,Crossing,Daylight,1,1,0,0,0,0,Dry,13.17321,52.54947,bicycle + car + 
198850,Tempelhof-Schöneberg,7040405,Rathaus Tempelhof,August,10,Thursday,minor,0,Other,Daylight,0,1,0,0,0,1,Dry,13.39407,52.45684,car + other
198851,Mitte,1033201,Brunnenstraße,August,11,Friday,minor,2,Stationary Traffic,Daylight,0,1,0,0,0,0,Dry,13.39095,52.5449,car + 
198852,Pankow,3040818,Pankow Süd,August,13,Sunday,minor,5,Crossing,Daylight,0,1,0,0,0,0,Dry,13.41964,52.55617,car + 
198853,Treptow-Köpenick,9051801,Rahnsdorf/Hessenwinkel,September,8,Monday,minor,5,Crossing,Daylight,0,1,0,0,0,0,Wet,13.69943,52.43586,car + 
198854,Reinickendorf,12304313,Borsigwalde,September,7,Monday,minor,5,Crossing,Daylight,0,1,0,0,0,1,Wet,13.30927,52.57872,car + other
198855,Neukölln,8010301,Reuterkiez,September,7,Monday,minor,5,Crossing,Daylight,0,1,0,0,0,0,Wet,13.426,52.49138,car + 
198856,Tempelhof-Schöneberg,7050501,Rathausstraße,September,6,Monday,minor,2,Turning,Night,0,1,0,0,0,1,Wet,13.37965,52.44472,car + other
198857,Neukölln,8030831,Gropiusstadt Ost,September,14,Monday,minor,6,Turning,Daylight,0,1,1,0,0,0,Wet,13.4681,52.42785,car + pedestrian + 
198858,Lichtenberg,11051229,Rummelsburg,September,6,Monday,minor,5,Turning,Dawn,1,1,0,0,0,0,Wet,13.48078,52.49911,bicycle + car + 
198859,Charlottenburg-Wilmersdorf,4010102,Plötzensee,September,5,Monday,minor,2,Stationary Traffic,Daylight,0,1,0,0,0,0,Wet,13.32621,52.5381,car + 
198860,Treptow-Köpenick,9051901,Dammvorstadt,September,18,Monday,minor,5,Crossing,Daylight,1,1,0,0,0,0,Wet,13.57523,52.45385,bicycle + car + 
198861,Charlottenburg-Wilmersdorf,4030415,Schloßgarten,September,22,Sunday,minor,5,Crossing,Night,1,1,0,0,0,0,Dry,13.29941,52.5197,bicycle + car + 
198862,Mitte,1033203,Humboldthain Nordwest,September,3,Sunday,minor,1,Paralle Traffic,Night,0,1,0,0,0,0,Dry,13.37629,52.54615,car + 
198863,Neukölln,8010212,Rollberg,September,21,Sunday,minor,1,Paralle Traffic,Night,0,1,0,0,0,0,Dry,13.43437,52.47643,car + 
198864,Neukölln,8010212,Rollberg,September,21,Sunday,serious,6,Other,Night,1,0,1,0,0,0,Dry,13.4311,52.47815,bicycle + pedestrian + 
198865,Tempelhof-Schöneberg,7060603,Marienfelde Nordost,September,21,Sunday,minor,1,Paralle Traffic,Night,0,1,0,0,0,0,Dry,13.38864,52.42068,car + 
198866,Tempelhof-Schöneberg,7040403,Manteuffelstraße,September,18,Sunday,minor,2,Other,Daylight,0,1,0,1,0,0,Dry,13.37065,52.45568,car + motorbike + 
198867,Tempelhof-Schöneberg,7050505,Hundsteinweg,September,14,Sunday,minor,1,Paralle Traffic,Daylight,0,1,0,0,0,1,Dry,13.40211,52.43156,car + other
198868,Neukölln,8010212,Rollberg,September,2,Sunday,serious,0,Driving,Night,1,0,0,0,0,0,Dry,13.4347,52.47861,bicycle + 
198869,Friedrichshain-Kreuzberg,2050802,Boxhagener Platz,September,1,Sunday,minor,0,Other,Night,0,0,0,0,0,1,Dry,13.45651,52.50758,other
198870,Reinickendorf,12231101,Hermsdorf,September,0,Sunday,serious,0,Driving,Night,1,0,0,0,0,0,Dry,13.30943,52.62179,bicycle + 
198871,Friedrichshain-Kreuzberg,2030301,Oranienplatz,September,0,Sunday,minor,2,Other,Night,1,1,0,0,0,0,Wet,13.41958,52.50168,bicycle + car + 
198872,Charlottenburg-Wilmersdorf,4030620,Alt-Lietzow,September,0,Sunday,minor,5,Crossing,Night,0,1,0,0,0,0,Dry,13.3166,52.51624,car + 
198873,Reinickendorf,12214125,Waldidyll/Flughafensee,September,13,Sunday,minor,2,Stationary Traffic,Daylight,0,1,0,0,0,0,Dry,13.29423,52.55174,car + 
198874,Mitte,1011105,Nördlicher Landwehrkanal,September,13,Sunday,minor,0,Other,Daylight,0,0,0,0,0,1,Dry,13.36352,52.50985,other
198875,Neukölln,8010118,Silbersteinstraße,September,0,Sunday,minor,3,Stationary Traffic,Night,1,1,0,0,0,0,Dry,13.43214,52.46607,bicycle + car + 
198876,Mitte,1044102,Schillerpark,September,11,Sunday,minor,5,Turning,Daylight,0,1,0,0,0,0,Dry,13.35121,52.55832,car + 
198877,Tempelhof-Schöneberg,7070701,Kettinger Straße/Schillerstraße,September,11,Sunday,minor,2,Turning,Daylight,0,1,0,0,0,0,Dry,13.39275,52.41271,car + 
198878,Pankow,3030406,Alt-Karow,September,11,Sunday,minor,5,Crossing,Daylight,0,1,0,0,0,0,Dry,13.4729,52.61689,car + 
198879,Lichtenberg,11051330,Karlshorst West,September,10,Sunday,minor,0,Crossing,Daylight,1,0,0,0,0,1,Dry,13.526,52.49347,bicycle + other
198880,Neukölln,8010213,Körnerpark,September,21,Saturday,minor,5,Crossing,Night,1,1,0,0,0,0,Dry,13.43573,52.469,bicycle + car + 
198881,Charlottenburg-Wilmersdorf,4030620,Alt-Lietzow,September,23,Saturday,serious,0,Driving,Night,0,0,0,0,0,1,Dry,13.30595,52.52032,other
198882,Pankow,3040818,Pankow Süd,September,23,Saturday,serious,5,Crossing,Night,0,1,0,0,0,0,Dry,13.42223,52.5599,car + 
198883,Steglitz-Zehlendorf,6040804,Krumme Lanke,September,22,Saturday,minor,0,Driving,Night,0,0,0,1,0,0,Wet,13.23216,52.43745,motorbike + 
198884,Mitte,1044103,Westliche Müllerstraße,September,17,Saturday,minor,6,Overtaking,Daylight,0,1,1,0,0,0,Dry,13.3553,52.54644,car + pedestrian + 
198885,Steglitz-Zehlendorf,6030502,Zehlendorf Süd,September,14,Saturday,minor,5,Crossing,Daylight,0,1,0,1,0,0,Dry,13.25032,52.41856,car + motorbike + 
198886,Treptow-Köpenick,9051701,Hirschgarten,September,16,Saturday,minor,5,Crossing,Daylight,1,1,0,0,0,0,Dry,13.59988,52.45222,bicycle + car + 
198887,Spandau,5010101,Hakenfelde Nord,September,16,Saturday,serious,4,Stationary Traffic,Daylight,0,1,0,1,0,0,Dry,13.21099,52.56802,car + motorbike + 
198888,Marzahn-Hellersdorf,10030727,Biesdorf Süd,September,16,Saturday,minor,2,Stationary Traffic,Daylight,0,1,0,0,0,0,Dry,13.56095,52.49224,car + 
198889,Neukölln,8020625,Handwerker-Siedlung,September,15,Saturday,serious,5,Turning,Daylight,0,1,0,0,0,1,Dry,13.4348,52.44037,car + other
198890,Marzahn-Hellersdorf,10040829,Alt-Kaulsdorf,September,15,Saturday,minor,5,Turning,Daylight,0,1,0,1,0,0,Dry,13.59165,52.51117,car + motorbike + 
198891,Neukölln,8020621,Mohriner Allee Nord,September,14,Saturday,minor,5,Crossing,Daylight,0,1,0,0,0,0,Dry,13.41587,52.43998,car + 
198892,Charlottenburg-Wilmersdorf,4030417,Schloßstraße,September,14,Saturday,minor,0,Driving,Daylight,0,0,0,1,0,0,Dry,13.29715,52.51221,motorbike + 
198893,Pankow,3071536,Teutoburger Platz,September,14,Saturday,minor,6,Overtaking,Daylight,1,0,1,0,0,0,Dry,13.40853,52.53743,bicycle + pedestrian + 
198894,Pankow,3050925,Komponistenviertel Weißensee,September,14,Saturday,minor,1,Driving,Daylight,1,1,0,0,0,0,Dry,13.45961,52.54779,bicycle + car + 
198895,Charlottenburg-Wilmersdorf,4030726,Droysenstraße,September,14,Saturday,minor,2,Stationary Traffic,Daylight,0,1,0,0,0,0,Dry,13.30601,52.49973,car + 
198896,Treptow-Köpenick,9020702,Adlershof Ost,September,11,Saturday,minor,0,Driving,Daylight,1,0,0,0,0,0,Dry,13.54877,52.43816,bicycle + 
198897,Mitte,1011401,Invalidenstraße,September,10,Saturday,minor,1,Driving,Daylight,1,1,0,0,0,0,Dry,13.39149,52.53193,bicycle + car + 
198898,Tempelhof-Schöneberg,7030301,Friedenau,September,9,Saturday,minor,5,Crossing,Daylight,1,1,0,0,0,0,Dry,13.32887,52.47159,bicycle + car + 
198899,Neukölln,8041039,Frauenviertel,September,14,Saturday,minor,6,Other,Daylight,0,1,1,0,0,0,Dry,13.50774,52.40567,car + pedestrian + 
198900,Friedrichshain-Kreuzberg,2020203,Viktoriapark,September,1,Saturday,minor,1,Paralle Traffic,Night,1,1,0,0,0,1,Dry,13.38547,52.49006,bicycle + car + other
198901,Friedrichshain-Kreuzberg,2020205,Chamissokiez,September,22,Friday,minor,1,Driving,Night,0,1,0,0,0,1,Dry,13.39442,52.48795,car + other
198902,Friedrichshain-Kreuzberg,2010103,Moritzplatz,September,21,Friday,minor,0,Driving,Night,1,0,0,0,0,0,Dry,13.40873,52.50421,bicycle + 
198903,Friedrichshain-Kreuzberg,2050803,Stralauer Kiez,September,21,Friday,minor,5,Turning,Night,1,1,0,0,0,0,Dry,13.46118,52.50087,bicycle + car + 
198904,Pankow,3010101,Bucher Forst,September,20,Friday,serious,5,Turning,Night,0,1,0,1,0,0,Dry,13.4913,52.63768,car + motorbike + 
198905,Pankow,3061131,Falkplatz,September,11,Friday,minor,5,Crossing,Daylight,1,1,0,0,0,0,Dry,13.41282,52.54439,bicycle + car + 
198906,Mitte,1011203,Unter den Linden Süd,September,11,Friday,serious,6,Turning,Daylight,0,1,1,0,0,0,Dry,13.39122,52.51402,car + pedestrian + 
198907,Charlottenburg-Wilmersdorf,4051655,Babelsberger Straße,September,11,Friday,minor,3,Stationary Traffic,Daylight,0,1,0,1,0,0,Dry,13.32966,52.48182,car + motorbike + 
198908,Mitte,1044102,Schillerpark,September,10,Friday,minor,2,Stationary Traffic,Daylight,0,1,0,0,0,0,Dry,13.35072,52.55805,car + 
198909,Tempelhof-Schöneberg,7050504,Imbrosweg,September,19,Friday,minor,1,Paralle Traffic,Night,0,1,0,0,0,1,Dry,13.41327,52.45185,car + other
198910,Mitte,1011201,Wilhelmstraße,September,15,Friday,serious,0,Driving,Daylight,0,0,0,0,0,1,Dry,13.37745,52.50826,other
198911,Mitte,1011306,Heine-Viertel Ost,September,9,Friday,minor,2,Turning,Daylight,0,0,0,1,1,0,Dry,13.42223,52.50543,motorbike + truck + 
198912,Friedrichshain-Kreuzberg,2020205,Chamissokiez,September,19,Friday,minor,6,Overtaking,Dawn,0,1,1,0,0,0,Dry,13.39659,52.48932,car + pedestrian + 
198913,Treptow-Köpenick,9010402,Johannisthal Ost,September,19,Friday,minor,5,Turning,Dawn,1,1,0,0,0,0,Dry,13.50403,52.43675,bicycle + car + 
198914,Mitte,1011302,Oranienburger Straße,September,8,Friday,minor,2,Turning,Daylight,1,1,0,0,0,0,Dry,13.40997,52.52859,bicycle + car + 
198915,Mitte,1022103,Westhafen,September,14,Friday,minor,2,Stationary Traffic,Daylight,0,1,0,0,0,0,Dry,13.32961,52.53912,car + 
198916,Mitte,1044201,Reinickendorfer Straße,September,8,Friday,minor,3,Stationary Traffic,Daylight,0,1,0,1,0,0,Dry,13.37747,52.55657,car + motorbike + 
198917,Mitte,1011306,Heine-Viertel Ost,September,14,Friday,minor,1,Other,Daylight,1,1,0,0,0,0,Dry,13.42304,52.50927,bicycle + car + 
198918,Friedrichshain-Kreuzberg,2040701,Andreasviertel,September,8,Friday,minor,0,Other,Daylight,0,0,0,0,1,0,Dry,13.43081,52.51192,truck + 
198919,Lichtenberg,11030720,Herzbergstraße,September,18,Friday,serious,6,Overtaking,Daylight,0,1,1,0,0,0,Dry,13.50006,52.53088,car + pedestrian + 
198920,Neukölln,8020727,Buckow Mitte,September,7,Friday,serious,6,Overtaking,Daylight,0,1,1,0,0,0,Dry,13.41969,52.41602,car + pedestrian + 
198921,Charlottenburg-Wilmersdorf,4030621,Spreestadt,September,14,Friday,minor,5,Crossing,Daylight,1,1,0,0,0,0,Dry,13.32258,52.52117,bicycle + car + 
198922,Neukölln,8010118,Silbersteinstraße,September,18,Friday,minor,1,Paralle Traffic,Daylight,0,1,0,0,0,0,Dry,13.42256,52.46279,car + 
198923,Mitte,1044203,Leopoldplatz,September,14,Friday,minor,2,Stationary Traffic,Daylight,0,1,0,0,0,0,Dry,13.37078,52.5568,car + 
198924,Treptow-Köpenick,9020502,Oberschöneweide Ost,September,6,Friday,minor,5,Crossing,Daylight,0,1,0,0,0,0,Dry,13.51913,52.4644,car + 
198925,Tempelhof-Schöneberg,7010101,Wittenbergplatz/Viktoria-Luise-Platz,September,16,Friday,minor,2,Turning,Daylight,1,1,0,0,0,0,Dry,13.34059,52.50247,bicycle + car + 
198926,Charlottenburg-Wilmersdorf,4041136,Hagenplatz,September,13,Friday,minor,5,Turning,Daylight,1,1,0,0,0,0,Dry,13.2808,52.47681,bicycle + car + 
198927,Marzahn-Hellersdorf,10030727,Biesdorf Süd,September,12,Friday,minor,2,Stationary Traffic,Daylight,0,1,0,0,0,0,Dry,13.56049,52.48798,car + 
198928,Pankow,3050920,Weißer See,September,16,Friday,minor,5,Turning,Daylight,1,1,0,0,0,0,Dry,13.46056,52.55954,bicycle + car + 
198929,Spandau,5020627,Tiefwerder,September,12,Friday,serious,5,Turning,Daylight,0,1,0,0,0,0,Dry,13.21138,52.52732,car + 
198930,Mitte,1033102,Gesundbrunnen,September,16,Friday,minor,9,Driving,Daylight,0,1,1,0,0,0,Dry,13.38417,52.55591,car + pedestrian + 
198931,Reinickendorf,12214422,Klixstraße,September,12,Friday,minor,2,Stationary Traffic,Daylight,0,1,0,0,0,1,Dry,13.31022,52.56796,car + other
198932,Mitte,1044103,Westliche Müllerstraße,September,16,Friday,minor,5,Turning,Daylight,1,1,0,0,0,0,Dry,13.34411,52.54604,bicycle + car + 
198933,Marzahn-Hellersdorf,10020414,Helle Mitte,September,12,Friday,minor,2,Turning,Daylight,0,1,0,1,0,0,Dry,13.60248,52.53852,car + motorbike + 
198934,Charlottenburg-Wilmersdorf,4020313,Königin-Elisabeth-Straße,September,11,Friday,serious,3,Stationary Traffic,Daylight,0,1,0,1,0,0,Dry,13.28143,52.51359,car + motorbike + 
198935,Mitte,1011402,Arkonaplatz,September,15,Friday,minor,0,Driving,Daylight,1,0,0,0,0,0,Dry,13.40501,52.53388,bicycle + 
198936,Charlottenburg-Wilmersdorf,4030726,Droysenstraße,September,15,Friday,serious,5,Turning,Daylight,1,1,0,0,0,0,Dry,13.30384,52.49937,bicycle + car + 
198937,Charlottenburg-Wilmersdorf,4030623,Ernst-Reuter-Platz,September,12,Friday,minor,5,Turning,Daylight,1,0,0,0,1,0,Dry,13.32772,52.50482,bicycle + truck + 
198938,Mitte,1011401,Invalidenstraße,September,19,Friday,fatal,9,Other,Dawn,0,1,1,0,0,1,Dry,13.39594,52.53247,car + pedestrian + other
198939,Charlottenburg-Wilmersdorf,4041343,Binger Straße,September,6,Thursday,serious,0,Other,Daylight,1,1,0,0,0,0,Dry,13.31151,52.47958,bicycle + car + 
198940,Mitte,1011306,Heine-Viertel Ost,September,4,Thursday,serious,6,Turning,Night,0,1,1,0,0,0,Wet,13.41663,52.51096,car + pedestrian + 
198941,Tempelhof-Schöneberg,7040405,Rathaus Tempelhof,September,22,Thursday,minor,5,Turning,Night,0,1,0,0,0,0,Dry,13.4001,52.45913,car + 
198942,Friedrichshain-Kreuzberg,2020204,Urbanstraße,September,20,Thursday,minor,2,Stationary Traffic,Night,0,1,0,0,0,0,Dry,13.39503,52.49644,car + 
198943,Steglitz-Zehlendorf,6040810,Dahlem,September,20,Thursday,minor,5,Turning,Night,1,1,0,0,0,0,Dry,13.27428,52.45894,bicycle + car + 
198944,Reinickendorf,12214125,Waldidyll/Flughafensee,September,18,Thursday,serious,0,Other,Daylight,1,0,0,0,0,0,Dry,13.29627,52.57717,bicycle + 
198945,Marzahn-Hellersdorf,10030727,Biesdorf Süd,September,18,Thursday,serious,5,Crossing,Daylight,0,1,0,0,0,0,Dry,13.56483,52.49314,car + 
198946,Pankow,3071639,Bötzowstraße,September,21,Thursday,minor,5,Crossing,Night,1,1,0,0,0,0,Dry,13.43767,52.52952,bicycle + car + 
198947,Steglitz-Zehlendorf,6020303,Lankwitz Kirche,September,10,Thursday,minor,5,Turning,Daylight,1,1,0,0,0,0,Dry,13.34358,52.43919,bicycle + car + 
198948,Mitte,1022104,Emdener Straße,September,17,Thursday,minor,5,Crossing,Daylight,1,0,0,0,0,0,Wet,13.33914,52.5266,bicycle + 
198949,Marzahn-Hellersdorf,10030727,Biesdorf Süd,September,17,Thursday,minor,2,Stationary Traffic,Daylight,0,1,0,0,0,0,Dry,13.56338,52.49629,car + 
198950,Mitte,1044202,Sparrplatz,September,12,Thursday,minor,2,Stationary Traffic,Daylight,0,1,0,0,0,0,Dry,13.35718,52.54526,car + 
198951,Reinickendorf,12103218,Teichstraße,September,11,Thursday,minor,5,Turning,Daylight,1,1,0,0,0,0,Dry,13.34772,52.57424,bicycle + car + 
198952,Pankow,3061131,Falkplatz,September,11,Thursday,minor,5,Turning,Daylight,1,1,0,0,0,0,Dry,13.41208,52.54314,bicycle + car + 
198953,Pankow,3020209,Niederschönhausen,September,9,Thursday,minor,5,Crossing,Daylight,1,1,0,0,0,0,Dry,13.39733,52.58005,bicycle + car + 
198954,Marzahn-Hellersdorf,10010310,Alt-Marzahn,September,9,Thursday,minor,2,Stationary Traffic,Daylight,0,1,0,0,1,0,Dry,13.54408,52.54103,car + truck + 
198955,Charlottenburg-Wilmersdorf,4020313,Königin-Elisabeth-Straße,September,8,Thursday,minor,3,Stationary Traffic,Daylight,0,1,0,0,0,0,Dry,13.27602,52.50738,car + 
198956,Steglitz-Zehlendorf,6030607,Goerzwerke,September,8,Thursday,minor,2,Stationary Traffic,Daylight,0,1,0,0,1,0,Dry,13.29823,52.42183,car + truck + 
198957,Tempelhof-Schöneberg,7040406,Germaniagarten,September,8,Thursday,minor,5,Turning,Daylight,1,1,0,0,0,0,Dry,13.42039,52.46172,bicycle + car + 
198958,Pankow,3040512,Wilhelmsruh,September,8,Thursday,minor,0,Turning,Daylight,1,1,0,0,0,0,Dry,13.38413,52.59116,bicycle + car + 
198959,Treptow-Köpenick,9010402,Johannisthal Ost,September,8,Thursday,minor,0,Turning,Daylight,0,1,0,1,0,0,Wet,13.51051,52.44457,car + motorbike + 