id,district,lor,street,month,hour,weekday,injury,collision,movement,light_conditions,bicycle,car,pedestrian,motorbike,truck,other_vehicle,road_conditions,longitude,latitude,Combo_type
198960,Spandau,5030731,Gartenfelder Straße,September,8,Thursday,serious,5,Crossing,Daylight,1,0,0,0,0,1,Dry,13.24803,52.54561,bicycle + other
198961,Charlottenburg-Wilmersdorf,4020209,Eichkamp,September,17,Thursday,minor,0,Paralle Traffic,Daylight,0,0,0,1,0,1,Dry,13.27009,52.49709,motorbike + other
198962,Neukölln,8020726,Buckow West,September,17,Thursday,minor,5,Crossing,Daylight,0,1,0,0,0,0,Dry,13.41051,52.41404,car + 
198963,Reinickendorf,12224230,Heiligensee,September,17,Thursday,minor,5,Turning,Daylight,1,1,0,0,0,0,Dry,13.24423,52.61495,bicycle + car + 
198964,Charlottenburg-Wilmersdorf,4051654,Wilhelmsaue,September,17,Thursday,serious,6,Other,Daylight,0,1,1,0,0,0,Dry,13.32482,52.48648,car + pedestrian + 
198965,Charlottenburg-Wilmersdorf,4030726,Droysenstraße,September,17,Thursday,minor,5,Crossing,Daylight,0,1,0,0,0,0,Dry,13.30383,52.49927,car + 
198966,Spandau,5040934,Alt-Gatow,September,16,Thursday,serious,0,Driving,Daylight,1,0,0,0,0,0,Dry,13.18097,52.48843,bicycle + 
198967,Spandau,5040936,Jägerallee,September,7,Thursday,minor,5,Crossing,Daylight,1,1,0,0,0,0,Dry,13.13354,52.46157,bicycle + car + 
198968,Charlottenburg-Wilmersdorf,4030931,Breitscheidplatz,September,15,Thursday,minor,6,Overtaking,Daylight,0,1,1,0,0,0,Dry,13.33882,52.50344,car + pedestrian + 
198969,Treptow-Köpenick,9041401,Allende I,September,7,Thursday,serious,6,Overtaking,Daylight,0,1,1,0,0,0,Dry,13.58651,52.44493,car + pedestrian + 
198970,Spandau,5010312,Kurstraße,September,15,Friday,serious,5,Crossing,Daylight,0,1,0,1,0,0,Dry,13.20489,52.54413,car + motorbike + 
198971,Marzahn-Hellersdorf,10020414,Helle Mitte,September,15,Thursday,minor,6,Turning,Daylight,0,1,1,0,0,0,Dry,13.60475,52.53655,car + pedestrian + 
198972,Mitte,1022104,Emdener Straße,September,15,Friday,minor,1,Paralle Traffic,Daylight,1,1,0,0,0,0,Dry,13.34,52.52633,bicycle + car + 
198973,Steglitz-Zehlendorf,6040701,Wannsee,September,15,Friday,minor,5,Crossing,Daylight,1,1,0,0,0,0,Dry,13.15206,52.41503,bicycle + car + 
198974,Treptow-Köpenick,9020502,Oberschöneweide Ost,September,7,Thursday,minor,0,Driving,Daylight,0,0,0,1,0,0,Wet,13.55018,52.45643,motorbike + 
198975,Mitte,1033102,Gesundbrunnen,September,15,Thursday,minor,5,Turning,Daylight,1,1,0,0,0,0,Dry,13.38628,52.55339,bicycle + car + 
198976,Mitte,1011304,Karl-Marx-Allee,September,21,Friday,minor,2,Stationary Traffic,Night,0,1,0,0,0,0,Dry,13.41869,52.51529,car + 
198977,Charlottenburg-Wilmersdorf,4030518,Tegeler Weg,September,15,Thursday,minor,5,Crossing,Daylight,0,1,0,0,0,0,Dry,13.30081,52.52739,car + 
198978,Marzahn-Hellersdorf,10020518,Schleipfuhl,September,6,Thursday,minor,5,Crossing,Dawn,0,1,0,0,0,0,Wet,13.61438,52.53023,car + 
198979,Charlottenburg-Wilmersdorf,4051549,Rathaus Wilmersdorf,September,7,Thursday,minor,5,Turning,Daylight,1,1,0,0,0,0,Wet,13.32033,52.48385,bicycle + car + 
198980,Steglitz-Zehlendorf,6010102,Schloßstraße,September,11,Thursday,minor,0,Driving,Daylight,1,0,0,0,0,0,Dry,13.32426,52.46066,bicycle + 
198981,Friedrichshain-Kreuzberg,2020205,Chamissokiez,September,14,Thursday,minor,5,Paralle Traffic,Daylight,1,1,0,0,0,0,Dry,13.3944,52.48694,bicycle + car + 
198982,Steglitz-Zehlendorf,6040810,Dahlem,September,16,Thursday,minor,5,Turning,Daylight,1,1,0,0,0,0,Dry,13.27494,52.46036,bicycle + car + 
198983,Steglitz-Zehlendorf,6040804,Krumme Lanke,September,15,Thursday,minor,6,Overtaking,Daylight,1,0,1,0,0,0,Dry,13.23175,52.43709,bicycle + pedestrian + 
198984,Steglitz-Zehlendorf,6030504,Teltower Damm,September,6,Thursday,serious,2,Other,Daylight,0,1,0,0,0,1,Wet,13.26481,52.41927,car + other
198985,Tempelhof-Schöneberg,7020201,Bayerischer Platz,September,16,Thursday,minor,2,Turning,Daylight,1,1,0,0,0,0,Dry,13.34363,52.48886,bicycle + car + 
198986,Tempelhof-Schöneberg,7020203,Kaiser-Wilhelm-Platz,September,14,Thursday,minor,5,Other,Daylight,0,0,0,1,0,1,Dry,13.35339,52.48923,motorbike + other
198987,Mitte,1011304,Karl-Marx-Allee,September,16,Thursday,minor,0,Paralle Traffic,Daylight,0,1,0,1,0,0,Dry,13.41536,52.51856,car + motorbike + 
198988,Tempelhof-Schöneberg,7010104,Dennewitzplatz,September,14,Thursday,minor,5,Crossing,Daylight,1,1,0,0,0,0,Dry,13.36559,52.49379,bicycle + car + 
198989,Charlottenburg-Wilmersdorf,4030620,Alt-Lietzow,September,16,Thursday,serious,5,Turning,Daylight,0,1,0,0,0,1,Dry,13.30234,52.51884,car + other
198990,Treptow-Köpenick,9010401,Johannisthal West,September,14,Thursday,minor,0,Turning,Daylight,0,1,0,1,0,0,Dry,13.50878,52.45247,car + motorbike + 
198991,Tempelhof-Schöneberg,7040402,Lindenhofsiedlung,September,15,Thursday,minor,0,Stationary Traffic,Daylight,0,1,0,0,0,1,Dry,13.37061,52.4705,car + other
198992,Reinickendorf,12214125,Waldidyll/Flughafensee,September,15,Thursday,minor,2,Turning,Daylight,0,1,0,1,0,0,Dry,13.29454,52.57628,car + motorbike + 
198993,Charlottenburg-Wilmersdorf,4020310,Park Ruhwald,September,6,Thursday,minor,0,Driving,Daylight,0,0,0,1,0,0,Wet,13.27907,52.52548,motorbike + 
198994,Reinickendorf,12301204,Wittenau Nord,September,6,Thursday,minor,5,Crossing,Daylight,0,1,0,1,0,0,Wet,13.31812,52.58935,car + motorbike + 
198995,Spandau,5010312,Kurstraße,September,15,Thursday,minor,1,Paralle Traffic,Daylight,1,1,0,0,0,0,Dry,13.20086,52.54967,bicycle + car + 
198996,Lichtenberg,11030618,Fennpfuhl West,September,15,Thursday,minor,1,Paralle Traffic,Daylight,0,1,0,0,0,0,Dry,13.4653,52.52434,car + 
198997,Reinickendorf,12103117,Letteplatz,September,6,Thursday,serious,0,Crossing,Dawn,0,1,0,1,0,0,Wet,13.37369,52.56337,car + motorbike + 
198998,Pankow,3010102,Buch,September,14,Thursday,minor,5,Crossing,Daylight,0,1,0,0,0,0,Dry,13.49808,52.62828,car + 
198999,Neukölln,8020622,Parchimer Allee,September,18,Thursday,serious,0,Other,Dawn,0,0,0,1,0,0,Wet,13.43346,52.44408,motorbike + 
199000,Lichtenberg,11040926,Weitlingstraße,September,14,Thursday,serious,6,Overtaking,Daylight,1,0,1,0,0,0,Dry,13.49548,52.5053,bicycle + pedestrian + 
199001,Friedrichshain-Kreuzberg,2040703,Wriezener Bahnhof/Entwicklungsgebiet,September,13,Thursday,minor,5,Crossing,Daylight,1,0,0,0,0,1,Dry,13.44684,52.50272,bicycle + other
199002,Lichtenberg,11030720,Herzbergstraße,September,13,Thursday,serious,5,Crossing,Daylight,1,1,0,0,0,0,Dry,13.49995,52.52919,bicycle + car + 
199003,Reinickendorf,12231101,Hermsdorf,September,14,Thursday,minor,5,Crossing,Daylight,1,1,0,0,0,0,Dry,13.31522,52.61317,bicycle + car + 
199004,Mitte,1044203,Leopoldplatz,September,13,Thursday,minor,2,Stationary Traffic,Daylight,0,1,0,0,0,0,Dry,13.3584,52.55399,car + 
199005,Reinickendorf,12214424,Scharnweberstraße,September,11,Thursday,minor,3,Stationary Traffic,Daylight,0,1,0,0,1,0,Dry,13.32915,52.56332,car + truck + 
199006,Friedrichshain-Kreuzberg,2040701,Andreasviertel,September,11,Thursday,minor,2,Stationary Traffic,Daylight,1,0,0,0,0,0,Dry,13.43043,52.51041,bicycle + 
199007,Charlottenburg-Wilmersdorf,4031032,Halensee,September,23,Thursday,serious,5,Other,Night,0,1,0,0,0,0,Dry,13.28772,52.49615,car + 
199008,Mitte,1022106,Elberfelder Straße,September,14,Thursday,minor,6,Overtaking,Daylight,0,0,1,0,0,1,Dry,13.34108,52.52558,pedestrian + other
199009,Marzahn-Hellersdorf,10020414,Helle Mitte,September,15,Thursday,minor,5,Crossing,Daylight,1,1,0,0,0,0,Dry,13.60165,52.53846,bicycle + car + 
199010,Friedrichshain-Kreuzberg,2040502,Friedenstraße,September,12,Wednesday,minor,2,Stationary Traffic,Daylight,1,1,0,0,0,0,Dry,13.43404,52.52297,bicycle + car + 
199011,Friedrichshain-Kreuzberg,2010102,Mehringplatz,September,20,Thursday,minor,5,Crossing,Night,0,1,0,0,0,0,Dry,13.39439,52.50701,car + 
199012,Mitte,3071536,Teutoburger Platz,September,14,Wednesday,minor,3,Crossing,Daylight,1,1,0,0,0,0,Dry,13.40989,52.52898,bicycle + car + 
199013,Pankow,3040818,Pankow Süd,September,19,Thursday,minor,0,Overtaking,Night,0,0,1,1,0,0,Dry,13.41818,52.55424,pedestrian + motorbike + 
199014,Tempelhof-Schöneberg,7020201,Bayerischer Platz,September,18,Thursday,serious,3,Stationary Traffic,Daylight,0,1,0,0,0,0,Dry,13.34494,52.48731,car + 
199015,Mitte,1011302,Oranienburger Straße,September,20,Wednesday,minor,3,Stationary Traffic,Night,0,1,0,0,0,0,Dry,13.40047,52.52959,car + 
199016,Mitte,1044202,Sparrplatz,September,19,Wednesday,minor,5,Turning,Daylight,1,1,0,0,0,0,Dry,13.34491,52.53906,bicycle + car + 
199017,Charlottenburg-Wilmersdorf,4031032,Halensee,September,18,Thursday,minor,5,Crossing,Daylight,0,1,0,0,0,0,Dry,13.28673,52.49587,car + 
199018,Spandau,5020523,Maulbeerallee,September,18,Thursday,serious,5,Crossing,Daylight,1,1,0,0,0,0,Dry,13.17268,52.52197,bicycle + car + 
199019,Tempelhof-Schöneberg,7050504,Imbrosweg,September,19,Wednesday,serious,1,Paralle Traffic,Daylight,0,1,0,0,0,0,Dry,13.41273,52.45192,car + 
199020,Steglitz-Zehlendorf,6030504,Teltower Damm,September,17,Thursday,serious,5,Turning,Daylight,0,1,0,1,0,0,Dry,13.26691,52.41212,car + motorbike + 
199021,Mitte,1011302,Oranienburger Straße,September,18,Wednesday,minor,1,Paralle Traffic,Daylight,1,0,0,0,1,1,Dry,13.39318,52.52491,bicycle + truck + other
199022,Reinickendorf,12103116,Hausotterplatz,September,17,Thursday,serious,6,Overtaking,Daylight,0,1,1,0,0,0,Dry,13.37727,52.57124,car + pedestrian + 
199023,Reinickendorf,12103117,Letteplatz,September,18,Wednesday,minor,2,Stationary Traffic,Daylight,0,1,0,0,0,0,Dry,13.37712,52.56108,car + 
199024,Charlottenburg-Wilmersdorf,4031032,Halensee,September,10,Thursday,minor,1,Paralle Traffic,Daylight,1,1,0,0,0,0,Dry,13.29553,52.49795,bicycle + car + 
199025,Charlottenburg-Wilmersdorf,4030417,Schloßstraße,September,18,Wednesday,minor,1,Paralle Traffic,Daylight,0,1,0,0,0,0,Dry,13.30119,52.51411,car + 
199026,Charlottenburg-Wilmersdorf,4051654,Wilhelmsaue,September,10,Thursday,minor,5,Crossing,Daylight,0,1,0,1,0,0,Dry,13.32237,52.48558,car + motorbike + 
199027,Spandau,5020417,Staakener Straße,September,10,Thursday,minor,5,Crossing,Daylight,0,1,0,1,0,0,Wet,13.17047,52.53366,car + motorbike + 
199028,Neukölln,8041037,Alt-Rudow,September,18,Wednesday,minor,5,Crossing,Daylight,0,1,0,1,0,0,Dry,13.49607,52.41742,car + motorbike + 
199029,Charlottenburg-Wilmersdorf,4051653,Prager Platz,September,18,Wednesday,minor,2,Stationary Traffic,Daylight,0,1,0,0,0,0,Dry,13.33101,52.49297,car + 
199030,Mitte,1044101,Rehberge,September,9,Thursday,minor,3,Stationary Traffic,Daylight,0,1,0,0,0,0,Dry,13.34518,52.55442,car + 
199031,Spandau,5010314,Carl-Schurz-Straße,September,18,Wednesday,minor,3,Stationary Traffic,Daylight,0,0,0,1,0,1,Dry,13.2023,52.53994,motorbike + other
199032,Pankow,3061429,Greifswalder Straße,September,9,Thursday,minor,5,Crossing,Daylight,1,1,0,0,0,0,Dry,13.44588,52.54464,bicycle + car + 
199033,Treptow-Köpenick,9020502,Oberschöneweide Ost,September,17,Wednesday,minor,5,Turning,Daylight,0,1,0,1,0,0,Dry,13.52142,52.46641,car + motorbike + 
199034,Charlottenburg-Wilmersdorf,4020310,Park Ruhwald,September,9,Thursday,minor,3,Stationary Traffic,Daylight,0,0,0,1,0,1,Dry,13.277,52.5187,motorbike + other
199035,Mitte,1011306,Heine-Viertel Ost,September,17,Wednesday,minor,5,Turning,Daylight,1,0,0,1,0,0,Dry,13.41783,52.50658,bicycle + motorbike + 
199036,Neukölln,8020622,Parchimer Allee,September,7,Thursday,minor,2,Other,Daylight,1,1,0,0,0,0,Dry,13.44861,52.44035,bicycle + car + 
199037,Pankow,3040508,Rosenthal,September,16,Wednesday,serious,5,Crossing,Daylight,1,1,0,0,0,0,Dry,13.3696,52.59749,bicycle + car + 
199038,Mitte,1011303,Alexanderplatzviertel,September,8,Thursday,minor,5,Crossing,Daylight,1,0,0,1,0,0,Wet,13.41345,52.52528,bicycle + motorbike + 
199039,Friedrichshain-Kreuzberg,2020202,Rathaus Yorckstraße,September,7,Thursday,minor,5,Turning,Daylight,1,1,0,0,0,0,Wet,13.38977,52.49591,bicycle + car + 
199040,Charlottenburg-Wilmersdorf,4031032,Halensee,September,16,Wednesday,minor,2,Crossing,Daylight,1,1,0,0,0,0,Dry,13.29425,52.49772,bicycle + car + 
199041,Reinickendorf,12214424,Scharnweberstraße,September,5,Thursday,serious,0,Crossing,Night,1,1,0,0,0,0,Wet,13.3304,52.56245,bicycle + car + 
199042,Friedrichshain-Kreuzberg,2010103,Moritzplatz,September,16,Wednesday,minor,1,Paralle Traffic,Daylight,1,1,0,0,0,0,Dry,13.41419,52.50268,bicycle + car + 
199043,Mitte,1022207,Hansaviertel,September,16,Thursday,serious,6,Overtaking,Daylight,1,0,1,0,0,0,Dry,13.34326,52.51875,bicycle + pedestrian + 
199044,Mitte,1011301,Charitéviertel,September,8,Wednesday,minor,3,Stationary Traffic,Daylight,1,1,0,0,0,0,Dry,13.3877,52.52362,bicycle + car + 
199045,Neukölln,8020621,Mohriner Allee Nord,September,15,Wednesday,minor,3,Stationary Traffic,Daylight,1,0,0,0,0,0,Dry,13.41955,52.44067,bicycle + 
199046,Treptow-Köpenick,9020702,Adlershof Ost,September,15,Wednesday,minor,0,Crossing,Daylight,1,0,0,0,0,1,Dry,13.55133,52.43682,bicycle + other
199047,Steglitz-Zehlendorf,6010101,Fichtenberg,September,15,Wednesday,minor,5,Crossing,Daylight,1,1,0,0,0,0,Dry,13.31549,52.45883,bicycle + car + 
199048,Neukölln,8010213,Körnerpark,September,16,Wednesday,minor,2,Turning,Daylight,1,0,0,0,0,1,Dry,13.43281,52.46882,bicycle + other
199049,Mitte,1011204,Leipziger Straße,September,15,Wednesday,minor,2,Turning,Daylight,1,0,0,0,0,1,Dry,13.40259,52.51638,bicycle + other
199050,Charlottenburg-Wilmersdorf,4010102,Plötzensee,September,21,Wednesday,minor,2,Stationary Traffic,Night,0,1,0,0,0,0,Dry,13.32099,52.54471,car + 
199051,Treptow-Köpenick,9051702,Bölschestraße,September,12,Wednesday,minor,5,Turning,Daylight,1,1,0,0,0,0,Dry,13.6248,52.45155,bicycle + car + 
199052,Mitte,1011204,Leipziger Straße,September,21,Wednesday,minor,5,Crossing,Night,0,1,0,0,0,0,Dry,13.39184,52.50957,car + 
199053,Spandau,5020524,Weinmeisterhornweg,September,20,Wednesday,minor,6,Overtaking,Night,1,0,1,0,0,0,Dry,13.17728,52.51702,bicycle + pedestrian + 
199054,Tempelhof-Schöneberg,7030301,Friedenau,September,11,Wednesday,minor,6,Turning,Daylight,0,1,1,0,0,0,Dry,13.33269,52.47245,car + pedestrian + 
199055,Mitte,1033203,Humboldthain Nordwest,September,11,Wednesday,serious,2,Turning,Daylight,0,0,0,1,0,0,Dry,13.37316,52.54392,motorbike + 
199056,Lichtenberg,11030721,Rüdigerstraße,September,20,Wednesday,minor,5,Turning,Night,0,1,0,1,0,0,Dry,13.4851,52.51585,car + motorbike + 
199057,Mitte,1044101,Rehberge,September,10,Wednesday,minor,2,Crossing,Daylight,0,1,0,0,0,1,Dry,13.34109,52.54453,car + other
199058,Charlottenburg-Wilmersdorf,4041137,Flinsberger Platz,September,20,Wednesday,serious,6,Overtaking,Night,0,1,1,0,0,0,Dry,13.28147,52.47705,car + pedestrian + 
199059,Treptow-Köpenick,9020601,Schnellerstraße,September,0,Wednesday,minor,5,Crossing,Night,0,1,0,0,0,0,Dry,13.50359,52.46072,car + 
199060,Mitte,1033202,Humboldthain Süd,September,19,Wednesday,minor,1,Paralle Traffic,Night,0,1,0,0,0,0,Dry,13.39122,52.5404,car + 
199061,Treptow-Köpenick,9041402,Siedlung Kämmereiheide,September,10,Wednesday,minor,6,Overtaking,Daylight,1,0,1,0,0,0,Dry,13.59387,52.44725,bicycle + pedestrian + 
199062,Pankow,3030715,Heinersdorf,September,19,Wednesday,minor,5,Turning,Dawn,0,1,0,0,0,0,Dry,13.43699,52.57198,car + 
199063,Pankow,3061131,Falkplatz,September,19,Wednesday,minor,4,Stationary Traffic,Dawn,1,0,0,0,0,0,Dry,13.40535,52.54079,bicycle + 
199064,Charlottenburg-Wilmersdorf,4041344,Rüdesheimer Platz,September,10,Wednesday,minor,0,Paralle Traffic,Daylight,0,1,0,1,0,0,Dry,13.31307,52.4777,car + motorbike + 
199065,Pankow,3061131,Falkplatz,September,19,Wednesday,minor,3,Stationary Traffic,Daylight,1,0,0,0,0,0,Dry,13.4058,52.54088,bicycle + 
199066,Steglitz-Zehlendorf,6020304,Kaiser-Wilhelm-Straße,September,15,Wednesday,minor,5,Crossing,Daylight,1,0,0,0,0,1,Dry,13.33461,52.43196,bicycle + other
199067,Friedrichshain-Kreuzberg,2050802,Boxhagener Platz,September,18,Wednesday,minor,0,Driving,Daylight,1,1,0,0,0,0,Dry,13.46138,52.51103,bicycle + car + 
199068,Reinickendorf,12214125,Waldidyll/Flughafensee,September,10,Wednesday,serious,5,Turning,Daylight,0,1,0,0,0,0,Dry,13.29482,52.57627,car + 
199069,Spandau,5030833,Motardstraße,September,17,Wednesday,minor,5,Crossing,Daylight,0,1,0,0,0,0,Dry,13.24981,52.53811,car + 
199070,Spandau,5030730,Zitadellenweg,September,14,Wednesday,minor,5,Turning,Daylight,1,0,0,0,0,1,Dry,13.2313,52.53823,bicycle + other
199071,Lichtenberg,11041022,Rosenfelder Ring,September,17,Wednesday,minor,2,Stationary Traffic,Daylight,0,1,0,0,0,0,Dry,13.51886,52.51372,car + 
199072,Treptow-Köpenick,9051901,Dammvorstadt,September,9,Wednesday,minor,5,Crossing,Daylight,1,1,0,0,0,0,Dry,13.57628,52.45456,bicycle + car + 
199073,Charlottenburg-Wilmersdorf,4020313,Königin-Elisabeth-Straße,September,10,Wednesday,minor,5,Crossing,Daylight,0,1,0,0,0,0,Dry,13.2798,52.50868,car + 
199074,Pankow,3061430,Volkspark Prenzlauer Berg,September,17,Wednesday,minor,5,Turning,Daylight,1,1,0,0,0,0,Dry,13.45778,52.52903,bicycle + car + 
199075,Tempelhof-Schöneberg,7040403,Manteuffelstraße,September,14,Wednesday,minor,5,Turning,Daylight,1,1,0,0,0,0,Dry,13.37801,52.46863,bicycle + car + 
199076,Tempelhof-Schöneberg,7040402,Lindenhofsiedlung,September,16,Wednesday,minor,5,Crossing,Daylight,0,1,0,0,0,1,Dry,13.37057,52.4689,car + other
199077,Charlottenburg-Wilmersdorf,4031032,Halensee,September,14,Wednesday,minor,5,Crossing,Daylight,0,1,0,1,0,0,Dry,13.29961,52.49433,car + motorbike + 
199078,Lichtenberg,11020516,Weiße Taube,September,16,Wednesday,minor,2,Stationary Traffic,Daylight,0,1,0,0,0,0,Dry,13.51378,52.53949,car + 
199079,Steglitz-Zehlendorf,6010101,Fichtenberg,September,14,Wednesday,minor,5,Turning,Daylight,1,1,0,0,0,0,Dry,13.31559,52.45338,bicycle + car + 
199080,Mitte,1011202,Unter den Linden Nord,September,7,Wednesday,minor,5,Turning,Daylight,1,0,0,1,0,0,Dry,13.40098,52.51836,bicycle + motorbike + 
199081,Treptow-Köpenick,9020501,Oberschöneweide West,September,12,Wednesday,minor,5,Crossing,Daylight,0,0,0,0,0,1,Dry,13.50677,52.46364,other
199082,Spandau,5010314,Carl-Schurz-Straße,September,9,Wednesday,minor,0,Turning,Daylight,0,1,0,0,0,1,Dry,13.20056,52.53779,car + other
199083,Neukölln,8041035,Blumenviertel,September,14,Wednesday,minor,5,Turning,Daylight,0,1,0,1,0,0,Dry,13.47378,52.43822,car + motorbike + 
199084,Reinickendorf,12231102,Frohnau,September,12,Wednesday,minor,1,Paralle Traffic,Daylight,1,1,0,0,0,0,Dry,13.29157,52.63386,bicycle + car + 
199085,Steglitz-Zehlendorf,6010210,Bismarckstraße,September,12,Wednesday,minor,5,Crossing,Daylight,0,1,0,1,0,0,Dry,13.34236,52.45956,car + motorbike + 
199086,Charlottenburg-Wilmersdorf,4051549,Rathaus Wilmersdorf,September,10,Wednesday,serious,5,Turning,Daylight,1,0,0,0,0,1,Dry,13.32041,52.48365,bicycle + other
199087,Friedrichshain-Kreuzberg,2030401,Reichenberger Straße,September,11,Wednesday,minor,0,Other,Daylight,0,1,0,0,0,0,Dry,13.43003,52.49816,car + 
199088,Charlottenburg-Wilmersdorf,4041137,Flinsberger Platz,September,13,Wednesday,serious,6,Overtaking,Daylight,0,0,1,1,0,0,Dry,13.29351,52.48417,pedestrian + motorbike + 
199089,Treptow-Köpenick,9020501,Oberschöneweide West,September,11,Wednesday,minor,5,Turning,Daylight,1,0,0,0,1,0,Dry,13.51353,52.46476,bicycle + truck + 
199090,Mitte,1044203,Leopoldplatz,September,10,Wednesday,minor,1,Paralle Traffic,Daylight,1,1,0,0,0,1,Dry,13.36652,52.55689,bicycle + car + other
199091,Marzahn-Hellersdorf,10030724,Oberfeldstraße,September,9,Wednesday,minor,5,Other,Daylight,0,1,0,0,0,0,Dry,13.56386,52.51885,car + 
199092,Neukölln,8010301,Reuterkiez,September,10,Wednesday,minor,5,Turning,Daylight,1,1,0,0,0,0,Dry,13.42817,52.49343,bicycle + car + 
199093,Charlottenburg-Wilmersdorf,4030622,Richard-Wagner-Straße,September,9,Wednesday,minor,1,Paralle Traffic,Daylight,1,1,0,0,0,0,Dry,13.30711,52.51396,bicycle + car + 
199094,Tempelhof-Schöneberg,7020201,Bayerischer Platz,September,12,Wednesday,minor,5,Turning,Daylight,0,1,0,0,0,0,Dry,13.34507,52.49226,car + 
199095,Mitte,1011102,Großer Tiergarten,September,8,Wednesday,minor,2,Turning,Daylight,0,1,0,1,0,0,Dry,13.35001,52.51379,car + motorbike + 
199096,Lichtenberg,11040926,Weitlingstraße,September,8,Wednesday,minor,5,Turning,Daylight,1,1,0,0,0,0,Dry,13.51965,52.50587,bicycle + car + 
199097,Lichtenberg,11030618,Fennpfuhl West,September,9,Wednesday,minor,0,Stationary Traffic,Daylight,0,1,0,0,1,0,Dry,13.46471,52.53056,car + truck + 
199098,Friedrichshain-Kreuzberg,2040703,Wriezener Bahnhof/Entwicklungsgebiet,September,8,Wednesday,minor,5,Turning,Daylight,1,1,0,0,0,0,Dry,13.44665,52.50281,bicycle + car + 
199099,Tempelhof-Schöneberg,7010102,Nollendorfplatz,September,7,Wednesday,minor,6,Other,Daylight,0,0,0,0,0,1,Dry,13.34721,52.49518,other
199100,Reinickendorf,12304314,Ziekowstraße/Freie Scholle,September,7,Wednesday,minor,5,Turning,Daylight,1,1,0,0,0,0,Dry,13.29154,52.59602,bicycle + car + 
199101,Treptow-Köpenick,9051801,Rahnsdorf/Hessenwinkel,September,12,Wednesday,minor,5,Crossing,Daylight,1,1,0,0,0,0,Dry,13.7187,52.43152,bicycle + car + 
199102,Friedrichshain-Kreuzberg,2010102,Mehringplatz,September,7,Wednesday,minor,3,Stationary Traffic,Daylight,1,1,0,0,0,0,Dry,13.39237,52.50711,bicycle + car + 
199103,Charlottenburg-Wilmersdorf,4010101,Jungfernheide,September,6,Wednesday,serious,0,Crossing,Daylight,0,1,0,1,0,0,Dry,13.29732,52.548,car + motorbike + 
199104,Reinickendorf,12301203,Wittenau Süd,September,5,Wednesday,minor,0,Crossing,Night,1,1,0,0,0,0,Dry,13.32997,52.58721,bicycle + car + 
199105,Spandau,5010101,Hakenfelde Nord,September,5,Wednesday,minor,0,Other,Dawn,0,0,0,1,0,0,Dry,13.20793,52.58332,motorbike + 
199106,Treptow-Köpenick,9051901,Dammvorstadt,September,6,Wednesday,minor,5,Turning,Daylight,1,1,0,0,0,0,Dry,13.56708,52.45491,bicycle + car + 
199107,Treptow-Köpenick,9041402,Siedlung Kämmereiheide,September,14,Wednesday,minor,0,Turning,Daylight,0,1,0,0,0,1,Dry,13.59658,52.4415,car + other
199108,Spandau,5010101,Hakenfelde Nord,September,0,Wednesday,minor,6,Overtaking,Night,0,0,1,0,0,1,Dry,13.21136,52.56026,pedestrian + other
199109,Reinickendorf,12214527,Alt-Tegel,September,16,Wednesday,minor,9,Driving,Daylight,0,1,0,0,0,0,Dry,13.28459,52.5888,car + 
199110,Reinickendorf,12214424,Scharnweberstraße,September,12,Tuesday,minor,5,Crossing,Daylight,0,1,0,0,0,0,Dry,13.32262,52.56534,car + 
199111,Neukölln,8010117,Schillerpromenade,September,15,Wednesday,minor,5,Turning,Daylight,1,1,0,0,0,0,Dry,13.42114,52.48014,bicycle + car + 
199112,Lichtenberg,11030721,Rüdigerstraße,September,17,Tuesday,minor,1,Paralle Traffic,Daylight,1,1,0,0,0,0,Dry,13.49824,52.51428,bicycle + car + 
199113,Reinickendorf,12214424,Scharnweberstraße,September,15,Wednesday,minor,3,Stationary Traffic,Daylight,0,1,0,1,0,0,Dry,13.32967,52.56237,car + motorbike + 
199114,Charlottenburg-Wilmersdorf,4030415,Schloßgarten,September,15,Wednesday,serious,0,Other,Daylight,1,1,0,0,0,0,Dry,13.29104,52.5191,bicycle + car + 
199115,Lichtenberg,11040926,Weitlingstraße,September,8,Tuesday,minor,5,Crossing,Daylight,1,0,0,0,0,0,Dry,13.51914,52.50997,bicycle + 
199116,Lichtenberg,11051330,Karlshorst West,September,15,Wednesday,minor,5,Turning,Daylight,1,1,0,0,0,0,Dry,13.52687,52.49213,bicycle + car + 
199117,Marzahn-Hellersdorf,10010310,Alt-Marzahn,September,15,Wednesday,minor,5,Other,Daylight,0,0,0,1,0,1,Dry,13.55713,52.5343,motorbike + other