id,district,lor,street,month,hour,weekday,injury,collision,movement,light_conditions,bicycle,car,pedestrian,motorbike,truck,other_vehicle,road_conditions,longitude,latitude,Combo_type
199118,Pankow,3040614,Pankow Zentrum,September,14,Tuesday,minor,5,Crossing,Daylight,0,1,0,1,0,0,Dry,13.4326,52.59068,car + motorbike + 
199119,Mitte,1011202,Unter den Linden Nord,September,11,Wednesday,minor,0,Driving,Daylight,1,0,0,0,0,0,Dry,13.39527,52.52043,bicycle + 
199120,Friedrichshain-Kreuzberg,2030402,Wrangelkiez,September,23,Tuesday,minor,1,Paralle Traffic,Night,0,0,0,0,0,1,Dry,13.43944,52.49839,other
199121,Tempelhof-Schöneberg,7040405,Rathaus Tempelhof,September,13,Wednesday,minor,5,Crossing,Daylight,0,1,0,0,0,0,Dry,13.39564,52.45426,car + 
199122,Mitte,1044201,Reinickendorfer Straße,September,12,Wednesday,minor,5,Turning,Daylight,1,1,0,0,0,0,Dry,13.38164,52.55627,bicycle + car + 
199123,Mitte,1022202,Heidestraße,September,15,Tuesday,minor,5,Turning,Daylight,1,1,0,0,0,0,Dry,13.36034,52.53724,bicycle + car + 
199124,Spandau,5010314,Carl-Schurz-Straße,September,20,Tuesday,serious,6,Overtaking,Dawn,0,1,1,0,0,0,Dry,13.18479,52.53806,car + pedestrian + 
199125,Mitte,1022202,Heidestraße,September,8,Wednesday,serious,0,Other,Daylight,0,1,0,0,0,0,Dry,13.36035,52.53724,car + 
199126,Spandau,5020523,Maulbeerallee,September,13,Tuesday,minor,2,Other,Daylight,0,1,0,0,0,0,Dry,13.16898,52.52376,car + 
199127,Mitte,1011201,Wilhelmstraße,September,20,Tuesday,minor,2,Stationary Traffic,Night,1,1,0,0,0,0,Dry,13.38434,52.50973,bicycle + car + 
199128,Mitte,1033101,Soldiner Straße,September,16,Tuesday,serious,5,Crossing,Daylight,0,1,0,1,0,0,Dry,13.37327,52.55725,car + motorbike + 
199129,Reinickendorf,12214527,Alt-Tegel,September,15,Tuesday,minor,5,Crossing,Daylight,1,1,0,0,0,0,Dry,13.27985,52.58812,bicycle + car + 
199130,Neukölln,8020622,Parchimer Allee,September,19,Tuesday,minor,5,Turning,Dawn,0,1,0,0,0,0,Dry,13.44983,52.44555,car + 
199131,Steglitz-Zehlendorf,6030606,Hindenburgdamm,September,12,Tuesday,minor,1,Paralle Traffic,Daylight,0,1,0,1,0,0,Dry,13.32001,52.44636,car + motorbike + 
199132,Spandau,5020625,Borkumer Straße,September,16,Tuesday,minor,5,Turning,Daylight,0,1,0,0,0,0,Dry,13.1843,52.53417,car + 
199133,Mitte,1011202,Unter den Linden Nord,September,14,Tuesday,serious,0,Driving,Daylight,0,0,0,0,0,1,Dry,13.39969,52.52025,other
199134,Friedrichshain-Kreuzberg,2030401,Reichenberger Straße,September,16,Tuesday,minor,3,Stationary Traffic,Daylight,0,1,0,1,0,0,Dry,13.43252,52.4972,car + motorbike + 
199135,Treptow-Köpenick,9020802,Köllnische Vorstadt,September,18,Tuesday,minor,2,Stationary Traffic,Daylight,0,1,0,0,0,0,Dry,13.56334,52.44574,car + 
199136,Treptow-Köpenick,9010301,Baumschulenstraße,September,16,Tuesday,minor,5,Crossing,Daylight,0,1,0,0,0,0,Dry,13.48469,52.46025,car + 
199137,Friedrichshain-Kreuzberg,2040502,Friedenstraße,September,14,Tuesday,minor,2,Other,Daylight,1,1,0,0,0,0,Dry,13.43977,52.51849,bicycle + car + 
199138,Spandau,5010311,Eiswerder,September,16,Tuesday,minor,5,Other,Daylight,0,1,0,1,0,0,Dry,13.20988,52.54808,car + motorbike + 
199139,Steglitz-Zehlendorf,6030607,Goerzwerke,September,13,Tuesday,minor,5,Crossing,Daylight,0,1,0,0,0,1,Dry,13.28699,52.41785,car + other
199140,Charlottenburg-Wilmersdorf,4051446,Preußenpark,September,15,Tuesday,minor,1,Paralle Traffic,Daylight,1,1,0,0,0,0,Dry,13.3179,52.49517,bicycle + car + 
199141,Reinickendorf,12103220,Humboldtstraße,September,16,Tuesday,minor,5,Crossing,Daylight,0,1,0,1,0,0,Dry,13.33448,52.57062,car + motorbike + 
199142,Steglitz-Zehlendorf,6030609,Augustaplatz,September,15,Tuesday,minor,2,Stationary Traffic,Daylight,0,1,0,0,0,1,Dry,13.31541,52.44779,car + other
199143,Treptow-Köpenick,9020701,Adlershof West,September,17,Tuesday,minor,5,Turning,Daylight,1,0,0,0,0,1,Dry,13.52665,52.42638,bicycle + other
199144,Mitte,1044102,Schillerpark,September,15,Tuesday,minor,2,Stationary Traffic,Daylight,1,1,0,0,0,0,Dry,13.34255,52.55622,bicycle + car + 
199145,Charlottenburg-Wilmersdorf,4030725,Amtsgerichtsplatz,September,13,Tuesday,minor,0,Crossing,Daylight,0,1,0,0,0,1,Wet,13.2928,52.50665,car + other
199146,Mitte,1022102,Beusselkiez,September,15,Tuesday,minor,0,Overtaking,Daylight,0,0,1,0,0,1,Dry,13.32827,52.52637,pedestrian + other
199147,Friedrichshain-Kreuzberg,2030302,Lausitzer Platz,September,15,Tuesday,minor,2,Other,Daylight,1,1,0,0,0,0,Dry,13.43942,52.50239,bicycle + car + 
199148,Marzahn-Hellersdorf,10020415,Hellersdorfer Promenade,September,13,Tuesday,serious,1,Paralle Traffic,Daylight,0,1,0,0,0,1,Wet,13.60347,52.54224,car + other
199149,Reinickendorf,12301205,Waidmannslust,September,14,Tuesday,minor,2,Stationary Traffic,Daylight,0,1,0,0,0,0,Dry,13.3199,52.60687,car + 
199150,Steglitz-Zehlendorf,6030501,Berlepschstraße,September,16,Tuesday,serious,5,Crossing,Daylight,1,1,0,0,0,0,Dry,13.24678,52.42069,bicycle + car + 
199151,Marzahn-Hellersdorf,10040933,Mahlsdorf Süd,September,14,Tuesday,minor,3,Stationary Traffic,Daylight,1,1,0,0,0,0,Dry,13.60048,52.47657,bicycle + car + 
199152,Lichtenberg,11040925,Victoriastadt,September,14,Tuesday,minor,5,Crossing,Daylight,1,1,0,0,0,0,Dry,13.47442,52.50449,bicycle + car + 
199153,Pankow,3040614,Pankow Zentrum,September,12,Tuesday,minor,5,Turning,Daylight,1,1,0,0,0,0,Dry,13.39541,52.56568,bicycle + car + 
199154,Marzahn-Hellersdorf,10010310,Alt-Marzahn,September,14,Tuesday,minor,5,Turning,Daylight,1,1,0,0,0,0,Dry,13.56371,52.54179,bicycle + car + 
199155,Neukölln,8010211,Flughafenstraße,September,11,Tuesday,minor,5,Other,Daylight,0,1,0,0,0,0,Dry,13.42484,52.48252,car + 
199156,Charlottenburg-Wilmersdorf,4041342,Schlangenbader Straße,September,13,Tuesday,minor,0,Paralle Traffic,Daylight,0,1,0,1,0,0,Dry,13.30653,52.47706,car + motorbike + 
199157,Neukölln,8020622,Parchimer Allee,September,11,Tuesday,minor,5,Turning,Daylight,0,1,0,0,0,1,Dry,13.43413,52.4428,car + other
199158,Charlottenburg-Wilmersdorf,4030931,Breitscheidplatz,September,12,Tuesday,minor,6,Other,Daylight,0,1,1,0,0,0,Dry,13.33837,52.50339,car + pedestrian + 
199159,Friedrichshain-Kreuzberg,2020202,Rathaus Yorckstraße,September,10,Tuesday,minor,5,Turning,Daylight,1,1,0,0,0,0,Dry,13.38974,52.49591,bicycle + car + 
199160,Pankow,3051017,Rennbahnstraße,September,10,Tuesday,minor,0,Turning,Daylight,0,0,0,1,1,0,Dry,13.46975,52.564,motorbike + truck + 
199161,Neukölln,8041036,Zittauer Straße,September,10,Tuesday,serious,5,Other,Daylight,0,1,0,1,0,0,Dry,13.47615,52.41846,car + motorbike + 
199162,Mitte,1011303,Alexanderplatzviertel,September,10,Tuesday,minor,5,Turning,Daylight,0,1,0,0,0,1,Dry,13.41176,52.52397,car + other
199163,Pankow,3040818,Pankow Süd,September,10,Tuesday,minor,6,Turning,Daylight,0,1,1,0,0,0,Wet,13.42354,52.55505,car + pedestrian + 
199164,Mitte,1044202,Sparrplatz,September,10,Tuesday,minor,5,Turning,Daylight,1,1,0,0,0,0,Dry,13.34945,52.54232,bicycle + car + 
199165,Charlottenburg-Wilmersdorf,4030725,Amtsgerichtsplatz,September,10,Tuesday,serious,5,Turning,Daylight,0,1,0,1,0,0,Wet,13.30302,52.50554,car + motorbike + 
199166,Treptow-Köpenick,9020701,Adlershof West,September,9,Tuesday,minor,6,Turning,Daylight,0,1,1,0,0,0,Dry,13.53891,52.43443,car + pedestrian + 
199167,Charlottenburg-Wilmersdorf,4030417,Schloßstraße,September,10,Tuesday,minor,0,Driving,Daylight,1,0,0,0,0,0,Wet,13.29662,52.5168,bicycle + 
199168,Pankow,3061126,Arnimplatz,September,22,Tuesday,minor,0,Driving,Night,1,0,0,0,0,0,Dry,13.40776,52.55102,bicycle + 
199169,Lichtenberg,11051229,Rummelsburg,September,9,Tuesday,minor,1,Paralle Traffic,Daylight,1,0,0,0,1,0,Dry,13.47678,52.50077,bicycle + truck + 
199170,Mitte,1044103,Westliche Müllerstraße,September,10,Tuesday,minor,0,Other,Daylight,1,0,0,0,0,0,Wet,13.34684,52.54795,bicycle + 
199171,Lichtenberg,11030721,Rüdigerstraße,September,8,Tuesday,minor,0,Stationary Traffic,Daylight,1,1,0,0,0,0,Dry,13.48824,52.5184,bicycle + car + 
199172,Tempelhof-Schöneberg,7040401,Neu-Tempelhof,September,8,Tuesday,minor,5,Turning,Daylight,1,1,0,0,0,0,Dry,13.40031,52.48371,bicycle + car + 
199173,Spandau,5010101,Hakenfelde Nord,September,8,Tuesday,minor,2,Stationary Traffic,Daylight,0,1,0,0,0,1,Dry,13.21856,52.56027,car + other
199174,Neukölln,8020727,Buckow Mitte,September,9,Tuesday,minor,6,Other,Daylight,0,1,1,0,0,0,Dry,13.43576,52.42346,car + pedestrian + 
199175,Charlottenburg-Wilmersdorf,4051448,Schaperstraße,September,8,Tuesday,minor,5,Crossing,Daylight,0,1,0,0,0,0,Dry,13.3355,52.4993,car + 
199176,Friedrichshain-Kreuzberg,2020203,Viktoriapark,September,9,Tuesday,minor,5,Turning,Daylight,1,0,0,0,0,1,Wet,13.38238,52.48985,bicycle + other
199177,Lichtenberg,11030618,Fennpfuhl West,September,7,Tuesday,minor,6,Overtaking,Daylight,0,0,1,1,0,0,Dry,13.4794,52.52378,pedestrian + motorbike + 
199178,Friedrichshain-Kreuzberg,2020205,Chamissokiez,September,21,Tuesday,serious,3,Other,Night,1,1,0,0,0,0,Dry,13.3893,52.48975,bicycle + car + 
199179,Pankow,3051017,Rennbahnstraße,September,7,Tuesday,minor,5,Turning,Daylight,1,1,0,0,0,0,Dry,13.48315,52.55487,bicycle + car + 
199180,Mitte,1011103,Lützowstraße,September,7,Tuesday,minor,2,Stationary Traffic,Daylight,0,1,0,0,0,0,Wet,13.35003,52.50339,car + 
199181,Steglitz-Zehlendorf,6010205,Südende,September,7,Tuesday,serious,6,Overtaking,Daylight,0,1,1,0,0,0,Dry,13.36051,52.44662,car + pedestrian + 
199182,Friedrichshain-Kreuzberg,2050803,Stralauer Kiez,September,7,Tuesday,minor,5,Turning,Daylight,1,1,0,0,0,0,Wet,13.4663,52.50049,bicycle + car + 
199183,Mitte,1011202,Unter den Linden Nord,September,6,Tuesday,minor,5,Crossing,Daylight,1,1,0,0,0,0,Dry,13.38548,52.51859,bicycle + car + 
199184,Mitte,1011302,Oranienburger Straße,September,23,Tuesday,minor,5,Crossing,Night,1,0,0,1,0,0,Dry,13.40518,52.52866,bicycle + motorbike + 
199185,Neukölln,8041036,Zittauer Straße,September,16,Tuesday,minor,5,Crossing,Daylight,1,1,0,0,0,0,Dry,13.47886,52.41405,bicycle + car + 
199186,Marzahn-Hellersdorf,10010205,Marzahn Ost,September,18,Tuesday,minor,5,Crossing,Daylight,1,1,0,0,0,0,Dry,13.57918,52.55073,bicycle + car + 
199187,Charlottenburg-Wilmersdorf,4030620,Alt-Lietzow,September,17,Tuesday,minor,0,Overtaking,Daylight,1,0,1,0,0,0,Dry,13.30196,52.51881,bicycle + pedestrian + 
199188,Marzahn-Hellersdorf,10030724,Oberfeldstraße,September,8,Tuesday,minor,0,Crossing,Daylight,0,1,0,0,0,1,Dry,13.56306,52.51431,car + other
199189,Neukölln,8010117,Schillerpromenade,September,14,Tuesday,minor,2,Stationary Traffic,Daylight,0,1,0,0,0,1,Dry,13.42736,52.47485,car + other
199190,Charlottenburg-Wilmersdorf,4051652,Nikolsburger Platz,September,17,Tuesday,serious,5,Turning,Daylight,0,1,0,1,0,0,Dry,13.32294,52.48998,car + motorbike + 
199191,Steglitz-Zehlendorf,6020409,Königsberger Straße,September,16,Tuesday,minor,5,Crossing,Daylight,0,1,0,0,0,1,Dry,13.3212,52.42963,car + other
199192,Reinickendorf,12301203,Wittenau Süd,September,19,Tuesday,fatal,5,Crossing,Night,0,1,0,1,0,0,Dry,13.33323,52.57885,car + motorbike + 
199193,Spandau,5010207,Darbystraße,September,11,Tuesday,minor,2,Stationary Traffic,Daylight,0,1,0,0,0,1,Dry,13.18445,52.54608,car + other
199194,Friedrichshain-Kreuzberg,2030402,Wrangelkiez,September,14,Monday,minor,1,Paralle Traffic,Daylight,1,1,0,0,0,0,Dry,13.44631,52.49875,bicycle + car + 
199195,Pankow,3061228,Erich-Weinert-Straße,September,1,Tuesday,minor,5,Crossing,Night,0,1,0,0,0,0,Wet,13.43043,52.55125,car + 
199196,Neukölln,8010212,Rollberg,September,14,Monday,minor,2,Turning,Daylight,0,1,0,1,0,0,Dry,13.43746,52.47897,car + motorbike + 
199197,Friedrichshain-Kreuzberg,2040701,Andreasviertel,September,14,Tuesday,minor,1,Paralle Traffic,Daylight,0,1,0,0,0,1,Dry,13.43343,52.50891,car + other
199198,Marzahn-Hellersdorf,10040828,Kaulsdorf Nord,September,10,Monday,minor,5,Crossing,Daylight,1,0,0,0,0,1,Dry,13.58694,52.51231,bicycle + other
199199,Lichtenberg,11020513,Orankesee,September,6,Monday,serious,6,Other,Dawn,1,0,1,0,0,0,Dry,13.46988,52.54772,bicycle + pedestrian + 
199200,Lichtenberg,11051332,Karlshorst Süd,September,8,Monday,minor,2,Turning,Daylight,1,1,0,0,0,0,Dry,13.52439,52.47859,bicycle + car + 
199201,Lichtenberg,11020411,Malchower Weg,September,22,Monday,minor,1,Driving,Night,0,1,0,0,0,0,Wet,13.5202,52.55532,car + 
199202,Tempelhof-Schöneberg,7030301,Friedenau,September,16,Monday,minor,5,Crossing,Daylight,1,0,0,0,0,0,Dry,13.3353,52.47376,bicycle + 
199203,Tempelhof-Schöneberg,7020204,Schöneberger Insel,September,12,Monday,serious,5,Crossing,Daylight,1,1,0,0,0,0,Wet,13.36139,52.47941,bicycle + car + 
199204,Lichtenberg,11051331,Karlshorst Nord,September,5,Monday,minor,6,Other,Night,0,1,0,0,0,1,Wet,13.52535,52.48151,car + other
199205,Reinickendorf,12231101,Hermsdorf,September,21,Monday,serious,5,Crossing,Night,0,1,0,1,0,0,Dry,13.30582,52.62042,car + motorbike + 
199206,Reinickendorf,12302109,Treuenbrietzener Straße,September,20,Monday,minor,5,Crossing,Night,0,1,0,0,0,0,Wet,13.36265,52.60062,car + 
199207,Mitte,1011303,Alexanderplatzviertel,September,18,Monday,minor,6,Other,Daylight,0,1,1,0,0,0,Dry,13.41526,52.52684,car + pedestrian + 
199208,Reinickendorf,12103116,Hausotterplatz,September,19,Monday,minor,5,Crossing,Night,0,1,0,0,0,0,Wet,13.37741,52.57132,car + 
199209,Mitte,1011203,Unter den Linden Süd,September,18,Monday,minor,3,Stationary Traffic,Daylight,1,1,0,0,0,0,Dry,13.39139,52.51312,bicycle + car + 
199210,Spandau,5020625,Borkumer Straße,September,5,Monday,minor,6,Turning,Night,0,1,1,0,0,0,Wet,13.18179,52.53408,car + pedestrian + 
199211,Reinickendorf,12304313,Borsigwalde,September,18,Monday,serious,6,Overtaking,Daylight,0,1,1,0,0,0,Dry,13.31893,52.58757,car + pedestrian + 
199212,Mitte,1022101,Huttenkiez,September,19,Monday,minor,2,Stationary Traffic,Dawn,0,1,0,0,0,0,Wet,13.32887,52.52398,car + 
199213,Mitte,1022206,Lüneburger Straße,September,18,Monday,minor,2,Stationary Traffic,Daylight,0,1,0,0,0,0,Wet,13.36819,52.5257,car + 
199214,Mitte,1011306,Heine-Viertel Ost,September,17,Monday,minor,5,Crossing,Daylight,1,1,0,0,0,0,Dry,13.41964,52.50609,bicycle + car + 
199215,Charlottenburg-Wilmersdorf,4051447,Ludwigkirchplatz,September,17,Monday,minor,5,Turning,Daylight,1,1,0,0,0,0,Dry,13.31937,52.49222,bicycle + car + 
199216,Steglitz-Zehlendorf,6030605,Botanischer Garten,September,13,Monday,minor,2,Stationary Traffic,Daylight,0,1,0,1,0,0,Wet,13.29497,52.44455,car + motorbike + 
199217,Reinickendorf,12214125,Waldidyll/Flughafensee,September,16,Monday,minor,6,Overtaking,Daylight,0,1,1,0,0,0,Wet,13.29481,52.57649,car + pedestrian + 
199218,Tempelhof-Schöneberg,7040403,Manteuffelstraße,September,17,Monday,minor,5,Crossing,Daylight,0,1,0,0,0,0,Dry,13.37226,52.46971,car + 
199219,Neukölln,8020621,Mohriner Allee Nord,September,12,Monday,minor,2,Stationary Traffic,Daylight,0,1,0,0,0,1,Wet,13.42996,52.44286,car + other
199220,Charlottenburg-Wilmersdorf,4020311,Reichsstraße,September,17,Monday,minor,5,Turning,Daylight,1,1,0,0,0,0,Dry,13.27667,52.51258,bicycle + car + 
199221,Reinickendorf,12214423,Mellerbogen,September,16,Monday,minor,5,Crossing,Daylight,0,1,0,0,0,0,Wet,13.32221,52.57391,car + 
199222,Steglitz-Zehlendorf,6030503,Zehlendorf Mitte,September,16,Monday,minor,5,Turning,Daylight,0,1,0,0,0,0,Wet,13.27972,52.43246,car + 
199223,Spandau,5010311,Eiswerder,September,17,Monday,minor,5,Crossing,Daylight,1,1,0,0,0,0,Dry,13.2093,52.54734,bicycle + car + 
199224,Steglitz-Zehlendorf,6040809,Thielallee,September,10,Monday,minor,2,Other,Daylight,0,1,0,0,0,0,Wet,13.29473,52.458,car + 
199225,Charlottenburg-Wilmersdorf,4020311,Reichsstraße,September,10,Monday,minor,1,Paralle Traffic,Daylight,1,0,0,0,1,0,Wet,13.25757,52.51847,bicycle + truck + 
199226,Charlottenburg-Wilmersdorf,4030623,Ernst-Reuter-Platz,September,15,Monday,minor,2,Stationary Traffic,Daylight,0,1,0,0,0,0,Dry,13.32961,52.50994,car + 
199227,Mitte,1044201,Reinickendorfer Straße,September,16,Monday,minor,5,Crossing,Daylight,0,1,0,0,0,0,Wet,13.37282,52.54978,car + 
199228,Spandau,5020524,Weinmeisterhornweg,September,16,Monday,serious,6,Turning,Daylight,0,1,1,0,0,0,Wet,13.17158,52.51104,car + pedestrian + 
199229,Tempelhof-Schöneberg,7050506,Birnhornweg,September,23,Monday,minor,5,Turning,Night,0,1,0,0,0,1,Dry,13.39632,52.42332,car + other
199230,Charlottenburg-Wilmersdorf,4051447,Ludwigkirchplatz,September,16,Monday,minor,6,Overtaking,Daylight,0,1,1,0,0,0,Wet,13.32129,52.4958,car + pedestrian + 
199231,Tempelhof-Schöneberg,7050506,Birnhornweg,September,16,Monday,minor,5,Turning,Daylight,0,1,0,0,0,0,Dry,13.39544,52.42439,car + 
199232,Spandau,5020625,Borkumer Straße,September,15,Monday,minor,5,Turning,Daylight,1,1,0,0,0,0,Wet,13.19707,52.53134,bicycle + car + 
199233,Friedrichshain-Kreuzberg,2020206,Graefekiez,September,15,Monday,minor,2,Stationary Traffic,Daylight,0,1,0,0,0,0,Dry,13.41053,52.4886,car + 
199234,Treptow-Köpenick,9051901,Dammvorstadt,September,9,Monday,minor,8,Driving,Daylight,0,1,0,0,0,0,Wet,13.59182,52.45519,car + 
199235,Spandau,5010101,Hakenfelde Nord,September,15,Monday,minor,4,Driving,Daylight,0,1,0,0,0,0,Dry,13.16059,52.5952,car + 
199236,Neukölln,8010301,Reuterkiez,September,15,Monday,minor,5,Crossing,Daylight,1,1,0,0,0,0,Wet,13.43791,52.48289,bicycle + car + 
199237,Charlottenburg-Wilmersdorf,4030726,Droysenstraße,September,9,Monday,minor,5,Turning,Daylight,0,1,0,0,0,1,Wet,13.30384,52.49935,car + other
199238,Neukölln,8010508,Weiße Siedlung,September,8,Monday,minor,2,Stationary Traffic,Daylight,0,1,0,0,0,0,Dry,13.46068,52.47169,car + 
199239,Spandau,5010207,Darbystraße,September,12,Monday,serious,5,Turning,Daylight,0,1,0,1,0,0,Dry,13.18472,52.54759,car + motorbike + 
199240,Spandau,5010339,Freiheit,September,14,Monday,minor,2,Stationary Traffic,Daylight,0,1,0,0,0,0,Wet,13.23972,52.52632,car + 
199241,Neukölln,8020625,Handwerker-Siedlung,September,9,Monday,minor,0,Stationary Traffic,Daylight,0,1,0,1,0,0,Wet,13.4361,52.44009,car + motorbike + 
199242,Neukölln,8010510,Gewerbegebiet Köllnische Heide,September,12,Monday,serious,5,Crossing,Daylight,1,1,0,0,0,0,Dry,13.45399,52.4692,bicycle + car + 
199243,Charlottenburg-Wilmersdorf,4030622,Richard-Wagner-Straße,September,14,Monday,minor,6,Overtaking,Daylight,1,0,1,0,0,0,Wet,13.30249,52.51549,bicycle + pedestrian + 
199244,Pankow,3040512,Wilhelmsruh,September,15,Monday,minor,2,Stationary Traffic,Daylight,0,1,0,0,0,0,Dry,13.3846,52.59119,car + 
199245,Friedrichshain-Kreuzberg,2030402,Wrangelkiez,September,14,Monday,minor,5,Crossing,Daylight,1,1,0,0,0,0,Wet,13.43607,52.49805,bicycle + car + 
199246,Steglitz-Zehlendorf,6040806,Fischtal,September,12,Monday,serious,5,Turning,Daylight,0,1,0,1,0,0,Dry,13.25111,52.44998,car + motorbike + 
199247,Friedrichshain-Kreuzberg,2020205,Chamissokiez,September,9,Monday,minor,6,Turning,Daylight,0,1,1,0,0,0,Wet,13.39699,52.48883,car + pedestrian + 
199248,Pankow,3030405,Karow Nord,September,7,Monday,minor,2,Other,Daylight,0,1,0,1,0,0,Dry,13.49607,52.61451,car + motorbike + 
199249,Friedrichshain-Kreuzberg,2050602,Samariterviertel,September,14,Monday,minor,2,Stationary Traffic,Dawn,0,1,0,0,1,0,Wet,13.46175,52.51837,car + truck + 
199250,Mitte,1011304,Karl-Marx-Allee,September,8,Monday,minor,0,Crossing,Daylight,1,0,0,1,0,0,Dry,13.41831,52.51686,bicycle + motorbike + 
199251,Spandau,5020625,Borkumer Straße,September,16,Friday,minor,5,Turning,Daylight,0,1,0,0,0,0,Dry,13.19556,52.52917,car + 
199252,Reinickendorf,12302212,Rollbergesiedlung,September,16,Friday,minor,2,Stationary Traffic,Daylight,0,1,0,0,0,0,Dry,13.32143,52.60736,car + 
199253,Neukölln,8041037,Alt-Rudow,September,16,Friday,minor,1,Driving,Daylight,0,1,0,1,0,0,Dry,13.50778,52.42623,car + motorbike + 
199254,Mitte,1033102,Gesundbrunnen,September,16,Friday,minor,3,Stationary Traffic,Daylight,0,1,0,1,0,0,Dry,13.38605,52.54972,car + motorbike + 
199255,Mitte,1011303,Alexanderplatzviertel,September,16,Friday,minor,5,Turning,Daylight,1,1,0,0,0,0,Dry,13.41955,52.52518,bicycle + car + 
199256,Neukölln,8030831,Gropiusstadt Ost,September,15,Friday,serious,5,Turning,Daylight,1,1,0,0,0,0,Dry,13.46832,52.4277,bicycle + car + 
199257,Treptow-Köpenick,9010402,Johannisthal Ost,September,15,Friday,minor,0,Driving,Daylight,1,0,0,0,0,0,Dry,13.52121,52.44165,bicycle + 
199258,Charlottenburg-Wilmersdorf,4041137,Flinsberger Platz,September,14,Friday,minor,2,Stationary Traffic,Daylight,0,1,0,0,0,0,Dry,13.29695,52.48605,car + 
199259,Spandau,5030731,Gartenfelder Straße,September,14,Friday,minor,5,Crossing,Daylight,0,1,0,0,0,1,Dry,13.23199,52.53833,car + other
199260,Friedrichshain-Kreuzberg,2010102,Mehringplatz,September,14,Friday,minor,0,Paralle Traffic,Daylight,0,1,0,1,0,0,Dry,13.39993,52.50663,car + motorbike + 
199261,Treptow-Köpenick,9020701,Adlershof West,September,14,Friday,minor,5,Turning,Daylight,1,1,0,0,0,0,Dry,13.53636,52.43286,bicycle + car + 
199262,Lichtenberg,11030618,Fennpfuhl West,September,14,Friday,minor,6,Other,Daylight,0,1,1,0,0,0,Dry,13.46487,52.52473,car + pedestrian + 
199263,Charlottenburg-Wilmersdorf,4030623,Ernst-Reuter-Platz,September,14,Friday,serious,3,Stationary Traffic,Daylight,0,1,0,0,0,1,Dry,13.31891,52.51364,car + other
199264,Mitte,1011303,Alexanderplatzviertel,September,13,Friday,minor,2,Stationary Traffic,Daylight,1,1,0,0,0,0,Dry,13.40537,52.51964,bicycle + car + 
199265,Charlottenburg-Wilmersdorf,4051446,Preußenpark,September,13,Friday,minor,5,Other,Daylight,0,1,0,0,0,0,Dry,13.3109,52.49543,car + 
199266,Mitte,1022104,Emdener Straße,September,21,Friday,minor,0,Driving,Night,0,0,0,1,0,0,Dry,13.34058,52.52644,motorbike + 
199267,Pankow,3071536,Teutoburger Platz,September,21,Friday,minor,0,Driving,Night,0,0,0,0,0,1,Dry,13.41131,52.5306,other
199268,Treptow-Köpenick,9010202,Köpenicker Landstraße,September,21,Friday,minor,5,Crossing,Night,0,1,0,0,0,0,Dry,13.47532,52.48006,car + 
199269,Mitte,1033101,Soldiner Straße,September,13,Friday,minor,2,Stationary Traffic,Daylight,0,1,0,0,0,0,Dry,13.38864,52.56141,car + 
199270,Spandau,5010103,Amorbacher Weg,September,12,Friday,minor,5,Crossing,Daylight,0,1,0,0,0,0,Dry,13.18887,52.55901,car + 
199271,Neukölln,8020727,Buckow Mitte,September,12,Friday,minor,5,Turning,Daylight,0,1,0,1,0,0,Dry,13.41685,52.41828,car + motorbike + 
199272,Reinickendorf,12224230,Heiligensee,September,12,Friday,serious,2,Stationary Traffic,Daylight,0,1,0,1,0,0,Dry,13.22183,52.61884,car + motorbike + 
199273,Pankow,3010101,Bucher Forst,September,7,Friday,minor,3,Stationary Traffic,Daylight,1,1,0,0,0,0,Dry,13.48729,52.64046,bicycle + car + 
199274,Treptow-Köpenick,9041301,Kietzer Feld/Nachtheide,September,12,Friday,minor,2,Stationary Traffic,Daylight,0,1,0,0,0,0,Dry,13.64167,52.4215,car + 
199275,Mitte,1011303,Alexanderplatzviertel,September,7,Friday,minor,0,Crossing,Daylight,0,0,0,1,0,0,Dry,13.40449,52.52196,motorbike + 
199276,Marzahn-Hellersdorf,10030724,Oberfeldstraße,September,12,Friday,minor,5,Crossing,Daylight,0,1,0,0,0,0,Dry,13.56568,52.52915,car + 
199277,Lichtenberg,11010310,Mühlengrund,September,6,Friday,serious,4,Other,Daylight,0,1,0,0,0,1,Dry,13.52528,52.55551,car + other
199278,Charlottenburg-Wilmersdorf,4030827,Karl-August-Platz,September,11,Friday,minor,1,Paralle Traffic,Daylight,1,1,0,0,0,0,Dry,13.30538,52.50791,bicycle + car + 