id,district,lor,street,month,hour,weekday,injury,collision,movement,light_conditions,bicycle,car,pedestrian,motorbike,truck,other_vehicle,road_conditions,longitude,latitude,Combo_type
199279,Marzahn-Hellersdorf,10040828,Kaulsdorf Nord,September,9,Friday,minor,5,Crossing,Daylight,1,1,0,0,0,0,Dry,13.60628,52.52469,bicycle + car + 
199280,Tempelhof-Schöneberg,7020204,Schöneberger Insel,September,9,Friday,serious,5,Crossing,Daylight,1,1,0,0,0,0,Dry,13.36346,52.48129,bicycle + car + 
199281,Lichtenberg,11030721,Rüdigerstraße,September,9,Friday,minor,0,Other,Daylight,0,1,0,0,0,0,Dry,13.48596,52.5207,car + 
199282,Neukölln,8020728,Buckow Ost,September,8,Friday,minor,6,Overtaking,Daylight,0,1,1,0,0,0,Dry,13.43939,52.41753,car + pedestrian + 
199283,Charlottenburg-Wilmersdorf,4041134,Bismarckallee,September,8,Friday,minor,5,Turning,Daylight,0,1,0,0,0,0,Dry,13.28512,52.49362,car + 
199284,Tempelhof-Schöneberg,7050502,Fritz-Werner-Straße,September,8,Friday,minor,1,Driving,Daylight,0,1,0,0,0,0,Dry,13.38238,52.43132,car + 
199285,Marzahn-Hellersdorf,10020518,Schleipfuhl,September,7,Friday,minor,5,Crossing,Daylight,0,1,0,0,0,1,Dry,13.61743,52.53126,car + other
199286,Mitte,1022206,Lüneburger Straße,September,14,Friday,minor,0,Stationary Traffic,Daylight,0,1,0,0,0,1,Dry,13.36709,52.52563,car + other
199287,Marzahn-Hellersdorf,10010308,Marzahner Chaussee,September,15,Thursday,serious,5,Turning,Daylight,1,0,0,0,0,0,Dry,13.53578,52.5258,bicycle + 
199288,Charlottenburg-Wilmersdorf,4020310,Park Ruhwald,September,11,Thursday,minor,5,Other,Daylight,0,1,0,0,0,0,Dry,13.27266,52.51947,car + 
199289,Mitte,1011201,Wilhelmstraße,September,21,Thursday,minor,0,Crossing,Night,0,1,0,1,0,0,Dry,13.37672,52.51079,car + motorbike + 
199290,Charlottenburg-Wilmersdorf,4041137,Flinsberger Platz,September,17,Thursday,minor,2,Other,Daylight,0,1,0,1,0,0,Dry,13.29394,52.4844,car + motorbike + 
199291,Friedrichshain-Kreuzberg,2020206,Graefekiez,September,10,Thursday,minor,3,Stationary Traffic,Daylight,0,1,0,0,1,0,Dry,13.41734,52.48784,car + truck + 
199292,Neukölln,8010509,Schulenburgpark,September,20,Thursday,minor,6,Overtaking,Night,0,1,1,0,0,0,Dry,13.47281,52.46479,car + pedestrian + 
199293,Spandau,5020625,Borkumer Straße,September,10,Thursday,minor,2,Other,Daylight,0,1,0,1,0,0,Dry,13.18826,52.53267,car + motorbike + 
199294,Friedrichshain-Kreuzberg,2020206,Graefekiez,September,19,Thursday,minor,6,Overtaking,Dawn,1,0,1,0,0,0,Dry,13.41952,52.48756,bicycle + pedestrian + 
199295,Friedrichshain-Kreuzberg,2010102,Mehringplatz,September,16,Thursday,serious,5,Turning,Daylight,0,1,0,1,0,0,Dry,13.3943,52.50114,car + motorbike + 
199296,Spandau,5020625,Borkumer Straße,September,19,Thursday,minor,6,Overtaking,Dawn,1,0,1,0,0,0,Dry,13.18849,52.53433,bicycle + pedestrian + 
199297,Mitte,1011105,Nördlicher Landwehrkanal,September,9,Thursday,minor,1,Paralle Traffic,Daylight,1,1,0,0,0,0,Dry,13.3633,52.50748,bicycle + car + 
199298,Marzahn-Hellersdorf,10020623,Rotes Viertel,September,16,Thursday,minor,6,Overtaking,Daylight,0,1,1,0,0,0,Dry,13.59236,52.51925,car + pedestrian + 
199299,Mitte,1033101,Soldiner Straße,September,9,Thursday,minor,0,Stationary Traffic,Daylight,0,1,0,0,0,1,Dry,13.38436,52.55618,car + other
199300,Mitte,1022106,Elberfelder Straße,September,15,Thursday,minor,5,Crossing,Daylight,0,1,0,0,0,0,Dry,13.33158,52.52233,car + 
199301,Spandau,5020626,Adamstraße,September,15,Thursday,minor,2,Stationary Traffic,Daylight,0,1,0,0,0,0,Dry,13.1952,52.52757,car + 
199302,Mitte,1011401,Invalidenstraße,September,14,Thursday,minor,2,Crossing,Daylight,0,1,0,1,0,0,Dry,13.40015,52.53105,car + motorbike + 
199303,Lichtenberg,11010103,Dorf Falkenberg,September,19,Thursday,minor,5,Crossing,Dawn,0,1,0,0,0,0,Dry,13.54954,52.56873,car + 
199304,Neukölln,8020622,Parchimer Allee,September,8,Thursday,minor,0,Turning,Daylight,1,1,0,0,0,0,Dry,13.45294,52.44562,bicycle + car + 
199305,Friedrichshain-Kreuzberg,2050802,Boxhagener Platz,September,8,Thursday,minor,5,Turning,Daylight,1,1,0,0,0,0,Dry,13.46104,52.5111,bicycle + car + 
199306,Neukölln,8020622,Parchimer Allee,September,7,Thursday,serious,5,Turning,Daylight,1,1,0,0,0,0,Dry,13.43446,52.44647,bicycle + car + 
199307,Charlottenburg-Wilmersdorf,4020310,Park Ruhwald,September,14,Thursday,serious,6,Overtaking,Daylight,0,0,1,0,0,1,Dry,13.27995,52.51847,pedestrian + other
199308,Treptow-Köpenick,9051901,Dammvorstadt,September,14,Thursday,serious,5,Other,Daylight,1,1,0,0,0,0,Dry,13.56263,52.45637,bicycle + car + 
199309,Tempelhof-Schöneberg,7060604,Marienfelde Süd,September,7,Thursday,minor,5,Crossing,Daylight,1,1,0,0,0,0,Dry,13.34961,52.40689,bicycle + car + 
199310,Neukölln,8010404,Rixdorf,September,17,Thursday,serious,5,Crossing,Daylight,0,1,0,0,0,0,Dry,13.44754,52.47606,car + 
199311,Mitte,1011303,Alexanderplatzviertel,September,14,Thursday,minor,6,Overtaking,Daylight,1,0,1,0,0,0,Dry,13.40527,52.52218,bicycle + pedestrian + 
199312,Mitte,1022206,Lüneburger Straße,September,17,Thursday,serious,5,Turning,Daylight,1,1,0,0,0,0,Dry,13.35538,52.5193,bicycle + car + 
199313,Spandau,5010209,An der Kappe,September,14,Thursday,minor,1,Driving,Daylight,1,1,0,0,0,0,Dry,13.16268,52.542,bicycle + car + 
199314,Lichtenberg,11040926,Weitlingstraße,September,13,Thursday,serious,6,Overtaking,Daylight,0,1,1,0,0,0,Dry,13.49589,52.5003,car + pedestrian + 
199315,Friedrichshain-Kreuzberg,2030301,Oranienplatz,September,2,Thursday,minor,1,Paralle Traffic,Night,0,1,0,0,0,0,Dry,13.4225,52.50274,car + 
199316,Mitte,1044101,Rehberge,September,13,Thursday,minor,3,Stationary Traffic,Daylight,0,1,0,0,1,0,Dry,13.33682,52.54268,car + truck + 
199317,Neukölln,8010508,Weiße Siedlung,September,12,Thursday,minor,5,Turning,Daylight,0,1,0,0,0,0,Dry,13.4646,52.47015,car + 
199318,Spandau,5030731,Gartenfelder Straße,September,11,Thursday,minor,1,Paralle Traffic,Daylight,0,1,0,0,0,1,Dry,13.23898,52.54419,car + other
199319,Neukölln,8010211,Flughafenstraße,September,5,Thursday,minor,5,Other,Dawn,0,1,0,0,0,0,Dry,13.42461,52.48428,car + 
199320,Mitte,1022201,Stephankiez,September,14,Thursday,minor,0,Stationary Traffic,Daylight,0,0,0,0,0,1,Dry,13.3566,52.53555,other
199321,Pankow,3051017,Rennbahnstraße,September,13,Thursday,serious,5,Crossing,Daylight,0,1,0,0,0,0,Dry,13.45941,52.56271,car + 
199322,Tempelhof-Schöneberg,7010104,Dennewitzplatz,September,4,Thursday,minor,6,Turning,Night,0,1,1,0,0,0,Dry,13.36187,52.498,car + pedestrian + 
199323,Mitte,1011101,Stülerstraße,September,13,Thursday,minor,2,Stationary Traffic,Daylight,0,1,0,0,0,1,Dry,13.35195,52.50765,car + other
199324,Reinickendorf,12224229,Konradshöhe/Tegelort,September,15,Wednesday,serious,0,Stationary Traffic,Daylight,0,1,0,0,0,1,Dry,13.2267,52.58374,car + other
199325,Charlottenburg-Wilmersdorf,4030726,Droysenstraße,September,16,Wednesday,minor,5,Crossing,Daylight,1,1,0,0,0,0,Dry,13.30171,52.49892,bicycle + car + 
199326,Mitte,1011204,Leipziger Straße,September,9,Wednesday,minor,5,Crossing,Daylight,1,1,0,0,0,0,Dry,13.40018,52.50952,bicycle + car + 
199327,Friedrichshain-Kreuzberg,2030401,Reichenberger Straße,September,8,Wednesday,minor,6,Overtaking,Daylight,0,1,1,0,0,0,Dry,13.43293,52.49483,car + pedestrian + 
199328,Neukölln,8041040,Waltersdorfer Chaussee Ost,September,13,Wednesday,minor,6,Turning,Daylight,0,1,1,0,0,0,Dry,13.49736,52.4162,car + pedestrian + 
199329,Mitte,1011202,Unter den Linden Nord,September,13,Wednesday,minor,5,Turning,Daylight,1,1,0,0,0,0,Dry,13.38715,52.52124,bicycle + car + 
199330,Treptow-Köpenick,9010101,Elsenstraße,September,23,Wednesday,minor,0,Driving,Night,1,0,0,0,0,0,Dry,13.45391,52.49413,bicycle + 
199331,Lichtenberg,11040926,Weitlingstraße,September,16,Wednesday,minor,5,Crossing,Daylight,1,1,0,0,0,0,Dry,13.51137,52.50437,bicycle + car + 
199332,Marzahn-Hellersdorf,10040828,Kaulsdorf Nord,September,8,Wednesday,minor,5,Crossing,Daylight,0,1,0,0,0,0,Dry,13.60531,52.52763,car + 
199333,Mitte,1022201,Stephankiez,September,22,Wednesday,serious,1,Paralle Traffic,Night,1,0,0,0,0,1,Dry,13.35994,52.53303,bicycle + other
199334,Mitte,1011301,Charitéviertel,September,21,Wednesday,minor,1,Driving,Night,1,1,0,0,0,0,Dry,13.38737,52.52562,bicycle + car + 
199335,Steglitz-Zehlendorf,6040703,Nikolassee,September,19,Wednesday,minor,1,Paralle Traffic,Night,1,1,0,0,0,0,Dry,13.22283,52.43034,bicycle + car + 
199336,Tempelhof-Schöneberg,7020202,Volkspark (Rudolf-Wilde-Park),September,19,Wednesday,minor,2,Stationary Traffic,Dawn,0,1,0,0,0,0,Dry,13.34521,52.48551,car + 
199337,Spandau,5010314,Carl-Schurz-Straße,September,18,Wednesday,minor,5,Other,Dawn,0,1,0,1,0,0,Dry,13.19145,52.5363,car + motorbike + 
199338,Lichtenberg,11030721,Rüdigerstraße,September,18,Wednesday,minor,0,Crossing,Daylight,1,1,0,0,0,0,Dry,13.49323,52.51441,bicycle + car + 
199339,Charlottenburg-Wilmersdorf,4030623,Ernst-Reuter-Platz,September,18,Wednesday,minor,6,Overtaking,Daylight,0,1,1,0,0,0,Dry,13.33197,52.50932,car + pedestrian + 
199340,Pankow,3020307,Buchholz,September,17,Wednesday,serious,6,Other,Daylight,0,1,1,0,0,0,Dry,13.43258,52.59576,car + pedestrian + 
199341,Mitte,1011201,Wilhelmstraße,September,17,Wednesday,minor,6,Turning,Daylight,0,1,1,0,0,0,Dry,13.37704,52.50861,car + pedestrian + 
199342,Friedrichshain-Kreuzberg,2050803,Stralauer Kiez,September,17,Wednesday,minor,3,Stationary Traffic,Daylight,0,1,0,0,0,0,Dry,13.46232,52.50081,car + 
199343,Steglitz-Zehlendorf,6030504,Teltower Damm,September,17,Wednesday,minor,1,Other,Daylight,0,1,0,0,0,0,Dry,13.2628,52.42401,car + 
199344,Spandau,5030730,Zitadellenweg,September,16,Wednesday,minor,2,Crossing,Daylight,1,1,0,0,0,0,Dry,13.22731,52.54502,bicycle + car + 
199345,Treptow-Köpenick,9020701,Adlershof West,September,8,Wednesday,minor,0,Stationary Traffic,Daylight,0,1,0,0,0,0,Dry,13.53283,52.44125,car + 
199346,Spandau,5020626,Adamstraße,September,16,Wednesday,minor,5,Crossing,Daylight,0,1,0,0,0,0,Dry,13.20298,52.52369,car + 
199347,Pankow,3061429,Greifswalder Straße,September,15,Wednesday,minor,2,Turning,Daylight,1,1,0,0,0,0,Dry,13.44459,52.54205,bicycle + car + 
199348,Treptow-Köpenick,9051701,Hirschgarten,September,6,Wednesday,minor,5,Turning,Dawn,1,0,0,0,0,1,Dry,13.60631,52.45275,bicycle + other
199349,Treptow-Köpenick,9010302,Späthsfelde,September,6,Wednesday,minor,5,Turning,Daylight,1,1,0,0,0,0,Dry,13.4725,52.45436,bicycle + car + 
199350,Mitte,1011303,Alexanderplatzviertel,September,15,Wednesday,minor,6,Overtaking,Daylight,0,0,1,0,0,1,Dry,13.41018,52.52176,pedestrian + other
199351,Spandau,5010314,Carl-Schurz-Straße,September,5,Wednesday,serious,6,Turning,Night,0,1,1,0,0,0,Dry,13.19977,52.53478,car + pedestrian + 
199352,Reinickendorf,12103115,Breitkopfbecken,September,14,Wednesday,minor,5,Turning,Daylight,1,1,0,0,0,0,Dry,13.35903,52.57427,bicycle + car + 
199353,Tempelhof-Schöneberg,7040405,Rathaus Tempelhof,September,14,Wednesday,minor,5,Crossing,Daylight,1,1,0,0,0,0,Dry,13.40393,52.45975,bicycle + car + 
199354,Charlottenburg-Wilmersdorf,4030620,Alt-Lietzow,September,14,Wednesday,minor,5,Crossing,Daylight,0,1,0,1,0,0,Dry,13.30647,52.51754,car + motorbike + 
199355,Reinickendorf,12302110,Dannenwalder Weg,September,14,Wednesday,minor,6,Overtaking,Daylight,0,1,1,0,0,0,Wet,13.34939,52.59209,car + pedestrian + 
199356,Tempelhof-Schöneberg,7010102,Nollendorfplatz,September,13,Wednesday,serious,6,Turning,Daylight,0,1,1,0,0,0,Dry,13.35426,52.49822,car + pedestrian + 
199357,Friedrichshain-Kreuzberg,2030302,Lausitzer Platz,September,13,Wednesday,minor,0,Crossing,Daylight,1,0,0,1,0,0,Dry,13.43083,52.50624,bicycle + motorbike + 
199358,Lichtenberg,11051331,Karlshorst Nord,September,10,Wednesday,serious,4,Turning,Daylight,1,0,0,0,0,1,Dry,13.53271,52.47944,bicycle + other
199359,Mitte,1033202,Humboldthain Süd,September,7,Wednesday,minor,6,Turning,Daylight,0,1,1,0,0,0,Dry,13.39113,52.53622,car + pedestrian + 
199360,Reinickendorf,12214422,Klixstraße,September,10,Wednesday,minor,5,Turning,Daylight,0,1,0,0,0,1,Dry,13.3131,52.57489,car + other
199361,Neukölln,8010406,Treptower Straße Nord,September,9,Wednesday,serious,5,Crossing,Daylight,0,1,0,1,0,0,Dry,13.45767,52.48533,car + motorbike + 
199362,Spandau,5010208,Germersheimer Platz,September,9,Wednesday,minor,5,Crossing,Daylight,1,1,0,0,0,0,Dry,13.18655,52.54733,bicycle + car + 
199363,Marzahn-Hellersdorf,10010308,Marzahner Chaussee,September,9,Wednesday,minor,5,Turning,Daylight,1,1,0,0,0,0,Dry,13.51727,52.53527,bicycle + car + 
199364,Friedrichshain-Kreuzberg,2040701,Andreasviertel,September,8,Wednesday,minor,5,Turning,Daylight,1,1,0,0,0,0,Dry,13.42674,52.51577,bicycle + car + 
199365,Neukölln,8020622,Parchimer Allee,September,7,Wednesday,minor,5,Other,Daylight,1,1,0,0,0,0,Dry,13.44464,52.44593,bicycle + car + 
199366,Friedrichshain-Kreuzberg,2030302,Lausitzer Platz,September,6,Wednesday,minor,5,Crossing,Daylight,1,0,0,1,0,0,Wet,13.4335,52.5051,bicycle + motorbike + 
199367,Spandau,5020625,Borkumer Straße,September,9,Wednesday,serious,5,Crossing,Daylight,0,1,0,0,0,1,Dry,13.1989,52.53315,car + other
199368,Friedrichshain-Kreuzberg,2020205,Chamissokiez,September,16,Tuesday,minor,1,Paralle Traffic,Daylight,1,1,0,0,0,0,Dry,13.39424,52.49086,bicycle + car + 
199369,Pankow,3050923,Weißenseer Spitze,September,22,Tuesday,minor,5,Crossing,Night,0,1,0,0,0,0,Wet,13.44193,52.55031,car + 
199370,Mitte,1022207,Hansaviertel,September,22,Tuesday,serious,6,Overtaking,Night,1,0,1,0,0,0,Wet,13.344,52.51703,bicycle + pedestrian + 
199371,Mitte,1011401,Invalidenstraße,September,21,Tuesday,minor,6,Overtaking,Night,1,0,1,0,0,0,Wet,13.39611,52.53243,bicycle + pedestrian + 
199372,Marzahn-Hellersdorf,10010206,Ringkolonnaden,September,20,Tuesday,serious,5,Crossing,Night,0,1,0,0,0,0,Wet,13.57273,52.55003,car + 
199373,Mitte,1033102,Gesundbrunnen,September,19,Tuesday,minor,5,Turning,Dawn,0,1,0,0,0,1,Wet,13.39115,52.55029,car + other
199374,Spandau,5020627,Tiefwerder,September,19,Tuesday,minor,5,Turning,Night,0,1,0,0,0,0,Dry,13.21641,52.52646,car + 
199375,Pankow,3061429,Greifswalder Straße,September,19,Tuesday,serious,6,Overtaking,Daylight,0,1,1,0,0,0,Wet,13.45315,52.54224,car + pedestrian + 
199376,Reinickendorf,12103219,Schäfersee,September,18,Tuesday,minor,2,Stationary Traffic,Dawn,0,1,0,0,0,0,Wet,13.35438,52.5621,car + 
199377,Friedrichshain-Kreuzberg,2040502,Friedenstraße,September,18,Tuesday,minor,2,Other,Dawn,0,1,0,1,0,0,Wet,13.43572,52.52326,car + motorbike + 
199378,Neukölln,8010301,Reuterkiez,September,18,Tuesday,minor,6,Overtaking,Night,0,0,1,1,0,0,Wet,13.43401,52.48998,pedestrian + motorbike + 
199379,Friedrichshain-Kreuzberg,2040502,Friedenstraße,September,17,Tuesday,minor,0,Turning,Dawn,1,1,0,0,0,0,Wet,13.42998,52.52329,bicycle + car + 
199380,Pankow,3040818,Pankow Süd,September,18,Tuesday,minor,5,Turning,Daylight,0,1,0,1,0,0,Wet,13.40853,52.5612,car + motorbike + 
199381,Neukölln,8040933,Vogelviertel Süd,September,15,Tuesday,minor,0,Turning,Daylight,1,1,0,0,0,0,Dry,13.45898,52.44041,bicycle + car + 
199382,Pankow,3061228,Erich-Weinert-Straße,September,16,Tuesday,serious,2,Stationary Traffic,Daylight,0,1,0,0,0,0,Wet,13.43011,52.54474,car + 
199383,Treptow-Köpenick,9051901,Dammvorstadt,September,17,Tuesday,minor,2,Stationary Traffic,Daylight,0,1,0,0,0,0,Wet,13.57414,52.45265,car + 
199384,Marzahn-Hellersdorf,10010102,Havemannstraße,September,17,Tuesday,minor,5,Crossing,Dawn,0,1,0,1,0,0,Wet,13.56742,52.57333,car + motorbike + 
199385,Treptow-Köpenick,9051901,Dammvorstadt,September,17,Tuesday,minor,2,Stationary Traffic,Daylight,0,1,0,0,0,0,Wet,13.55833,52.45551,car + 
199386,Friedrichshain-Kreuzberg,2030302,Lausitzer Platz,September,14,Tuesday,minor,2,Stationary Traffic,Daylight,0,1,0,1,0,0,Wet,13.42604,52.49941,car + motorbike + 
199387,Spandau,5030730,Zitadellenweg,September,14,Tuesday,minor,2,Stationary Traffic,Daylight,0,1,0,0,0,0,Wet,13.21783,52.53748,car + 
199388,Charlottenburg-Wilmersdorf,4030621,Spreestadt,September,12,Tuesday,minor,6,Overtaking,Daylight,0,0,1,1,0,0,Wet,13.32032,52.52015,pedestrian + motorbike + 
199389,Lichtenberg,11040926,Weitlingstraße,September,12,Tuesday,serious,5,Turning,Daylight,1,1,0,0,0,0,Wet,13.51986,52.50591,bicycle + car + 
199390,Friedrichshain-Kreuzberg,2020203,Viktoriapark,September,11,Tuesday,minor,3,Stationary Traffic,Daylight,0,1,0,0,0,0,Dry,13.38756,52.49282,car + 
199391,Marzahn-Hellersdorf,10010308,Marzahner Chaussee,September,11,Tuesday,minor,5,Turning,Daylight,0,1,0,0,0,0,Dry,13.51722,52.53548,car + 
199392,Pankow,3050925,Komponistenviertel Weißensee,September,11,Tuesday,serious,5,Turning,Daylight,0,1,0,0,0,1,Dry,13.46544,52.55189,car + other
199393,Tempelhof-Schöneberg,7010101,Wittenbergplatz/Viktoria-Luise-Platz,September,10,Tuesday,minor,5,Other,Daylight,0,0,0,1,0,1,Dry,13.34133,52.49739,motorbike + other
199394,Friedrichshain-Kreuzberg,2010103,Moritzplatz,September,12,Wednesday,minor,2,Stationary Traffic,Daylight,0,1,0,0,1,0,Wet,13.41785,52.49921,car + truck + 
199395,Pankow,3061228,Erich-Weinert-Straße,September,10,Tuesday,minor,5,Crossing,Daylight,0,1,0,1,0,0,Dry,13.43689,52.54493,car + motorbike + 
199396,Lichtenberg,11030619,Fennpfuhl Ost,September,5,Tuesday,minor,7,Other,Dawn,1,0,0,0,0,0,Dry,13.47716,52.53318,bicycle + 
199397,Charlottenburg-Wilmersdorf,4051446,Preußenpark,September,10,Tuesday,minor,5,Turning,Daylight,1,1,0,0,0,0,Dry,13.30711,52.49872,bicycle + car + 
199398,Charlottenburg-Wilmersdorf,4030623,Ernst-Reuter-Platz,September,23,Tuesday,minor,2,Driving,Night,0,1,0,1,0,0,Dry,13.32164,52.512,car + motorbike + 
199399,Neukölln,8010211,Flughafenstraße,September,9,Tuesday,minor,2,Stationary Traffic,Daylight,0,1,0,0,0,0,Dry,13.42434,52.48602,car + 
199400,Pankow,3020307,Buchholz,September,9,Tuesday,minor,5,Turning,Daylight,1,1,0,0,0,0,Dry,13.42031,52.60624,bicycle + car + 
199401,Reinickendorf,12301203,Wittenau Süd,September,23,Tuesday,minor,5,Crossing,Night,1,1,0,0,0,0,Dry,13.33187,52.5951,bicycle + car + 
199402,Steglitz-Zehlendorf,6030504,Teltower Damm,September,15,Tuesday,minor,5,Crossing,Daylight,1,0,0,0,0,0,Dry,13.26057,52.4266,bicycle + 
199403,Friedrichshain-Kreuzberg,2020203,Viktoriapark,September,9,Tuesday,minor,2,Turning,Daylight,1,1,0,0,0,0,Dry,13.3781,52.49179,bicycle + car + 
199404,Steglitz-Zehlendorf,6020302,Komponistenviertel Lankwitz,September,8,Tuesday,serious,1,Paralle Traffic,Daylight,1,1,0,0,0,0,Dry,13.33288,52.43996,bicycle + car + 
199405,Spandau,5020626,Adamstraße,September,21,Tuesday,minor,5,Crossing,Night,1,1,0,0,0,0,Dry,13.19016,52.52213,bicycle + car + 
199406,Spandau,5020419,Magistratsweg,September,8,Tuesday,minor,0,Turning,Daylight,1,0,0,0,0,1,Dry,13.14164,52.53255,bicycle + other
199407,Pankow,3040818,Pankow Süd,September,8,Tuesday,minor,6,Other,Daylight,1,0,1,0,0,0,Dry,13.42311,52.55767,bicycle + pedestrian + 
199408,Lichtenberg,11010204,Falkenberg Ost,September,6,Tuesday,minor,5,Turning,Daylight,1,1,0,0,0,0,Dry,13.53521,52.56139,bicycle + car + 
199409,Mitte,1044101,Rehberge,September,16,Tuesday,minor,1,Driving,Daylight,0,1,0,0,0,0,Wet,13.33936,52.54022,car + 
199410,Treptow-Köpenick,9052001,Köpenick Nord,September,16,Tuesday,serious,5,Other,Daylight,0,1,0,0,0,1,Dry,13.58419,52.46416,car + other
199411,Friedrichshain-Kreuzberg,2010103,Moritzplatz,September,17,Tuesday,serious,6,Overtaking,Daylight,0,0,1,1,0,0,Dry,13.41236,52.50309,pedestrian + motorbike + 
199412,Steglitz-Zehlendorf,6010207,Mittelstraße,September,16,Tuesday,minor,5,Crossing,Daylight,1,0,0,0,0,1,Wet,13.32339,52.44988,bicycle + other
199413,Friedrichshain-Kreuzberg,2010103,Moritzplatz,September,16,Tuesday,minor,5,Crossing,Daylight,0,1,0,0,0,0,Dry,13.40641,52.50251,car + 
199414,Pankow,3040818,Pankow Süd,September,16,Tuesday,minor,5,Crossing,Daylight,1,1,0,0,0,0,Wet,13.42675,52.56503,bicycle + car + 
199415,Friedrichshain-Kreuzberg,2010103,Moritzplatz,September,16,Tuesday,minor,5,Crossing,Daylight,1,1,0,0,0,0,Wet,13.40566,52.49935,bicycle + car + 
199416,Marzahn-Hellersdorf,10040931,Mahlsdorf Nord,September,16,Tuesday,serious,2,Stationary Traffic,Daylight,0,1,0,0,0,0,Dry,13.62184,52.52487,car + 
199417,Friedrichshain-Kreuzberg,2020204,Urbanstraße,September,16,Tuesday,minor,5,Other,Daylight,1,1,0,0,0,0,Wet,13.39067,52.49598,bicycle + car + 
199418,Lichtenberg,11020515,Landsberger Allee,September,15,Tuesday,minor,0,Crossing,Daylight,0,1,0,0,0,1,Dry,13.47677,52.53696,car + other
199419,Lichtenberg,11030619,Fennpfuhl Ost,September,6,Tuesday,minor,6,Overtaking,Daylight,0,0,1,1,0,0,Dry,13.48216,52.52675,pedestrian + motorbike + 
199420,Charlottenburg-Wilmersdorf,4030931,Breitscheidplatz,September,15,Tuesday,serious,3,Stationary Traffic,Daylight,0,1,0,1,0,0,Dry,13.33076,52.50529,car + motorbike + 
199421,Lichtenberg,11020411,Malchower Weg,September,16,Tuesday,serious,5,Crossing,Daylight,0,1,0,1,0,0,Wet,13.51441,52.55667,car + motorbike + 
199422,Mitte,1044103,Westliche Müllerstraße,September,16,Tuesday,minor,5,Crossing,Daylight,0,1,0,0,0,0,Wet,13.34605,52.54486,car + 
199423,Spandau,5020625,Borkumer Straße,September,15,Tuesday,minor,5,Other,Daylight,1,1,0,0,0,0,Dry,13.19135,52.52844,bicycle + car + 
199424,Reinickendorf,12103115,Breitkopfbecken,September,15,Tuesday,minor,6,Overtaking,Daylight,0,1,1,0,0,0,Dry,13.36344,52.5715,car + pedestrian + 
199425,Friedrichshain-Kreuzberg,2040502,Friedenstraße,September,15,Tuesday,minor,2,Other,Daylight,0,1,0,0,0,0,Wet,13.43682,52.52085,car + 
199426,Friedrichshain-Kreuzberg,2010103,Moritzplatz,September,15,Tuesday,minor,5,Crossing,Daylight,1,1,0,0,0,0,Wet,13.4146,52.50022,bicycle + car + 
199427,Neukölln,8041036,Zittauer Straße,September,14,Tuesday,minor,5,Crossing,Daylight,1,1,0,0,0,0,Dry,13.48812,52.41869,bicycle + car + 
199428,Lichtenberg,11020514,Große-Leege-Straße,September,15,Tuesday,serious,0,Crossing,Daylight,1,1,0,0,0,0,Wet,13.49485,52.54533,bicycle + car + 
199429,Mitte,1022201,Stephankiez,September,13,Tuesday,minor,5,Turning,Daylight,0,1,0,0,0,0,Dry,13.35737,52.53594,car + 
199430,Lichtenberg,11030721,Rüdigerstraße,September,15,Tuesday,minor,0,Driving,Daylight,0,0,0,1,0,0,Wet,13.48003,52.51736,motorbike + 
199431,Mitte,1011103,Lützowstraße,September,13,Tuesday,minor,5,Turning,Daylight,0,1,0,0,0,0,Dry,13.34982,52.50322,car + 
199432,Lichtenberg,11030720,Herzbergstraße,September,14,Tuesday,serious,2,Stationary Traffic,Daylight,0,1,0,0,1,1,Wet,13.50363,52.53445,car + truck + other
199433,Mitte,1033101,Soldiner Straße,September,10,Tuesday,minor,5,Turning,Daylight,0,1,0,1,0,0,Dry,13.38866,52.56143,car + motorbike + 
199434,Friedrichshain-Kreuzberg,2010104,Wassertorplatz,September,14,Tuesday,minor,2,Stationary Traffic,Daylight,0,1,0,1,0,0,Wet,13.4152,52.49858,car + motorbike + 
199435,Mitte,1011301,Charitéviertel,September,13,Tuesday,minor,0,Driving,Daylight,0,0,0,1,0,0,Wet,13.37927,52.52947,motorbike + 
199436,Pankow,3071638,Winsstraße,September,10,Tuesday,minor,2,Paralle Traffic,Daylight,0,1,0,0,0,0,Dry,13.42067,52.52869,car + 
199437,Mitte,1011204,Leipziger Straße,September,8,Tuesday,minor,5,Turning,Daylight,1,1,0,0,0,0,Dry,13.40568,52.51411,bicycle + car + 
199438,Tempelhof-Schöneberg,7010102,Nollendorfplatz,September,17,Tuesday,minor,5,Crossing,Daylight,1,1,0,0,0,0,Dry,13.35706,52.49892,bicycle + car + 
199439,Mitte,1044201,Reinickendorfer Straße,September,8,Tuesday,minor,5,Turning,Daylight,1,1,0,0,0,0,Dry,13.37727,52.55363,bicycle + car + 