id,district,lor,street,month,hour,weekday,injury,collision,movement,light_conditions,bicycle,car,pedestrian,motorbike,truck,other_vehicle,road_conditions,longitude,latitude,Combo_type
199440,Tempelhof-Schöneberg,7040402,Lindenhofsiedlung,September,17,Monday,minor,0,Other,Daylight,0,0,0,1,0,1,Wet,13.36807,52.45976,motorbike + other
199441,Friedrichshain-Kreuzberg,2030401,Reichenberger Straße,September,8,Tuesday,minor,0,Turning,Daylight,1,0,0,1,0,0,Dry,13.43031,52.49558,bicycle + motorbike + 
199442,Neukölln,8010405,Hertzbergplatz,September,13,Monday,minor,2,Other,Daylight,0,1,0,0,0,1,Dry,13.45495,52.47626,car + other
199443,Pankow,3050924,Behaimstraße,September,8,Tuesday,minor,2,Stationary Traffic,Daylight,1,1,0,0,0,0,Dry,13.4503,52.55168,bicycle + car + 
199444,Mitte,1044202,Sparrplatz,September,7,Monday,minor,5,Turning,Daylight,0,1,0,0,1,0,Dry,13.34947,52.5423,car + truck + 
199445,Friedrichshain-Kreuzberg,2010102,Mehringplatz,September,7,Tuesday,minor,2,Stationary Traffic,Dawn,0,1,0,0,1,0,Dry,13.39818,52.50694,car + truck + 
199446,Charlottenburg-Wilmersdorf,4030827,Karl-August-Platz,September,12,Monday,minor,6,Overtaking,Daylight,0,1,1,0,0,0,Dry,13.30209,52.50981,car + pedestrian + 
199447,Steglitz-Zehlendorf,6010204,Munsterdamm,September,22,Monday,minor,1,Paralle Traffic,Night,0,1,0,0,0,0,Dry,13.34972,52.45019,car + 
199448,Mitte,1011302,Oranienburger Straße,September,7,Tuesday,minor,3,Stationary Traffic,Daylight,1,1,0,0,0,0,Dry,13.40743,52.52384,bicycle + car + 
199449,Mitte,1022103,Westhafen,September,18,Monday,minor,5,Turning,Daylight,0,1,0,1,0,0,Dry,13.33083,52.53352,car + motorbike + 
199450,Reinickendorf,12231102,Frohnau,September,7,Tuesday,minor,2,Other,Daylight,0,1,0,0,0,0,Dry,13.2909,52.62642,car + 
199451,Reinickendorf,12301206,Lübars,September,18,Monday,minor,2,Stationary Traffic,Daylight,0,1,0,0,0,0,Dry,13.35827,52.61234,car + 
199452,Mitte,1022101,Huttenkiez,September,17,Monday,minor,5,Turning,Daylight,1,1,0,0,0,0,Dry,13.32469,52.53226,bicycle + car + 
199453,Charlottenburg-Wilmersdorf,4020313,Königin-Elisabeth-Straße,September,7,Tuesday,minor,2,Turning,Dawn,0,1,0,0,0,0,Dry,13.28196,52.50987,car + 
199454,Pankow,3040614,Pankow Zentrum,September,17,Monday,minor,4,Stationary Traffic,Daylight,1,1,0,0,0,0,Dry,13.40043,52.5714,bicycle + car + 
199455,Charlottenburg-Wilmersdorf,4030519,Kaiserin-Augusta-Allee,September,5,Tuesday,minor,6,Overtaking,Night,0,0,1,1,0,0,Dry,13.30635,52.52963,pedestrian + motorbike + 
199456,Charlottenburg-Wilmersdorf,4010101,Jungfernheide,September,17,Monday,minor,3,Stationary Traffic,Daylight,0,1,0,0,0,0,Dry,13.29649,52.54838,car + 
199457,Marzahn-Hellersdorf,10020413,Gut Hellersdorf,September,0,Tuesday,minor,9,Driving,Night,0,1,0,0,0,0,Dry,13.58653,52.54574,car + 
199458,Tempelhof-Schöneberg,7040402,Lindenhofsiedlung,September,17,Monday,minor,0,Other,Daylight,0,0,0,1,0,0,Wet,13.36785,52.45964,motorbike + 
199459,Friedrichshain-Kreuzberg,2010102,Mehringplatz,September,22,Tuesday,serious,5,Crossing,Night,1,1,1,0,0,0,Dry,13.39597,52.49838,bicycle + car + pedestrian + 
199460,Tempelhof-Schöneberg,7040402,Lindenhofsiedlung,September,17,Monday,minor,0,Other,Daylight,0,0,0,1,0,1,Wet,13.36662,52.45971,motorbike + other
199461,Neukölln,8030831,Gropiusstadt Ost,September,16,Monday,serious,5,Turning,Daylight,1,0,0,0,0,1,Dry,13.48216,52.42549,bicycle + other
199462,Neukölln,8010214,Glasower Straße,September,9,Monday,minor,0,Crossing,Daylight,1,0,0,0,1,0,Dry,13.44468,52.46801,bicycle + truck + 
199463,Treptow-Köpenick,9020701,Adlershof West,September,14,Monday,minor,5,Turning,Daylight,1,1,0,0,0,0,Dry,13.52679,52.42646,bicycle + car + 
199464,Tempelhof-Schöneberg,7070702,Alt-Lichtenrade/Töpchiner Weg,September,16,Monday,serious,5,Crossing,Daylight,0,1,0,0,0,0,Dry,13.4106,52.40668,car + 
199465,Pankow,3040818,Pankow Süd,September,20,Monday,minor,0,Stationary Traffic,Night,1,1,0,0,0,0,Dry,13.41906,52.56226,bicycle + car + 
199466,Neukölln,8010213,Körnerpark,September,16,Monday,minor,6,Other,Daylight,0,0,1,0,0,1,Dry,13.44123,52.46972,pedestrian + other
199467,Charlottenburg-Wilmersdorf,4041238,Kissinger Straße,September,16,Monday,minor,5,Crossing,Daylight,1,1,0,0,0,0,Dry,13.29587,52.48125,bicycle + car + 
199468,Treptow-Köpenick,9010202,Köpenicker Landstraße,September,16,Monday,minor,1,Other,Daylight,0,1,0,0,0,0,Dry,13.47596,52.47341,car + 
199469,Lichtenberg,11010205,Falkenberg West,September,14,Monday,minor,2,Stationary Traffic,Daylight,0,1,0,0,0,0,Dry,13.52076,52.56833,car + 
199470,Friedrichshain-Kreuzberg,2050802,Boxhagener Platz,September,15,Monday,minor,1,Paralle Traffic,Daylight,1,1,0,0,0,0,Dry,13.45369,52.51039,bicycle + car + 
199471,Reinickendorf,12214125,Waldidyll/Flughafensee,September,15,Monday,minor,2,Stationary Traffic,Daylight,0,1,0,0,0,0,Dry,13.24938,52.55272,car + 
199472,Mitte,1011102,Großer Tiergarten,September,9,Monday,minor,2,Turning,Daylight,0,1,0,0,1,0,Dry,13.34902,52.51474,car + truck + 
199473,Mitte,1044203,Leopoldplatz,September,14,Monday,serious,5,Turning,Daylight,0,1,0,0,0,0,Dry,13.36549,52.55712,car + 
199474,Treptow-Köpenick,9031001,Bohnsdorf,September,8,Monday,minor,5,Crossing,Daylight,1,1,0,0,0,0,Dry,13.57017,52.4012,bicycle + car + 
199475,Neukölln,8010211,Flughafenstraße,September,14,Monday,minor,6,Other,Daylight,1,0,1,0,0,0,Dry,13.42427,52.48521,bicycle + pedestrian + 
199476,Spandau,5030731,Gartenfelder Straße,September,8,Monday,minor,2,Stationary Traffic,Daylight,0,1,0,0,0,0,Dry,13.24728,52.53808,car + 
199477,Reinickendorf,12214424,Scharnweberstraße,September,11,Monday,serious,5,Crossing,Daylight,0,0,0,1,0,1,Dry,13.328,52.564,motorbike + other
199478,Marzahn-Hellersdorf,10010308,Marzahner Chaussee,September,8,Monday,minor,5,Turning,Daylight,1,1,0,0,0,0,Dry,13.52929,52.52561,bicycle + car + 
199479,Steglitz-Zehlendorf,6020305,Gemeindepark Lankwitz,September,14,Monday,minor,2,Other,Daylight,0,1,0,1,0,0,Dry,13.34839,52.42323,car + motorbike + 
199480,Lichtenberg,11041128,Sewanstraße,September,10,Monday,minor,6,Overtaking,Daylight,0,1,1,0,0,0,Dry,13.50944,52.50213,car + pedestrian + 
199481,Charlottenburg-Wilmersdorf,4051447,Ludwigkirchplatz,September,8,Monday,minor,5,Turning,Daylight,1,1,0,0,0,0,Dry,13.31881,52.49184,bicycle + car + 
199482,Mitte,1011203,Unter den Linden Süd,September,9,Monday,minor,5,Turning,Daylight,1,1,0,0,0,0,Dry,13.39551,52.51515,bicycle + car + 
199483,Tempelhof-Schöneberg,7050501,Rathausstraße,September,7,Monday,minor,2,Turning,Daylight,0,1,0,0,1,0,Dry,13.38131,52.44094,car + truck + 
199484,Mitte,1011302,Oranienburger Straße,September,10,Monday,minor,6,Other,Daylight,0,1,1,0,0,0,Dry,13.38982,52.52354,car + pedestrian + 
199485,Mitte,1044203,Leopoldplatz,September,21,Monday,serious,6,Overtaking,Night,0,1,1,0,0,0,Dry,13.36688,52.55215,car + pedestrian + 
199486,Spandau,5010313,Ackerstraße,September,14,Monday,minor,2,Stationary Traffic,Daylight,0,1,0,0,0,1,Dry,13.19835,52.54307,car + other
199487,Reinickendorf,12214422,Klixstraße,September,19,Monday,minor,3,Stationary Traffic,Night,0,1,0,1,0,0,Dry,13.31296,52.57071,car + motorbike + 
199488,Friedrichshain-Kreuzberg,2020204,Urbanstraße,September,9,Monday,minor,5,Turning,Daylight,1,1,0,0,0,0,Wet,13.40193,52.49241,bicycle + car + 
199489,Steglitz-Zehlendorf,6030502,Zehlendorf Süd,September,9,Monday,minor,5,Crossing,Daylight,1,1,0,0,0,0,Wet,13.25135,52.41555,bicycle + car + 
199490,Treptow-Köpenick,9051801,Rahnsdorf/Hessenwinkel,September,20,Monday,serious,2,Other,Night,0,1,0,0,0,0,Dry,13.69935,52.43583,car + 
199491,Mitte,1044203,Leopoldplatz,September,20,Monday,minor,2,Stationary Traffic,Night,0,1,0,0,0,0,Dry,13.36517,52.55679,car + 
199492,Charlottenburg-Wilmersdorf,4030931,Breitscheidplatz,September,9,Monday,minor,6,Turning,Daylight,0,1,1,0,0,0,Dry,13.3317,52.50545,car + pedestrian + 
199493,Mitte,1011305,Heine-Viertel West,September,9,Monday,minor,3,Stationary Traffic,Daylight,1,1,0,0,0,0,Dry,13.41663,52.51133,bicycle + car + 
199494,Treptow-Köpenick,9041501,Altstadt Kietz,September,16,Monday,minor,2,Stationary Traffic,Daylight,0,1,0,0,0,0,Dry,13.58202,52.44229,car + 
199495,Charlottenburg-Wilmersdorf,4030931,Breitscheidplatz,September,8,Monday,minor,2,Stationary Traffic,Daylight,1,1,0,0,0,0,Wet,13.34077,52.5044,bicycle + car + 
199496,Tempelhof-Schöneberg,7040405,Rathaus Tempelhof,September,9,Monday,serious,5,Crossing,Daylight,1,0,0,0,0,0,Dry,13.38688,52.46707,bicycle + 
199497,Mitte,1011301,Charitéviertel,September,8,Monday,minor,5,Turning,Daylight,1,1,0,0,0,0,Dry,13.37863,52.52825,bicycle + car + 
199498,Pankow,3061227,Humannplatz,September,8,Monday,minor,0,Turning,Daylight,1,1,0,0,0,0,Dry,13.42811,52.55216,bicycle + car + 
199499,Pankow,3010104,Lietzengraben,September,15,Monday,minor,5,Crossing,Daylight,0,1,0,0,0,0,Dry,13.43517,52.62904,car + 
199500,Steglitz-Zehlendorf,6020410,Oberhofer Platz,September,7,Monday,serious,5,Crossing,Daylight,1,1,0,0,0,0,Dry,13.33138,52.4266,bicycle + car + 
199501,Reinickendorf,12224230,Heiligensee,September,13,Monday,minor,0,Other,Daylight,0,1,0,0,0,0,Dry,13.23223,52.61378,car + 
199502,Tempelhof-Schöneberg,7020202,Volkspark (Rudolf-Wilde-Park),September,14,Monday,minor,5,Crossing,Daylight,1,1,0,0,0,0,Dry,13.34377,52.48555,bicycle + car + 
199503,Charlottenburg-Wilmersdorf,4030930,George-Grosz-Platz,September,11,Monday,minor,5,Other,Daylight,0,1,0,0,0,1,Dry,13.31504,52.50097,car + other
199504,Mitte,1011302,Oranienburger Straße,September,19,Monday,minor,0,Overtaking,Night,1,0,1,0,0,0,Dry,13.40269,52.528,bicycle + pedestrian + 
199505,Neukölln,8010211,Flughafenstraße,September,11,Monday,minor,5,Crossing,Daylight,0,1,0,0,0,0,Dry,13.42499,52.48191,car + 
199506,Neukölln,8010117,Schillerpromenade,September,7,Monday,minor,2,Other,Daylight,0,1,0,0,0,0,Dry,13.42513,52.47309,car + 
199507,Charlottenburg-Wilmersdorf,4010103,Paul-Hertz-Siedlung,September,13,Monday,minor,6,Overtaking,Daylight,0,1,1,0,0,0,Dry,13.29637,52.53955,car + pedestrian + 
199508,Mitte,1033102,Gesundbrunnen,September,15,Sunday,minor,1,Paralle Traffic,Daylight,1,1,0,0,0,0,Dry,13.38593,52.5559,bicycle + car + 
199509,Spandau,5020521,Döberitzer Weg,September,17,Monday,minor,0,Crossing,Daylight,1,1,0,0,0,0,Dry,13.13845,52.52845,bicycle + car + 
199510,Lichtenberg,11051229,Rummelsburg,September,8,Sunday,minor,6,Overtaking,Daylight,0,1,1,0,0,0,Dry,13.4809,52.49906,car + pedestrian + 
199511,Mitte,1011302,Oranienburger Straße,September,13,Monday,minor,0,Driving,Daylight,1,0,0,0,0,0,Dry,13.3917,52.52528,bicycle + 
199512,Charlottenburg-Wilmersdorf,4030931,Breitscheidplatz,September,16,Sunday,minor,5,Turning,Daylight,1,1,0,0,0,0,Dry,13.33245,52.50606,bicycle + car + 
199513,Charlottenburg-Wilmersdorf,4030725,Amtsgerichtsplatz,September,18,Sunday,minor,0,Other,Daylight,0,0,0,1,0,0,Wet,13.29921,52.50684,motorbike + 
199514,Neukölln,8010301,Reuterkiez,September,9,Monday,minor,5,Turning,Daylight,1,1,0,0,0,0,Dry,13.43536,52.4861,bicycle + car + 
199515,Pankow,3050924,Behaimstraße,September,18,Monday,minor,4,Driving,Dawn,1,0,0,0,0,1,Dry,13.44917,52.54906,bicycle + other
199516,Neukölln,8010118,Silbersteinstraße,September,16,Sunday,minor,0,Other,Daylight,0,0,1,0,0,1,Dry,13.43075,52.46783,pedestrian + other
199517,Mitte,1011102,Großer Tiergarten,September,16,Sunday,minor,0,Driving,Daylight,0,0,0,0,0,1,Dry,13.35067,52.51193,other
199518,Mitte,1033203,Humboldthain Nordwest,September,12,Monday,minor,5,Crossing,Daylight,0,1,0,0,0,0,Dry,13.37561,52.54021,car + 
199519,Treptow-Köpenick,9010101,Elsenstraße,September,16,Sunday,minor,2,Stationary Traffic,Daylight,1,1,0,0,0,0,Dry,13.45266,52.48987,bicycle + car + 
199520,Treptow-Köpenick,9041601,Müggelheim,September,12,Monday,minor,5,Crossing,Daylight,1,1,0,0,0,0,Dry,13.65687,52.41519,bicycle + car + 
199521,Charlottenburg-Wilmersdorf,4051551,Brabanter Platz,September,15,Sunday,minor,1,Paralle Traffic,Daylight,1,1,0,0,0,0,Dry,13.31454,52.48121,bicycle + car + 
199522,Charlottenburg-Wilmersdorf,4030620,Alt-Lietzow,September,14,Sunday,minor,2,Crossing,Daylight,1,1,0,0,0,0,Dry,13.30139,52.51925,bicycle + car + 
199523,Pankow,3071537,Kollwitzplatz,September,18,Monday,minor,2,Stationary Traffic,Night,0,1,0,0,0,0,Dry,13.41706,52.52834,car + 
199524,Charlottenburg-Wilmersdorf,4010101,Jungfernheide,September,13,Sunday,minor,5,Turning,Daylight,0,0,0,1,0,0,Dry,13.29476,52.53963,motorbike + 
199525,Charlottenburg-Wilmersdorf,4010103,Paul-Hertz-Siedlung,September,20,Sunday,minor,3,Turning,Night,0,1,0,0,0,0,Dry,13.29307,52.53449,car + 
199526,Charlottenburg-Wilmersdorf,4051445,Eisenzahnstraße,September,17,Monday,minor,5,Turning,Daylight,0,1,0,0,0,0,Dry,13.30794,52.48853,car + 
199527,Mitte,1044102,Schillerpark,September,18,Sunday,serious,5,Crossing,Daylight,1,1,0,0,0,0,Dry,13.35636,52.55539,bicycle + car + 
199528,Mitte,1022207,Hansaviertel,September,17,Monday,minor,6,Other,Daylight,0,1,1,0,0,0,Dry,13.34472,52.51689,car + pedestrian + 
199529,Treptow-Köpenick,9020701,Adlershof West,September,18,Sunday,minor,5,Turning,Daylight,0,1,0,0,0,0,Dry,13.53638,52.43287,car + 
199530,Tempelhof-Schöneberg,7040403,Manteuffelstraße,September,17,Sunday,minor,5,Turning,Daylight,1,1,0,0,0,0,Dry,13.38543,52.4661,bicycle + car + 
199531,Treptow-Köpenick,9041501,Altstadt Kietz,September,14,Monday,minor,1,Driving,Daylight,1,1,0,0,0,0,Dry,13.57496,52.44633,bicycle + car + 
199532,Mitte,1033201,Brunnenstraße,September,17,Monday,minor,1,Paralle Traffic,Daylight,1,1,0,0,0,0,Dry,13.39293,52.54235,bicycle + car + 
199533,Mitte,1011102,Großer Tiergarten,September,7,Sunday,minor,0,Driving,Daylight,0,0,0,1,0,0,Dry,13.37187,52.51957,motorbike + 
199534,Friedrichshain-Kreuzberg,2030302,Lausitzer Platz,September,0,Sunday,minor,0,Other,Night,1,0,0,0,0,0,Dry,13.44488,52.50116,bicycle + 
199535,Charlottenburg-Wilmersdorf,4030931,Breitscheidplatz,September,17,Monday,minor,6,Other,Daylight,0,0,1,0,0,1,Dry,13.32735,52.50303,pedestrian + other
199536,Treptow-Köpenick,9010101,Elsenstraße,September,6,Sunday,minor,5,Crossing,Daylight,1,1,0,0,0,0,Dry,13.45428,52.49596,bicycle + car + 
199537,Neukölln,8010510,Gewerbegebiet Köllnische Heide,September,11,Monday,minor,2,Turning,Daylight,0,1,0,0,0,0,Dry,13.44835,52.46453,car + 
199538,Neukölln,8010213,Körnerpark,September,10,Monday,minor,1,Paralle Traffic,Daylight,0,1,0,0,0,1,Dry,13.43667,52.47065,car + other
199539,Charlottenburg-Wilmersdorf,4010102,Plötzensee,September,6,Sunday,minor,2,Stationary Traffic,Dawn,0,1,0,1,0,0,Dry,13.32608,52.53857,car + motorbike + 
199540,Charlottenburg-Wilmersdorf,4030931,Breitscheidplatz,September,4,Sunday,minor,5,Turning,Night,0,1,0,0,0,0,Dry,13.33238,52.50627,car + 
199541,Spandau,5010339,Freiheit,September,10,Monday,serious,1,Paralle Traffic,Daylight,0,1,0,0,0,0,Dry,13.21283,52.53015,car + 
199542,Spandau,5010339,Freiheit,September,1,Sunday,minor,1,Driving,Night,0,1,0,0,0,0,Dry,13.24575,52.52767,car + 
199543,Tempelhof-Schöneberg,7070706,Horstwalder Straße/Paplitzer Straße,September,10,Monday,minor,5,Crossing,Daylight,0,1,0,0,0,0,Dry,13.40615,52.38204,car + 
199544,Treptow-Köpenick,9030901,Dorf Altglienicke,September,4,Saturday,minor,5,Crossing,Night,0,1,0,0,0,0,Dry,13.5312,52.41561,car + 
199545,Neukölln,8020727,Buckow Mitte,September,17,Monday,minor,5,Other,Daylight,1,1,0,0,0,0,Dry,13.43585,52.42444,bicycle + car + 
199546,Tempelhof-Schöneberg,7050503,Eisenacher Straße,September,14,Saturday,minor,2,Stationary Traffic,Daylight,0,1,0,0,0,0,Dry,13.40067,52.44533,car + 
199547,Pankow,3040818,Pankow Süd,September,16,Monday,minor,5,Turning,Daylight,1,1,0,0,0,0,Dry,13.42075,52.554,bicycle + car + 
199548,Reinickendorf,12214421,Reinickes Hof,September,14,Saturday,minor,6,Overtaking,Daylight,0,1,1,0,0,0,Dry,13.33105,52.57248,car + pedestrian + 
199549,Mitte,1044101,Rehberge,September,10,Monday,minor,5,Crossing,Daylight,0,1,0,0,0,0,Dry,13.34092,52.55318,car + 
199550,Reinickendorf,12301205,Waidmannslust,September,14,Saturday,serious,0,Driving,Daylight,1,0,0,0,0,0,Dry,13.3181,52.61132,bicycle + 
199551,Treptow-Köpenick,9052001,Köpenick Nord,September,10,Monday,minor,2,Other,Daylight,0,1,0,1,0,0,Dry,13.57374,52.46823,car + motorbike + 
199552,Tempelhof-Schöneberg,7010104,Dennewitzplatz,September,14,Saturday,serious,5,Turning,Daylight,1,1,0,0,0,0,Dry,13.36094,52.49426,bicycle + car + 
199553,Charlottenburg-Wilmersdorf,4030623,Ernst-Reuter-Platz,September,13,Monday,minor,0,Turning,Daylight,0,0,0,0,0,1,Dry,13.32814,52.50808,other
199554,Pankow,3050923,Weißenseer Spitze,September,13,Saturday,minor,5,Crossing,Daylight,0,1,0,0,0,0,Dry,13.44116,52.54947,car + 
199555,Treptow-Köpenick,9020802,Köllnische Vorstadt,September,13,Saturday,minor,5,Crossing,Daylight,1,1,0,0,0,0,Dry,13.56917,52.44269,bicycle + car + 
199556,Mitte,1044101,Rehberge,September,20,Sunday,minor,5,Crossing,Night,1,1,0,0,0,0,Dry,13.33669,52.5421,bicycle + car + 
199557,Treptow-Köpenick,9051701,Hirschgarten,September,21,Saturday,minor,3,Stationary Traffic,Night,0,1,0,1,0,0,Dry,13.59942,52.45224,car + motorbike + 
199558,Lichtenberg,11040926,Weitlingstraße,September,23,Sunday,minor,5,Crossing,Night,0,1,0,0,0,0,Dry,13.51158,52.50554,car + 
199559,Charlottenburg-Wilmersdorf,4051655,Babelsberger Straße,September,21,Saturday,minor,0,Driving,Night,0,0,0,0,0,1,Dry,13.32929,52.48155,other
199560,Steglitz-Zehlendorf,6010205,Südende,September,23,Saturday,minor,6,Overtaking,Night,0,1,1,0,0,0,Dry,13.36085,52.44682,car + pedestrian + 
199561,Friedrichshain-Kreuzberg,2020203,Viktoriapark,September,20,Sunday,minor,5,Turning,Night,1,1,0,0,0,0,Dry,13.38612,52.48736,bicycle + car + 
199562,Mitte,1044201,Reinickendorfer Straße,September,22,Saturday,serious,6,Overtaking,Dawn,0,1,1,0,0,0,Dry,13.37931,52.55299,car + pedestrian + 
199563,Pankow,3061228,Erich-Weinert-Straße,September,21,Sunday,serious,5,Turning,Night,1,1,0,0,0,0,Dry,13.42762,52.54582,bicycle + car + 
199564,Charlottenburg-Wilmersdorf,4020311,Reichsstraße,September,21,Saturday,minor,5,Turning,Night,0,1,0,0,0,0,Dry,13.26856,52.50914,car + 
199565,Mitte,1033102,Gesundbrunnen,September,21,Sunday,minor,3,Stationary Traffic,Night,0,1,0,0,0,0,Dry,13.38515,52.55043,car + 
199566,Lichtenberg,11041022,Rosenfelder Ring,September,21,Saturday,minor,6,Overtaking,Night,0,1,1,0,0,0,Dry,13.51921,52.51366,car + pedestrian + 
199567,Treptow-Köpenick,9051901,Dammvorstadt,September,20,Sunday,minor,0,Other,Night,0,0,0,1,0,0,Wet,13.55833,52.45549,motorbike + 
199568,Mitte,1011402,Arkonaplatz,September,13,Saturday,minor,0,Other,Daylight,1,0,0,0,0,0,Dry,13.40351,52.53231,bicycle + 
199569,Tempelhof-Schöneberg,7040404,Marienhöhe,September,21,Saturday,minor,0,Driving,Night,0,0,0,1,0,0,Dry,13.37784,52.45252,motorbike + 
199570,Tempelhof-Schöneberg,7010102,Nollendorfplatz,September,19,Sunday,minor,5,Crossing,Night,1,1,0,0,0,0,Dry,13.35988,52.49613,bicycle + car + 
199571,Charlottenburg-Wilmersdorf,4030518,Tegeler Weg,September,19,Sunday,minor,5,Turning,Night,0,1,0,0,0,1,Dry,13.29641,52.52926,car + other
199572,Steglitz-Zehlendorf,6010102,Schloßstraße,September,13,Saturday,minor,5,Turning,Daylight,0,1,0,1,0,0,Dry,13.31779,52.46121,car + motorbike + 
199573,Reinickendorf,12103116,Hausotterplatz,September,15,Sunday,minor,4,Stationary Traffic,Daylight,0,1,0,0,0,0,Dry,13.37027,52.57013,car + 
199574,Friedrichshain-Kreuzberg,2020203,Viktoriapark,September,20,Saturday,minor,1,Paralle Traffic,Night,1,1,0,0,0,0,Dry,13.38309,52.49235,bicycle + car + 
199575,Charlottenburg-Wilmersdorf,4030930,George-Grosz-Platz,September,14,Sunday,serious,3,Stationary Traffic,Daylight,1,0,0,0,0,1,Dry,13.32492,52.50253,bicycle + other
199576,Steglitz-Zehlendorf,6010205,Südende,September,12,Saturday,minor,5,Paralle Traffic,Daylight,0,1,0,0,0,0,Dry,13.34487,52.45023,car + 
199577,Reinickendorf,12214527,Alt-Tegel,September,11,Saturday,minor,5,Turning,Daylight,0,1,0,0,0,0,Dry,13.28684,52.5862,car + 
199578,Steglitz-Zehlendorf,6030606,Hindenburgdamm,September,14,Sunday,minor,1,Paralle Traffic,Daylight,0,1,0,1,0,0,Dry,13.31373,52.43527,car + motorbike + 
199579,Friedrichshain-Kreuzberg,2010101,Askanischer Platz,September,13,Sunday,minor,5,Other,Daylight,0,1,0,0,0,1,Dry,13.38088,52.50556,car + other
199580,Steglitz-Zehlendorf,6030610,Lichterfelde West,September,19,Saturday,serious,0,Driving,Dawn,0,0,0,1,0,0,Dry,13.29708,52.44272,motorbike + 
199581,Steglitz-Zehlendorf,6020303,Lankwitz Kirche,September,18,Saturday,serious,2,Stationary Traffic,Daylight,0,1,0,0,0,0,Dry,13.34972,52.43441,car + 
199582,Marzahn-Hellersdorf,10010102,Havemannstraße,September,13,Sunday,minor,5,Other,Daylight,0,1,0,1,0,0,Dry,13.5656,52.57045,car + motorbike + 
199583,Steglitz-Zehlendorf,6020410,Oberhofer Platz,September,10,Saturday,minor,0,Stationary Traffic,Daylight,0,1,0,1,0,0,Dry,13.32892,52.42887,car + motorbike + 
199584,Pankow,3061332,Helmholtzplatz,September,13,Sunday,serious,5,Other,Daylight,1,1,0,0,0,0,Dry,13.42314,52.54515,bicycle + car + 
199585,Treptow-Köpenick,9010401,Johannisthal West,September,9,Saturday,minor,3,Stationary Traffic,Daylight,1,0,0,0,0,0,Dry,13.49857,52.4589,bicycle + 
199586,Pankow,3061126,Arnimplatz,September,9,Saturday,minor,2,Stationary Traffic,Daylight,0,1,0,0,0,0,Dry,13.41477,52.55387,car + 
199587,Reinickendorf,12214421,Reinickes Hof,September,12,Sunday,minor,5,Crossing,Daylight,0,1,0,1,0,0,Dry,13.33006,52.56936,car + motorbike + 
199588,Treptow-Köpenick,9020802,Köllnische Vorstadt,September,9,Saturday,serious,6,Overtaking,Daylight,0,1,1,0,0,0,Dry,13.57171,52.43778,car + pedestrian + 
199589,Treptow-Köpenick,9041301,Kietzer Feld/Nachtheide,September,12,Sunday,serious,5,Crossing,Daylight,0,1,0,1,0,0,Dry,13.59254,52.43853,car + motorbike + 
199590,Steglitz-Zehlendorf,6040804,Krumme Lanke,September,9,Saturday,minor,6,Overtaking,Daylight,1,0,1,0,0,0,Dry,13.23249,52.43773,bicycle + pedestrian + 
199591,Steglitz-Zehlendorf,6030610,Lichterfelde West,September,19,Sunday,serious,2,Turning,Dawn,1,1,0,0,0,0,Dry,13.2967,52.44295,bicycle + car + 
199592,Pankow,3030716,Märchenland,September,8,Saturday,minor,6,Overtaking,Daylight,1,0,1,0,0,0,Dry,13.4646,52.57028,bicycle + pedestrian + 
199593,Lichtenberg,11030619,Fennpfuhl Ost,September,11,Saturday,minor,5,Turning,Daylight,1,1,0,0,0,0,Dry,13.47616,52.53284,bicycle + car + 
199594,Mitte,1011202,Unter den Linden Nord,September,16,Saturday,minor,1,Stationary Traffic,Daylight,1,1,0,0,0,0,Dry,13.38825,52.52045,bicycle + car + 
199595,Reinickendorf,12301204,Wittenau Nord,September,16,Saturday,minor,0,Driving,Daylight,0,0,0,1,0,0,Dry,13.32235,52.5934,motorbike + 
199596,Lichtenberg,11030618,Fennpfuhl West,September,20,Saturday,minor,1,Paralle Traffic,Night,0,1,0,0,0,1,Dry,13.46012,52.5264,car + other
199597,Mitte,1011105,Nördlicher Landwehrkanal,September,19,Saturday,minor,5,Crossing,Night,0,1,0,0,0,0,Dry,13.37123,52.51108,car + 
199598,Tempelhof-Schöneberg,7040404,Marienhöhe,September,15,Saturday,minor,3,Stationary Traffic,Daylight,1,1,0,0,0,0,Dry,13.36507,52.45018,bicycle + car + 
199599,Treptow-Köpenick,9010402,Johannisthal Ost,September,14,Saturday,minor,5,Turning,Daylight,0,1,0,0,0,1,Dry,13.50067,52.43511,car + other
199600,Pankow,3061227,Humannplatz,September,18,Saturday,minor,1,Paralle Traffic,Dawn,0,1,0,0,0,1,Dry,13.42678,52.54757,car + other