id,district,lor,street,month,hour,weekday,injury,collision,movement,light_conditions,bicycle,car,pedestrian,motorbike,truck,other_vehicle,road_conditions,longitude,latitude,Combo_type
199601,Reinickendorf,12302110,Dannenwalder Weg,September,2,Saturday,minor,1,Paralle Traffic,Night,0,1,0,0,0,0,Dry,13.35352,52.59655,car + 
199602,Pankow,3030405,Karow Nord,September,17,Saturday,minor,5,Crossing,Daylight,1,1,0,0,0,0,Dry,13.49344,52.61423,bicycle + car + 
199603,Tempelhof-Schöneberg,7030303,Grazer Platz,September,0,Saturday,minor,1,Crossing,Night,1,1,0,0,0,0,Dry,13.3413,52.46471,bicycle + car + 
199604,Treptow-Köpenick,9020701,Adlershof West,September,16,Saturday,serious,5,Turning,Daylight,0,1,0,0,0,0,Dry,13.52662,52.42646,car + 
199605,Tempelhof-Schöneberg,7070706,Horstwalder Straße/Paplitzer Straße,September,13,Friday,minor,1,Paralle Traffic,Daylight,1,1,0,0,0,0,Dry,13.40954,52.38655,bicycle + car + 
199606,Marzahn-Hellersdorf,10020414,Helle Mitte,September,13,Saturday,minor,1,Paralle Traffic,Daylight,1,1,0,0,0,0,Dry,13.60226,52.53851,bicycle + car + 
199607,Charlottenburg-Wilmersdorf,4051448,Schaperstraße,September,10,Friday,minor,0,Other,Daylight,1,0,0,0,0,0,Dry,13.33203,52.50033,bicycle + 
199608,Mitte,1022202,Heidestraße,September,10,Saturday,minor,5,Turning,Daylight,0,1,0,0,0,0,Dry,13.36033,52.53732,car + 
199609,Reinickendorf,12214424,Scharnweberstraße,September,14,Friday,minor,5,Other,Daylight,0,1,0,0,0,0,Dry,13.32521,52.56476,car + 
199610,Marzahn-Hellersdorf,10040932,Alt-Mahlsdorf,September,7,Saturday,serious,6,Overtaking,Daylight,0,0,1,0,0,1,Dry,13.61227,52.5116,pedestrian + other
199611,Tempelhof-Schöneberg,7040403,Manteuffelstraße,September,14,Friday,minor,2,Stationary Traffic,Daylight,0,1,0,0,0,0,Dry,13.37797,52.46609,car + 
199612,Spandau,5020626,Adamstraße,September,13,Friday,minor,2,Stationary Traffic,Daylight,0,1,0,0,0,0,Dry,13.19522,52.5276,car + 
199613,Reinickendorf,12214424,Scharnweberstraße,September,15,Saturday,minor,1,Paralle Traffic,Daylight,1,1,0,0,0,1,Dry,13.31374,52.56758,bicycle + car + other
199614,Mitte,1011304,Karl-Marx-Allee,September,13,Friday,minor,3,Stationary Traffic,Daylight,1,0,0,0,0,0,Dry,13.41821,52.51541,bicycle + 
199615,Reinickendorf,12304313,Borsigwalde,September,15,Saturday,minor,2,Other,Daylight,0,1,0,0,0,0,Dry,13.31986,52.58755,car + 
199616,Spandau,5030730,Zitadellenweg,September,13,Friday,minor,5,Turning,Daylight,1,0,0,0,0,1,Wet,13.21405,52.53837,bicycle + other
199617,Neukölln,8010301,Reuterkiez,September,14,Saturday,minor,3,Stationary Traffic,Daylight,1,1,0,0,0,0,Dry,13.43887,52.48223,bicycle + car + 
199618,Tempelhof-Schöneberg,7030301,Friedenau,September,12,Friday,minor,0,Other,Daylight,1,1,0,0,0,0,Dry,13.32857,52.47363,bicycle + car + 
199619,Tempelhof-Schöneberg,7030301,Friedenau,September,3,Saturday,serious,9,Driving,Night,0,0,0,1,0,0,Dry,13.32856,52.47626,motorbike + 
199620,Tempelhof-Schöneberg,7020203,Kaiser-Wilhelm-Platz,September,12,Friday,minor,0,Other,Daylight,1,1,0,0,0,0,Dry,13.3551,52.487,bicycle + car + 
199621,Spandau,5030730,Zitadellenweg,September,11,Friday,minor,2,Stationary Traffic,Daylight,0,1,0,0,0,0,Dry,13.2255,52.55437,car + 
199622,Mitte,1011201,Wilhelmstraße,September,14,Saturday,minor,2,Turning,Daylight,0,1,0,0,0,0,Dry,13.37704,52.51251,car + 
199623,Pankow,3061430,Volkspark Prenzlauer Berg,September,14,Saturday,minor,0,Driving,Daylight,0,0,0,1,0,0,Dry,13.4596,52.53065,motorbike + 
199624,Spandau,5010101,Hakenfelde Nord,September,11,Friday,minor,0,Other,Daylight,0,1,0,0,0,1,Dry,13.21882,52.5594,car + other
199625,Treptow-Köpenick,9051901,Dammvorstadt,September,10,Friday,minor,1,Paralle Traffic,Daylight,0,1,0,0,0,0,Dry,13.58743,52.45141,car + 
199626,Treptow-Köpenick,9051702,Bölschestraße,September,1,Saturday,minor,2,Turning,Night,0,1,0,0,0,0,Dry,13.62818,52.4467,car + 
199627,Treptow-Köpenick,9010101,Elsenstraße,September,10,Friday,minor,5,Turning,Daylight,1,1,0,0,0,0,Dry,13.45423,52.49389,bicycle + car + 
199628,Neukölln,8041035,Blumenviertel,September,13,Saturday,minor,5,Crossing,Daylight,0,1,0,0,0,0,Dry,13.47759,52.43016,car + 
199629,Charlottenburg-Wilmersdorf,4030929,Hindemithplatz,September,9,Friday,minor,6,Other,Daylight,0,1,1,0,0,0,Dry,13.31323,52.50192,car + pedestrian + 
199630,Reinickendorf,12214424,Scharnweberstraße,September,21,Friday,minor,4,Stationary Traffic,Night,1,1,0,0,0,0,Dry,13.32418,52.56588,bicycle + car + 
199631,Marzahn-Hellersdorf,10020412,Alte Hellersdorfer Straße,September,13,Saturday,minor,5,Crossing,Daylight,1,1,0,0,0,0,Dry,13.59283,52.54824,bicycle + car + 
199632,Charlottenburg-Wilmersdorf,4041133,Güterbahnhof Grunewald,September,9,Friday,serious,0,Driving,Daylight,0,0,0,1,0,0,Dry,13.28067,52.49905,motorbike + 
199633,Friedrichshain-Kreuzberg,2040502,Friedenstraße,September,7,Friday,minor,5,Turning,Daylight,0,1,0,0,0,0,Dry,13.42984,52.52328,car + 
199634,Friedrichshain-Kreuzberg,2030302,Lausitzer Platz,September,12,Saturday,minor,0,Crossing,Daylight,0,1,0,1,0,0,Dry,13.43351,52.5051,car + motorbike + 
199635,Neukölln,8010213,Körnerpark,September,17,Friday,minor,2,Turning,Daylight,0,1,0,0,0,0,Dry,13.44165,52.46968,car + 
199636,Reinickendorf,12103117,Letteplatz,September,3,Friday,minor,0,Driving,Night,0,0,0,1,0,0,Dry,13.36454,52.56269,motorbike + 
199637,Steglitz-Zehlendorf,6010208,Bergstraße,September,12,Saturday,minor,2,Stationary Traffic,Daylight,0,1,0,0,0,0,Dry,13.33805,52.4513,car + 
199638,Neukölln,8041036,Zittauer Straße,September,20,Friday,minor,5,Crossing,Night,0,1,0,0,0,0,Dry,13.48539,52.42419,car + 
199639,Charlottenburg-Wilmersdorf,4010102,Plötzensee,September,11,Saturday,minor,0,Driving,Daylight,0,1,0,1,0,0,Dry,13.32417,52.54227,car + motorbike + 
199640,Reinickendorf,12302108,Märkisches Zentrum,September,18,Friday,minor,2,Stationary Traffic,Daylight,0,1,0,0,0,0,Dry,13.36403,52.60635,car + 
199641,Steglitz-Zehlendorf,6040805,Fischerhüttenstraße,September,11,Saturday,minor,5,Crossing,Daylight,0,1,0,0,0,0,Dry,13.25836,52.43569,car + 
199642,Mitte,1011301,Charitéviertel,September,18,Friday,minor,6,Overtaking,Daylight,0,1,1,0,0,0,Dry,13.38672,52.52757,car + pedestrian + 
199643,Marzahn-Hellersdorf,10010204,Wuhletalstraße,September,11,Saturday,minor,0,Driving,Daylight,0,0,0,1,0,0,Dry,13.55482,52.55774,motorbike + 
199644,Spandau,5010205,An der Tränke,September,17,Friday,serious,5,Crossing,Daylight,0,1,0,1,0,0,Dry,13.13696,52.54811,car + motorbike + 
199645,Treptow-Köpenick,9051901,Dammvorstadt,September,18,Friday,minor,5,Turning,Daylight,1,1,0,0,0,0,Dry,13.56246,52.45665,bicycle + car + 
199646,Spandau,5020417,Staakener Straße,September,10,Saturday,minor,5,Turning,Daylight,1,1,0,0,0,0,Dry,13.18176,52.53408,bicycle + car + 
199647,Friedrichshain-Kreuzberg,2010104,Wassertorplatz,September,10,Saturday,minor,5,Other,Daylight,1,1,0,0,0,0,Dry,13.41052,52.49845,bicycle + car + 
199648,Pankow,3040818,Pankow Süd,September,17,Friday,minor,5,Crossing,Daylight,1,1,0,0,0,0,Dry,13.42175,52.56265,bicycle + car + 
199649,Neukölln,8010211,Flughafenstraße,September,17,Friday,minor,2,Stationary Traffic,Daylight,0,1,0,0,0,0,Dry,13.42682,52.48104,car + 
199650,Treptow-Köpenick,9051901,Dammvorstadt,September,10,Saturday,minor,5,Other,Daylight,0,1,0,0,0,1,Dry,13.57331,52.45008,car + other
199651,Charlottenburg-Wilmersdorf,4030623,Ernst-Reuter-Platz,September,16,Friday,minor,5,Crossing,Daylight,1,1,0,0,0,0,Dry,13.31735,52.5121,bicycle + car + 
199652,Mitte,1011102,Großer Tiergarten,September,12,Saturday,minor,1,Paralle Traffic,Daylight,1,1,0,0,0,0,Dry,13.37121,52.51778,bicycle + car + 
199653,Mitte,1033201,Brunnenstraße,September,16,Friday,minor,4,Stationary Traffic,Daylight,1,0,0,0,0,1,Dry,13.39104,52.54455,bicycle + other
199654,Mitte,1044201,Reinickendorfer Straße,September,23,Friday,minor,2,Stationary Traffic,Night,0,1,0,0,0,0,Dry,13.37425,52.55683,car + 
199655,Mitte,1044101,Rehberge,September,16,Friday,serious,5,Crossing,Daylight,0,1,0,0,0,1,Dry,13.34686,52.55329,car + other
199656,Charlottenburg-Wilmersdorf,4030623,Ernst-Reuter-Platz,September,18,Friday,minor,1,Paralle Traffic,Daylight,1,1,0,0,0,0,Dry,13.3296,52.50547,bicycle + car + 
199657,Marzahn-Hellersdorf,10010310,Alt-Marzahn,September,16,Friday,minor,2,Stationary Traffic,Daylight,0,1,0,0,0,1,Dry,13.55516,52.53391,car + other
199658,Tempelhof-Schöneberg,7040401,Neu-Tempelhof,September,14,Monday,minor,5,Crossing,Daylight,0,1,0,0,0,1,Dry,13.38044,52.47247,car + other
199659,Treptow-Köpenick,9010202,Köpenicker Landstraße,September,16,Monday,minor,2,Stationary Traffic,Daylight,0,1,0,0,0,0,Wet,13.47425,52.47524,car + 
199660,Mitte,1044103,Westliche Müllerstraße,September,15,Monday,minor,2,Stationary Traffic,Daylight,0,1,0,0,0,0,Wet,13.3495,52.54895,car + 
199661,Reinickendorf,12214527,Alt-Tegel,September,16,Monday,serious,6,Overtaking,Daylight,0,1,1,0,0,0,Dry,13.28602,52.58716,car + pedestrian + 
199662,Reinickendorf,12214125,Waldidyll/Flughafensee,September,16,Monday,minor,0,Overtaking,Daylight,0,1,1,0,0,0,Dry,13.27788,52.57272,car + pedestrian + 
199663,Mitte,1011303,Alexanderplatzviertel,September,16,Monday,serious,5,Crossing,Daylight,0,0,0,1,0,1,Wet,13.41538,52.52271,motorbike + other
199664,Friedrichshain-Kreuzberg,2050601,Hausburgviertel,September,16,Monday,minor,5,Crossing,Daylight,0,1,0,0,0,0,Wet,13.44896,52.5243,car + 
199665,Spandau,5020626,Adamstraße,September,16,Monday,minor,1,Paralle Traffic,Daylight,1,1,0,0,0,0,Wet,13.196,52.52716,bicycle + car + 
199666,Treptow-Köpenick,9020701,Adlershof West,September,16,Monday,minor,5,Crossing,Daylight,0,1,0,0,0,1,Dry,13.53271,52.42877,car + other
199667,Mitte,1033102,Gesundbrunnen,September,6,Monday,minor,5,Turning,Daylight,1,1,0,0,0,0,Dry,13.38417,52.55604,bicycle + car + 
199668,Steglitz-Zehlendorf,6010206,Stadtpark,September,12,Monday,minor,3,Stationary Traffic,Daylight,0,1,0,0,0,1,Wet,13.33841,52.4492,car + other
199669,Steglitz-Zehlendorf,6020301,Alt-Lankwitz,September,12,Monday,serious,6,Turning,Daylight,0,1,1,0,0,0,Wet,13.36207,52.43461,car + pedestrian + 
199670,Charlottenburg-Wilmersdorf,4030931,Breitscheidplatz,September,12,Monday,serious,2,Other,Daylight,0,1,0,0,0,0,Wet,13.33332,52.50416,car + 
199671,Steglitz-Zehlendorf,6030503,Zehlendorf Mitte,September,9,Monday,minor,6,Overtaking,Daylight,0,1,1,0,0,0,Wet,13.25934,52.43072,car + pedestrian + 
199672,Spandau,5010103,Amorbacher Weg,September,9,Monday,minor,2,Turning,Daylight,0,1,0,0,0,0,Wet,13.20108,52.55543,car + 
199673,Neukölln,8010405,Hertzbergplatz,September,11,Monday,minor,5,Crossing,Daylight,0,1,0,1,0,0,Wet,13.45168,52.47805,car + motorbike + 
199674,Pankow,3061131,Falkplatz,September,10,Monday,minor,2,Stationary Traffic,Daylight,0,1,0,0,0,0,Wet,13.41257,52.54524,car + 
199675,Charlottenburg-Wilmersdorf,4051551,Brabanter Platz,September,9,Monday,minor,5,Turning,Daylight,0,1,0,0,0,0,Wet,13.31389,52.48099,car + 
199676,Charlottenburg-Wilmersdorf,4030622,Richard-Wagner-Straße,September,8,Monday,minor,5,Turning,Daylight,1,1,0,0,0,0,Wet,13.31477,52.51198,bicycle + car + 
199677,Friedrichshain-Kreuzberg,2030302,Lausitzer Platz,September,8,Monday,minor,0,Paralle Traffic,Daylight,1,1,0,0,0,0,Wet,13.44342,52.50091,bicycle + car + 
199678,Charlottenburg-Wilmersdorf,4010101,Jungfernheide,September,7,Monday,minor,5,Turning,Daylight,1,1,0,0,0,0,Wet,13.28259,52.53389,bicycle + car + 
199679,Charlottenburg-Wilmersdorf,4020314,Messegelände,September,7,Monday,minor,2,Stationary Traffic,Daylight,0,1,0,0,0,0,Wet,13.2738,52.50009,car + 
199680,Mitte,1033201,Brunnenstraße,September,6,Monday,minor,6,Turning,Night,0,1,1,0,0,0,Wet,13.39376,52.54126,car + pedestrian + 
199681,Tempelhof-Schöneberg,7050501,Rathausstraße,September,6,Monday,serious,6,Turning,Night,0,1,1,0,0,0,Wet,13.38561,52.44556,car + pedestrian + 
199682,Neukölln,8020727,Buckow Mitte,September,6,Monday,minor,6,Overtaking,Night,0,1,1,0,0,0,Wet,13.43805,52.4175,car + pedestrian + 
199683,Friedrichshain-Kreuzberg,2050801,Traveplatz,September,6,Monday,minor,2,Stationary Traffic,Night,0,1,0,0,1,0,Wet,13.47048,52.50604,car + truck + 
199684,Steglitz-Zehlendorf,6020305,Gemeindepark Lankwitz,September,5,Monday,minor,5,Turning,Night,1,1,0,0,0,0,Wet,13.35533,52.42768,bicycle + car + 
199685,Mitte,1033102,Gesundbrunnen,September,18,Monday,minor,5,Turning,Daylight,1,1,0,0,0,0,Dry,13.3842,52.55566,bicycle + car + 
199686,Neukölln,8030831,Gropiusstadt Ost,September,18,Sunday,minor,2,Other,Night,0,1,0,1,0,1,Wet,13.46508,52.42596,car + motorbike + other
199687,Mitte,1011101,Stülerstraße,September,17,Sunday,minor,0,Overtaking,Daylight,0,0,1,1,0,0,Wet,13.34101,52.50524,pedestrian + motorbike + 
199688,Mitte,1011402,Arkonaplatz,September,16,Sunday,minor,2,Stationary Traffic,Daylight,0,1,0,0,0,0,Wet,13.39882,52.53281,car + 
199689,Charlottenburg-Wilmersdorf,4030827,Karl-August-Platz,September,16,Sunday,serious,5,Crossing,Daylight,0,1,0,0,0,0,Wet,13.31371,52.50623,car + 
199690,Spandau,5020419,Magistratsweg,September,15,Sunday,serious,5,Turning,Dawn,0,1,0,0,0,0,Wet,13.14147,52.53249,car + 
199691,Mitte,1011301,Charitéviertel,September,14,Sunday,minor,0,Driving,Daylight,0,0,0,0,0,1,Wet,13.38732,52.52632,other
199692,Marzahn-Hellersdorf,10020415,Hellersdorfer Promenade,September,14,Sunday,minor,5,Crossing,Daylight,0,1,0,0,0,1,Wet,13.61163,52.54008,car + other
199693,Neukölln,8020726,Buckow West,September,13,Sunday,minor,2,Stationary Traffic,Daylight,0,1,0,0,0,0,Wet,13.40308,52.41493,car + 
199694,Tempelhof-Schöneberg,7030301,Friedenau,September,13,Sunday,minor,3,Stationary Traffic,Daylight,1,1,0,0,0,0,Wet,13.34144,52.47642,bicycle + car + 
199695,Charlottenburg-Wilmersdorf,4020313,Königin-Elisabeth-Straße,September,12,Sunday,minor,3,Stationary Traffic,Daylight,0,1,0,0,0,0,Wet,13.28069,52.50675,car + 
199696,Friedrichshain-Kreuzberg,2030301,Oranienplatz,September,12,Sunday,serious,4,Other,Daylight,1,0,0,0,0,1,Wet,13.42478,52.50194,bicycle + other
199697,Spandau,5030730,Zitadellenweg,September,8,Sunday,minor,1,Paralle Traffic,Daylight,0,1,0,0,0,0,Dry,13.23264,52.543,car + 
199698,Pankow,3061430,Volkspark Prenzlauer Berg,September,19,Sunday,minor,0,Stationary Traffic,Night,0,1,0,0,0,0,Wet,13.45943,52.52937,car + 
199699,Friedrichshain-Kreuzberg,2020204,Urbanstraße,September,8,Sunday,minor,5,Crossing,Daylight,1,1,0,0,0,0,Wet,13.39451,52.49179,bicycle + car + 
199700,Mitte,1044101,Rehberge,September,19,Sunday,minor,5,Turning,Dawn,0,1,0,0,0,0,Wet,13.33498,52.56017,car + 
199701,Steglitz-Zehlendorf,6020303,Lankwitz Kirche,September,18,Sunday,minor,5,Other,Dawn,0,1,0,1,0,0,Wet,13.34517,52.43692,car + motorbike + 
199702,Neukölln,8010301,Reuterkiez,September,17,Sunday,minor,5,Turning,Daylight,1,0,0,0,0,1,Wet,13.4397,52.48392,bicycle + other
199703,Charlottenburg-Wilmersdorf,4041136,Hagenplatz,September,21,Saturday,minor,1,Driving,Night,0,1,0,0,0,0,Wet,13.26438,52.48491,car + 
199704,Tempelhof-Schöneberg,7040401,Neu-Tempelhof,October,17,Tuesday,minor,2,Stationary Traffic,Dawn,0,1,0,1,0,0,Wet,13.40002,52.48374,car + motorbike + 
199705,Mitte,1011102,Großer Tiergarten,September,13,Saturday,serious,2,Stationary Traffic,Daylight,1,0,0,0,0,1,Dry,13.35044,52.51371,bicycle + other
199706,Mitte,1011306,Heine-Viertel Ost,October,17,Tuesday,minor,1,Paralle Traffic,Daylight,1,1,0,0,0,0,Wet,13.42301,52.50653,bicycle + car + 
199707,Tempelhof-Schöneberg,7040406,Germaniagarten,September,15,Saturday,minor,1,Paralle Traffic,Dawn,0,1,0,0,0,0,Wet,13.41894,52.46097,car + 
199708,Steglitz-Zehlendorf,6020306,Lankwitz Süd,October,17,Tuesday,minor,5,Crossing,Daylight,0,1,0,0,0,0,Wet,13.35728,52.42298,car + 
199709,Charlottenburg-Wilmersdorf,4030931,Breitscheidplatz,September,22,Saturday,minor,0,Turning,Night,0,0,1,0,0,1,Dry,13.33254,52.50602,pedestrian + other
199710,Steglitz-Zehlendorf,6010205,Südende,October,16,Tuesday,minor,2,Stationary Traffic,Daylight,0,1,0,0,0,0,Wet,13.3586,52.44824,car + 
199711,Tempelhof-Schöneberg,7050505,Hundsteinweg,October,16,Tuesday,minor,2,Turning,Daylight,0,1,0,0,0,1,Wet,13.39729,52.42383,car + other
199712,Mitte,1011301,Charitéviertel,September,23,Saturday,minor,5,Turning,Night,1,1,0,0,0,0,Dry,13.37941,52.52943,bicycle + car + 
199713,Tempelhof-Schöneberg,7010104,Dennewitzplatz,October,16,Tuesday,minor,2,Stationary Traffic,Daylight,0,1,0,1,0,0,Wet,13.36388,52.49733,car + motorbike + 
199714,Charlottenburg-Wilmersdorf,4041136,Hagenplatz,September,21,Saturday,minor,8,Driving,Night,0,1,0,0,0,0,Wet,13.28103,52.47696,car + 
199715,Charlottenburg-Wilmersdorf,4020313,Königin-Elisabeth-Straße,October,16,Tuesday,minor,2,Stationary Traffic,Daylight,0,1,0,0,0,0,Wet,13.27935,52.51273,car + 
199716,Neukölln,8020621,Mohriner Allee Nord,October,15,Tuesday,minor,5,Crossing,Daylight,0,1,0,0,0,0,Wet,13.42168,52.44112,car + 
199717,Charlottenburg-Wilmersdorf,4041136,Hagenplatz,September,19,Saturday,serious,5,Turning,Night,0,1,0,1,0,0,Wet,13.26583,52.4834,car + motorbike + 
199718,Lichtenberg,11010310,Mühlengrund,October,15,Tuesday,minor,6,Overtaking,Daylight,0,1,1,0,0,0,Wet,13.50472,52.56351,car + pedestrian + 
199719,Spandau,5010311,Eiswerder,September,18,Saturday,minor,0,Driving,Daylight,1,1,0,0,0,0,Wet,13.21784,52.5479,bicycle + car + 
199720,Neukölln,8010213,Körnerpark,October,15,Tuesday,minor,2,Turning,Daylight,0,1,0,0,0,0,Wet,13.43748,52.46934,car + 
199721,Neukölln,8010301,Reuterkiez,September,18,Saturday,minor,0,Paralle Traffic,Daylight,1,1,0,0,0,0,Wet,13.42663,52.48746,bicycle + car + 
199722,Mitte,1033102,Gesundbrunnen,October,14,Tuesday,minor,5,Turning,Daylight,1,1,0,0,0,0,Wet,13.38669,52.55553,bicycle + car + 
199723,Treptow-Köpenick,9052001,Köpenick Nord,September,15,Saturday,minor,0,Driving,Daylight,0,0,0,1,0,0,Wet,13.58097,52.46024,motorbike + 
199724,Reinickendorf,12214424,Scharnweberstraße,October,10,Tuesday,minor,0,Paralle Traffic,Daylight,0,1,0,0,0,1,Wet,13.32892,52.56616,car + other
199725,Lichtenberg,11020515,Landsberger Allee,October,9,Tuesday,minor,2,Other,Daylight,0,0,0,0,1,1,Wet,13.49856,52.53811,truck + other
199726,Mitte,1011305,Heine-Viertel West,September,17,Saturday,minor,2,Other,Daylight,0,1,0,0,0,0,Wet,13.40765,52.50983,car + 
199727,Reinickendorf,12214125,Waldidyll/Flughafensee,September,15,Saturday,minor,0,Stationary Traffic,Daylight,0,1,0,1,0,0,Wet,13.29532,52.54997,car + motorbike + 
199728,Treptow-Köpenick,9031202,Schmöckwitz/Rauchfangswerder,October,9,Tuesday,minor,5,Turning,Daylight,0,1,0,0,0,1,Wet,13.69251,52.37167,car + other
199729,Marzahn-Hellersdorf,10010311,Landsberger Tor,September,16,Saturday,minor,0,Paralle Traffic,Daylight,0,1,0,0,0,0,Dry,13.57571,52.5414,car + 
199730,Friedrichshain-Kreuzberg,2030301,Oranienplatz,October,14,Tuesday,minor,5,Crossing,Daylight,1,1,0,0,0,0,Wet,13.42198,52.49904,bicycle + car + 
199731,Lichtenberg,11020412,Hauptstraße,September,15,Saturday,minor,2,Stationary Traffic,Daylight,0,1,0,0,0,0,Wet,13.50871,52.55017,car + 
199732,Mitte,1011202,Unter den Linden Nord,October,2,Tuesday,minor,0,Other,Night,0,0,0,0,0,1,Dry,13.38831,52.52006,other
199733,Tempelhof-Schöneberg,7050503,Eisenacher Straße,October,13,Tuesday,minor,5,Turning,Daylight,0,1,0,0,0,0,Wet,13.40799,52.45249,car + 
199734,Tempelhof-Schöneberg,7050501,Rathausstraße,September,16,Saturday,serious,5,Turning,Daylight,0,1,0,1,0,0,Wet,13.37404,52.44507,car + motorbike + 
199735,Mitte,1011204,Leipziger Straße,September,14,Saturday,minor,2,Stationary Traffic,Daylight,0,1,0,0,0,0,Wet,13.40045,52.50991,car + 
199736,Friedrichshain-Kreuzberg,2020203,Viktoriapark,October,12,Tuesday,minor,2,Turning,Daylight,0,1,0,0,0,1,Wet,13.37676,52.4914,car + other
199737,Reinickendorf,12304314,Ziekowstraße/Freie Scholle,October,11,Tuesday,minor,5,Turning,Daylight,0,1,0,0,0,1,Wet,13.29225,52.59059,car + other
199738,Steglitz-Zehlendorf,6020411,Schütte-Lanz-Straße,September,14,Saturday,minor,5,Turning,Daylight,1,1,0,0,0,0,Wet,13.34174,52.41594,bicycle + car + 
199739,Spandau,5040935,Groß-Glienicker Weg,October,10,Tuesday,serious,5,Crossing,Daylight,0,1,0,0,1,0,Wet,13.15854,52.46262,car + truck + 
199740,Friedrichshain-Kreuzberg,2020204,Urbanstraße,September,12,Saturday,minor,3,Stationary Traffic,Daylight,1,0,0,0,0,1,Wet,13.39612,52.49138,bicycle + other
199741,Mitte,1033102,Gesundbrunnen,October,20,Monday,minor,5,Turning,Daylight,0,1,0,0,0,1,Dry,13.38427,52.55605,car + other
199742,Lichtenberg,11010205,Falkenberg West,October,14,Monday,minor,2,Turning,Daylight,0,1,0,0,0,0,Dry,13.52799,52.55684,car + 
199743,Charlottenburg-Wilmersdorf,4030931,Breitscheidplatz,September,12,Saturday,minor,0,Overtaking,Daylight,0,0,1,1,0,0,Wet,13.33341,52.50218,pedestrian + motorbike + 
199744,Pankow,3071537,Kollwitzplatz,October,17,Monday,minor,5,Crossing,Daylight,0,0,0,1,0,1,Dry,13.41566,52.53166,motorbike + other
199745,Spandau,5020629,Börnicker Straße,September,9,Saturday,minor,0,Driving,Daylight,0,0,0,1,0,0,Wet,13.20099,52.51218,motorbike + 
199746,Friedrichshain-Kreuzberg,2030301,Oranienplatz,October,20,Monday,serious,5,Turning,Night,0,1,0,1,0,0,Dry,13.41927,52.50128,car + motorbike + 
199747,Neukölln,8010301,Reuterkiez,September,9,Saturday,minor,0,Driving,Daylight,0,0,0,1,0,0,Wet,13.42896,52.48777,motorbike + 
199748,Charlottenburg-Wilmersdorf,4030519,Kaiserin-Augusta-Allee,October,20,Monday,minor,5,Turning,Night,0,1,0,0,0,0,Dry,13.30609,52.52329,car + 
199749,Spandau,5030730,Zitadellenweg,September,12,Saturday,serious,0,Stationary Traffic,Daylight,0,0,0,1,0,0,Wet,13.21023,52.53847,motorbike + 
199750,Friedrichshain-Kreuzberg,2010104,Wassertorplatz,October,19,Monday,minor,5,Other,Night,0,1,0,1,0,0,Dry,13.41061,52.49845,car + motorbike + 
199751,Charlottenburg-Wilmersdorf,4030827,Karl-August-Platz,October,19,Monday,minor,2,Other,Night,0,1,0,0,0,0,Dry,13.30244,52.50983,car + 
199752,Neukölln,8010117,Schillerpromenade,September,11,Saturday,minor,6,Overtaking,Daylight,0,1,1,0,0,0,Dry,13.42719,52.47521,car + pedestrian + 
199753,Steglitz-Zehlendorf,6030503,Zehlendorf Mitte,September,11,Saturday,minor,0,Driving,Daylight,1,0,0,0,0,0,Wet,13.25771,52.43445,bicycle + 
199754,Mitte,1011304,Karl-Marx-Allee,October,16,Monday,minor,4,Turning,Daylight,1,0,0,0,0,0,Dry,13.41726,52.5159,bicycle + 
199755,Friedrichshain-Kreuzberg,2010101,Askanischer Platz,October,18,Monday,minor,2,Stationary Traffic,Night,0,1,0,0,0,1,Dry,13.3889,52.49874,car + other
199756,Spandau,5010207,Darbystraße,September,10,Saturday,serious,5,Turning,Daylight,1,1,0,0,0,0,Wet,13.18476,52.54751,bicycle + car + 
199757,Neukölln,8041036,Zittauer Straße,October,16,Monday,minor,5,Crossing,Daylight,1,1,0,0,0,0,Dry,13.4898,52.41993,bicycle + car + 
199758,Charlottenburg-Wilmersdorf,4051654,Wilhelmsaue,September,10,Saturday,minor,6,Other,Daylight,0,1,1,0,0,0,Dry,13.3215,52.48419,car + pedestrian + 
199759,Treptow-Köpenick,9051701,Hirschgarten,October,18,Monday,minor,1,Paralle Traffic,Night,1,1,0,0,0,0,Dry,13.60818,52.45499,bicycle + car + 
199760,Mitte,1011302,Oranienburger Straße,October,15,Monday,serious,4,Stationary Traffic,Daylight,1,0,0,0,0,1,Dry,13.39598,52.52832,bicycle + other
199761,Mitte,1022104,Emdener Straße,September,10,Saturday,minor,2,Stationary Traffic,Daylight,0,1,0,0,0,0,Wet,13.34333,52.52938,car + 
199762,Treptow-Köpenick,9010402,Johannisthal Ost,October,15,Monday,minor,5,Crossing,Daylight,1,0,0,1,0,0,Dry,13.51954,52.44278,bicycle + motorbike + 