id,district,lor,street,month,hour,weekday,injury,collision,movement,light_conditions,bicycle,car,pedestrian,motorbike,truck,other_vehicle,road_conditions,longitude,latitude,Combo_type
199763,Tempelhof-Schöneberg,7040401,Neu-Tempelhof,September,1,Saturday,minor,5,Crossing,Night,0,1,0,0,0,0,Dry,13.3789,52.48062,car + 
199764,Marzahn-Hellersdorf,10020412,Alte Hellersdorfer Straße,October,15,Monday,minor,2,Stationary Traffic,Daylight,0,1,0,0,0,0,Dry,13.59949,52.54731,car + 
199765,Friedrichshain-Kreuzberg,2010101,Askanischer Platz,September,15,Saturday,minor,5,Turning,Daylight,0,1,0,0,0,0,Wet,13.37688,52.50192,car + 
199766,Neukölln,8010212,Rollberg,October,15,Monday,minor,6,Overtaking,Daylight,0,1,1,0,0,0,Dry,13.42803,52.47564,car + pedestrian + 
199767,Mitte,1022204,Thomasiusstraße,October,8,Monday,minor,2,Turning,Daylight,0,1,0,0,0,1,Dry,13.35094,52.52436,car + other
199768,Friedrichshain-Kreuzberg,2010103,Moritzplatz,September,11,Saturday,minor,5,Crossing,Daylight,0,1,0,0,0,0,Dry,13.40653,52.50255,car + 
199769,Friedrichshain-Kreuzberg,2030402,Wrangelkiez,October,9,Monday,minor,2,Stationary Traffic,Daylight,0,1,0,0,0,0,Dry,13.44664,52.49856,car + 
199770,Reinickendorf,12231101,Hermsdorf,September,16,Friday,minor,5,Turning,Daylight,1,1,0,0,0,0,Wet,13.31711,52.61485,bicycle + car + 
199771,Steglitz-Zehlendorf,6010103,Markelstraße,October,14,Monday,minor,0,Driving,Daylight,0,0,0,1,0,0,Dry,13.3146,52.46509,motorbike + 
199772,Charlottenburg-Wilmersdorf,4051653,Prager Platz,September,21,Friday,minor,5,Turning,Night,1,1,0,0,0,0,Wet,13.33061,52.49316,bicycle + car + 
199773,Marzahn-Hellersdorf,10010310,Alt-Marzahn,October,14,Monday,minor,2,Turning,Daylight,0,1,0,0,0,0,Dry,13.56184,52.53503,car + 
199774,Treptow-Köpenick,9020502,Oberschöneweide Ost,September,17,Friday,minor,0,Driving,Dawn,0,0,0,1,0,0,Wet,13.54936,52.45671,motorbike + 
199775,Tempelhof-Schöneberg,7030303,Grazer Platz,October,13,Monday,minor,5,Turning,Daylight,1,0,0,0,0,1,Dry,13.36185,52.47468,bicycle + other
199776,Mitte,1033102,Gesundbrunnen,October,13,Monday,minor,5,Crossing,Daylight,1,0,0,0,0,1,Dry,13.39226,52.55483,bicycle + other
199777,Tempelhof-Schöneberg,7050501,Rathausstraße,September,15,Friday,minor,4,Stationary Traffic,Daylight,0,1,0,1,0,0,Wet,13.37061,52.44458,car + motorbike + 
199778,Tempelhof-Schöneberg,7040405,Rathaus Tempelhof,September,12,Friday,minor,0,Driving,Daylight,0,1,0,1,0,0,Wet,13.40949,52.46405,car + motorbike + 
199779,Friedrichshain-Kreuzberg,2010101,Askanischer Platz,October,10,Monday,minor,1,Other,Daylight,1,1,0,0,0,0,Dry,13.38663,52.50096,bicycle + car + 
199780,Mitte,1022204,Thomasiusstraße,October,13,Monday,minor,6,Overtaking,Daylight,0,1,1,0,0,0,Dry,13.34577,52.52502,car + pedestrian + 
199781,Reinickendorf,12214424,Scharnweberstraße,September,7,Friday,minor,3,Turning,Daylight,0,1,0,0,0,0,Wet,13.32652,52.56252,car + 
199782,Reinickendorf,12214424,Scharnweberstraße,October,13,Monday,serious,5,Crossing,Daylight,0,1,0,0,0,0,Dry,13.32131,52.56834,car + 
199783,Treptow-Köpenick,9041501,Altstadt Kietz,September,13,Friday,minor,5,Turning,Daylight,1,0,0,0,0,1,Wet,13.58154,52.4407,bicycle + other
199784,Lichtenberg,11040926,Weitlingstraße,October,10,Monday,minor,6,Turning,Daylight,0,1,1,0,0,0,Dry,13.51986,52.50595,car + pedestrian + 
199785,Mitte,1022103,Westhafen,October,10,Monday,minor,5,Turning,Daylight,1,0,0,0,1,0,Dry,13.34436,52.53835,bicycle + truck + 
199786,Spandau,5010209,An der Kappe,September,19,Friday,minor,2,Turning,Daylight,0,1,0,0,0,0,Dry,13.14388,52.54624,car + 
199787,Steglitz-Zehlendorf,6040807,Zehlendorf Eiche,October,12,Monday,minor,5,Crossing,Daylight,1,1,0,0,0,0,Dry,13.26537,52.442,bicycle + car + 
199788,Reinickendorf,12103218,Teichstraße,October,10,Monday,minor,5,Turning,Daylight,0,1,0,0,0,1,Dry,13.35581,52.58346,car + other
199789,Tempelhof-Schöneberg,7060604,Marienfelde Süd,September,9,Friday,minor,0,Other,Daylight,0,0,0,1,0,1,Wet,13.37793,52.40758,motorbike + other
199790,Mitte,1011204,Leipziger Straße,October,9,Monday,minor,0,Other,Daylight,1,0,0,0,0,0,Dry,13.39416,52.50821,bicycle + 
199791,Friedrichshain-Kreuzberg,2050803,Stralauer Kiez,September,14,Friday,minor,0,Stationary Traffic,Daylight,0,1,0,0,0,1,Dry,13.46812,52.50257,car + other
199792,Neukölln,8010301,Reuterkiez,October,9,Monday,minor,3,Stationary Traffic,Daylight,1,0,0,0,0,1,Dry,13.43178,52.49228,bicycle + other
199793,Friedrichshain-Kreuzberg,2020204,Urbanstraße,October,9,Monday,minor,2,Stationary Traffic,Daylight,0,1,0,0,0,0,Dry,13.39664,52.49128,car + 
199794,Reinickendorf,12214424,Scharnweberstraße,September,13,Friday,minor,5,Crossing,Daylight,0,1,0,0,0,0,Wet,13.33045,52.56248,car + 
199795,Charlottenburg-Wilmersdorf,4010102,Plötzensee,September,12,Friday,minor,5,Crossing,Daylight,1,1,0,0,0,0,Wet,13.32628,52.53793,bicycle + car + 
199796,Pankow,3061228,Erich-Weinert-Straße,October,9,Monday,minor,5,Crossing,Daylight,1,1,0,0,0,0,Dry,13.44225,52.54679,bicycle + car + 
199797,Lichtenberg,11030721,Rüdigerstraße,September,14,Friday,minor,3,Stationary Traffic,Daylight,0,1,0,0,0,0,Wet,13.48974,52.51255,car + 
199798,Tempelhof-Schöneberg,7040401,Neu-Tempelhof,October,8,Monday,minor,1,Paralle Traffic,Daylight,1,1,0,0,0,0,Dry,13.38055,52.48196,bicycle + car + 
199799,Friedrichshain-Kreuzberg,2020202,Rathaus Yorckstraße,October,7,Monday,minor,5,Crossing,Daylight,1,1,0,0,0,0,Dry,13.38015,52.49853,bicycle + car + 
199800,Spandau,5020627,Tiefwerder,September,15,Friday,minor,2,Stationary Traffic,Daylight,0,1,0,0,0,0,Dry,13.20693,52.52915,car + 
199801,Mitte,1033203,Humboldthain Nordwest,September,14,Friday,minor,2,Stationary Traffic,Daylight,0,1,0,0,0,0,Wet,13.37712,52.54363,car + 
199802,Treptow-Köpenick,9052001,Köpenick Nord,October,12,Monday,minor,5,Crossing,Daylight,1,1,0,0,0,0,Dry,13.57825,52.45921,bicycle + car + 
199803,Mitte,1044201,Reinickendorfer Straße,October,12,Monday,minor,5,Turning,Daylight,0,1,0,0,0,0,Dry,13.37418,52.55649,car + 
199804,Marzahn-Hellersdorf,10020413,Gut Hellersdorf,September,14,Friday,minor,6,Overtaking,Daylight,0,1,1,0,0,0,Wet,13.58908,52.5424,car + pedestrian + 
199805,Spandau,5010313,Ackerstraße,October,8,Monday,minor,2,Turning,Daylight,0,1,0,0,0,0,Dry,13.20003,52.54488,car + 
199806,Mitte,1044103,Westliche Müllerstraße,September,14,Friday,minor,5,Crossing,Daylight,1,1,0,0,0,0,Wet,13.35083,52.5473,bicycle + car + 
199807,Charlottenburg-Wilmersdorf,4030726,Droysenstraße,October,8,Monday,minor,5,Other,Daylight,0,1,0,0,0,0,Dry,13.30435,52.50353,car + 
199808,Treptow-Köpenick,9051901,Dammvorstadt,September,14,Friday,minor,5,Turning,Daylight,1,1,0,0,0,0,Wet,13.58628,52.45151,bicycle + car + 
199809,Reinickendorf,12103117,Letteplatz,October,7,Monday,minor,5,Turning,Daylight,1,1,0,0,0,0,Dry,13.36454,52.56387,bicycle + car + 
199810,Spandau,5010313,Ackerstraße,September,14,Friday,minor,5,Crossing,Daylight,0,1,0,0,0,0,Wet,13.1949,52.54489,car + 
199811,Tempelhof-Schöneberg,7070706,Horstwalder Straße/Paplitzer Straße,October,12,Monday,minor,6,Turning,Daylight,0,1,1,0,0,0,Dry,13.40973,52.38718,car + pedestrian + 
199812,Reinickendorf,12103115,Breitkopfbecken,October,1,Monday,serious,1,Other,Night,0,1,0,0,0,0,Dry,13.36354,52.57147,car + 
199813,Steglitz-Zehlendorf,6030607,Goerzwerke,September,14,Friday,minor,5,Crossing,Daylight,0,1,0,1,0,0,Wet,13.29957,52.42138,car + motorbike + 
199814,Charlottenburg-Wilmersdorf,4051448,Schaperstraße,September,13,Friday,minor,5,Turning,Daylight,1,1,0,0,0,0,Wet,13.32345,52.49352,bicycle + car + 
199815,Spandau,5010313,Ackerstraße,October,11,Monday,minor,1,Other,Daylight,0,1,0,0,0,0,Dry,13.20174,52.54632,car + 
199816,Pankow,3061430,Volkspark Prenzlauer Berg,October,11,Monday,serious,6,Overtaking,Daylight,0,1,1,0,0,0,Dry,13.45744,52.52872,car + pedestrian + 
199817,Charlottenburg-Wilmersdorf,4051445,Eisenzahnstraße,September,13,Friday,minor,2,Turning,Daylight,0,1,0,0,0,1,Wet,13.30792,52.48856,car + other
199818,Mitte,1011306,Heine-Viertel Ost,October,11,Monday,minor,5,Turning,Daylight,0,1,0,1,0,0,Dry,13.42513,52.50866,car + motorbike + 
199819,Friedrichshain-Kreuzberg,2020204,Urbanstraße,September,12,Friday,minor,2,Stationary Traffic,Daylight,0,1,0,0,0,1,Wet,13.39505,52.49765,car + other
199820,Treptow-Köpenick,9020501,Oberschöneweide West,October,10,Monday,serious,5,Crossing,Daylight,1,1,0,0,0,0,Dry,13.50835,52.46368,bicycle + car + 
199821,Friedrichshain-Kreuzberg,2050803,Stralauer Kiez,October,5,Sunday,minor,1,Paralle Traffic,Night,1,1,0,0,0,1,Wet,13.46659,52.50236,bicycle + car + other
199822,Tempelhof-Schöneberg,7070703,John-Locke-Straße,September,13,Friday,minor,1,Stationary Traffic,Daylight,1,1,0,0,0,0,Wet,13.39407,52.39764,bicycle + car + 
199823,Marzahn-Hellersdorf,10010206,Ringkolonnaden,October,14,Sunday,minor,5,Crossing,Daylight,1,1,0,0,0,0,Dry,13.57286,52.55007,bicycle + car + 
199824,Neukölln,8010301,Reuterkiez,September,12,Friday,minor,1,Paralle Traffic,Daylight,1,1,0,0,0,0,Wet,13.43507,52.4841,bicycle + car + 
199825,Mitte,1033102,Gesundbrunnen,October,19,Sunday,minor,5,Turning,Night,0,1,0,0,0,0,Dry,13.38656,52.54942,car + 
199826,Mitte,1011204,Leipziger Straße,September,12,Friday,minor,5,Turning,Daylight,1,1,0,0,0,0,Wet,13.40459,52.50892,bicycle + car + 
199827,Tempelhof-Schöneberg,7060604,Marienfelde Süd,September,12,Friday,serious,6,Overtaking,Daylight,0,1,1,0,0,0,Wet,13.38208,52.39856,car + pedestrian + 
199828,Mitte,1022104,Emdener Straße,October,18,Sunday,serious,6,Overtaking,Dawn,0,1,1,0,0,0,Dry,13.34181,52.53218,car + pedestrian + 
199829,Spandau,5010311,Eiswerder,October,18,Sunday,minor,2,Stationary Traffic,Dawn,0,1,0,0,0,0,Dry,13.21003,52.54837,car + 
199830,Mitte,1044102,Schillerpark,September,11,Friday,minor,5,Turning,Daylight,1,1,0,0,0,0,Wet,13.34793,52.55615,bicycle + car + 
199831,Lichtenberg,11051229,Rummelsburg,October,21,Sunday,minor,2,Turning,Night,0,1,0,1,0,0,Dry,13.49044,52.49347,car + motorbike + 
199832,Mitte,1011201,Wilhelmstraße,September,21,Friday,serious,6,Overtaking,Night,0,1,1,0,0,0,Dry,13.38423,52.50993,car + pedestrian + 
199833,Mitte,1044201,Reinickendorfer Straße,October,16,Sunday,minor,2,Stationary Traffic,Daylight,0,1,0,0,0,0,Dry,13.38257,52.55617,car + 
199834,Tempelhof-Schöneberg,7010102,Nollendorfplatz,September,18,Friday,minor,5,Crossing,Dawn,1,1,0,0,0,0,Wet,13.34943,52.49952,bicycle + car + 
199835,Neukölln,8020727,Buckow Mitte,October,14,Sunday,minor,2,Stationary Traffic,Daylight,0,1,0,0,0,0,Dry,13.43642,52.42388,car + 
199836,Treptow-Köpenick,9010302,Späthsfelde,September,18,Friday,minor,8,Driving,Dawn,0,1,0,0,0,0,Wet,13.46318,52.45454,car + 
199837,Reinickendorf,12231102,Frohnau,October,14,Sunday,minor,2,Turning,Daylight,1,1,0,0,0,0,Dry,13.28526,52.63663,bicycle + car + 
199838,Tempelhof-Schöneberg,7040401,Neu-Tempelhof,October,14,Sunday,minor,2,Stationary Traffic,Daylight,0,1,0,0,0,0,Dry,13.38577,52.48432,car + 
199839,Mitte,1011202,Unter den Linden Nord,September,19,Friday,minor,0,Driving,Night,0,0,0,0,0,1,Wet,13.38902,52.51875,other
199840,Lichtenberg,11030721,Rüdigerstraße,September,18,Friday,minor,5,Crossing,Dawn,0,1,0,0,0,0,Wet,13.49323,52.51442,car + 
199841,Neukölln,8010405,Hertzbergplatz,October,14,Sunday,minor,5,Crossing,Daylight,1,1,0,0,0,0,Dry,13.44305,52.48231,bicycle + car + 
199842,Charlottenburg-Wilmersdorf,4020310,Park Ruhwald,September,18,Friday,minor,8,Driving,Dawn,0,1,0,0,0,0,Wet,13.27821,52.52643,car + 
199843,Mitte,1044201,Reinickendorfer Straße,October,13,Sunday,minor,6,Overtaking,Daylight,0,1,1,0,0,0,Dry,13.37334,52.5569,car + pedestrian + 
199844,Mitte,1022102,Beusselkiez,September,17,Friday,minor,1,Paralle Traffic,Daylight,1,1,0,0,0,0,Wet,13.32808,52.52744,bicycle + car + 
199845,Friedrichshain-Kreuzberg,2040703,Wriezener Bahnhof/Entwicklungsgebiet,October,13,Sunday,minor,2,Turning,Daylight,1,1,0,0,0,0,Dry,13.4409,52.50478,bicycle + car + 
199846,Tempelhof-Schöneberg,7070701,Kettinger Straße/Schillerstraße,September,16,Friday,minor,5,Crossing,Daylight,0,1,0,0,0,0,Wet,13.3962,52.39699,car + 
199847,Reinickendorf,12214422,Klixstraße,October,13,Sunday,minor,5,Turning,Daylight,0,1,0,0,0,0,Dry,13.31414,52.57671,car + 
199848,Steglitz-Zehlendorf,6040804,Krumme Lanke,October,13,Sunday,minor,5,Crossing,Daylight,1,1,0,0,0,0,Dry,13.22667,52.43974,bicycle + car + 
199849,Charlottenburg-Wilmersdorf,4030725,Amtsgerichtsplatz,September,17,Friday,minor,4,Stationary Traffic,Daylight,0,1,0,1,0,0,Wet,13.29031,52.50301,car + motorbike + 
199850,Spandau,5010206,Gütersloher Weg,October,12,Sunday,minor,5,Turning,Daylight,1,1,0,0,0,0,Dry,13.16187,52.54638,bicycle + car + 
199851,Tempelhof-Schöneberg,7070702,Alt-Lichtenrade/Töpchiner Weg,September,16,Friday,minor,2,Stationary Traffic,Daylight,0,1,0,1,0,0,Wet,13.41001,52.39895,car + motorbike + 
199852,Tempelhof-Schöneberg,7010102,Nollendorfplatz,October,11,Sunday,minor,6,Overtaking,Daylight,0,0,1,0,0,1,Dry,13.34822,52.50239,pedestrian + other
199853,Lichtenberg,11051332,Karlshorst Süd,September,16,Friday,minor,6,Overtaking,Daylight,0,1,1,0,0,0,Wet,13.52496,52.48014,car + pedestrian + 
199854,Friedrichshain-Kreuzberg,2040701,Andreasviertel,October,9,Sunday,minor,5,Crossing,Daylight,1,1,0,0,0,0,Dry,13.43093,52.5128,bicycle + car + 
199855,Mitte,1033201,Brunnenstraße,September,16,Friday,minor,2,Stationary Traffic,Daylight,0,1,0,0,0,0,Wet,13.39408,52.54085,car + 
199856,Neukölln,8020622,Parchimer Allee,October,1,Sunday,serious,1,Paralle Traffic,Night,0,1,0,0,0,1,Dry,13.44665,52.44029,car + other
199857,Neukölln,8020620,Tempelhofer Weg,September,16,Friday,minor,3,Stationary Traffic,Daylight,0,1,0,1,0,0,Wet,13.42051,52.45216,car + motorbike + 
199858,Charlottenburg-Wilmersdorf,4041136,Hagenplatz,September,15,Friday,minor,5,Crossing,Daylight,0,1,0,0,0,1,Wet,13.27881,52.47769,car + other
199859,Reinickendorf,12304314,Ziekowstraße/Freie Scholle,October,0,Sunday,serious,5,Turning,Night,0,1,0,1,0,0,Wet,13.292,52.59058,car + motorbike + 
199860,Charlottenburg-Wilmersdorf,4030519,Kaiserin-Augusta-Allee,September,15,Friday,minor,6,Overtaking,Daylight,0,1,1,0,0,0,Wet,13.30619,52.52667,car + pedestrian + 
199861,Reinickendorf,12214424,Scharnweberstraße,October,13,Saturday,minor,2,Stationary Traffic,Daylight,0,1,0,0,0,0,Dry,13.31227,52.56792,car + 
199862,Reinickendorf,12302211,Lübarser Straße,October,16,Saturday,minor,8,Driving,Daylight,0,1,0,0,0,0,Dry,13.33471,52.60334,car + 
199863,Pankow,3050923,Weißenseer Spitze,September,11,Friday,minor,0,Driving,Daylight,1,1,1,0,0,0,Wet,13.43833,52.55517,bicycle + car + pedestrian + 
199864,Marzahn-Hellersdorf,10040932,Alt-Mahlsdorf,September,9,Friday,minor,5,Turning,Daylight,1,1,0,0,0,0,Wet,13.61262,52.50759,bicycle + car + 
199865,Friedrichshain-Kreuzberg,2010103,Moritzplatz,October,16,Saturday,minor,5,Crossing,Daylight,1,1,0,0,0,0,Dry,13.41117,52.50351,bicycle + car + 
199866,Spandau,5010208,Germersheimer Platz,September,10,Friday,minor,2,Stationary Traffic,Daylight,0,1,0,0,0,1,Wet,13.18498,52.54754,car + other
199867,Mitte,1011202,Unter den Linden Nord,October,14,Saturday,minor,0,Driving,Daylight,1,0,0,0,0,0,Dry,13.38096,52.51637,bicycle + 
199868,Treptow-Köpenick,9020702,Adlershof Ost,September,10,Friday,minor,5,Crossing,Daylight,1,1,0,0,0,0,Wet,13.54998,52.43636,bicycle + car + 
199869,Tempelhof-Schöneberg,7010101,Wittenbergplatz/Viktoria-Luise-Platz,October,20,Saturday,minor,6,Other,Night,1,0,1,0,0,0,Wet,13.34115,52.50252,bicycle + pedestrian + 
199870,Mitte,1011103,Lützowstraße,September,10,Friday,minor,5,Turning,Daylight,1,1,0,0,0,0,Wet,13.35121,52.5043,bicycle + car + 
199871,Tempelhof-Schöneberg,7050502,Fritz-Werner-Straße,October,19,Saturday,minor,5,Turning,Night,0,1,0,0,0,0,Dry,13.39005,52.43435,car + 
199872,Charlottenburg-Wilmersdorf,4030519,Kaiserin-Augusta-Allee,October,18,Saturday,minor,2,Stationary Traffic,Dawn,0,1,0,0,0,0,Wet,13.30591,52.52348,car + 
199873,Treptow-Köpenick,9051901,Dammvorstadt,October,18,Saturday,minor,9,Driving,Daylight,0,0,0,1,0,0,Dry,13.5668,52.45516,motorbike + 
199874,Charlottenburg-Wilmersdorf,4051445,Eisenzahnstraße,September,10,Friday,minor,6,Overtaking,Daylight,0,1,1,0,0,0,Wet,13.30155,52.49447,car + pedestrian + 
199875,Pankow,3050924,Behaimstraße,October,17,Saturday,minor,0,Other,Daylight,0,1,0,0,0,1,Dry,13.44775,52.55322,car + other
199876,Charlottenburg-Wilmersdorf,4020313,Königin-Elisabeth-Straße,September,9,Friday,serious,5,Crossing,Daylight,0,1,0,0,0,0,Wet,13.28147,52.51146,car + 
199877,Charlottenburg-Wilmersdorf,4030931,Breitscheidplatz,October,14,Saturday,minor,6,Turning,Daylight,0,1,1,0,0,0,Dry,13.3376,52.5036,car + pedestrian + 
199878,Reinickendorf,12103115,Breitkopfbecken,September,9,Friday,minor,5,Crossing,Daylight,1,1,0,0,0,0,Wet,13.35926,52.57425,bicycle + car + 
199879,Charlottenburg-Wilmersdorf,4030827,Karl-August-Platz,October,12,Saturday,minor,3,Stationary Traffic,Daylight,0,1,0,1,0,0,Dry,13.30719,52.50662,car + motorbike + 
199880,Spandau,5030731,Gartenfelder Straße,October,12,Saturday,minor,6,Overtaking,Daylight,0,1,1,0,0,0,Dry,13.22732,52.54676,car + pedestrian + 
199881,Treptow-Köpenick,9020701,Adlershof West,September,9,Friday,serious,5,Turning,Daylight,0,1,0,0,0,0,Wet,13.55067,52.42903,car + 
199882,Pankow,3061332,Helmholtzplatz,September,9,Friday,minor,0,Paralle Traffic,Daylight,1,0,0,0,1,0,Wet,13.41943,52.54762,bicycle + truck + 
199883,Tempelhof-Schöneberg,7060604,Marienfelde Süd,October,11,Saturday,minor,2,Turning,Daylight,0,1,0,0,0,0,Dry,13.36131,52.41259,car + 
199884,Pankow,3050920,Weißer See,October,11,Saturday,minor,5,Crossing,Daylight,0,1,0,0,0,0,Wet,13.45878,52.55028,car + 
199885,Mitte,1011103,Lützowstraße,September,9,Friday,minor,3,Stationary Traffic,Daylight,0,1,0,0,0,0,Wet,13.35106,52.50412,car + 
199886,Steglitz-Zehlendorf,6010209,Feuerbachstraße,October,7,Saturday,minor,5,Turning,Dawn,0,1,0,0,0,0,Wet,13.32847,52.46025,car + 
199887,Spandau,5010102,Goltzstraße,September,8,Friday,minor,5,Turning,Daylight,1,1,0,0,0,0,Wet,13.20839,52.56204,bicycle + car + 
199888,Steglitz-Zehlendorf,6040810,Dahlem,October,6,Saturday,minor,5,Crossing,Night,0,1,0,0,0,0,Wet,13.27067,52.45106,car + 
199889,Charlottenburg-Wilmersdorf,4051550,Leon-Jessel-Platz,October,5,Saturday,minor,2,Stationary Traffic,Night,0,1,0,0,0,0,Wet,13.31557,52.48936,car + 
199890,Mitte,1011304,Karl-Marx-Allee,October,4,Saturday,minor,5,Turning,Night,0,1,0,0,0,0,Wet,13.4181,52.51548,car + 
199891,Treptow-Köpenick,9020701,Adlershof West,September,8,Friday,minor,2,Stationary Traffic,Daylight,0,1,0,0,0,0,Wet,13.54703,52.43145,car + 
199892,Charlottenburg-Wilmersdorf,4030827,Karl-August-Platz,October,19,Saturday,minor,1,Paralle Traffic,Night,1,1,0,0,0,0,Wet,13.31405,52.5073,bicycle + car + 
199893,Neukölln,8010404,Rixdorf,September,8,Friday,minor,5,Turning,Daylight,1,1,0,0,0,0,Wet,13.45583,52.47381,bicycle + car + 
199894,Marzahn-Hellersdorf,10010207,Marzahner Promenade,October,10,Friday,minor,6,Overtaking,Daylight,0,1,1,0,0,0,Dry,13.54901,52.54345,car + pedestrian + 
199895,Lichtenberg,11040926,Weitlingstraße,October,19,Friday,minor,6,Turning,Night,0,1,1,0,0,0,Wet,13.49809,52.5097,car + pedestrian + 
199896,Treptow-Köpenick,9020802,Köllnische Vorstadt,September,8,Friday,minor,2,Stationary Traffic,Daylight,0,1,0,0,1,0,Wet,13.56203,52.43738,car + truck + 
199897,Mitte,1033102,Gesundbrunnen,October,22,Friday,minor,5,Turning,Night,0,1,0,0,0,0,Wet,13.38416,52.55591,car + 
199898,Mitte,1011201,Wilhelmstraße,September,9,Friday,minor,2,Stationary Traffic,Daylight,1,0,0,0,0,0,Wet,13.38093,52.51619,bicycle + 
199899,Steglitz-Zehlendorf,6030606,Hindenburgdamm,October,21,Friday,minor,6,Turning,Night,0,1,1,0,0,0,Wet,13.31359,52.43531,car + pedestrian + 
199900,Mitte,1022201,Stephankiez,September,7,Friday,minor,5,Other,Daylight,0,1,0,1,0,0,Wet,13.35005,52.53224,car + motorbike + 
199901,Spandau,5010314,Carl-Schurz-Straße,October,21,Friday,minor,2,Stationary Traffic,Night,0,1,0,0,0,0,Wet,13.20783,52.53883,car + 
199902,Steglitz-Zehlendorf,6040806,Fischtal,October,10,Friday,minor,2,Other,Daylight,0,1,0,1,0,0,Dry,13.25172,52.44884,car + motorbike + 
199903,Mitte,1033203,Humboldthain Nordwest,September,0,Friday,minor,1,Paralle Traffic,Night,0,1,0,0,0,0,Dry,13.38028,52.54608,car + 
199904,Charlottenburg-Wilmersdorf,4010101,Jungfernheide,September,8,Friday,serious,0,Other,Daylight,0,1,0,0,1,0,Wet,13.29106,52.54824,car + truck + 
199905,Spandau,5010312,Kurstraße,October,20,Friday,minor,6,Other,Night,0,1,1,0,0,0,Wet,13.21004,52.54899,car + pedestrian + 
199906,Tempelhof-Schöneberg,7010102,Nollendorfplatz,October,19,Friday,minor,6,Turning,Night,0,1,1,0,0,0,Wet,13.34621,52.49727,car + pedestrian + 
199907,Marzahn-Hellersdorf,10040933,Mahlsdorf Süd,September,12,Friday,serious,0,Driving,Daylight,0,0,0,1,0,0,Wet,13.59886,52.47567,motorbike + 
199908,Spandau,5020626,Adamstraße,October,19,Friday,minor,5,Crossing,Night,0,1,0,0,0,0,Wet,13.19781,52.51938,car + 
199909,Friedrichshain-Kreuzberg,2020206,Graefekiez,September,8,Friday,minor,6,Overtaking,Daylight,1,0,1,0,0,0,Wet,13.4119,52.49141,bicycle + pedestrian + 
199910,Mitte,1033202,Humboldthain Süd,October,17,Friday,minor,0,Driving,Daylight,0,0,0,1,0,0,Wet,13.38998,52.53535,motorbike + 
199911,Tempelhof-Schöneberg,7050501,Rathausstraße,September,7,Friday,minor,0,Overtaking,Daylight,1,0,1,0,0,0,Wet,13.38512,52.44807,bicycle + pedestrian + 
199912,Mitte,1011201,Wilhelmstraße,October,18,Friday,minor,5,Other,Daylight,0,1,0,1,0,0,Wet,13.38302,52.51228,car + motorbike + 
199913,Steglitz-Zehlendorf,6030501,Berlepschstraße,September,18,Thursday,minor,5,Turning,Daylight,0,1,0,0,0,0,Dry,13.23003,52.43086,car + 
199914,Charlottenburg-Wilmersdorf,4010101,Jungfernheide,October,17,Friday,minor,5,Crossing,Dawn,0,1,0,0,0,0,Wet,13.27257,52.53922,car + 
199915,Spandau,5020627,Tiefwerder,October,16,Friday,minor,2,Stationary Traffic,Daylight,0,1,0,0,0,0,Wet,13.20684,52.52919,car + 
199916,Friedrichshain-Kreuzberg,2030301,Oranienplatz,September,21,Thursday,minor,5,Turning,Night,1,0,0,0,0,1,Dry,13.41881,52.50061,bicycle + other
199917,Charlottenburg-Wilmersdorf,4061757,Forst Grunewald,September,11,Thursday,minor,9,Driving,Daylight,0,1,0,0,0,0,Dry,13.20219,52.49321,car + 
199918,Friedrichshain-Kreuzberg,2030302,Lausitzer Platz,October,16,Friday,minor,5,Crossing,Daylight,1,1,0,0,0,0,Wet,13.42683,52.50154,bicycle + car + 
199919,Charlottenburg-Wilmersdorf,4030725,Amtsgerichtsplatz,September,11,Thursday,minor,2,Stationary Traffic,Daylight,0,1,0,0,0,0,Dry,13.30313,52.50548,car + 
199920,Pankow,3020307,Buchholz,October,15,Friday,minor,0,Paralle Traffic,Daylight,1,1,0,0,0,0,Dry,13.43217,52.60441,bicycle + car + 
199921,Steglitz-Zehlendorf,6020411,Schütte-Lanz-Straße,September,13,Thursday,serious,5,Paralle Traffic,Daylight,0,1,0,1,0,0,Dry,13.34001,52.4116,car + motorbike + 
199922,Mitte,1033202,Humboldthain Süd,October,14,Friday,minor,0,Driving,Daylight,0,0,0,1,0,0,Wet,13.39209,52.53672,motorbike + 
199923,Charlottenburg-Wilmersdorf,4041343,Binger Straße,September,12,Thursday,serious,0,Other,Daylight,0,1,0,0,0,1,Dry,13.31033,52.47899,car + other
199924,Pankow,3050923,Weißenseer Spitze,October,14,Friday,minor,5,Turning,Daylight,0,1,0,0,0,0,Wet,13.42912,52.55634,car + 
199925,Spandau,5040936,Jägerallee,September,12,Thursday,serious,5,Turning,Daylight,1,1,0,0,0,0,Dry,13.12993,52.46416,bicycle + car + 