id,district,lor,street,month,hour,weekday,injury,collision,movement,light_conditions,bicycle,car,pedestrian,motorbike,truck,other_vehicle,road_conditions,longitude,latitude,Combo_type
199926,Tempelhof-Schöneberg,7040403,Manteuffelstraße,October,12,Friday,minor,5,Turning,Daylight,0,1,0,1,0,0,Dry,13.37819,52.45621,car + motorbike + 
199927,Friedrichshain-Kreuzberg,2030302,Lausitzer Platz,October,10,Friday,minor,2,Turning,Daylight,0,1,0,0,0,0,Dry,13.44206,52.50102,car + 
199928,Spandau,5010314,Carl-Schurz-Straße,September,12,Thursday,serious,6,Overtaking,Daylight,0,0,1,1,0,0,Dry,13.20602,52.53524,pedestrian + motorbike + 
199929,Reinickendorf,12214424,Scharnweberstraße,October,14,Friday,minor,2,Stationary Traffic,Daylight,0,1,0,0,0,0,Wet,13.33093,52.56231,car + 
199930,Mitte,1033201,Brunnenstraße,September,10,Thursday,minor,5,Crossing,Daylight,0,1,0,0,0,1,Dry,13.38751,52.54898,car + other
199931,Steglitz-Zehlendorf,6010207,Mittelstraße,October,13,Friday,minor,2,Stationary Traffic,Daylight,0,1,0,0,0,0,Wet,13.32947,52.45388,car + 
199932,Tempelhof-Schöneberg,7040403,Manteuffelstraße,October,5,Friday,serious,5,Turning,Night,1,1,0,0,0,0,Dry,13.37798,52.46863,bicycle + car + 
199933,Mitte,1011301,Charitéviertel,September,10,Thursday,minor,2,Stationary Traffic,Daylight,0,1,0,0,0,0,Dry,13.37518,52.53687,car + 
199934,Neukölln,8010303,Donaustraße,October,0,Friday,minor,5,Turning,Night,1,1,0,0,0,0,Dry,13.43768,52.48124,bicycle + car + 
199935,Pankow,3061131,Falkplatz,September,8,Thursday,minor,1,Paralle Traffic,Daylight,1,1,0,0,0,0,Dry,13.40589,52.54587,bicycle + car + 
199936,Charlottenburg-Wilmersdorf,4030620,Alt-Lietzow,October,0,Friday,minor,5,Crossing,Night,0,1,0,0,0,0,Dry,13.30643,52.51758,car + 
199937,Tempelhof-Schöneberg,7020203,Kaiser-Wilhelm-Platz,September,8,Thursday,minor,1,Paralle Traffic,Daylight,1,0,0,0,0,1,Dry,13.3528,52.48988,bicycle + other
199938,Friedrichshain-Kreuzberg,2030401,Reichenberger Straße,October,17,Thursday,minor,6,Other,Daylight,0,0,1,0,0,1,Dry,13.42277,52.4958,pedestrian + other
199939,Steglitz-Zehlendorf,6030503,Zehlendorf Mitte,September,8,Thursday,minor,5,Crossing,Daylight,1,1,0,0,0,0,Dry,13.25596,52.4359,bicycle + car + 
199940,Pankow,3050925,Komponistenviertel Weißensee,October,14,Thursday,minor,5,Crossing,Daylight,0,1,0,0,0,0,Wet,13.45325,52.54774,car + 
199941,Treptow-Köpenick,9020601,Schnellerstraße,October,13,Thursday,serious,5,Crossing,Daylight,0,1,0,0,0,0,Wet,13.50359,52.46072,car + 
199942,Steglitz-Zehlendorf,6020411,Schütte-Lanz-Straße,September,7,Thursday,minor,5,Crossing,Daylight,0,1,0,0,0,0,Dry,13.34034,52.4161,car + 
199943,Spandau,5010310,Eckschanze,September,7,Thursday,minor,4,Stationary Traffic,Daylight,1,0,0,0,0,0,Dry,13.20062,52.54923,bicycle + 
199944,Spandau,5030730,Zitadellenweg,October,11,Thursday,serious,4,Stationary Traffic,Daylight,0,1,0,0,0,0,Wet,13.23623,52.55009,car + 
199945,Friedrichshain-Kreuzberg,2010102,Mehringplatz,September,7,Thursday,serious,5,Crossing,Daylight,1,1,0,0,0,0,Dry,13.39584,52.49902,bicycle + car + 
199946,Neukölln,8020622,Parchimer Allee,October,11,Thursday,minor,5,Crossing,Daylight,0,1,0,0,0,0,Wet,13.4528,52.44535,car + 
199947,Pankow,3071639,Bötzowstraße,September,16,Thursday,minor,6,Other,Daylight,1,0,1,0,0,0,Dry,13.43352,52.53348,bicycle + pedestrian + 
199948,Mitte,1011302,Oranienburger Straße,October,10,Thursday,serious,0,Other,Daylight,0,1,0,0,0,0,Wet,13.40345,52.52988,car + 
199949,Lichtenberg,11020412,Hauptstraße,September,16,Thursday,minor,5,Crossing,Daylight,0,1,0,1,0,0,Dry,13.50485,52.54647,car + motorbike + 
199950,Neukölln,8010301,Reuterkiez,October,23,Thursday,minor,5,Crossing,Night,0,1,0,0,0,0,Dry,13.43604,52.48901,car + 
199951,Mitte,1033202,Humboldthain Süd,October,10,Thursday,minor,0,Driving,Daylight,0,0,0,1,0,0,Wet,13.38989,52.53527,motorbike + 
199952,Pankow,3061429,Greifswalder Straße,September,18,Thursday,minor,5,Crossing,Dawn,1,1,0,0,0,0,Dry,13.44586,52.54477,bicycle + car + 
199953,Mitte,1011301,Charitéviertel,October,9,Thursday,minor,0,Driving,Daylight,0,0,0,1,0,0,Wet,13.37859,52.52926,motorbike + 
199954,Treptow-Köpenick,9031101,Grünau,September,18,Thursday,minor,5,Crossing,Night,1,1,0,0,0,0,Dry,13.58094,52.41699,bicycle + car + 
199955,Friedrichshain-Kreuzberg,2010101,Askanischer Platz,October,4,Thursday,serious,6,Turning,Night,0,1,1,0,0,0,Wet,13.38605,52.50648,car + pedestrian + 
199956,Charlottenburg-Wilmersdorf,4031032,Halensee,September,16,Thursday,minor,5,Turning,Daylight,0,1,0,0,0,0,Dry,13.28773,52.49614,car + 
199957,Neukölln,8010118,Silbersteinstraße,October,19,Thursday,minor,5,Crossing,Night,0,1,0,0,0,1,Dry,13.43193,52.46645,car + other
199958,Pankow,3010104,Lietzengraben,September,16,Thursday,minor,2,Stationary Traffic,Daylight,0,1,0,0,0,0,Dry,13.45036,52.61919,car + 
199959,Mitte,1022102,Beusselkiez,October,16,Thursday,minor,1,Paralle Traffic,Daylight,1,1,0,0,0,0,Wet,13.32777,52.52748,bicycle + car + 
199960,Charlottenburg-Wilmersdorf,4030415,Schloßgarten,October,14,Thursday,minor,2,Stationary Traffic,Daylight,0,1,0,0,0,0,Wet,13.28381,52.51869,car + 
199961,Mitte,1011204,Leipziger Straße,September,16,Thursday,minor,5,Turning,Daylight,1,1,0,0,0,0,Dry,13.38991,52.5103,bicycle + car + 
199962,Lichtenberg,11010103,Dorf Falkenberg,October,14,Thursday,minor,1,Driving,Daylight,0,1,0,0,0,0,Wet,13.54094,52.56895,car + 
199963,Reinickendorf,12224230,Heiligensee,September,18,Thursday,minor,6,Stationary Traffic,Dawn,0,1,1,0,0,0,Dry,13.21546,52.59835,car + pedestrian + 
199964,Friedrichshain-Kreuzberg,2010103,Moritzplatz,October,18,Thursday,serious,5,Crossing,Night,0,1,0,0,0,1,Dry,13.40523,52.50518,car + other
199965,Neukölln,8020622,Parchimer Allee,September,18,Thursday,minor,5,Turning,Daylight,1,0,0,0,0,1,Dry,13.43364,52.44534,bicycle + other
199966,Mitte,1011102,Großer Tiergarten,October,18,Wednesday,serious,6,Overtaking,Dawn,0,1,1,0,0,0,Wet,13.37586,52.51776,car + pedestrian + 
199967,Pankow,3061332,Helmholtzplatz,September,15,Thursday,minor,3,Stationary Traffic,Daylight,1,1,0,0,0,0,Dry,13.42586,52.5432,bicycle + car + 
199968,Treptow-Köpenick,9051901,Dammvorstadt,October,7,Wednesday,minor,6,Turning,Daylight,0,1,1,0,0,0,Wet,13.57448,52.45282,car + pedestrian + 
199969,Steglitz-Zehlendorf,6040809,Thielallee,October,7,Wednesday,minor,0,Driving,Night,0,0,0,1,0,0,Wet,13.29942,52.45452,motorbike + 
199970,Lichtenberg,11030720,Herzbergstraße,September,14,Thursday,minor,0,Stationary Traffic,Daylight,0,1,0,0,0,1,Dry,13.49972,52.53433,car + other
199971,Charlottenburg-Wilmersdorf,4051655,Babelsberger Straße,September,14,Thursday,minor,6,Overtaking,Daylight,0,1,1,0,0,0,Dry,13.33321,52.48761,car + pedestrian + 
199972,Neukölln,8010405,Hertzbergplatz,October,7,Wednesday,minor,6,Overtaking,Night,0,1,1,0,0,0,Wet,13.44878,52.47845,car + pedestrian + 
199973,Steglitz-Zehlendorf,6010102,Schloßstraße,October,7,Wednesday,minor,3,Stationary Traffic,Daylight,1,0,0,0,0,1,Dry,13.31477,52.46397,bicycle + other
199974,Tempelhof-Schöneberg,7020201,Bayerischer Platz,September,14,Thursday,minor,5,Other,Daylight,0,1,0,1,0,0,Dry,13.34371,52.48887,car + motorbike + 
199975,Pankow,3030715,Heinersdorf,October,18,Wednesday,minor,5,Other,Daylight,0,1,0,1,0,0,Dry,13.42913,52.56161,car + motorbike + 
199976,Mitte,1044102,Schillerpark,September,14,Thursday,minor,2,Other,Daylight,0,1,0,0,0,0,Dry,13.3561,52.55534,car + 
199977,Mitte,1011102,Großer Tiergarten,October,17,Wednesday,serious,5,Turning,Daylight,0,1,0,1,0,0,Dry,13.33794,52.51375,car + motorbike + 
199978,Spandau,5030731,Gartenfelder Straße,October,17,Wednesday,minor,2,Stationary Traffic,Daylight,0,1,0,0,0,0,Wet,13.23602,52.54191,car + 
199979,Tempelhof-Schöneberg,7010101,Wittenbergplatz/Viktoria-Luise-Platz,September,18,Thursday,minor,2,Stationary Traffic,Dawn,0,1,0,0,0,0,Dry,13.34275,52.50213,car + 
199980,Neukölln,8010404,Rixdorf,October,16,Wednesday,minor,6,Turning,Daylight,0,1,1,0,0,0,Dry,13.45462,52.47466,car + pedestrian + 
199981,Mitte,1022101,Huttenkiez,October,16,Wednesday,minor,0,Driving,Daylight,0,0,0,0,0,1,Wet,13.31905,52.53113,other
199982,Mitte,1011104,Körnerstraße,September,17,Thursday,serious,3,Stationary Traffic,Daylight,0,1,0,1,0,0,Dry,13.37124,52.50493,car + motorbike + 
199983,Neukölln,8010404,Rixdorf,October,16,Wednesday,minor,1,Paralle Traffic,Daylight,1,1,0,0,0,0,Wet,13.44361,52.47064,bicycle + car + 
199984,Friedrichshain-Kreuzberg,7010104,Dennewitzplatz,September,14,Thursday,minor,3,Stationary Traffic,Daylight,0,1,0,1,0,0,Dry,13.37638,52.49157,car + motorbike + 
199985,Steglitz-Zehlendorf,6030608,Schweizer Viertel,October,16,Wednesday,minor,0,Turning,Daylight,1,0,0,0,0,1,Dry,13.30409,52.42656,bicycle + other
199986,Tempelhof-Schöneberg,7030301,Friedenau,October,23,Wednesday,serious,5,Other,Night,0,1,0,1,0,0,Dry,13.32857,52.47365,car + motorbike + 
199987,Reinickendorf,12301204,Wittenau Nord,September,18,Thursday,minor,5,Turning,Daylight,1,1,0,0,0,0,Dry,13.3252,52.59409,bicycle + car + 
199988,Neukölln,8010301,Reuterkiez,October,16,Wednesday,minor,5,Crossing,Daylight,1,0,0,1,0,0,Dry,13.43345,52.48939,bicycle + motorbike + 
199989,Tempelhof-Schöneberg,7010102,Nollendorfplatz,September,13,Thursday,minor,6,Turning,Daylight,0,1,1,0,0,0,Dry,13.34592,52.49891,car + pedestrian + 
199990,Mitte,1011306,Heine-Viertel Ost,October,22,Wednesday,minor,0,Other,Night,0,0,1,0,0,1,Dry,13.41945,52.51226,pedestrian + other
199991,Mitte,1011401,Invalidenstraße,September,17,Thursday,minor,5,Other,Daylight,0,1,0,0,0,0,Dry,13.38542,52.53121,car + 
199992,Reinickendorf,12214421,Reinickes Hof,October,15,Wednesday,minor,5,Crossing,Daylight,0,1,0,0,0,1,Dry,13.3305,52.57115,car + other
199993,Mitte,1044101,Rehberge,October,15,Wednesday,minor,2,Stationary Traffic,Daylight,0,1,0,0,0,0,Dry,13.33867,52.54326,car + 
199994,Charlottenburg-Wilmersdorf,4030620,Alt-Lietzow,September,17,Thursday,minor,1,Paralle Traffic,Daylight,0,1,0,1,0,0,Dry,13.30884,52.51679,car + motorbike + 
199995,Mitte,1044103,Westliche Müllerstraße,September,13,Thursday,minor,2,Turning,Daylight,1,1,0,0,0,0,Dry,13.34584,52.54479,bicycle + car + 
199996,Mitte,1044202,Sparrplatz,October,22,Wednesday,minor,1,Paralle Traffic,Night,1,1,0,0,0,0,Dry,13.36133,52.54467,bicycle + car + 
199997,Reinickendorf,12214424,Scharnweberstraße,October,21,Wednesday,minor,5,Turning,Night,0,1,0,0,0,0,Dry,13.32191,52.56053,car + 
199998,Charlottenburg-Wilmersdorf,4041241,Breite Straße,September,17,Thursday,minor,2,Stationary Traffic,Daylight,0,1,0,0,0,0,Dry,13.28984,52.4707,car + 
199999,Pankow,3050920,Weißer See,October,13,Wednesday,serious,6,Overtaking,Daylight,0,1,1,0,0,0,Wet,13.46567,52.55744,car + pedestrian + 
200000,Neukölln,8010214,Glasower Straße,September,17,Thursday,minor,5,Crossing,Daylight,0,1,0,0,0,0,Wet,13.43744,52.46363,car + 
200001,Mitte,2010102,Mehringplatz,October,13,Wednesday,minor,2,Stationary Traffic,Daylight,0,1,0,0,0,1,Dry,13.40435,52.50778,car + other
200002,Pankow,3040513,Schönholz,October,13,Wednesday,minor,2,Stationary Traffic,Daylight,0,1,0,0,1,0,Dry,13.38215,52.57344,car + truck + 
200003,Treptow-Köpenick,9030903,Kölner Viertel,September,0,Thursday,minor,1,Driving,Night,0,1,0,0,0,0,Wet,13.54183,52.40356,car + 
200004,Tempelhof-Schöneberg,7040405,Rathaus Tempelhof,October,12,Wednesday,serious,4,Stationary Traffic,Daylight,0,1,0,0,0,0,Dry,13.40964,52.46406,car + 
200005,Neukölln,8010303,Donaustraße,October,20,Wednesday,minor,6,Turning,Night,0,1,1,0,0,0,Dry,13.42897,52.48418,car + pedestrian + 
200006,Friedrichshain-Kreuzberg,2010103,Moritzplatz,September,7,Thursday,minor,0,Driving,Daylight,1,0,0,0,0,0,Wet,13.40962,52.50403,bicycle + 
200007,Steglitz-Zehlendorf,6010208,Bergstraße,October,12,Wednesday,minor,6,Turning,Daylight,0,1,1,0,0,0,Wet,13.32989,52.45814,car + pedestrian + 
200008,Treptow-Köpenick,9051801,Rahnsdorf/Hessenwinkel,September,8,Thursday,serious,0,Driving,Daylight,0,0,0,1,0,0,Wet,13.68344,52.44361,motorbike + 
200009,Pankow,3040818,Pankow Süd,October,20,Wednesday,minor,5,Crossing,Night,1,1,0,0,0,0,Dry,13.42772,52.56058,bicycle + car + 
200010,Neukölln,8040933,Vogelviertel Süd,October,11,Wednesday,serious,5,Crossing,Daylight,0,1,0,0,0,0,Wet,13.45874,52.44031,car + 
200011,Friedrichshain-Kreuzberg,2030301,Oranienplatz,September,1,Thursday,serious,0,Driving,Night,1,0,0,0,0,0,Wet,13.42175,52.49904,bicycle + 
200012,Pankow,3040513,Schönholz,September,8,Thursday,minor,6,Overtaking,Daylight,0,0,1,1,0,0,Dry,13.37887,52.5761,pedestrian + motorbike + 
200013,Pankow,3020209,Niederschönhausen,October,11,Wednesday,minor,5,Crossing,Daylight,0,1,0,0,0,0,Wet,13.39719,52.58681,car + 
200014,Mitte,1011301,Charitéviertel,October,18,Wednesday,minor,2,Stationary Traffic,Night,1,1,0,0,0,0,Dry,13.37717,52.52219,bicycle + car + 
200015,Tempelhof-Schöneberg,7070701,Kettinger Straße/Schillerstraße,September,19,Wednesday,minor,2,Stationary Traffic,Dawn,0,1,0,0,0,0,Dry,13.39299,52.41273,car + 
200016,Mitte,1022101,Huttenkiez,October,10,Wednesday,minor,2,Stationary Traffic,Daylight,0,1,0,0,0,0,Wet,13.32838,52.53355,car + 
200017,Friedrichshain-Kreuzberg,2050802,Boxhagener Platz,September,10,Wednesday,minor,0,Crossing,Daylight,1,0,0,0,0,0,Dry,13.45151,52.51079,bicycle + 
200018,Mitte,1011204,Leipziger Straße,September,12,Wednesday,minor,0,Driving,Daylight,1,0,0,0,0,0,Wet,13.40567,52.51412,bicycle + 
200019,Mitte,1033203,Humboldthain Nordwest,October,8,Wednesday,minor,5,Turning,Daylight,1,1,0,0,0,0,Wet,13.37958,52.54554,bicycle + car + 
200020,Tempelhof-Schöneberg,7010102,Nollendorfplatz,October,10,Wednesday,minor,2,Stationary Traffic,Daylight,0,1,0,0,0,0,Wet,13.34602,52.49626,car + 
200021,Friedrichshain-Kreuzberg,2010102,Mehringplatz,September,9,Wednesday,minor,5,Crossing,Daylight,1,1,0,0,0,0,Wet,13.39441,52.5069,bicycle + car + 
200022,Mitte,1011203,Unter den Linden Süd,October,8,Wednesday,minor,5,Turning,Daylight,1,1,0,0,0,0,Wet,13.38664,52.5119,bicycle + car + 
200023,Pankow,3030715,Heinersdorf,September,16,Wednesday,minor,5,Crossing,Daylight,0,1,0,0,0,0,Wet,13.44553,52.56507,car + 
200024,Tempelhof-Schöneberg,7050502,Fritz-Werner-Straße,October,10,Wednesday,minor,5,Turning,Daylight,0,1,0,0,0,0,Wet,13.39005,52.43435,car + 
200025,Charlottenburg-Wilmersdorf,4051446,Preußenpark,September,23,Wednesday,minor,5,Other,Night,1,1,0,0,0,0,Dry,13.31514,52.49892,bicycle + car + 
200026,Lichtenberg,11030720,Herzbergstraße,October,10,Wednesday,serious,2,Driving,Daylight,0,1,0,0,0,1,Wet,13.48527,52.53351,car + other
200027,Mitte,1011302,Oranienburger Straße,September,21,Wednesday,minor,0,Stationary Traffic,Night,1,0,1,0,0,0,Wet,13.3917,52.52717,bicycle + pedestrian + 
200028,Friedrichshain-Kreuzberg,2020204,Urbanstraße,October,8,Wednesday,minor,0,Turning,Daylight,1,1,0,0,0,0,Wet,13.40134,52.49299,bicycle + car + 
200029,Pankow,3040614,Pankow Zentrum,September,21,Wednesday,minor,0,Other,Night,0,0,0,0,0,1,Wet,13.41428,52.57215,other
200030,Friedrichshain-Kreuzberg,2040701,Andreasviertel,October,8,Wednesday,serious,5,Turning,Daylight,0,1,0,1,0,0,Wet,13.42628,52.5159,car + motorbike + 
200031,Lichtenberg,11010205,Falkenberg West,September,20,Wednesday,minor,5,Turning,Night,0,1,0,0,0,0,Wet,13.52815,52.55697,car + 
200032,Lichtenberg,11030720,Herzbergstraße,October,10,Wednesday,serious,0,Driving,Daylight,1,0,0,0,0,0,Wet,13.48742,52.52663,bicycle + 
200033,Mitte,1044203,Leopoldplatz,September,20,Wednesday,minor,6,Overtaking,Night,0,1,1,0,0,0,Wet,13.35879,52.55378,car + pedestrian + 
200034,Neukölln,8020619,Buschkrugallee Nord,October,6,Wednesday,minor,8,Driving,Night,0,1,0,0,0,0,Wet,13.45247,52.45258,car + 
200035,Steglitz-Zehlendorf,6010103,Markelstraße,October,9,Wednesday,minor,0,Driving,Daylight,0,0,0,1,0,0,Wet,13.31447,52.46507,motorbike + 
200036,Mitte,1044202,Sparrplatz,September,20,Wednesday,minor,0,Other,Night,1,1,0,0,0,0,Dry,13.35759,52.54106,bicycle + car + 
200037,Treptow-Köpenick,9010301,Baumschulenstraße,October,9,Wednesday,minor,2,Overtaking,Daylight,0,1,1,0,0,0,Wet,13.48723,52.46571,car + pedestrian + 
200038,Marzahn-Hellersdorf,10010310,Alt-Marzahn,September,19,Wednesday,minor,0,Crossing,Night,0,1,0,1,0,0,Wet,13.53978,52.54008,car + motorbike + 
200039,Charlottenburg-Wilmersdorf,4020310,Park Ruhwald,October,9,Wednesday,serious,6,Overtaking,Daylight,0,1,1,0,0,0,Wet,13.28052,52.5185,car + pedestrian + 
200040,Marzahn-Hellersdorf,10020415,Hellersdorfer Promenade,October,16,Wednesday,minor,2,Stationary Traffic,Daylight,0,1,0,0,0,1,Dry,13.60428,52.5402,car + other
200041,Mitte,1022206,Lüneburger Straße,September,19,Wednesday,serious,6,Overtaking,Night,0,0,1,0,0,1,Dry,13.37304,52.52758,pedestrian + other
200042,Treptow-Köpenick,9041501,Altstadt Kietz,October,20,Tuesday,minor,1,Driving,Night,1,1,0,0,0,0,Wet,13.57864,52.44384,bicycle + car + 
200043,Friedrichshain-Kreuzberg,2020206,Graefekiez,September,19,Wednesday,minor,5,Turning,Night,1,1,0,0,0,0,Wet,13.422,52.48699,bicycle + car + 
200044,Neukölln,8010404,Rixdorf,October,19,Tuesday,minor,6,Overtaking,Night,0,1,1,0,0,0,Wet,13.44791,52.47776,car + pedestrian + 
200045,Marzahn-Hellersdorf,10040828,Kaulsdorf Nord,September,19,Wednesday,minor,5,Crossing,Night,1,1,0,0,0,0,Wet,13.60615,52.52463,bicycle + car + 
200046,Lichtenberg,11051229,Rummelsburg,October,20,Tuesday,minor,5,Turning,Night,1,1,0,0,0,0,Wet,13.48076,52.49912,bicycle + car + 
200047,Tempelhof-Schöneberg,7030301,Friedenau,September,19,Wednesday,minor,5,Turning,Night,1,1,0,0,0,0,Wet,13.32202,52.47354,bicycle + car + 
200048,Tempelhof-Schöneberg,7020203,Kaiser-Wilhelm-Platz,October,19,Tuesday,minor,5,Crossing,Night,0,1,0,0,0,0,Wet,13.34755,52.48709,car + 
200049,Spandau,5010314,Carl-Schurz-Straße,October,18,Tuesday,minor,5,Turning,Daylight,0,1,0,0,0,0,Dry,13.19964,52.53462,car + 
200050,Mitte,1011201,Wilhelmstraße,September,14,Wednesday,minor,0,Stationary Traffic,Daylight,0,1,0,0,0,1,Dry,13.38332,52.51142,car + other
200051,Mitte,1044203,Leopoldplatz,September,18,Wednesday,minor,1,Driving,Dawn,0,1,0,0,0,0,Wet,13.36338,52.55656,car + 
200052,Pankow,3061131,Falkplatz,October,15,Tuesday,minor,5,Turning,Daylight,1,1,0,0,0,0,Dry,13.41192,52.54104,bicycle + car + 
200053,Reinickendorf,1044101,Rehberge,September,17,Wednesday,serious,5,Crossing,Daylight,0,1,0,0,0,1,Wet,13.33213,52.56178,car + other
200054,Lichtenberg,11020411,Malchower Weg,October,21,Tuesday,minor,6,Other,Night,1,0,1,0,0,0,Wet,13.52423,52.55423,bicycle + pedestrian + 
200055,Friedrichshain-Kreuzberg,2050802,Boxhagener Platz,September,17,Wednesday,minor,5,Crossing,Daylight,1,1,0,0,0,0,Wet,13.46331,52.50828,bicycle + car + 
200056,Neukölln,8010303,Donaustraße,October,11,Tuesday,minor,6,Other,Daylight,0,1,1,0,0,0,Wet,13.43556,52.4809,car + pedestrian + 
200057,Mitte,1044203,Leopoldplatz,October,17,Tuesday,minor,5,Crossing,Daylight,0,1,0,0,0,1,Wet,13.36579,52.55714,car + other
200058,Friedrichshain-Kreuzberg,2010102,Mehringplatz,September,17,Wednesday,minor,5,Crossing,Daylight,1,1,0,0,0,0,Wet,13.39615,52.49838,bicycle + car + 
200059,Mitte,1011402,Arkonaplatz,September,17,Wednesday,minor,5,Crossing,Daylight,1,1,0,0,0,0,Wet,13.40439,52.5331,bicycle + car + 
200060,Steglitz-Zehlendorf,6010206,Stadtpark,October,17,Tuesday,minor,5,Crossing,Dawn,1,1,0,0,0,0,Wet,13.33714,52.44561,bicycle + car + 
200061,Mitte,1011101,Stülerstraße,October,16,Tuesday,minor,5,Crossing,Daylight,0,1,0,0,0,1,Dry,13.34827,52.50682,car + other
200062,Tempelhof-Schöneberg,7030301,Friedenau,September,17,Wednesday,minor,5,Crossing,Daylight,1,1,0,0,0,0,Wet,13.32868,52.47293,bicycle + car + 
200063,Mitte,1033201,Brunnenstraße,October,15,Tuesday,minor,6,Other,Daylight,0,0,1,0,0,1,Wet,13.39293,52.54878,pedestrian + other
200064,Steglitz-Zehlendorf,6040702,Düppel,September,16,Wednesday,minor,5,Crossing,Daylight,1,1,0,0,0,0,Wet,13.22915,52.42643,bicycle + car + 
200065,Tempelhof-Schöneberg,7010102,Nollendorfplatz,October,16,Tuesday,minor,5,Turning,Daylight,0,1,0,1,0,0,Wet,13.34592,52.49886,car + motorbike + 
200066,Steglitz-Zehlendorf,6040703,Nikolassee,October,15,Tuesday,minor,0,Crossing,Daylight,1,1,0,0,0,0,Wet,13.21762,52.4344,bicycle + car + 
200067,Friedrichshain-Kreuzberg,2010104,Wassertorplatz,September,20,Wednesday,serious,0,Driving,Night,0,0,0,1,0,0,Wet,13.4174,52.49902,motorbike + 
200068,Charlottenburg-Wilmersdorf,4030726,Droysenstraße,October,15,Tuesday,minor,0,Driving,Daylight,0,1,0,0,0,1,Wet,13.29971,52.50047,car + other
200069,Spandau,5010206,Gütersloher Weg,September,16,Wednesday,minor,6,Overtaking,Daylight,0,1,1,0,0,0,Wet,13.15398,52.54926,car + pedestrian + 
200070,Spandau,5010312,Kurstraße,October,15,Tuesday,minor,0,Other,Daylight,0,0,0,1,0,0,Wet,13.20648,52.54326,motorbike + 
200071,Charlottenburg-Wilmersdorf,4051652,Nikolsburger Platz,September,16,Wednesday,minor,0,Stationary Traffic,Daylight,0,1,0,1,0,0,Wet,13.32354,52.49332,car + motorbike + 
200072,Charlottenburg-Wilmersdorf,4030518,Tegeler Weg,October,15,Tuesday,serious,5,Turning,Daylight,0,1,0,0,0,0,Wet,13.29742,52.52647,car + 
200073,Mitte,1044201,Reinickendorfer Straße,September,18,Wednesday,minor,0,Other,Dawn,0,0,0,1,0,0,Wet,13.38043,52.55603,motorbike + 
200074,Charlottenburg-Wilmersdorf,4030623,Ernst-Reuter-Platz,October,15,Tuesday,minor,2,Stationary Traffic,Daylight,1,1,0,0,0,0,Dry,13.32916,52.50936,bicycle + car + 
200075,Friedrichshain-Kreuzberg,2050601,Hausburgviertel,October,14,Tuesday,serious,3,Stationary Traffic,Daylight,0,1,0,0,1,0,Wet,13.44948,52.52679,car + truck + 
200076,Spandau,5030730,Zitadellenweg,September,16,Wednesday,minor,4,Driving,Daylight,0,1,0,0,0,0,Wet,13.23622,52.55011,car + 
200077,Mitte,1022207,Hansaviertel,September,8,Wednesday,minor,5,Turning,Daylight,1,1,0,0,0,0,Dry,13.33976,52.51889,bicycle + car + 
200078,Friedrichshain-Kreuzberg,2050601,Hausburgviertel,October,14,Tuesday,minor,3,Stationary Traffic,Daylight,1,1,0,0,0,0,Wet,13.45119,52.52662,bicycle + car + 
200079,Mitte,1044203,Leopoldplatz,October,14,Tuesday,minor,2,Stationary Traffic,Daylight,0,1,0,0,0,1,Wet,13.3587,52.55373,car + other
200080,Mitte,1011204,Leipziger Straße,September,8,Wednesday,minor,2,Stationary Traffic,Daylight,1,1,0,0,0,0,Wet,13.39159,52.51211,bicycle + car + 
200081,Spandau,5010312,Kurstraße,October,14,Tuesday,minor,5,Crossing,Daylight,1,1,0,0,0,0,Wet,13.20471,52.54431,bicycle + car + 
200082,Friedrichshain-Kreuzberg,2030302,Lausitzer Platz,September,16,Wednesday,minor,8,Driving,Daylight,0,1,1,0,0,0,Wet,13.43192,52.50569,car + pedestrian + 
200083,Friedrichshain-Kreuzberg,2040701,Andreasviertel,October,14,Tuesday,minor,2,Crossing,Daylight,0,1,0,0,0,0,Wet,13.42396,52.51329,car + 
200084,Lichtenberg,11020513,Orankesee,September,16,Wednesday,minor,5,Crossing,Daylight,1,1,0,0,0,0,Wet,13.48654,52.55206,bicycle + car + 
200085,Charlottenburg-Wilmersdorf,4030621,Spreestadt,October,14,Tuesday,minor,5,Turning,Daylight,1,1,0,0,0,0,Wet,13.33161,52.51334,bicycle + car + 
200086,Steglitz-Zehlendorf,6010205,Südende,September,16,Wednesday,minor,0,Stationary Traffic,Daylight,0,0,0,1,0,0,Wet,13.34962,52.44946,motorbike + 
200087,Charlottenburg-Wilmersdorf,4030930,George-Grosz-Platz,October,14,Tuesday,minor,6,Overtaking,Daylight,1,0,1,0,0,0,Wet,13.31668,52.50051,bicycle + pedestrian + 
200088,Tempelhof-Schöneberg,7040403,Manteuffelstraße,September,15,Wednesday,minor,5,Crossing,Dawn,0,1,0,0,0,0,Wet,13.37207,52.4556,car + 