id,district,lor,street,month,hour,weekday,injury,collision,movement,light_conditions,bicycle,car,pedestrian,motorbike,truck,other_vehicle,road_conditions,longitude,latitude,Combo_type
200089,Tempelhof-Schöneberg,7050505,Hundsteinweg,October,13,Tuesday,minor,2,Stationary Traffic,Daylight,0,1,0,1,0,0,Wet,13.38859,52.43916,car + motorbike + 
200090,Spandau,5010103,Amorbacher Weg,September,15,Wednesday,minor,2,Stationary Traffic,Daylight,0,1,0,0,0,0,Wet,13.19729,52.56089,car + 
200091,Charlottenburg-Wilmersdorf,4030828,Savignyplatz,October,13,Tuesday,minor,2,Stationary Traffic,Daylight,0,1,0,0,0,0,Wet,13.32041,52.506,car + 
200092,Charlottenburg-Wilmersdorf,4051445,Eisenzahnstraße,October,12,Tuesday,minor,2,Stationary Traffic,Daylight,0,1,0,0,0,0,Wet,13.3012,52.4947,car + 
200093,Steglitz-Zehlendorf,6020301,Alt-Lankwitz,September,12,Wednesday,minor,2,Stationary Traffic,Daylight,0,1,0,0,0,1,Wet,13.35072,52.43397,car + other
200094,Mitte,1033101,Soldiner Straße,October,12,Tuesday,minor,5,Crossing,Daylight,1,0,0,0,0,1,Wet,13.36976,52.55974,bicycle + other
200095,Mitte,1044201,Reinickendorfer Straße,September,15,Wednesday,minor,2,Stationary Traffic,Daylight,0,1,0,1,0,0,Wet,13.3798,52.55639,car + motorbike + 
200096,Reinickendorf,12301203,Wittenau Süd,October,11,Tuesday,minor,2,Crossing,Daylight,0,1,0,0,0,1,Wet,13.33543,52.59567,car + other
200097,Friedrichshain-Kreuzberg,2040502,Friedenstraße,September,12,Wednesday,minor,5,Crossing,Daylight,1,1,0,0,0,0,Wet,13.43419,52.52332,bicycle + car + 
200098,Treptow-Köpenick,9051702,Bölschestraße,October,11,Tuesday,minor,2,Stationary Traffic,Daylight,0,1,0,0,0,0,Wet,13.61821,52.45543,car + 
200099,Marzahn-Hellersdorf,10040828,Kaulsdorf Nord,September,12,Wednesday,minor,0,Driving,Daylight,0,0,0,1,0,0,Wet,13.5907,52.51425,motorbike + 
200100,Pankow,3040818,Pankow Süd,October,11,Tuesday,minor,6,Overtaking,Daylight,0,1,1,0,0,0,Wet,13.42187,52.56271,car + pedestrian + 
200101,Charlottenburg-Wilmersdorf,4030417,Schloßstraße,October,8,Tuesday,serious,5,Other,Daylight,0,1,0,0,0,0,Wet,13.29994,52.51839,car + 
200102,Tempelhof-Schöneberg,7060601,Marienfelder Allee Nordwest,September,11,Wednesday,minor,1,Paralle Traffic,Daylight,0,1,0,0,0,0,Wet,13.3532,52.41669,car + 
200103,Pankow,3071639,Bötzowstraße,September,11,Wednesday,minor,6,Overtaking,Daylight,0,1,1,0,0,0,Wet,13.43235,52.5353,car + pedestrian + 
200104,Pankow,3030716,Märchenland,October,7,Tuesday,minor,2,Stationary Traffic,Daylight,0,1,0,0,0,1,Wet,13.48082,52.56649,car + other
200105,Treptow-Köpenick,9010101,Elsenstraße,October,7,Tuesday,serious,6,Overtaking,Daylight,0,1,1,0,0,0,Wet,13.44142,52.49071,car + pedestrian + 
200106,Charlottenburg-Wilmersdorf,4041134,Bismarckallee,September,11,Wednesday,minor,0,Paralle Traffic,Daylight,1,1,0,0,0,0,Dry,13.28499,52.49241,bicycle + car + 
200107,Lichtenberg,11020513,Orankesee,October,11,Tuesday,minor,5,Turning,Daylight,0,1,0,0,0,1,Wet,13.48681,52.55222,car + other
200108,Steglitz-Zehlendorf,6020303,Lankwitz Kirche,September,10,Wednesday,minor,2,Turning,Daylight,0,1,0,0,0,0,Wet,13.34771,52.43529,car + 
200109,Pankow,3020203,Blankenfelde,October,10,Tuesday,minor,0,Turning,Daylight,1,1,0,0,0,0,Wet,13.39033,52.61857,bicycle + car + 
200110,Treptow-Köpenick,9051702,Bölschestraße,October,7,Tuesday,minor,5,Crossing,Daylight,1,1,0,0,0,0,Wet,13.6187,52.45528,bicycle + car + 
200111,Tempelhof-Schöneberg,7040403,Manteuffelstraße,September,10,Wednesday,minor,2,Turning,Daylight,0,1,0,0,0,0,Wet,13.38559,52.4661,car + 
200112,Friedrichshain-Kreuzberg,2010102,Mehringplatz,October,10,Tuesday,minor,6,Turning,Daylight,0,1,1,0,0,0,Wet,13.39554,52.49834,car + pedestrian + 
200113,Mitte,1022104,Emdener Straße,October,5,Tuesday,minor,2,Stationary Traffic,Night,0,1,0,0,1,0,Wet,13.32998,52.52721,car + truck + 
200114,Charlottenburg-Wilmersdorf,4030415,Schloßgarten,September,10,Wednesday,minor,6,Overtaking,Daylight,1,0,1,0,0,0,Wet,13.28924,52.51896,bicycle + pedestrian + 
200115,Charlottenburg-Wilmersdorf,4051447,Ludwigkirchplatz,October,9,Tuesday,minor,5,Crossing,Daylight,1,1,0,0,0,0,Wet,13.32185,52.49307,bicycle + car + 
200116,Friedrichshain-Kreuzberg,2010104,Wassertorplatz,October,0,Tuesday,minor,1,Stationary Traffic,Night,0,1,0,0,1,1,Dry,13.40245,52.4983,car + truck + other
200117,Steglitz-Zehlendorf,6020409,Königsberger Straße,September,15,Wednesday,serious,5,Crossing,Daylight,0,1,0,0,1,0,Wet,13.31331,52.42298,car + truck + 
200118,Pankow,3050923,Weißenseer Spitze,October,9,Tuesday,minor,5,Crossing,Daylight,1,0,0,0,0,0,Wet,13.43056,52.5518,bicycle + 
200119,Mitte,1033102,Gesundbrunnen,September,10,Wednesday,minor,2,Stationary Traffic,Daylight,0,1,0,0,0,0,Wet,13.38929,52.55015,car + 
200120,Lichtenberg,11010206,Wartenberg Süd,September,9,Monday,minor,2,Stationary Traffic,Daylight,0,1,0,0,0,0,Wet,13.51232,52.56804,car + 
200121,Neukölln,8020728,Buckow Ost,September,10,Wednesday,minor,5,Crossing,Daylight,0,1,0,0,0,0,Wet,13.4447,52.42631,car + 
200122,Mitte,1011301,Charitéviertel,September,16,Monday,serious,1,Paralle Traffic,Daylight,0,1,0,1,0,0,Wet,13.38072,52.52833,car + motorbike + 
200123,Mitte,1044201,Reinickendorfer Straße,September,15,Wednesday,minor,0,Crossing,Daylight,0,0,0,1,0,1,Wet,13.36929,52.54619,motorbike + other
200124,Marzahn-Hellersdorf,10010310,Alt-Marzahn,September,15,Monday,minor,5,Turning,Daylight,0,1,0,0,0,0,Dry,13.53959,52.5398,car + 
200125,Steglitz-Zehlendorf,6010205,Südende,September,19,Monday,minor,2,Stationary Traffic,Dawn,0,1,0,0,0,0,Wet,13.34734,52.44993,car + 
200126,Treptow-Köpenick,9020602,Oberspree,September,14,Wednesday,minor,5,Crossing,Daylight,1,1,0,0,0,0,Wet,13.52662,52.44543,bicycle + car + 
200127,Mitte,1044203,Leopoldplatz,September,9,Wednesday,minor,2,Stationary Traffic,Daylight,0,1,0,0,0,0,Wet,13.36599,52.55715,car + 
200128,Steglitz-Zehlendorf,6020408,Lichterfelde Süd,September,19,Monday,minor,5,Crossing,Night,1,1,0,0,0,0,Wet,13.30324,52.40885,bicycle + car + 
200129,Marzahn-Hellersdorf,10040931,Mahlsdorf Nord,September,17,Monday,minor,5,Turning,Daylight,1,1,0,0,0,0,Dry,13.62676,52.52998,bicycle + car + 
200130,Charlottenburg-Wilmersdorf,4020311,Reichsstraße,September,14,Wednesday,minor,3,Stationary Traffic,Daylight,0,1,0,0,0,0,Wet,13.27369,52.50837,car + 
200131,Charlottenburg-Wilmersdorf,4041137,Flinsberger Platz,September,18,Monday,minor,2,Stationary Traffic,Daylight,0,1,0,0,0,0,Wet,13.29979,52.48743,car + 
200132,Reinickendorf,12214528,Tegeler Forst,September,14,Wednesday,minor,0,Other,Daylight,0,0,0,1,0,0,Wet,13.2666,52.59808,motorbike + 
200133,Mitte,1011204,Leipziger Straße,September,17,Monday,minor,5,Crossing,Night,0,1,0,0,0,0,Dry,13.39415,52.51149,car + 
200134,Marzahn-Hellersdorf,10020414,Helle Mitte,September,13,Wednesday,minor,6,Turning,Daylight,0,1,1,0,0,0,Dry,13.60475,52.53655,car + pedestrian + 
200135,Charlottenburg-Wilmersdorf,4051549,Rathaus Wilmersdorf,September,14,Monday,minor,5,Other,Daylight,0,1,0,0,0,0,Wet,13.30842,52.48765,car + 
200136,Charlottenburg-Wilmersdorf,4051551,Brabanter Platz,September,12,Wednesday,minor,4,Stationary Traffic,Daylight,0,1,0,0,0,0,Dry,13.31994,52.47884,car + 
200137,Charlottenburg-Wilmersdorf,4030929,Hindemithplatz,October,18,Wednesday,minor,0,Overtaking,Dawn,1,0,1,0,0,0,Wet,13.31357,52.50427,bicycle + pedestrian + 
200138,Mitte,1011101,Stülerstraße,October,18,Wednesday,minor,0,Crossing,Dawn,1,1,0,0,0,0,Wet,13.34929,52.5085,bicycle + car + 
200139,Treptow-Köpenick,9020502,Oberschöneweide Ost,October,12,Wednesday,minor,6,Overtaking,Daylight,0,1,1,0,0,0,Dry,13.51607,52.46452,car + pedestrian + 
200140,Spandau,5030730,Zitadellenweg,October,17,Wednesday,minor,2,Stationary Traffic,Daylight,0,1,0,0,0,1,Wet,13.22529,52.5374,car + other
200141,Mitte,1011302,Oranienburger Straße,October,17,Wednesday,minor,2,Stationary Traffic,Daylight,0,1,0,0,0,0,Wet,13.40092,52.52963,car + 
200142,Mitte,1011402,Arkonaplatz,October,0,Wednesday,serious,0,Driving,Night,0,0,0,1,0,0,Dry,13.40359,52.53344,motorbike + 
200143,Tempelhof-Schöneberg,7020204,Schöneberger Insel,October,11,Wednesday,minor,5,Crossing,Daylight,1,1,0,0,0,0,Wet,13.36344,52.47862,bicycle + car + 
200144,Charlottenburg-Wilmersdorf,4041342,Schlangenbader Straße,October,11,Wednesday,serious,6,Turning,Daylight,0,1,1,0,0,0,Wet,13.30065,52.47395,car + pedestrian + 
200145,Pankow,3061332,Helmholtzplatz,October,11,Wednesday,minor,2,Stationary Traffic,Daylight,0,1,0,1,0,0,Wet,13.41458,52.54756,car + motorbike + 
200146,Treptow-Köpenick,9020802,Köllnische Vorstadt,October,9,Wednesday,minor,5,Crossing,Daylight,1,1,0,0,0,0,Wet,13.56603,52.44506,bicycle + car + 
200147,Mitte,1033203,Humboldthain Nordwest,October,9,Wednesday,minor,5,Other,Daylight,0,0,0,1,0,1,Wet,13.37688,52.54345,motorbike + other
200148,Pankow,3061227,Humannplatz,October,9,Wednesday,minor,1,Paralle Traffic,Daylight,1,0,0,0,1,0,Wet,13.42463,52.54714,bicycle + truck + 
200149,Spandau,5010314,Carl-Schurz-Straße,October,9,Wednesday,minor,2,Stationary Traffic,Daylight,0,1,0,0,0,1,Wet,13.20775,52.5387,car + other
200150,Pankow,3061332,Helmholtzplatz,October,9,Wednesday,minor,5,Turning,Daylight,1,1,0,0,0,0,Wet,13.42264,52.54459,bicycle + car + 
200151,Reinickendorf,12302212,Rollbergesiedlung,October,8,Wednesday,minor,5,Crossing,Daylight,0,1,0,0,0,0,Wet,13.33417,52.61047,car + 
200152,Mitte,1011301,Charitéviertel,October,8,Wednesday,minor,0,Other,Daylight,0,1,0,0,0,1,Wet,13.37937,52.5295,car + other
200153,Treptow-Köpenick,9020701,Adlershof West,October,8,Wednesday,minor,0,Crossing,Daylight,0,1,0,1,0,0,Wet,13.52681,52.43768,car + motorbike + 
200154,Charlottenburg-Wilmersdorf,4051656,Hildegardstraße,October,7,Wednesday,minor,5,Paralle Traffic,Daylight,1,1,0,0,0,0,Wet,13.32195,52.48181,bicycle + car + 
200155,Pankow,3030715,Heinersdorf,October,7,Wednesday,minor,6,Overtaking,Dawn,0,0,1,1,0,0,Dry,13.43337,52.55823,pedestrian + motorbike + 
200156,Neukölln,8020622,Parchimer Allee,October,6,Wednesday,minor,5,Turning,Night,1,1,0,0,0,0,Dry,13.43621,52.44908,bicycle + car + 
200157,Charlottenburg-Wilmersdorf,4041238,Kissinger Straße,October,19,Wednesday,fatal,6,Overtaking,Night,0,1,1,1,0,0,Wet,13.28765,52.47757,car + pedestrian + motorbike + 
200158,Treptow-Köpenick,9041501,Altstadt Kietz,October,15,Tuesday,minor,3,Stationary Traffic,Daylight,1,0,0,0,0,0,Dry,13.57504,52.4443,bicycle + 
200159,Friedrichshain-Kreuzberg,2020206,Graefekiez,October,18,Tuesday,minor,0,Driving,Dawn,0,0,0,1,0,0,Dry,13.41828,52.49377,motorbike + 
200160,Pankow,3061228,Erich-Weinert-Straße,October,15,Tuesday,serious,5,Crossing,Daylight,1,1,0,0,0,0,Dry,13.44367,52.546,bicycle + car + 
200161,Friedrichshain-Kreuzberg,2030302,Lausitzer Platz,October,22,Tuesday,minor,1,Paralle Traffic,Night,1,1,0,0,0,1,Dry,13.43096,52.50619,bicycle + car + other
200162,Mitte,1011301,Charitéviertel,October,22,Tuesday,minor,3,Stationary Traffic,Night,0,1,0,1,0,0,Dry,13.37932,52.52949,car + motorbike + 
200163,Mitte,1011105,Nördlicher Landwehrkanal,October,13,Wednesday,minor,6,Turning,Daylight,0,1,1,0,0,0,Wet,13.37189,52.50906,car + pedestrian + 
200164,Friedrichshain-Kreuzberg,2050802,Boxhagener Platz,October,21,Tuesday,minor,1,Paralle Traffic,Night,1,1,0,0,0,0,Dry,13.45484,52.51018,bicycle + car + 
200165,Charlottenburg-Wilmersdorf,4031032,Halensee,October,20,Tuesday,minor,5,Other,Night,1,1,0,0,0,0,Dry,13.29425,52.49772,bicycle + car + 
200166,Tempelhof-Schöneberg,7050505,Hundsteinweg,October,20,Tuesday,minor,2,Stationary Traffic,Night,0,1,0,0,0,0,Dry,13.39185,52.4398,car + 
200167,Mitte,1033102,Gesundbrunnen,October,18,Tuesday,minor,0,Driving,Dawn,0,0,0,1,0,0,Dry,13.3842,52.55573,motorbike + 
200168,Spandau,5010101,Hakenfelde Nord,October,16,Tuesday,minor,0,Overtaking,Daylight,0,0,1,0,0,1,Dry,13.21854,52.55851,pedestrian + other
200169,Marzahn-Hellersdorf,10010310,Alt-Marzahn,October,15,Tuesday,minor,5,Turning,Daylight,0,1,0,0,0,1,Dry,13.53958,52.5398,car + other
200170,Treptow-Köpenick,9052001,Köpenick Nord,October,15,Tuesday,minor,4,Stationary Traffic,Daylight,0,1,0,0,0,0,Dry,13.56645,52.47326,car + 
200171,Mitte,1011201,Wilhelmstraße,October,11,Tuesday,serious,0,Paralle Traffic,Daylight,0,1,0,1,0,1,Dry,13.37732,52.50836,car + motorbike + other
200172,Tempelhof-Schöneberg,7010102,Nollendorfplatz,October,14,Tuesday,minor,1,Paralle Traffic,Daylight,1,0,0,1,0,0,Dry,13.35376,52.49475,bicycle + motorbike + 
200173,Lichtenberg,11030721,Rüdigerstraße,October,11,Tuesday,serious,5,Crossing,Daylight,0,1,1,0,0,0,Dry,13.47955,52.52055,car + pedestrian + 
200174,Steglitz-Zehlendorf,6030605,Botanischer Garten,October,11,Tuesday,minor,0,Driving,Daylight,1,0,0,0,0,0,Wet,13.30048,52.44681,bicycle + 
200175,Treptow-Köpenick,9020501,Oberschöneweide West,October,11,Tuesday,minor,5,Turning,Daylight,1,0,0,0,1,0,Dry,13.51458,52.46889,bicycle + truck + 
200176,Mitte,1011302,Oranienburger Straße,October,11,Tuesday,minor,5,Turning,Daylight,1,0,0,0,0,0,Dry,13.39881,52.52888,bicycle + 
200177,Spandau,5020626,Adamstraße,October,10,Tuesday,minor,5,Turning,Daylight,1,1,0,0,0,0,Dry,13.19594,52.52729,bicycle + car + 
200178,Charlottenburg-Wilmersdorf,4041344,Rüdesheimer Platz,October,9,Tuesday,minor,1,Paralle Traffic,Daylight,1,1,0,0,0,0,Wet,13.31705,52.47022,bicycle + car + 
200179,Mitte,1011201,Wilhelmstraße,October,8,Tuesday,minor,5,Crossing,Daylight,1,0,1,0,0,0,Dry,13.38414,52.5101,bicycle + pedestrian + 
200180,Charlottenburg-Wilmersdorf,4030623,Ernst-Reuter-Platz,October,8,Tuesday,minor,2,Stationary Traffic,Daylight,0,1,0,0,0,0,Dry,13.32325,52.51118,car + 
200181,Mitte,1011306,Heine-Viertel Ost,October,9,Tuesday,minor,4,Stationary Traffic,Daylight,1,1,0,0,0,0,Dry,13.42367,52.5091,bicycle + car + 
200182,Pankow,3071536,Teutoburger Platz,October,14,Tuesday,minor,6,Overtaking,Daylight,1,0,1,0,0,0,Dry,13.40629,52.531,bicycle + pedestrian + 
200183,Mitte,1011204,Leipziger Straße,October,8,Tuesday,minor,2,Turning,Daylight,1,1,0,0,0,0,Dry,13.38993,52.50944,bicycle + car + 
200184,Tempelhof-Schöneberg,7050505,Hundsteinweg,October,14,Tuesday,minor,6,Other,Daylight,0,0,1,0,0,1,Dry,13.40438,52.43952,pedestrian + other
200185,Mitte,1022101,Huttenkiez,October,18,Tuesday,minor,0,Turning,Dawn,0,1,0,1,0,0,Dry,13.31519,52.52808,car + motorbike + 
200186,Mitte,1011103,Lützowstraße,October,14,Tuesday,minor,2,Stationary Traffic,Daylight,0,1,0,0,0,0,Dry,13.35827,52.50121,car + 
200187,Treptow-Köpenick,9010401,Johannisthal West,October,8,Tuesday,minor,0,Crossing,Daylight,0,1,0,1,0,0,Dry,13.50514,52.44505,car + motorbike + 
200188,Friedrichshain-Kreuzberg,2010104,Wassertorplatz,October,7,Tuesday,serious,2,Stationary Traffic,Daylight,0,1,0,1,0,0,Dry,13.41853,52.49878,car + motorbike + 
200189,Marzahn-Hellersdorf,10010102,Havemannstraße,October,18,Tuesday,minor,2,Other,Dawn,0,1,0,0,0,0,Dry,13.57191,52.56839,car + 
200190,Spandau,5030731,Gartenfelder Straße,October,7,Tuesday,minor,0,Stationary Traffic,Daylight,0,1,0,1,0,0,Dry,13.24182,52.53854,car + motorbike + 
200191,Spandau,5010312,Kurstraße,October,6,Tuesday,minor,5,Crossing,Dawn,1,1,0,0,0,0,Dry,13.20535,52.54178,bicycle + car + 
200192,Spandau,5010209,An der Kappe,October,17,Tuesday,minor,5,Turning,Daylight,1,1,0,0,0,0,Dry,13.17803,52.54866,bicycle + car + 
200193,Friedrichshain-Kreuzberg,2040701,Andreasviertel,October,17,Tuesday,minor,5,Crossing,Daylight,1,0,0,0,1,0,Dry,13.43091,52.5128,bicycle + truck + 
200194,Neukölln,8010301,Reuterkiez,October,13,Tuesday,minor,2,Stationary Traffic,Daylight,0,1,0,0,0,0,Dry,13.43244,52.48524,car + 
200195,Mitte,1022103,Westhafen,October,17,Tuesday,minor,5,Turning,Daylight,0,1,0,1,0,0,Dry,13.34571,52.53814,car + motorbike + 
200196,Reinickendorf,12301205,Waidmannslust,October,12,Tuesday,minor,6,Turning,Daylight,0,0,1,0,0,1,Dry,13.31497,52.61029,pedestrian + other
200197,Neukölln,8020622,Parchimer Allee,October,15,Tuesday,minor,2,Stationary Traffic,Daylight,0,1,0,0,0,0,Dry,13.43414,52.44308,car + 
200198,Pankow,3061228,Erich-Weinert-Straße,October,12,Tuesday,minor,5,Turning,Daylight,0,0,0,1,0,1,Dry,13.43231,52.54381,motorbike + other
200199,Treptow-Köpenick,9020601,Schnellerstraße,October,16,Tuesday,minor,2,Stationary Traffic,Daylight,0,0,0,0,0,1,Dry,13.49609,52.46625,other
200200,Tempelhof-Schöneberg,7040405,Rathaus Tempelhof,October,21,Monday,serious,5,Crossing,Night,0,1,0,1,0,0,Dry,13.40011,52.45907,car + motorbike + 
200201,Charlottenburg-Wilmersdorf,4010101,Jungfernheide,October,21,Monday,minor,6,Other,Night,0,0,1,0,1,0,Dry,13.29316,52.53676,pedestrian + truck + 
200202,Mitte,1022201,Stephankiez,October,20,Monday,minor,2,Stationary Traffic,Night,1,1,0,0,0,0,Dry,13.35523,52.53485,bicycle + car + 
200203,Friedrichshain-Kreuzberg,2050802,Boxhagener Platz,October,19,Monday,minor,5,Turning,Night,1,1,0,0,0,0,Dry,13.45282,52.51241,bicycle + car + 
200204,Pankow,3061430,Volkspark Prenzlauer Berg,October,18,Monday,minor,2,Turning,Dawn,1,1,0,0,0,0,Dry,13.45779,52.52903,bicycle + car + 
200205,Mitte,1011201,Wilhelmstraße,October,18,Monday,minor,6,Overtaking,Dawn,1,0,1,0,0,0,Dry,13.37774,52.50802,bicycle + pedestrian + 
200206,Charlottenburg-Wilmersdorf,4041136,Hagenplatz,October,18,Monday,minor,5,Turning,Dawn,1,1,0,0,0,0,Dry,13.28101,52.47694,bicycle + car + 
200207,Mitte,1011105,Nördlicher Landwehrkanal,October,17,Monday,minor,5,Turning,Daylight,1,1,0,0,0,0,Dry,13.36433,52.50998,bicycle + car + 
200208,Neukölln,8020625,Handwerker-Siedlung,October,17,Monday,serious,1,Paralle Traffic,Daylight,0,1,0,0,0,0,Dry,13.43528,52.43427,car + 
200209,Reinickendorf,12103218,Teichstraße,October,17,Monday,minor,1,Paralle Traffic,Dawn,0,1,0,0,0,0,Dry,13.35086,52.56808,car + 
200210,Steglitz-Zehlendorf,6010101,Fichtenberg,October,16,Monday,serious,0,Stationary Traffic,Daylight,0,1,0,0,0,1,Dry,13.31873,52.45457,car + other
200211,Marzahn-Hellersdorf,10010309,Springpfuhl,October,15,Monday,minor,5,Turning,Daylight,1,0,0,0,0,1,Dry,13.54013,52.52566,bicycle + other
200212,Pankow,3071536,Teutoburger Platz,October,15,Monday,minor,5,Other,Daylight,0,0,0,0,0,1,Dry,13.4112,52.53999,other
200213,Friedrichshain-Kreuzberg,2010102,Mehringplatz,October,15,Monday,serious,6,Overtaking,Daylight,0,1,1,0,0,0,Dry,13.39592,52.50705,car + pedestrian + 
200214,Friedrichshain-Kreuzberg,2020204,Urbanstraße,October,9,Monday,minor,2,Turning,Daylight,1,1,0,0,0,0,Dry,13.39961,52.49429,bicycle + car + 
200215,Lichtenberg,11051330,Karlshorst West,October,15,Monday,minor,5,Paralle Traffic,Daylight,0,1,0,0,0,0,Dry,13.51016,52.49031,car + 
200216,Neukölln,8010302,Bouchéstraße,October,15,Monday,minor,0,Stationary Traffic,Daylight,1,0,0,0,0,1,Dry,13.44806,52.4876,bicycle + other
200217,Spandau,5020625,Borkumer Straße,October,11,Monday,serious,5,Crossing,Daylight,1,0,0,1,0,0,Dry,13.18661,52.53259,bicycle + motorbike + 
200218,Treptow-Köpenick,9051702,Bölschestraße,October,11,Monday,minor,0,Stationary Traffic,Daylight,1,0,0,0,0,1,Dry,13.62495,52.45286,bicycle + other
200219,Treptow-Köpenick,9041401,Allende I,October,11,Monday,serious,0,Other,Daylight,1,0,0,0,0,0,Dry,13.59072,52.44656,bicycle + 
200220,Mitte,1033202,Humboldthain Süd,October,15,Monday,minor,2,Stationary Traffic,Daylight,0,1,0,1,0,0,Dry,13.39032,52.53559,car + motorbike + 
200221,Friedrichshain-Kreuzberg,2050803,Stralauer Kiez,October,8,Monday,minor,2,Stationary Traffic,Daylight,0,1,0,1,0,0,Dry,13.46907,52.50243,car + motorbike + 
200222,Spandau,5030731,Gartenfelder Straße,October,14,Monday,minor,2,Turning,Daylight,0,1,0,0,0,0,Dry,13.24753,52.53829,car + 
200223,Mitte,1044202,Sparrplatz,October,8,Monday,minor,2,Stationary Traffic,Daylight,0,1,0,0,0,0,Dry,13.36422,52.54363,car + 
200224,Reinickendorf,12214424,Scharnweberstraße,October,7,Monday,minor,5,Turning,Daylight,0,1,0,0,0,0,Dry,13.32911,52.56721,car + 
200225,Tempelhof-Schöneberg,7060604,Marienfelde Süd,October,13,Monday,minor,2,Crossing,Daylight,0,1,0,1,0,0,Dry,13.3822,52.39941,car + motorbike + 
200226,Lichtenberg,11020412,Hauptstraße,October,10,Monday,serious,6,Overtaking,Daylight,0,1,1,0,0,0,Dry,13.49786,52.5469,car + pedestrian + 
200227,Steglitz-Zehlendorf,6030609,Augustaplatz,October,6,Monday,minor,1,Paralle Traffic,Dawn,1,1,0,0,0,0,Dry,13.3082,52.44296,bicycle + car + 
200228,Charlottenburg-Wilmersdorf,4031032,Halensee,October,10,Monday,minor,5,Turning,Daylight,0,1,0,0,0,0,Dry,13.28683,52.49583,car + 
200229,Neukölln,8010118,Silbersteinstraße,October,14,Monday,minor,6,Turning,Daylight,0,1,1,0,0,0,Dry,13.43338,52.464,car + pedestrian + 
200230,Pankow,3061435,Conrad-Blenkle-Straße,October,6,Monday,minor,5,Crossing,Night,1,1,0,0,0,0,Wet,13.4491,52.52886,bicycle + car + 
200231,Treptow-Köpenick,9010401,Johannisthal West,October,10,Monday,minor,5,Paralle Traffic,Daylight,0,1,0,0,0,0,Dry,13.50767,52.45317,car + 
200232,Marzahn-Hellersdorf,10010309,Springpfuhl,October,13,Monday,serious,0,Crossing,Daylight,0,1,0,1,0,0,Dry,13.53863,52.52464,car + motorbike + 
200233,Charlottenburg-Wilmersdorf,4020310,Park Ruhwald,October,10,Monday,minor,5,Turning,Daylight,0,1,0,1,0,0,Dry,13.28283,52.51864,car + motorbike + 
200234,Charlottenburg-Wilmersdorf,4030519,Kaiserin-Augusta-Allee,October,13,Monday,minor,5,Crossing,Daylight,1,1,0,0,0,0,Dry,13.30651,52.52893,bicycle + car + 
200235,Marzahn-Hellersdorf,10020622,Kaulsdorf Nord I,October,9,Monday,minor,5,Turning,Daylight,0,1,0,0,0,0,Dry,13.58375,52.51494,car + 
200236,Friedrichshain-Kreuzberg,2010104,Wassertorplatz,October,9,Monday,minor,2,Stationary Traffic,Daylight,0,1,0,1,0,0,Dry,13.40055,52.49842,car + motorbike + 
200237,Pankow,3061131,Falkplatz,October,12,Monday,serious,5,Crossing,Daylight,1,1,0,0,0,0,Dry,13.41185,52.54105,bicycle + car + 
200238,Tempelhof-Schöneberg,7040401,Neu-Tempelhof,October,9,Monday,minor,0,Driving,Daylight,1,0,0,0,0,0,Dry,13.37732,52.47638,bicycle + 
200239,Friedrichshain-Kreuzberg,2010102,Mehringplatz,October,8,Monday,minor,0,Other,Daylight,0,0,0,1,0,0,Wet,13.40266,52.50369,motorbike + 
200240,Tempelhof-Schöneberg,7040401,Neu-Tempelhof,October,12,Monday,minor,2,Stationary Traffic,Daylight,0,1,0,0,0,0,Dry,13.37798,52.47296,car + 
200241,Neukölln,8010211,Flughafenstraße,October,16,Sunday,minor,5,Crossing,Daylight,1,1,0,0,0,0,Dry,13.42765,52.48113,bicycle + car + 
200242,Pankow,3040614,Pankow Zentrum,October,22,Sunday,serious,3,Stationary Traffic,Night,1,0,0,0,0,1,Dry,13.40831,52.56595,bicycle + other
200243,Pankow,3040614,Pankow Zentrum,October,17,Sunday,minor,4,Stationary Traffic,Daylight,1,0,0,0,0,0,Dry,13.4288,52.58054,bicycle + 
200244,Treptow-Köpenick,9041301,Kietzer Feld/Nachtheide,October,16,Sunday,minor,2,Stationary Traffic,Daylight,0,1,0,0,0,0,Wet,13.59244,52.43861,car + 
200245,Reinickendorf,12302109,Treuenbrietzener Straße,October,16,Sunday,minor,0,Driving,Daylight,0,0,0,1,0,0,Dry,13.36585,52.6046,motorbike + 
200246,Pankow,3040512,Wilhelmsruh,October,15,Sunday,minor,2,Stationary Traffic,Daylight,0,1,0,1,0,0,Dry,13.37561,52.5811,car + motorbike + 
200247,Mitte,1011101,Stülerstraße,October,15,Sunday,serious,2,Stationary Traffic,Daylight,0,1,0,1,0,0,Dry,13.34949,52.50332,car + motorbike + 
200248,Mitte,1011105,Nördlicher Landwehrkanal,October,13,Sunday,minor,5,Crossing,Daylight,1,0,0,1,0,0,Dry,13.37103,52.5111,bicycle + motorbike + 
200249,Reinickendorf,12214424,Scharnweberstraße,October,13,Sunday,minor,5,Turning,Daylight,0,1,0,0,0,1,Dry,13.32185,52.56057,car + other