id,district,lor,street,month,hour,weekday,injury,collision,movement,light_conditions,bicycle,car,pedestrian,motorbike,truck,other_vehicle,road_conditions,longitude,latitude,Combo_type
200250,Charlottenburg-Wilmersdorf,4051445,Eisenzahnstraße,October,13,Sunday,minor,5,Paralle Traffic,Daylight,0,1,0,1,0,0,Dry,13.31189,52.49135,car + motorbike + 
200251,Charlottenburg-Wilmersdorf,4020313,Königin-Elisabeth-Straße,October,12,Sunday,minor,2,Stationary Traffic,Daylight,0,1,0,0,0,0,Dry,13.2818,52.51106,car + 
200252,Neukölln,8020727,Buckow Mitte,October,11,Sunday,minor,6,Turning,Daylight,0,1,1,0,0,0,Dry,13.41702,52.41822,car + pedestrian + 
200253,Pankow,3051022,Hansastraße,October,10,Sunday,minor,5,Crossing,Daylight,0,1,0,0,0,0,Dry,13.47017,52.55361,car + 
200254,Lichtenberg,11010205,Falkenberg West,October,9,Sunday,minor,5,Other,Daylight,1,1,0,0,0,0,Dry,13.52044,52.56872,bicycle + car + 
200255,Friedrichshain-Kreuzberg,2040701,Andreasviertel,October,7,Sunday,minor,6,Other,Daylight,0,1,1,0,0,0,Dry,13.43214,52.51062,car + pedestrian + 
200256,Charlottenburg-Wilmersdorf,4010102,Plötzensee,October,6,Sunday,minor,5,Other,Night,0,1,0,0,0,0,Dry,13.31459,52.5475,car + 
200257,Mitte,1011306,Heine-Viertel Ost,October,22,Sunday,minor,5,Crossing,Night,0,1,0,0,0,0,Wet,13.41774,52.50661,car + 
200258,Pankow,3040614,Pankow Zentrum,October,22,Sunday,serious,3,Stationary Traffic,Night,1,0,0,0,0,1,Dry,13.40836,52.56597,bicycle + other
200259,Friedrichshain-Kreuzberg,2030302,Lausitzer Platz,October,20,Sunday,minor,5,Crossing,Night,0,1,0,1,0,0,Wet,13.43493,52.50147,car + motorbike + 
200260,Charlottenburg-Wilmersdorf,4030620,Alt-Lietzow,October,20,Sunday,minor,0,Driving,Night,1,0,0,0,0,0,Dry,13.31373,52.51808,bicycle + 
200261,Charlottenburg-Wilmersdorf,4031032,Halensee,October,16,Wednesday,minor,5,Turning,Daylight,0,1,0,1,0,0,Wet,13.30013,52.49442,car + motorbike + 
200262,Mitte,1011301,Charitéviertel,October,17,Tuesday,minor,0,Driving,Dawn,0,1,0,0,0,1,Wet,13.3858,52.52837,car + other
200263,Charlottenburg-Wilmersdorf,4041344,Rüdesheimer Platz,October,19,Sunday,minor,0,Driving,Night,0,0,0,1,0,0,Wet,13.31995,52.4685,motorbike + 
200264,Lichtenberg,2050801,Traveplatz,October,19,Sunday,minor,0,Driving,Night,0,0,0,1,0,0,Wet,13.47577,52.51224,motorbike + 
200265,Friedrichshain-Kreuzberg,2010104,Wassertorplatz,October,18,Sunday,minor,0,Turning,Night,1,1,0,0,0,0,Wet,13.4123,52.49867,bicycle + car + 
200266,Charlottenburg-Wilmersdorf,4030930,George-Grosz-Platz,October,18,Sunday,minor,0,Driving,Dawn,0,0,0,1,0,0,Dry,13.31919,52.50148,motorbike + 
200267,Tempelhof-Schöneberg,7050501,Rathausstraße,October,13,Saturday,minor,2,Turning,Daylight,0,1,0,0,0,0,Dry,13.37833,52.4518,car + 
200268,Steglitz-Zehlendorf,6040810,Dahlem,October,13,Saturday,minor,2,Turning,Daylight,0,1,0,0,0,0,Dry,13.27517,52.46089,car + 
200269,Mitte,1022103,Westhafen,October,18,Saturday,minor,0,Paralle Traffic,Dawn,0,1,0,1,0,0,Dry,13.34863,52.53802,car + motorbike + 
200270,Friedrichshain-Kreuzberg,2050803,Stralauer Kiez,October,15,Wednesday,serious,6,Overtaking,Daylight,0,1,1,0,0,0,Wet,13.46882,52.50247,car + pedestrian + 
200271,Steglitz-Zehlendorf,6030610,Lichterfelde West,October,23,Saturday,serious,0,Driving,Night,1,0,0,0,0,0,Dry,13.3001,52.43988,bicycle + 
200272,Pankow,3061430,Volkspark Prenzlauer Berg,October,23,Saturday,serious,2,Stationary Traffic,Night,0,1,0,1,0,0,Dry,13.4527,52.534,car + motorbike + 
200273,Mitte,1011302,Oranienburger Straße,October,15,Wednesday,minor,6,Overtaking,Daylight,0,0,1,1,0,0,Wet,13.39554,52.52896,pedestrian + motorbike + 
200274,Mitte,1044101,Rehberge,October,22,Saturday,serious,5,Turning,Dawn,1,1,0,0,0,0,Dry,13.34507,52.55429,bicycle + car + 
200275,Neukölln,8010406,Treptower Straße Nord,October,21,Saturday,minor,5,Turning,Night,0,1,0,0,0,1,Dry,13.45406,52.4826,car + other
200276,Charlottenburg-Wilmersdorf,4010101,Jungfernheide,October,22,Saturday,minor,5,Turning,Night,0,1,0,0,0,1,Dry,13.29542,52.53961,car + other
200277,Mitte,1011305,Heine-Viertel West,October,22,Saturday,minor,6,Turning,Night,0,1,1,0,0,0,Dry,13.40996,52.51061,car + pedestrian + 
200278,Neukölln,8020619,Buschkrugallee Nord,October,19,Saturday,minor,0,Paralle Traffic,Night,0,1,0,0,0,1,Dry,13.435,52.4611,car + other
200279,Mitte,1044101,Rehberge,October,18,Saturday,minor,1,Paralle Traffic,Night,0,1,0,0,0,1,Dry,13.33342,52.55957,car + other
200280,Reinickendorf,12214125,Waldidyll/Flughafensee,October,18,Saturday,minor,6,Turning,Night,0,0,1,0,0,1,Dry,13.29138,52.58103,pedestrian + other
200281,Reinickendorf,12301205,Waidmannslust,October,16,Saturday,serious,5,Crossing,Daylight,1,1,0,0,0,0,Dry,13.31903,52.61136,bicycle + car + 
200282,Neukölln,8030830,Gropiusstadt Süd,October,15,Saturday,minor,5,Crossing,Daylight,0,1,0,0,0,0,Dry,13.45,52.42801,car + 
200283,Spandau,5020625,Borkumer Straße,October,15,Saturday,serious,0,Stationary Traffic,Daylight,0,1,0,0,0,1,Dry,13.19574,52.52961,car + other
200284,Tempelhof-Schöneberg,7060604,Marienfelde Süd,October,14,Saturday,minor,5,Turning,Daylight,1,1,0,0,0,0,Dry,13.37602,52.40912,bicycle + car + 
200285,Tempelhof-Schöneberg,7010102,Nollendorfplatz,October,14,Saturday,minor,5,Other,Daylight,0,1,0,1,0,0,Dry,13.34599,52.49883,car + motorbike + 
200286,Marzahn-Hellersdorf,10010207,Marzahner Promenade,October,13,Saturday,minor,0,Stationary Traffic,Daylight,0,1,0,0,0,1,Dry,13.54292,52.54242,car + other
200287,Charlottenburg-Wilmersdorf,4030827,Karl-August-Platz,October,12,Saturday,minor,5,Crossing,Daylight,1,0,0,1,0,0,Dry,13.31439,52.51067,bicycle + motorbike + 
200288,Marzahn-Hellersdorf,10020620,Kaulsdorf Nord II,October,12,Saturday,minor,5,Turning,Daylight,0,0,0,0,0,1,Dry,13.59041,52.5295,other
200289,Treptow-Köpenick,9020701,Adlershof West,October,12,Saturday,minor,5,Crossing,Daylight,1,1,0,0,0,0,Dry,13.52677,52.43767,bicycle + car + 
200290,Steglitz-Zehlendorf,6010102,Schloßstraße,October,12,Saturday,minor,5,Crossing,Daylight,0,1,0,0,0,0,Dry,13.31951,52.4594,car + 
200291,Lichtenberg,11041128,Sewanstraße,October,11,Saturday,minor,5,Crossing,Daylight,1,1,0,0,0,0,Dry,13.52141,52.49988,bicycle + car + 
200292,Lichtenberg,11030720,Herzbergstraße,October,11,Saturday,minor,3,Stationary Traffic,Daylight,1,0,0,0,0,1,Dry,13.49976,52.52616,bicycle + other
200293,Lichtenberg,11030721,Rüdigerstraße,October,10,Saturday,minor,3,Stationary Traffic,Daylight,1,1,0,0,0,0,Dry,13.48514,52.5232,bicycle + car + 
200294,Pankow,3030715,Heinersdorf,October,10,Saturday,minor,5,Crossing,Daylight,0,1,0,0,0,0,Dry,13.44377,52.57234,car + 
200295,Lichtenberg,11010206,Wartenberg Süd,October,10,Saturday,minor,0,Crossing,Daylight,0,1,0,1,0,0,Dry,13.52042,52.57031,car + motorbike + 
200296,Charlottenburg-Wilmersdorf,4030519,Kaiserin-Augusta-Allee,October,9,Saturday,minor,5,Other,Daylight,0,1,0,1,0,0,Dry,13.30637,52.52718,car + motorbike + 
200297,Neukölln,8010301,Reuterkiez,October,1,Saturday,minor,5,Crossing,Night,0,1,0,1,0,0,Dry,13.43056,52.49256,car + motorbike + 
200298,Spandau,5010314,Carl-Schurz-Straße,October,0,Saturday,minor,6,Overtaking,Night,0,1,1,0,0,0,Dry,13.20112,52.5342,car + pedestrian + 
200299,Friedrichshain-Kreuzberg,2040502,Friedenstraße,October,19,Friday,minor,0,Stationary Traffic,Night,0,1,0,1,0,0,Dry,13.43572,52.52337,car + motorbike + 
200300,Mitte,1011202,Unter den Linden Nord,October,10,Friday,serious,6,Overtaking,Daylight,1,0,1,0,0,0,Wet,13.38347,52.51839,bicycle + pedestrian + 
200301,Lichtenberg,11051229,Rummelsburg,October,20,Friday,minor,6,Overtaking,Night,0,1,1,0,0,0,Wet,13.50143,52.48281,car + pedestrian + 
200302,Mitte,1011306,Heine-Viertel Ost,October,14,Friday,minor,5,Other,Daylight,1,0,0,0,0,1,Dry,13.42646,52.5081,bicycle + other
200303,Spandau,5020626,Adamstraße,October,13,Friday,minor,5,Turning,Daylight,0,1,0,0,0,0,Dry,13.18886,52.52175,car + 
200304,Neukölln,8010214,Glasower Straße,October,13,Friday,minor,2,Stationary Traffic,Daylight,0,1,0,0,0,0,Dry,13.44357,52.4642,car + 
200305,Lichtenberg,11030618,Fennpfuhl West,October,19,Friday,serious,5,Crossing,Night,0,1,0,0,0,1,Wet,13.4718,52.53199,car + other
200306,Mitte,1022201,Stephankiez,October,10,Friday,minor,0,Stationary Traffic,Daylight,1,1,0,0,0,0,Dry,13.35673,52.53561,bicycle + car + 
200307,Steglitz-Zehlendorf,6020301,Alt-Lankwitz,October,19,Friday,minor,5,Crossing,Night,0,1,0,0,0,0,Wet,13.36376,52.43966,car + 
200308,Pankow,3071537,Kollwitzplatz,October,19,Friday,minor,1,Paralle Traffic,Night,1,1,0,0,0,0,Wet,13.41426,52.53831,bicycle + car + 
200309,Friedrichshain-Kreuzberg,2030302,Lausitzer Platz,October,17,Friday,minor,5,Turning,Dawn,1,1,0,0,0,0,Wet,13.44202,52.50092,bicycle + car + 
200310,Charlottenburg-Wilmersdorf,4020310,Park Ruhwald,October,19,Friday,minor,5,Turning,Night,1,1,0,0,0,0,Wet,13.27994,52.52044,bicycle + car + 
200311,Reinickendorf,12224230,Heiligensee,October,6,Friday,minor,2,Stationary Traffic,Dawn,0,1,0,0,0,0,Dry,13.227,52.62686,car + 
200312,Friedrichshain-Kreuzberg,2050802,Boxhagener Platz,October,12,Wednesday,minor,0,Crossing,Daylight,1,1,0,0,0,0,Wet,13.45203,52.51069,bicycle + car + 
200313,Steglitz-Zehlendorf,6040809,Thielallee,October,18,Friday,minor,5,Crossing,Night,0,1,0,0,0,0,Wet,13.28593,52.44973,car + 
200314,Spandau,5030833,Motardstraße,October,5,Friday,minor,6,Overtaking,Night,0,0,1,1,0,0,Dry,13.27716,52.53506,pedestrian + motorbike + 
200315,Friedrichshain-Kreuzberg,2010104,Wassertorplatz,October,17,Friday,minor,5,Crossing,Dawn,1,1,0,0,0,0,Wet,13.41215,52.49871,bicycle + car + 
200316,Mitte,1033102,Gesundbrunnen,October,17,Friday,minor,5,Other,Dawn,0,1,0,1,0,0,Dry,13.38347,52.55131,car + motorbike + 
200317,Tempelhof-Schöneberg,7060601,Marienfelder Allee Nordwest,October,16,Friday,minor,2,Stationary Traffic,Daylight,0,1,0,0,0,0,Wet,13.36192,52.41417,car + 
200318,Steglitz-Zehlendorf,6030504,Teltower Damm,October,16,Friday,serious,5,Paralle Traffic,Daylight,0,1,0,0,0,0,Wet,13.26605,52.41537,car + 
200319,Tempelhof-Schöneberg,7070703,John-Locke-Straße,October,15,Friday,minor,5,Turning,Daylight,0,1,0,1,0,0,Dry,13.40232,52.38668,car + motorbike + 
200320,Lichtenberg,11020514,Große-Leege-Straße,October,14,Friday,minor,2,Stationary Traffic,Daylight,0,1,0,0,0,0,Dry,13.48807,52.5418,car + 
200321,Mitte,1022102,Beusselkiez,October,14,Friday,minor,0,Paralle Traffic,Daylight,0,0,1,0,0,1,Dry,13.32862,52.52926,pedestrian + other
200322,Charlottenburg-Wilmersdorf,4030726,Droysenstraße,October,20,Friday,minor,5,Other,Night,0,1,0,0,0,0,Wet,13.29765,52.50189,car + 
200323,Neukölln,8020620,Tempelhofer Weg,October,14,Wednesday,minor,3,Stationary Traffic,Daylight,0,1,0,0,0,1,Wet,13.42941,52.45517,car + other
200324,Charlottenburg-Wilmersdorf,4010101,Jungfernheide,October,15,Friday,minor,2,Stationary Traffic,Daylight,0,1,0,0,0,1,Dry,13.28275,52.53387,car + other
200325,Friedrichshain-Kreuzberg,2010102,Mehringplatz,October,16,Thursday,minor,6,Stationary Traffic,Daylight,0,0,1,0,0,1,Wet,13.40178,52.50612,pedestrian + other
200326,Mitte,1011204,Leipziger Straße,October,19,Thursday,minor,5,Crossing,Night,1,0,0,0,0,0,Dry,13.39408,52.50791,bicycle + 
200327,Neukölln,8010117,Schillerpromenade,October,23,Thursday,minor,2,Stationary Traffic,Night,0,1,0,0,0,0,Wet,13.42642,52.47696,car + 
200328,Mitte,1044102,Schillerpark,October,22,Thursday,minor,2,Stationary Traffic,Night,0,1,0,0,0,0,Wet,13.35261,52.55926,car + 
200329,Pankow,3010102,Buch,October,20,Thursday,minor,6,Overtaking,Night,1,0,1,0,0,0,Wet,13.4963,52.6345,bicycle + pedestrian + 
200330,Tempelhof-Schöneberg,7030301,Friedenau,October,20,Thursday,minor,6,Overtaking,Night,0,1,1,0,0,0,Wet,13.32863,52.4652,car + pedestrian + 
200331,Marzahn-Hellersdorf,10020415,Hellersdorfer Promenade,October,19,Thursday,serious,3,Stationary Traffic,Night,1,1,0,0,0,0,Wet,13.60372,52.54285,bicycle + car + 
200332,Spandau,5010314,Carl-Schurz-Straße,October,19,Thursday,serious,6,Overtaking,Night,0,1,1,0,0,0,Dry,13.19895,52.53488,car + pedestrian + 
200333,Mitte,1011204,Leipziger Straße,October,17,Thursday,minor,5,Turning,Daylight,0,1,0,0,0,0,Wet,13.4025,52.51185,car + 
200334,Tempelhof-Schöneberg,7040403,Manteuffelstraße,October,13,Wednesday,minor,6,Other,Daylight,0,0,1,0,1,0,Wet,13.37242,52.45761,pedestrian + truck + 
200335,Neukölln,8010117,Schillerpromenade,October,17,Thursday,minor,0,Crossing,Daylight,0,1,0,1,0,0,Wet,13.42381,52.47728,car + motorbike + 
200336,Lichtenberg,11051330,Karlshorst West,October,14,Wednesday,minor,3,Stationary Traffic,Daylight,1,1,0,0,0,0,Wet,13.51463,52.48765,bicycle + car + 
200337,Mitte,1011402,Arkonaplatz,October,9,Thursday,minor,0,Driving,Daylight,1,0,0,0,0,0,Wet,13.4037,52.53252,bicycle + 
200338,Steglitz-Zehlendorf,6030503,Zehlendorf Mitte,October,9,Thursday,minor,3,Stationary Traffic,Daylight,1,1,0,0,0,0,Dry,13.25913,52.43079,bicycle + car + 
200339,Tempelhof-Schöneberg,7040404,Marienhöhe,October,8,Thursday,minor,2,Stationary Traffic,Daylight,0,1,0,0,0,0,Wet,13.36658,52.44955,car + 
200340,Friedrichshain-Kreuzberg,2040701,Andreasviertel,October,6,Thursday,serious,5,Crossing,Dawn,0,1,0,0,0,0,Wet,13.42614,52.5159,car + 
200341,Pankow,3040512,Wilhelmsruh,October,6,Thursday,minor,6,Turning,Night,0,1,1,0,0,0,Wet,13.35453,52.58865,car + pedestrian + 
200342,Pankow,3051022,Hansastraße,October,13,Wednesday,minor,5,Turning,Daylight,1,1,0,0,0,0,Wet,13.47995,52.55328,bicycle + car + 
200343,Mitte,1011305,Heine-Viertel West,October,4,Thursday,minor,0,Driving,Night,0,0,0,0,0,1,Wet,13.41039,52.50652,other
200344,Tempelhof-Schöneberg,7060603,Marienfelde Nordost,October,16,Thursday,minor,5,Turning,Daylight,1,1,0,0,0,0,Dry,13.39228,52.41373,bicycle + car + 
200345,Friedrichshain-Kreuzberg,2040502,Friedenstraße,October,15,Thursday,minor,5,Turning,Daylight,0,0,0,0,0,1,Dry,13.4298,52.52311,other
200346,Friedrichshain-Kreuzberg,2050602,Samariterviertel,October,15,Thursday,minor,1,Paralle Traffic,Daylight,1,0,0,0,0,1,Dry,13.46841,52.52029,bicycle + other
200347,Mitte,1033101,Soldiner Straße,October,14,Thursday,minor,5,Turning,Daylight,0,1,0,0,0,0,Wet,13.3698,52.55971,car + 
200348,Mitte,1011202,Unter den Linden Nord,October,12,Thursday,minor,5,Crossing,Daylight,0,1,0,1,0,0,Dry,13.40103,52.51831,car + motorbike + 
200349,Friedrichshain-Kreuzberg,2020203,Viktoriapark,October,10,Thursday,minor,5,Other,Daylight,0,1,0,1,0,0,Wet,13.38418,52.48499,car + motorbike + 
200350,Spandau,5010314,Carl-Schurz-Straße,October,21,Wednesday,serious,9,Driving,Night,0,1,0,0,0,0,Dry,13.20056,52.53855,car + 
200351,Lichtenberg,11010310,Mühlengrund,October,10,Thursday,minor,6,Stationary Traffic,Daylight,1,0,1,0,0,0,Dry,13.50485,52.5634,bicycle + pedestrian + 
200352,Spandau,5010339,Freiheit,October,6,Thursday,minor,2,Stationary Traffic,Dawn,0,0,0,1,0,1,Wet,13.24555,52.52494,motorbike + other
200353,Mitte,1011201,Wilhelmstraße,October,23,Wednesday,minor,5,Turning,Night,0,1,0,0,0,0,Wet,13.37662,52.50944,car + 
200354,Mitte,1011304,Karl-Marx-Allee,October,23,Wednesday,minor,0,Driving,Night,1,0,0,0,0,0,Wet,13.42005,52.51481,bicycle + 
200355,Pankow,3040614,Pankow Zentrum,October,18,Wednesday,serious,5,Turning,Daylight,0,1,0,0,0,1,Dry,13.42949,52.5865,car + other
200356,Marzahn-Hellersdorf,10010205,Marzahn Ost,October,18,Wednesday,serious,6,Overtaking,Night,0,1,1,0,0,0,Wet,13.57844,52.55101,car + pedestrian + 
200357,Treptow-Köpenick,9041401,Allende I,October,17,Wednesday,minor,5,Turning,Daylight,0,1,0,0,0,0,Dry,13.58973,52.44614,car + 
200358,Mitte,1044103,Westliche Müllerstraße,October,16,Wednesday,minor,1,Paralle Traffic,Daylight,1,1,0,0,0,0,Dry,13.35156,52.54783,bicycle + car + 
200359,Tempelhof-Schöneberg,7010102,Nollendorfplatz,October,16,Wednesday,serious,6,Overtaking,Daylight,0,1,1,0,0,0,Dry,13.34746,52.50078,car + pedestrian + 
200360,Mitte,1011302,Oranienburger Straße,October,21,Wednesday,minor,0,Crossing,Night,0,1,0,0,0,1,Wet,13.40173,52.52896,car + other
200361,Charlottenburg-Wilmersdorf,4030929,Hindemithplatz,October,17,Wednesday,minor,2,Stationary Traffic,Daylight,0,1,0,1,0,0,Dry,13.31265,52.50011,car + motorbike + 
200362,Lichtenberg,11010102,Dorf Wartenberg,October,15,Wednesday,minor,0,Stationary Traffic,Daylight,0,1,0,0,0,1,Dry,13.51902,52.57461,car + other
200363,Lichtenberg,11040926,Weitlingstraße,October,15,Wednesday,minor,6,Overtaking,Daylight,0,0,1,0,0,1,Dry,13.49876,52.51028,pedestrian + other
200364,Charlottenburg-Wilmersdorf,4010102,Plötzensee,October,12,Wednesday,minor,2,Stationary Traffic,Daylight,0,1,0,0,0,0,Wet,13.3252,52.54151,car + 
200365,Friedrichshain-Kreuzberg,2030301,Oranienplatz,October,21,Wednesday,minor,0,Overtaking,Night,1,0,1,0,0,0,Wet,13.42032,52.49673,bicycle + pedestrian + 
200366,Charlottenburg-Wilmersdorf,4030931,Breitscheidplatz,October,15,Wednesday,minor,0,Crossing,Daylight,1,0,0,1,0,0,Dry,13.3314,52.50303,bicycle + motorbike + 
200367,Lichtenberg,11030617,Hohenschönhausener Straße,October,12,Wednesday,minor,6,Overtaking,Daylight,1,0,1,0,0,0,Wet,13.46751,52.53395,bicycle + pedestrian + 
200368,Mitte,1011302,Oranienburger Straße,October,9,Wednesday,minor,1,Driving,Daylight,1,1,0,0,0,0,Dry,13.3977,52.52376,bicycle + car + 
200369,Pankow,3040614,Pankow Zentrum,October,21,Wednesday,minor,5,Crossing,Night,1,0,0,1,0,0,Wet,13.40788,52.57321,bicycle + motorbike + 
200370,Steglitz-Zehlendorf,6030502,Zehlendorf Süd,October,20,Wednesday,minor,0,Turning,Night,0,1,0,1,0,0,Wet,13.26353,52.41133,car + motorbike + 
200371,Reinickendorf,12214527,Alt-Tegel,October,8,Wednesday,minor,1,Paralle Traffic,Daylight,1,1,0,0,0,0,Wet,13.28414,52.58922,bicycle + car + 
200372,Lichtenberg,11020412,Hauptstraße,October,7,Wednesday,minor,1,Other,Daylight,0,1,0,0,0,0,Wet,13.50393,52.54889,car + 
200373,Reinickendorf,12214424,Scharnweberstraße,October,14,Wednesday,minor,2,Stationary Traffic,Daylight,0,1,0,0,0,0,Wet,13.32135,52.56038,car + 
200374,Lichtenberg,11040925,Victoriastadt,October,12,Wednesday,minor,2,Stationary Traffic,Daylight,0,1,0,0,0,0,Wet,13.47168,52.50525,car + 
200375,Pankow,3061227,Humannplatz,October,7,Wednesday,serious,5,Turning,Daylight,0,1,0,0,0,1,Dry,13.41838,52.55329,car + other
200376,Marzahn-Hellersdorf,10010102,Havemannstraße,October,20,Wednesday,minor,0,Other,Night,0,1,0,1,0,0,Wet,13.56798,52.57359,car + motorbike + 
200377,Neukölln,8020620,Tempelhofer Weg,October,14,Wednesday,minor,2,Stationary Traffic,Daylight,0,1,0,0,0,0,Wet,13.43111,52.45247,car + 
200378,Pankow,3061126,Arnimplatz,October,14,Wednesday,minor,5,Turning,Daylight,0,1,0,0,0,0,Dry,13.40253,52.5543,car + 
200379,Treptow-Köpenick,9041601,Müggelheim,October,13,Wednesday,minor,0,Stationary Traffic,Daylight,0,1,0,0,0,1,Dry,13.66881,52.408,car + other
200380,Tempelhof-Schöneberg,7030301,Friedenau,October,12,Wednesday,minor,1,Paralle Traffic,Daylight,1,1,0,0,0,0,Wet,13.34096,52.47639,bicycle + car + 
200381,Mitte,4030931,Breitscheidplatz,October,19,Wednesday,minor,0,Other,Night,0,0,0,0,0,1,Wet,13.33882,52.50529,other
200382,Tempelhof-Schöneberg,7010102,Nollendorfplatz,October,19,Wednesday,minor,5,Turning,Night,1,1,0,0,0,0,Dry,13.35454,52.49718,bicycle + car + 
200383,Neukölln,8010301,Reuterkiez,October,5,Wednesday,minor,0,Crossing,Night,1,1,0,0,0,0,Wet,13.42778,52.48833,bicycle + car + 
200384,Friedrichshain-Kreuzberg,2030301,Oranienplatz,October,19,Wednesday,minor,3,Stationary Traffic,Night,0,1,0,0,1,0,Wet,13.42222,52.50049,car + truck + 
200385,Steglitz-Zehlendorf,6040810,Dahlem,October,11,Wednesday,serious,5,Turning,Daylight,1,1,0,0,0,0,Dry,13.29684,52.46438,bicycle + car + 
200386,Pankow,3040818,Pankow Süd,October,10,Wednesday,minor,2,Stationary Traffic,Daylight,1,1,0,0,0,0,Dry,13.41365,52.56647,bicycle + car + 
200387,Friedrichshain-Kreuzberg,2020204,Urbanstraße,October,22,Wednesday,minor,5,Crossing,Night,0,1,0,0,0,1,Wet,13.40298,52.49402,car + other
200388,Reinickendorf,12214424,Scharnweberstraße,October,7,Wednesday,minor,2,Stationary Traffic,Daylight,0,1,0,0,0,0,Dry,13.32626,52.56446,car + 
200389,Spandau,5010312,Kurstraße,October,10,Wednesday,minor,6,Other,Daylight,0,1,1,0,0,0,Dry,13.20804,52.54773,car + pedestrian + 
200390,Mitte,1011401,Invalidenstraße,October,14,Wednesday,minor,0,Driving,Daylight,0,0,0,1,0,0,Wet,13.38475,52.53103,motorbike + 
200391,Pankow,3020210,Herthaplatz,October,6,Wednesday,minor,5,Crossing,Daylight,1,0,0,0,0,1,Wet,13.40514,52.58595,bicycle + other
200392,Mitte,1011306,Heine-Viertel Ost,October,18,Wednesday,minor,2,Stationary Traffic,Night,0,1,0,0,0,0,Dry,13.42804,52.50743,car + 
200393,Treptow-Köpenick,9051702,Bölschestraße,October,6,Wednesday,serious,5,Crossing,Night,1,1,0,0,0,0,Wet,13.61724,52.45522,bicycle + car + 
200394,Charlottenburg-Wilmersdorf,4020310,Park Ruhwald,October,18,Wednesday,minor,2,Stationary Traffic,Night,0,1,0,0,0,0,Dry,13.26545,52.5208,car + 
200395,Mitte,1033101,Soldiner Straße,October,6,Wednesday,minor,6,Overtaking,Night,1,0,1,0,0,0,Wet,13.39016,52.56276,bicycle + pedestrian + 
200396,Reinickendorf,12301203,Wittenau Süd,October,6,Wednesday,minor,5,Turning,Dawn,0,1,0,0,0,0,Wet,13.32433,52.58797,car + 
200397,Mitte,1022106,Elberfelder Straße,October,10,Tuesday,minor,5,Turning,Daylight,1,1,0,0,0,0,Wet,13.33511,52.52478,bicycle + car + 
200398,Treptow-Köpenick,9010301,Baumschulenstraße,October,21,Tuesday,minor,5,Turning,Night,0,1,0,0,0,0,Wet,13.4913,52.46909,car + 
200399,Friedrichshain-Kreuzberg,2020203,Viktoriapark,October,19,Wednesday,minor,2,Stationary Traffic,Night,0,1,0,1,0,0,Wet,13.38193,52.48982,car + motorbike + 
200400,Mitte,1011302,Oranienburger Straße,October,20,Tuesday,minor,1,Paralle Traffic,Night,1,0,0,0,0,1,Wet,13.40242,52.52898,bicycle + other
200401,Pankow,3071536,Teutoburger Platz,October,18,Tuesday,minor,2,Stationary Traffic,Daylight,0,1,0,1,0,0,Wet,13.41267,52.53241,car + motorbike + 
200402,Friedrichshain-Kreuzberg,2040503,Richard-Sorge-Viertel,October,17,Tuesday,minor,6,Other,Daylight,0,1,1,0,0,0,Wet,13.44695,52.51843,car + pedestrian + 
200403,Charlottenburg-Wilmersdorf,4041344,Rüdesheimer Platz,October,18,Tuesday,serious,0,Driving,Night,1,0,0,0,0,0,Wet,13.31505,52.46951,bicycle + 
200404,Reinickendorf,12103117,Letteplatz,October,19,Wednesday,serious,6,Overtaking,Night,0,0,1,1,0,0,Wet,13.37287,52.56192,pedestrian + motorbike + 
200405,Mitte,1033101,Soldiner Straße,October,20,Tuesday,minor,6,Overtaking,Night,0,1,1,0,0,0,Wet,13.39293,52.56429,car + pedestrian + 
200406,Marzahn-Hellersdorf,10030724,Oberfeldstraße,October,7,Thursday,minor,0,Crossing,Daylight,0,0,0,1,0,1,Wet,13.55739,52.52743,motorbike + other
200407,Mitte,1011303,Alexanderplatzviertel,October,13,Thursday,minor,2,Turning,Daylight,1,1,0,0,0,0,Dry,13.41027,52.52853,bicycle + car + 
200408,Reinickendorf,12103218,Teichstraße,October,5,Thursday,minor,5,Other,Night,0,1,0,0,0,1,Wet,13.34668,52.56689,car + other
200409,Spandau,5030731,Gartenfelder Straße,October,6,Thursday,minor,2,Turning,Dawn,0,1,0,0,0,0,Wet,13.23192,52.53927,car + 
200410,Tempelhof-Schöneberg,7040406,Germaniagarten,October,13,Thursday,minor,1,Paralle Traffic,Daylight,0,0,0,0,1,1,Dry,13.41723,52.46018,truck + other
200411,Neukölln,8010118,Silbersteinstraße,October,6,Thursday,minor,2,Turning,Night,0,1,0,1,0,0,Wet,13.42966,52.47047,car + motorbike + 
200412,Spandau,5030833,Motardstraße,October,12,Thursday,minor,2,Other,Daylight,0,1,0,0,0,0,Wet,13.2608,52.53718,car + 