id,district,lor,street,month,hour,weekday,injury,collision,movement,light_conditions,bicycle,car,pedestrian,motorbike,truck,other_vehicle,road_conditions,longitude,latitude,Combo_type
200413,Tempelhof-Schöneberg,7060603,Marienfelde Nordost,October,12,Thursday,minor,0,Driving,Daylight,1,0,0,0,0,0,Wet,13.38329,52.41119,bicycle + 
200414,Mitte,1033101,Soldiner Straße,October,6,Thursday,minor,0,Driving,Night,0,0,0,1,0,0,Wet,13.38691,52.5595,motorbike + 
200415,Mitte,1033102,Gesundbrunnen,October,9,Thursday,minor,2,Turning,Daylight,0,1,0,0,0,0,Wet,13.38363,52.55141,car + 
200416,Mitte,1033202,Humboldthain Süd,October,6,Thursday,minor,2,Stationary Traffic,Night,0,1,0,0,1,0,Wet,13.39134,52.53624,car + truck + 
200417,Mitte,1011102,Großer Tiergarten,October,8,Thursday,serious,1,Paralle Traffic,Daylight,1,0,0,0,0,1,Wet,13.37349,52.52017,bicycle + other
200418,Tempelhof-Schöneberg,7060603,Marienfelde Nordost,October,10,Thursday,minor,2,Stationary Traffic,Daylight,0,1,0,0,0,0,Wet,13.39228,52.41462,car + 
200419,Tempelhof-Schöneberg,7040404,Marienhöhe,October,8,Thursday,minor,5,Turning,Daylight,1,1,0,0,0,0,Wet,13.36587,52.44919,bicycle + car + 
200420,Mitte,1033101,Soldiner Straße,October,9,Thursday,minor,1,Paralle Traffic,Daylight,1,1,0,0,0,0,Dry,13.37697,52.55765,bicycle + car + 
200421,Pankow,3030716,Märchenland,October,8,Thursday,minor,2,Stationary Traffic,Daylight,0,1,0,0,0,0,Wet,13.47751,52.56692,car + 
200422,Reinickendorf,12103219,Schäfersee,October,8,Thursday,minor,2,Stationary Traffic,Daylight,0,1,0,0,0,0,Wet,13.33569,52.56508,car + 
200423,Mitte,1011301,Charitéviertel,October,8,Thursday,minor,5,Turning,Daylight,1,1,0,0,0,0,Wet,13.38055,52.53259,bicycle + car + 
200424,Charlottenburg-Wilmersdorf,4020310,Park Ruhwald,October,8,Thursday,serious,0,Other,Daylight,1,0,0,0,0,0,Wet,13.28153,52.5184,bicycle + 
200425,Steglitz-Zehlendorf,6030609,Augustaplatz,October,12,Wednesday,minor,5,Crossing,Daylight,1,1,0,0,0,0,Dry,13.30551,52.44201,bicycle + car + 
200426,Spandau,5020626,Adamstraße,October,18,Wednesday,minor,5,Crossing,Night,0,1,0,1,0,0,Dry,13.19597,52.52723,car + motorbike + 
200427,Pankow,3071536,Teutoburger Platz,October,9,Wednesday,minor,5,Turning,Daylight,1,0,0,0,0,1,Dry,13.4111,52.53067,bicycle + other
200428,Charlottenburg-Wilmersdorf,4030931,Breitscheidplatz,October,18,Wednesday,minor,5,Crossing,Night,1,1,0,0,0,0,Dry,13.32525,52.50253,bicycle + car + 
200429,Tempelhof-Schöneberg,7070703,John-Locke-Straße,October,20,Wednesday,minor,5,Turning,Night,0,1,0,0,0,0,Dry,13.40676,52.39377,car + 
200430,Charlottenburg-Wilmersdorf,4030620,Alt-Lietzow,October,10,Thursday,minor,5,Crossing,Daylight,1,1,0,0,0,0,Dry,13.31366,52.51541,bicycle + car + 
200431,Pankow,3051021,Buschallee,October,20,Wednesday,minor,5,Crossing,Night,1,1,0,0,0,0,Dry,13.46844,52.55703,bicycle + car + 
200432,Pankow,3071537,Kollwitzplatz,October,19,Wednesday,minor,5,Crossing,Night,1,1,0,0,0,0,Dry,13.41829,52.53662,bicycle + car + 
200433,Charlottenburg-Wilmersdorf,4010103,Paul-Hertz-Siedlung,October,6,Thursday,minor,0,Stationary Traffic,Dawn,0,1,0,1,0,0,Dry,13.29387,52.53366,car + motorbike + 
200434,Neukölln,8030830,Gropiusstadt Süd,October,14,Thursday,minor,5,Other,Daylight,0,1,0,0,0,0,Dry,13.45007,52.42818,car + 
200435,Steglitz-Zehlendorf,6020411,Schütte-Lanz-Straße,October,16,Wednesday,minor,5,Crossing,Daylight,0,1,0,0,0,0,Dry,13.32982,52.41084,car + 
200436,Charlottenburg-Wilmersdorf,4020209,Eichkamp,October,14,Wednesday,serious,5,Crossing,Daylight,1,0,0,0,0,0,Dry,13.26346,52.50043,bicycle + 
200437,Neukölln,8041035,Blumenviertel,October,14,Wednesday,minor,5,Crossing,Daylight,1,1,0,0,0,0,Dry,13.47639,52.43472,bicycle + car + 
200438,Mitte,1033102,Gesundbrunnen,October,17,Wednesday,minor,6,Overtaking,Night,1,0,1,0,0,0,Dry,13.3922,52.55456,bicycle + pedestrian + 
200439,Reinickendorf,12301204,Wittenau Nord,October,13,Wednesday,minor,1,Paralle Traffic,Daylight,0,1,0,0,0,0,Dry,13.32211,52.59512,car + 
200440,Spandau,5030730,Zitadellenweg,October,17,Wednesday,serious,0,Driving,Daylight,0,0,0,1,0,0,Dry,13.21314,52.53859,motorbike + 
200441,Charlottenburg-Wilmersdorf,4020311,Reichsstraße,October,13,Wednesday,minor,6,Overtaking,Daylight,0,1,1,0,0,0,Dry,13.25676,52.5163,car + pedestrian + 
200442,Charlottenburg-Wilmersdorf,4020209,Eichkamp,October,17,Wednesday,minor,5,Turning,Daylight,1,1,0,0,0,0,Dry,13.26445,52.49264,bicycle + car + 
200443,Friedrichshain-Kreuzberg,2050601,Hausburgviertel,October,9,Thursday,serious,6,Overtaking,Daylight,1,0,1,0,0,0,Dry,13.44726,52.52637,bicycle + pedestrian + 
200444,Pankow,3040818,Pankow Süd,October,17,Wednesday,minor,1,Paralle Traffic,Dawn,1,1,0,0,0,1,Wet,13.41405,52.5631,bicycle + car + other
200445,Steglitz-Zehlendorf,6010206,Stadtpark,October,7,Thursday,serious,0,Overtaking,Daylight,1,0,1,0,0,0,Dry,13.33492,52.45093,bicycle + pedestrian + 
200446,Friedrichshain-Kreuzberg,2010102,Mehringplatz,October,14,Wednesday,minor,6,Other,Daylight,0,1,1,0,0,0,Dry,13.39274,52.50223,car + pedestrian + 
200447,Friedrichshain-Kreuzberg,2020203,Viktoriapark,October,16,Wednesday,minor,5,Turning,Daylight,1,1,0,0,0,0,Dry,13.37664,52.48741,bicycle + car + 
200448,Treptow-Köpenick,9010101,Elsenstraße,October,7,Wednesday,minor,5,Turning,Daylight,1,0,0,0,0,1,Dry,13.45406,52.4889,bicycle + other
200449,Mitte,1044101,Rehberge,October,16,Wednesday,serious,1,Paralle Traffic,Daylight,0,1,0,0,0,0,Dry,13.33763,52.54144,car + 
200450,Neukölln,8041037,Alt-Rudow,October,16,Wednesday,minor,5,Other,Daylight,0,1,0,1,0,0,Dry,13.4931,52.4299,car + motorbike + 
200451,Mitte,1022207,Hansaviertel,October,16,Wednesday,minor,3,Stationary Traffic,Daylight,1,0,0,0,1,0,Dry,13.33734,52.51587,bicycle + truck + 
200452,Neukölln,8030829,Gropiusstadt Nord,October,15,Wednesday,minor,2,Stationary Traffic,Daylight,0,1,0,0,0,0,Dry,13.45944,52.43262,car + 
200453,Reinickendorf,12231101,Hermsdorf,October,15,Wednesday,minor,3,Stationary Traffic,Daylight,0,1,0,1,0,0,Dry,13.32585,52.62545,car + motorbike + 
200454,Steglitz-Zehlendorf,6020409,Königsberger Straße,October,15,Wednesday,minor,5,Turning,Daylight,1,1,0,0,0,0,Dry,13.31229,52.43034,bicycle + car + 
200455,Lichtenberg,11040926,Weitlingstraße,October,15,Wednesday,minor,5,Crossing,Daylight,1,1,0,0,0,0,Dry,13.49639,52.50345,bicycle + car + 
200456,Friedrichshain-Kreuzberg,2020202,Rathaus Yorckstraße,October,8,Thursday,minor,0,Stationary Traffic,Daylight,0,0,0,1,0,1,Dry,13.38423,52.49566,motorbike + other
200457,Spandau,5020625,Borkumer Straße,October,12,Wednesday,minor,6,Other,Daylight,0,1,1,0,0,0,Dry,13.19557,52.53356,car + pedestrian + 
200458,Pankow,3020209,Niederschönhausen,October,10,Wednesday,minor,5,Turning,Daylight,1,0,0,0,0,1,Dry,13.40616,52.58169,bicycle + other
200459,Tempelhof-Schöneberg,7040405,Rathaus Tempelhof,October,7,Thursday,minor,2,Stationary Traffic,Daylight,0,1,0,0,0,1,Wet,13.38955,52.45704,car + other
200460,Mitte,1044103,Westliche Müllerstraße,October,10,Wednesday,minor,5,Turning,Daylight,1,1,0,0,0,0,Dry,13.35206,52.5503,bicycle + car + 
200461,Marzahn-Hellersdorf,10030726,Alt-Biesdorf,October,10,Wednesday,minor,5,Crossing,Daylight,1,0,0,0,0,0,Dry,13.55256,52.50563,bicycle + 
200462,Mitte,1011105,Nördlicher Landwehrkanal,October,9,Wednesday,minor,6,Overtaking,Daylight,0,1,1,0,0,0,Dry,13.37644,52.50785,car + pedestrian + 
200463,Pankow,3040614,Pankow Zentrum,October,8,Wednesday,minor,5,Crossing,Daylight,1,0,0,0,0,1,Dry,13.40073,52.56556,bicycle + other
200464,Tempelhof-Schöneberg,7020204,Schöneberger Insel,October,8,Wednesday,minor,5,Turning,Daylight,1,0,0,0,0,0,Dry,13.36786,52.4831,bicycle + 
200465,Tempelhof-Schöneberg,7010101,Wittenbergplatz/Viktoria-Luise-Platz,October,8,Wednesday,minor,2,Stationary Traffic,Daylight,0,1,0,0,0,0,Dry,13.33941,52.4996,car + 
200466,Friedrichshain-Kreuzberg,2030401,Reichenberger Straße,October,13,Wednesday,minor,1,Other,Daylight,1,1,0,0,0,0,Dry,13.43379,52.49569,bicycle + car + 
200467,Marzahn-Hellersdorf,10010310,Alt-Marzahn,October,7,Wednesday,minor,0,Other,Daylight,0,1,0,0,0,0,Dry,13.56951,52.54565,car + 
200468,Friedrichshain-Kreuzberg,2010104,Wassertorplatz,October,7,Wednesday,minor,0,Stationary Traffic,Daylight,0,1,0,1,0,0,Dry,13.40273,52.4983,car + motorbike + 
200469,Mitte,1033202,Humboldthain Süd,October,7,Wednesday,minor,5,Other,Daylight,1,1,0,0,0,0,Dry,13.38617,52.53897,bicycle + car + 
200470,Tempelhof-Schöneberg,7020202,Volkspark (Rudolf-Wilde-Park),October,7,Wednesday,minor,2,Other,Daylight,0,1,0,0,0,0,Dry,13.34463,52.48558,car + 
200471,Treptow-Köpenick,9052001,Köpenick Nord,October,7,Wednesday,minor,2,Stationary Traffic,Daylight,0,1,0,0,0,0,Dry,13.55326,52.46951,car + 
200472,Spandau,5010206,Gütersloher Weg,October,6,Thursday,minor,0,Driving,Night,0,0,0,1,0,0,Wet,13.16436,52.55143,motorbike + 
200473,Neukölln,8010508,Weiße Siedlung,October,13,Wednesday,minor,0,Turning,Daylight,0,1,1,0,0,0,Dry,13.45831,52.47261,car + pedestrian + 
200474,Spandau,5040934,Alt-Gatow,October,7,Wednesday,serious,6,Overtaking,Night,0,1,1,0,0,0,Dry,13.18265,52.4861,car + pedestrian + 
200475,Reinickendorf,12214527,Alt-Tegel,October,13,Wednesday,minor,5,Turning,Daylight,1,1,0,0,0,0,Dry,13.28144,52.59263,bicycle + car + 
200476,Neukölln,8010214,Glasower Straße,October,12,Wednesday,minor,5,Other,Daylight,1,1,0,0,0,0,Dry,13.44109,52.46394,bicycle + car + 
200477,Treptow-Köpenick,9030901,Dorf Altglienicke,October,6,Wednesday,minor,1,Paralle Traffic,Night,1,1,0,0,0,0,Dry,13.53586,52.42232,bicycle + car + 
200478,Reinickendorf,12214423,Mellerbogen,October,5,Wednesday,minor,1,Paralle Traffic,Night,0,1,0,0,0,1,Wet,13.3205,52.57595,car + other
200479,Treptow-Köpenick,9020701,Adlershof West,October,12,Wednesday,minor,0,Other,Daylight,0,1,0,1,0,0,Dry,13.52846,52.4291,car + motorbike + 
200480,Lichtenberg,11030619,Fennpfuhl Ost,October,12,Wednesday,minor,5,Turning,Daylight,0,1,0,0,0,1,Dry,13.47598,52.5329,car + other
200481,Spandau,5020626,Adamstraße,October,11,Wednesday,minor,1,Paralle Traffic,Daylight,1,0,0,0,0,1,Dry,13.19776,52.52241,bicycle + other
200482,Mitte,1044203,Leopoldplatz,October,11,Wednesday,minor,2,Stationary Traffic,Daylight,0,1,0,0,0,0,Dry,13.35617,52.55283,car + 
200483,Steglitz-Zehlendorf,6040703,Nikolassee,October,1,Wednesday,serious,9,Driving,Night,0,1,0,0,0,0,Dry,13.2002,52.44112,car + 
200484,Charlottenburg-Wilmersdorf,4030623,Ernst-Reuter-Platz,October,16,Tuesday,minor,2,Stationary Traffic,Daylight,1,1,0,0,0,0,Dry,13.32335,52.51089,bicycle + car + 
200485,Mitte,1011301,Charitéviertel,October,8,Thursday,minor,5,Turning,Daylight,1,1,0,0,0,0,Dry,13.38046,52.52273,bicycle + car + 
200486,Pankow,3061429,Greifswalder Straße,October,18,Tuesday,minor,6,Other,Dawn,0,1,1,0,0,0,Dry,13.44042,52.54075,car + pedestrian + 
200487,Charlottenburg-Wilmersdorf,4051446,Preußenpark,October,19,Tuesday,minor,2,Stationary Traffic,Night,0,1,0,1,0,0,Dry,13.30854,52.49573,car + motorbike + 
200488,Marzahn-Hellersdorf,10010309,Springpfuhl,October,19,Tuesday,minor,5,Crossing,Night,0,1,0,0,0,0,Dry,13.53858,52.52462,car + 
200489,Neukölln,8020619,Buschkrugallee Nord,October,19,Tuesday,minor,5,Other,Night,0,1,0,1,0,0,Dry,13.44916,52.45251,car + motorbike + 
200490,Friedrichshain-Kreuzberg,2030402,Wrangelkiez,October,19,Tuesday,minor,1,Paralle Traffic,Night,1,0,0,0,0,1,Dry,13.447,52.49836,bicycle + other
200491,Lichtenberg,2050602,Samariterviertel,October,19,Tuesday,minor,2,Stationary Traffic,Night,0,1,0,0,0,0,Dry,13.47753,52.51467,car + 
200492,Spandau,5010209,An der Kappe,October,19,Tuesday,serious,6,Overtaking,Night,0,1,1,0,0,0,Dry,13.16609,52.54189,car + pedestrian + 
200493,Lichtenberg,11020412,Hauptstraße,October,22,Tuesday,minor,5,Turning,Night,0,1,0,0,0,0,Dry,13.50959,52.54637,car + 
200494,Pankow,3020209,Niederschönhausen,October,22,Tuesday,minor,5,Turning,Night,0,1,0,1,0,0,Dry,13.40055,52.58041,car + motorbike + 
200495,Charlottenburg-Wilmersdorf,4030623,Ernst-Reuter-Platz,October,15,Tuesday,minor,0,Stationary Traffic,Daylight,1,0,0,0,0,1,Dry,13.32467,52.51018,bicycle + other
200496,Mitte,1033203,Humboldthain Nordwest,October,13,Tuesday,minor,2,Turning,Daylight,1,1,0,0,0,0,Dry,13.37049,52.54536,bicycle + car + 
200497,Treptow-Köpenick,9010202,Köpenicker Landstraße,October,12,Tuesday,minor,5,Crossing,Daylight,0,1,0,0,0,0,Dry,13.47953,52.48444,car + 
200498,Pankow,3061227,Humannplatz,October,19,Thursday,minor,3,Stationary Traffic,Night,0,1,0,1,0,0,Dry,13.42413,52.54736,car + motorbike + 
200499,Reinickendorf,12214424,Scharnweberstraße,October,12,Tuesday,minor,6,Overtaking,Daylight,0,0,1,0,0,1,Dry,13.32819,52.56462,pedestrian + other
200500,Spandau,5010314,Carl-Schurz-Straße,October,10,Tuesday,minor,0,Turning,Daylight,0,1,0,0,0,1,Dry,13.20039,52.53654,car + other
200501,Treptow-Köpenick,9010301,Baumschulenstraße,October,10,Tuesday,minor,5,Turning,Daylight,1,1,0,0,0,0,Dry,13.48978,52.46785,bicycle + car + 
200502,Pankow,3040818,Pankow Süd,October,22,Thursday,minor,1,Paralle Traffic,Night,0,1,0,0,0,0,Dry,13.42708,52.55563,car + 
200503,Steglitz-Zehlendorf,6030609,Augustaplatz,October,9,Tuesday,minor,2,Stationary Traffic,Daylight,1,1,0,0,0,0,Dry,13.31549,52.44584,bicycle + car + 
200504,Tempelhof-Schöneberg,7060603,Marienfelde Nordost,October,17,Tuesday,minor,2,Turning,Daylight,0,1,0,1,0,0,Dry,13.3825,52.41107,car + motorbike + 
200505,Pankow,3040818,Pankow Süd,October,17,Tuesday,minor,6,Overtaking,Daylight,0,1,1,0,0,0,Dry,13.41216,52.56271,car + pedestrian + 
200506,Neukölln,8010404,Rixdorf,October,17,Tuesday,minor,0,Other,Daylight,1,0,0,0,0,0,Dry,13.43956,52.47998,bicycle + 
200507,Treptow-Köpenick,9010202,Köpenicker Landstraße,October,16,Tuesday,minor,2,Stationary Traffic,Daylight,0,1,0,0,0,0,Dry,13.47872,52.47162,car + 
200508,Tempelhof-Schöneberg,7060603,Marienfelde Nordost,October,8,Tuesday,minor,2,Stationary Traffic,Daylight,0,1,0,0,0,1,Dry,13.38048,52.42384,car + other
200509,Treptow-Köpenick,9020701,Adlershof West,October,6,Tuesday,minor,5,Crossing,Daylight,1,1,0,0,0,0,Dry,13.5351,52.43972,bicycle + car + 
200510,Reinickendorf,12301203,Wittenau Süd,October,1,Tuesday,serious,9,Driving,Night,0,1,0,0,0,0,Dry,13.3401,52.58809,car + 
200511,Tempelhof-Schöneberg,7050502,Fritz-Werner-Straße,October,7,Thursday,minor,0,Driving,Daylight,1,0,0,0,0,0,Wet,13.37474,52.43451,bicycle + 
200512,Spandau,5030731,Gartenfelder Straße,October,7,Tuesday,minor,5,Crossing,Daylight,0,1,0,1,0,0,Dry,13.24332,52.54383,car + motorbike + 
200513,Reinickendorf,12301206,Lübars,October,16,Tuesday,minor,1,Paralle Traffic,Daylight,0,1,0,1,0,0,Dry,13.34383,52.6077,car + motorbike + 
200514,Charlottenburg-Wilmersdorf,4031032,Halensee,October,16,Tuesday,minor,2,Stationary Traffic,Daylight,0,1,0,1,0,0,Dry,13.29958,52.49407,car + motorbike + 
200515,Mitte,1022103,Westhafen,October,15,Tuesday,minor,5,Turning,Daylight,1,0,0,0,1,0,Dry,13.35438,52.53679,bicycle + truck + 
200516,Friedrichshain-Kreuzberg,2020203,Viktoriapark,October,16,Tuesday,minor,1,Paralle Traffic,Daylight,1,1,0,0,0,0,Dry,13.3766,52.48586,bicycle + car + 
200517,Mitte,1022204,Thomasiusstraße,October,7,Tuesday,minor,6,Turning,Dawn,0,1,1,0,0,0,Dry,13.34651,52.52493,car + pedestrian + 
200518,Spandau,5020627,Tiefwerder,October,15,Tuesday,minor,2,Stationary Traffic,Daylight,0,1,0,0,0,0,Dry,13.20973,52.52782,car + 
200519,Steglitz-Zehlendorf,6020305,Gemeindepark Lankwitz,October,15,Tuesday,minor,6,Turning,Daylight,0,1,1,0,0,0,Dry,13.353,52.43323,car + pedestrian + 
200520,Reinickendorf,12214125,Waldidyll/Flughafensee,October,7,Tuesday,minor,2,Stationary Traffic,Daylight,0,1,0,0,0,0,Dry,13.30008,52.5792,car + 
200521,Steglitz-Zehlendorf,6010207,Mittelstraße,October,15,Tuesday,minor,3,Stationary Traffic,Daylight,1,1,0,0,0,0,Dry,13.31932,52.45224,bicycle + car + 
200522,Charlottenburg-Wilmersdorf,4030725,Amtsgerichtsplatz,October,15,Tuesday,minor,6,Overtaking,Daylight,0,0,1,1,0,0,Dry,13.29712,52.51044,pedestrian + motorbike + 
200523,Spandau,5030833,Motardstraße,October,15,Tuesday,minor,5,Turning,Daylight,1,1,0,0,0,0,Dry,13.24983,52.53811,bicycle + car + 
200524,Steglitz-Zehlendorf,6020305,Gemeindepark Lankwitz,October,14,Tuesday,minor,6,Overtaking,Daylight,0,1,1,0,0,0,Dry,13.34797,52.42412,car + pedestrian + 
200525,Friedrichshain-Kreuzberg,2040503,Richard-Sorge-Viertel,October,6,Tuesday,minor,5,Crossing,Daylight,0,1,0,1,0,0,Dry,13.4434,52.51794,car + motorbike + 
200526,Neukölln,8041036,Zittauer Straße,October,7,Tuesday,minor,0,Crossing,Night,1,1,0,0,0,0,Wet,13.47935,52.41909,bicycle + car + 
200527,Mitte,1011105,Nördlicher Landwehrkanal,October,17,Monday,minor,5,Crossing,Dawn,1,1,0,0,0,0,Dry,13.35862,52.50689,bicycle + car + 
200528,Spandau,5020627,Tiefwerder,October,17,Monday,minor,2,Stationary Traffic,Daylight,0,1,0,0,0,0,Dry,13.20865,52.5284,car + 
200529,Mitte,1033202,Humboldthain Süd,October,15,Monday,minor,6,Turning,Daylight,0,1,1,0,0,0,Dry,13.38289,52.54223,car + pedestrian + 
200530,Pankow,3040513,Schönholz,October,16,Monday,minor,2,Turning,Daylight,0,1,0,0,0,1,Dry,13.38068,52.57441,car + other
200531,Neukölln,8041038,Waßmannsdorfer Chaussee,October,16,Monday,minor,5,Crossing,Daylight,1,0,0,0,0,1,Dry,13.49858,52.41039,bicycle + other
200532,Pankow,3030711,Blankenburg,October,16,Monday,minor,5,Crossing,Daylight,0,1,0,0,0,0,Dry,13.44655,52.59535,car + 
200533,Charlottenburg-Wilmersdorf,4030417,Schloßstraße,October,15,Monday,minor,5,Crossing,Daylight,1,1,0,0,0,0,Dry,13.30108,52.51541,bicycle + car + 
200534,Neukölln,8041039,Frauenviertel,October,15,Monday,minor,5,Turning,Daylight,1,1,0,0,0,0,Dry,13.50065,52.40089,bicycle + car + 
200535,Pankow,3061131,Falkplatz,October,13,Monday,minor,6,Other,Daylight,0,0,1,0,0,1,Dry,13.40266,52.54673,pedestrian + other
200536,Steglitz-Zehlendorf,6040703,Nikolassee,October,19,Monday,serious,5,Turning,Daylight,0,1,0,0,0,0,Dry,13.2241,52.42949,car + 
200537,Pankow,3071536,Teutoburger Platz,October,15,Monday,minor,1,Paralle Traffic,Daylight,1,0,0,0,0,1,Dry,13.4093,52.53816,bicycle + other
200538,Lichtenberg,11030824,Frankfurter Allee Süd,October,14,Monday,serious,5,Crossing,Daylight,1,0,0,0,0,1,Dry,13.47646,52.50962,bicycle + other
200539,Spandau,5010312,Kurstraße,October,14,Monday,serious,5,Crossing,Daylight,1,1,0,0,0,0,Dry,13.20136,52.5477,bicycle + car + 
200540,Charlottenburg-Wilmersdorf,4051448,Schaperstraße,October,14,Monday,minor,2,Stationary Traffic,Daylight,0,1,0,0,0,0,Dry,13.33583,52.49936,car + 
200541,Tempelhof-Schöneberg,7040401,Neu-Tempelhof,October,8,Thursday,serious,6,Overtaking,Daylight,0,0,1,1,0,0,Dry,13.39439,52.48397,pedestrian + motorbike + 
200542,Spandau,5020523,Maulbeerallee,October,14,Monday,serious,2,Stationary Traffic,Daylight,0,1,0,0,0,0,Dry,13.16419,52.51976,car + 
200543,Steglitz-Zehlendorf,6040805,Fischerhüttenstraße,October,14,Monday,minor,5,Crossing,Daylight,1,0,0,0,0,1,Dry,13.24925,52.43625,bicycle + other
200544,Lichtenberg,11040926,Weitlingstraße,October,13,Monday,minor,5,Crossing,Daylight,1,1,0,0,0,0,Dry,13.50629,52.50881,bicycle + car + 
200545,Friedrichshain-Kreuzberg,2040701,Andreasviertel,October,19,Monday,minor,5,Turning,Night,1,0,0,0,0,1,Dry,13.43969,52.51391,bicycle + other
200546,Steglitz-Zehlendorf,6010204,Munsterdamm,October,19,Monday,minor,0,Turning,Night,0,1,0,1,0,0,Dry,13.34804,52.45129,car + motorbike + 
200547,Neukölln,8010406,Treptower Straße Nord,October,19,Monday,minor,1,Paralle Traffic,Night,1,1,0,0,0,0,Dry,13.44795,52.48439,bicycle + car + 
200548,Mitte,1011305,Heine-Viertel West,October,19,Monday,minor,5,Turning,Night,1,1,0,0,0,0,Dry,13.40879,52.51198,bicycle + car + 
200549,Treptow-Köpenick,9010302,Späthsfelde,October,19,Monday,minor,4,Stationary Traffic,Night,0,1,0,0,0,0,Dry,13.48548,52.44884,car + 
200550,Mitte,1044102,Schillerpark,October,8,Thursday,minor,1,Other,Daylight,0,1,0,0,0,0,Wet,13.3666,52.55776,car + 
200551,Friedrichshain-Kreuzberg,2030302,Lausitzer Platz,October,19,Monday,minor,1,Paralle Traffic,Night,1,1,0,0,0,0,Dry,13.42549,52.50073,bicycle + car + 
200552,Mitte,1011302,Oranienburger Straße,October,18,Monday,minor,0,Driving,Dawn,1,0,0,0,0,0,Wet,13.3932,52.52491,bicycle + 
200553,Mitte,1011203,Unter den Linden Süd,October,8,Thursday,minor,5,Crossing,Daylight,0,1,0,0,0,0,Dry,13.39165,52.51222,car + 
200554,Mitte,1011305,Heine-Viertel West,October,1,Monday,minor,0,Driving,Night,1,0,0,0,0,0,Dry,13.41319,52.5085,bicycle + 
200555,Steglitz-Zehlendorf,6030608,Schweizer Viertel,October,19,Thursday,serious,0,Crossing,Night,0,1,0,1,0,0,Dry,13.30079,52.42369,car + motorbike + 
200556,Spandau,5030730,Zitadellenweg,October,11,Monday,minor,2,Stationary Traffic,Daylight,0,1,0,0,1,0,Dry,13.23234,52.54255,car + truck + 
200557,Pankow,3030711,Blankenburg,October,12,Monday,minor,2,Stationary Traffic,Daylight,0,1,0,0,0,0,Dry,13.44443,52.59054,car + 
200558,Tempelhof-Schöneberg,7030301,Friedenau,October,12,Monday,minor,5,Crossing,Daylight,0,1,0,0,0,0,Dry,13.32186,52.47349,car + 
200559,Lichtenberg,11020515,Landsberger Allee,October,10,Monday,minor,1,Other,Daylight,0,1,0,0,0,0,Dry,13.49423,52.53641,car + 
200560,Pankow,3050924,Behaimstraße,October,9,Monday,minor,5,Crossing,Daylight,0,1,0,1,0,0,Dry,13.44624,52.54991,car + motorbike + 
200561,Charlottenburg-Wilmersdorf,4051653,Prager Platz,October,8,Monday,minor,2,Stationary Traffic,Daylight,0,1,0,0,0,0,Dry,13.33103,52.48913,car + 
200562,Treptow-Köpenick,9051901,Dammvorstadt,October,8,Monday,minor,0,Turning,Daylight,1,1,0,0,0,0,Dry,13.59319,52.45239,bicycle + car + 
200563,Mitte,2040701,Andreasviertel,October,8,Monday,minor,0,Stationary Traffic,Daylight,1,1,0,0,0,0,Dry,13.42436,52.51377,bicycle + car + 
200564,Lichtenberg,11030824,Frankfurter Allee Süd,October,6,Thursday,minor,5,Crossing,Night,1,1,0,0,0,0,Wet,13.47621,52.51257,bicycle + car + 
200565,Mitte,1011301,Charitéviertel,October,8,Monday,minor,5,Crossing,Daylight,1,1,0,0,0,0,Dry,13.37788,52.53184,bicycle + car + 
200566,Marzahn-Hellersdorf,10020414,Helle Mitte,October,8,Monday,minor,5,Crossing,Daylight,1,1,0,0,0,0,Dry,13.60215,52.53611,bicycle + car + 
200567,Reinickendorf,12224230,Heiligensee,October,7,Monday,minor,4,Stationary Traffic,Dawn,1,0,0,0,0,0,Wet,13.24132,52.61802,bicycle + 
200568,Friedrichshain-Kreuzberg,2050602,Samariterviertel,October,7,Monday,minor,0,Driving,Daylight,0,1,0,1,0,0,Wet,13.471,52.51533,car + motorbike + 
200569,Charlottenburg-Wilmersdorf,4020310,Park Ruhwald,October,7,Thursday,minor,0,Stationary Traffic,Daylight,0,0,0,1,0,0,Wet,13.27759,52.52668,motorbike + 
200570,Steglitz-Zehlendorf,6030504,Teltower Damm,October,7,Monday,minor,0,Turning,Dawn,1,1,0,0,0,0,Wet,13.26478,52.41937,bicycle + car + 
200571,Treptow-Köpenick,9020701,Adlershof West,October,6,Monday,minor,5,Turning,Night,0,1,0,0,0,0,Dry,13.55068,52.42918,car + 
200572,Neukölln,8020728,Buckow Ost,October,15,Sunday,serious,2,Stationary Traffic,Daylight,0,1,0,0,0,0,Dry,13.44491,52.41762,car + 
200573,Steglitz-Zehlendorf,6040810,Dahlem,October,10,Sunday,serious,1,Driving,Daylight,0,1,0,0,0,0,Dry,13.27746,52.46516,car + 
200574,Mitte,1044101,Rehberge,October,21,Sunday,minor,5,Turning,Night,0,1,0,0,0,0,Dry,13.33754,52.55865,car + 
200575,Reinickendorf,12103117,Letteplatz,October,19,Sunday,serious,5,Turning,Night,1,1,0,0,0,0,Dry,13.37048,52.56406,bicycle + car + 
200576,Spandau,5020419,Magistratsweg,October,17,Sunday,minor,5,Turning,Dawn,0,1,0,0,0,0,Dry,13.14159,52.53243,car + 