id,district,lor,street,month,hour,weekday,injury,collision,movement,light_conditions,bicycle,car,pedestrian,motorbike,truck,other_vehicle,road_conditions,longitude,latitude,Combo_type
200577,Reinickendorf,12103218,Teichstraße,October,16,Sunday,minor,2,Stationary Traffic,Daylight,0,1,0,0,0,0,Dry,13.33617,52.56552,car + 
200578,Treptow-Köpenick,9010402,Johannisthal Ost,October,3,Sunday,serious,8,Driving,Night,0,1,0,0,0,0,Dry,13.51318,52.42947,car + 
200579,Neukölln,8010214,Glasower Straße,October,9,Sunday,minor,1,Paralle Traffic,Daylight,0,1,0,0,0,1,Dry,13.44728,52.46426,car + other
200580,Charlottenburg-Wilmersdorf,4031032,Halensee,October,12,Sunday,minor,2,Stationary Traffic,Daylight,0,1,0,0,0,0,Dry,13.29102,52.49709,car + 
200581,Friedrichshain-Kreuzberg,2040502,Friedenstraße,October,15,Sunday,minor,6,Overtaking,Daylight,0,1,1,0,0,0,Dry,13.43192,52.52315,car + pedestrian + 
200582,Friedrichshain-Kreuzberg,2020203,Viktoriapark,October,11,Saturday,minor,0,Other,Daylight,1,1,0,0,0,0,Dry,13.37677,52.49123,bicycle + car + 
200583,Tempelhof-Schöneberg,7060604,Marienfelde Süd,October,12,Saturday,minor,0,Stationary Traffic,Daylight,0,1,0,0,0,0,Dry,13.37037,52.40937,car + 
200584,Treptow-Köpenick,9010101,Elsenstraße,October,19,Saturday,serious,5,Turning,Night,0,1,0,1,0,0,Dry,13.45472,52.49421,car + motorbike + 
200585,Spandau,5030730,Zitadellenweg,October,18,Saturday,serious,2,Other,Daylight,0,1,0,1,0,1,Dry,13.21621,52.53796,car + motorbike + other
200586,Mitte,1011303,Alexanderplatzviertel,October,22,Saturday,minor,0,Driving,Night,0,0,0,0,0,1,Dry,13.4103,52.51734,other
200587,Neukölln,8010508,Weiße Siedlung,October,19,Saturday,minor,5,Crossing,Night,0,1,0,0,0,0,Dry,13.46472,52.47033,car + 
200588,Steglitz-Zehlendorf,6020407,Thermometersiedlung,October,17,Saturday,minor,5,Crossing,Dawn,0,1,0,0,0,1,Dry,13.314,52.41097,car + other
200589,Neukölln,8010214,Glasower Straße,October,17,Saturday,serious,6,Overtaking,Dawn,0,1,1,0,0,0,Wet,13.43992,52.46381,car + pedestrian + 
200590,Steglitz-Zehlendorf,6010207,Mittelstraße,October,16,Saturday,minor,2,Turning,Daylight,0,1,0,0,0,0,Dry,13.32066,52.4517,car + 
200591,Mitte,1022106,Elberfelder Straße,October,16,Saturday,minor,3,Stationary Traffic,Daylight,0,1,0,1,0,0,Dry,13.33391,52.52448,car + motorbike + 
200592,Spandau,5030832,Rohrdamm,October,15,Saturday,minor,5,Turning,Daylight,0,1,0,0,0,0,Dry,13.27184,52.53661,car + 
200593,Friedrichshain-Kreuzberg,2030301,Oranienplatz,October,15,Saturday,minor,5,Crossing,Daylight,1,1,0,0,0,0,Dry,13.41932,52.49916,bicycle + car + 
200594,Tempelhof-Schöneberg,7010101,Wittenbergplatz/Viktoria-Luise-Platz,October,16,Saturday,serious,0,Driving,Daylight,0,0,0,0,0,1,Wet,13.34256,52.49724,other
200595,Charlottenburg-Wilmersdorf,4030931,Breitscheidplatz,October,8,Thursday,minor,5,Turning,Daylight,0,1,0,0,0,0,Dry,13.33082,52.50043,car + 
200596,Spandau,5010101,Hakenfelde Nord,October,14,Saturday,minor,6,Overtaking,Daylight,0,1,1,0,0,0,Dry,13.21472,52.56472,car + pedestrian + 
200597,Lichtenberg,11020411,Malchower Weg,October,19,Thursday,minor,6,Overtaking,Night,0,0,1,0,0,1,Dry,13.49905,52.56121,pedestrian + other
200598,Mitte,1011302,Oranienburger Straße,October,14,Saturday,minor,1,Paralle Traffic,Daylight,1,1,0,0,0,0,Dry,13.38986,52.52348,bicycle + car + 
200599,Neukölln,8010214,Glasower Straße,October,13,Saturday,minor,6,Overtaking,Daylight,1,0,1,0,0,0,Wet,13.43673,52.46633,bicycle + pedestrian + 
200600,Lichtenberg,11010207,Wartenberg Nord,October,11,Saturday,minor,6,Other,Daylight,0,0,1,0,0,1,Dry,13.50982,52.57646,pedestrian + other
200601,Friedrichshain-Kreuzberg,2030302,Lausitzer Platz,October,2,Saturday,minor,1,Paralle Traffic,Night,1,1,0,0,0,1,Wet,13.43416,52.49964,bicycle + car + other
200602,Tempelhof-Schöneberg,7010102,Nollendorfplatz,October,18,Friday,minor,5,Turning,Night,1,0,0,1,0,0,Wet,13.34617,52.50099,bicycle + motorbike + 
200603,Tempelhof-Schöneberg,7010104,Dennewitzplatz,October,3,Friday,serious,0,Driving,Night,1,0,0,0,0,0,Wet,13.37048,52.49275,bicycle + 
200604,Neukölln,8010405,Hertzbergplatz,October,3,Friday,minor,5,Turning,Night,1,0,0,0,0,1,Dry,13.44424,52.48171,bicycle + other
200605,Tempelhof-Schöneberg,7010102,Nollendorfplatz,October,11,Friday,minor,5,Turning,Daylight,1,1,0,0,0,0,Dry,13.34686,52.50086,bicycle + car + 
200606,Tempelhof-Schöneberg,7010103,Barbarossaplatz,October,11,Friday,minor,1,Other,Daylight,0,1,0,1,0,0,Dry,13.35662,52.49363,car + motorbike + 
200607,Pankow,3020307,Buchholz,October,8,Thursday,minor,5,Crossing,Daylight,1,0,0,0,0,1,Wet,13.43718,52.5944,bicycle + other
200608,Charlottenburg-Wilmersdorf,4030726,Droysenstraße,October,11,Friday,minor,6,Other,Daylight,0,1,1,0,0,0,Dry,13.30218,52.49901,car + pedestrian + 
200609,Charlottenburg-Wilmersdorf,4030417,Schloßstraße,October,19,Thursday,minor,1,Paralle Traffic,Night,1,1,0,0,0,0,Dry,13.29303,52.51154,bicycle + car + 
200610,Lichtenberg,11010205,Falkenberg West,October,11,Friday,minor,5,Crossing,Daylight,0,1,0,0,0,1,Dry,13.52823,52.55697,car + other
200611,Friedrichshain-Kreuzberg,2020203,Viktoriapark,October,12,Friday,minor,5,Crossing,Daylight,1,0,0,0,0,0,Dry,13.37426,52.48782,bicycle + 
200612,Friedrichshain-Kreuzberg,2040502,Friedenstraße,October,12,Friday,minor,5,Turning,Daylight,0,0,0,0,1,1,Dry,13.43963,52.52384,truck + other
200613,Neukölln,8020622,Parchimer Allee,October,12,Friday,minor,5,Turning,Daylight,0,0,0,0,1,1,Dry,13.43419,52.44296,truck + other
200614,Lichtenberg,11010205,Falkenberg West,October,10,Friday,minor,0,Overtaking,Daylight,0,0,1,0,0,1,Wet,13.52456,52.56206,pedestrian + other
200615,Charlottenburg-Wilmersdorf,4020314,Messegelände,October,10,Friday,minor,3,Turning,Daylight,0,1,0,0,1,0,Dry,13.27895,52.50355,car + truck + 
200616,Mitte,1022206,Lüneburger Straße,October,10,Friday,minor,2,Stationary Traffic,Daylight,1,1,0,0,0,0,Wet,13.37056,52.52338,bicycle + car + 
200617,Charlottenburg-Wilmersdorf,4051448,Schaperstraße,October,9,Friday,minor,0,Driving,Daylight,0,0,0,1,0,0,Wet,13.32931,52.49497,motorbike + 
200618,Mitte,1033202,Humboldthain Süd,October,9,Friday,serious,5,Crossing,Daylight,1,1,0,0,0,0,Wet,13.37985,52.54018,bicycle + car + 
200619,Friedrichshain-Kreuzberg,2010101,Askanischer Platz,October,5,Thursday,minor,9,Driving,Dawn,0,1,0,0,0,0,Dry,13.38775,52.50321,car + 
200620,Friedrichshain-Kreuzberg,2040701,Andreasviertel,October,8,Friday,minor,1,Paralle Traffic,Daylight,1,1,0,0,0,0,Dry,13.4275,52.51683,bicycle + car + 
200621,Spandau,5020419,Magistratsweg,October,7,Thursday,minor,2,Stationary Traffic,Daylight,0,1,0,0,0,1,Dry,13.14979,52.53276,car + other
200622,Tempelhof-Schöneberg,7040405,Rathaus Tempelhof,October,8,Friday,minor,5,Turning,Daylight,0,1,0,0,1,0,Wet,13.40314,52.46343,car + truck + 
200623,Charlottenburg-Wilmersdorf,4051655,Babelsberger Straße,October,8,Friday,minor,2,Other,Daylight,0,0,0,1,1,0,Wet,13.328,52.47871,motorbike + truck + 
200624,Lichtenberg,11030721,Rüdigerstraße,October,7,Thursday,minor,2,Other,Daylight,0,1,0,0,1,0,Wet,13.48592,52.521,car + truck + 
200625,Charlottenburg-Wilmersdorf,4030930,George-Grosz-Platz,October,7,Friday,minor,5,Crossing,Daylight,1,1,0,0,0,0,Wet,13.31725,52.50426,bicycle + car + 
200626,Lichtenberg,11020515,Landsberger Allee,October,6,Friday,minor,5,Crossing,Dawn,0,1,0,0,0,1,Wet,13.47329,52.53616,car + other
200627,Mitte,1044101,Rehberge,October,6,Friday,minor,2,Other,Night,0,1,0,0,0,0,Wet,13.33786,52.54127,car + 
200628,Lichtenberg,11040926,Weitlingstraße,October,11,Thursday,minor,5,Crossing,Daylight,0,1,0,0,0,0,Wet,13.50936,52.50568,car + 
200629,Reinickendorf,12302107,Schorfheidestraße,October,0,Friday,serious,6,Overtaking,Night,0,1,1,0,0,0,Wet,13.34639,52.59617,car + pedestrian + 
200630,Mitte,1011304,Karl-Marx-Allee,October,19,Friday,minor,6,Overtaking,Night,1,0,1,0,0,0,Wet,13.41631,52.51983,bicycle + pedestrian + 
200631,Pankow,3040818,Pankow Süd,October,19,Friday,minor,5,Crossing,Night,1,1,0,0,0,0,Wet,13.41364,52.56648,bicycle + car + 
200632,Steglitz-Zehlendorf,6040806,Fischtal,October,19,Friday,minor,5,Crossing,Night,0,1,0,0,0,0,Wet,13.25107,52.44991,car + 
200633,Pankow,3061429,Greifswalder Straße,October,17,Friday,minor,5,Crossing,Dawn,1,1,0,0,0,0,Dry,13.45552,52.54138,bicycle + car + 
200634,Lichtenberg,11030720,Herzbergstraße,October,17,Friday,minor,6,Overtaking,Daylight,0,1,1,0,0,0,Dry,13.4997,52.52511,car + pedestrian + 
200635,Friedrichshain-Kreuzberg,2040701,Andreasviertel,October,22,Friday,minor,5,Turning,Night,1,1,0,0,0,0,Wet,13.42785,52.51816,bicycle + car + 
200636,Spandau,5020626,Adamstraße,October,2,Thursday,serious,6,Overtaking,Night,0,0,1,0,0,1,Wet,13.18877,52.52184,pedestrian + other
200637,Friedrichshain-Kreuzberg,2020206,Graefekiez,October,21,Friday,minor,0,Turning,Night,0,1,0,1,0,0,Wet,13.42318,52.48668,car + motorbike + 
200638,Mitte,1033102,Gesundbrunnen,October,16,Friday,serious,6,Overtaking,Daylight,0,1,1,0,0,0,Dry,13.38733,52.54993,car + pedestrian + 
200639,Friedrichshain-Kreuzberg,7040401,Neu-Tempelhof,October,13,Thursday,minor,2,Stationary Traffic,Daylight,0,1,0,1,0,0,Dry,13.38649,52.485,car + motorbike + 
200640,Steglitz-Zehlendorf,6020303,Lankwitz Kirche,October,16,Friday,minor,0,Other,Daylight,0,0,0,1,0,1,Wet,13.34611,52.43511,motorbike + other
200641,Pankow,3071536,Teutoburger Platz,October,16,Friday,minor,5,Turning,Daylight,1,1,0,1,0,0,Dry,13.41095,52.53975,bicycle + car + motorbike + 
200642,Friedrichshain-Kreuzberg,2040703,Wriezener Bahnhof/Entwicklungsgebiet,October,20,Friday,minor,5,Turning,Night,1,1,0,0,0,0,Wet,13.44665,52.50281,bicycle + car + 
200643,Reinickendorf,12224230,Heiligensee,October,11,Thursday,minor,5,Other,Daylight,1,1,0,0,0,0,Wet,13.23205,52.62367,bicycle + car + 
200644,Mitte,1033101,Soldiner Straße,October,15,Friday,minor,2,Stationary Traffic,Daylight,0,1,0,0,0,0,Dry,13.38497,52.55676,car + 
200645,Marzahn-Hellersdorf,10030727,Biesdorf Süd,October,14,Friday,minor,5,Crossing,Daylight,0,1,0,1,0,0,Dry,13.56031,52.48762,car + motorbike + 
200646,Steglitz-Zehlendorf,6010102,Schloßstraße,October,20,Friday,minor,2,Stationary Traffic,Night,0,1,0,0,0,0,Wet,13.32082,52.45712,car + 
200647,Mitte,1011105,Nördlicher Landwehrkanal,October,10,Thursday,minor,1,Paralle Traffic,Daylight,1,1,0,0,0,1,Dry,13.3762,52.51073,bicycle + car + other
200648,Treptow-Köpenick,9052001,Köpenick Nord,October,20,Friday,minor,0,Driving,Night,1,0,0,0,0,0,Wet,13.58071,52.46,bicycle + 
200649,Friedrichshain-Kreuzberg,2050802,Boxhagener Platz,October,19,Friday,serious,0,Driving,Night,0,0,0,1,0,1,Wet,13.46281,52.50832,motorbike + other
200650,Lichtenberg,11041128,Sewanstraße,October,14,Friday,minor,6,Turning,Daylight,0,1,1,0,0,0,Dry,13.5232,52.49557,car + pedestrian + 
200651,Steglitz-Zehlendorf,6010102,Schloßstraße,October,18,Thursday,minor,5,Crossing,Dawn,0,1,0,0,0,0,Wet,13.31911,52.45452,car + 
200652,Steglitz-Zehlendorf,6020303,Lankwitz Kirche,October,14,Friday,minor,5,Crossing,Daylight,1,1,0,0,0,0,Dry,13.3448,52.43773,bicycle + car + 
200653,Marzahn-Hellersdorf,10020416,Böhlener Straße,October,14,Friday,minor,5,Crossing,Daylight,1,1,0,0,0,0,Dry,13.61664,52.54098,bicycle + car + 
200654,Steglitz-Zehlendorf,6030610,Lichterfelde West,October,9,Wednesday,fatal,6,Overtaking,Daylight,0,0,1,0,1,0,Wet,13.29793,52.44184,pedestrian + truck + 
200655,Neukölln,8030831,Gropiusstadt Ost,October,19,Friday,minor,2,Crossing,Night,1,1,0,0,0,0,Wet,13.46617,52.42649,bicycle + car + 
200656,Treptow-Köpenick,9031101,Grünau,October,15,Wednesday,minor,5,Crossing,Daylight,0,1,0,0,0,0,Wet,13.57278,52.42779,car + 
200657,Reinickendorf,12231101,Hermsdorf,October,6,Wednesday,minor,3,Stationary Traffic,Dawn,1,1,0,0,0,0,Wet,13.32372,52.62491,bicycle + car + 
200658,Pankow,3061228,Erich-Weinert-Straße,October,9,Friday,minor,2,Stationary Traffic,Daylight,0,1,0,0,0,0,Dry,13.43883,52.54756,car + 
200659,Steglitz-Zehlendorf,6020410,Oberhofer Platz,October,18,Thursday,minor,5,Crossing,Daylight,0,1,0,0,0,1,Dry,13.32914,52.42303,car + other
200660,Mitte,1011305,Heine-Viertel West,October,13,Thursday,minor,1,Paralle Traffic,Daylight,1,1,0,0,0,0,Dry,13.41292,52.50643,bicycle + car + 
200661,Mitte,1022202,Heidestraße,October,17,Wednesday,minor,5,Turning,Daylight,1,1,0,0,0,0,Dry,13.36035,52.53724,bicycle + car + 
200662,Friedrichshain-Kreuzberg,2050601,Hausburgviertel,October,9,Thursday,minor,5,Turning,Daylight,1,0,0,0,1,0,Dry,13.44932,52.5244,bicycle + truck + 
200663,Reinickendorf,12214423,Mellerbogen,October,16,Wednesday,minor,5,Crossing,Daylight,0,1,0,0,0,0,Wet,13.31871,52.57292,car + 
200664,Neukölln,8010404,Rixdorf,October,6,Thursday,serious,8,Driving,Dawn,0,1,0,0,0,0,Wet,13.44324,52.47405,car + 
200665,Marzahn-Hellersdorf,10010204,Wuhletalstraße,October,1,Thursday,serious,5,Turning,Night,1,0,0,0,0,1,Wet,13.56752,52.55602,bicycle + other
200666,Mitte,1011204,Leipziger Straße,October,22,Thursday,minor,5,Turning,Night,0,1,0,0,0,1,Dry,13.38985,52.51122,car + other
200667,Charlottenburg-Wilmersdorf,4020311,Reichsstraße,October,16,Wednesday,minor,5,Crossing,Daylight,0,1,0,0,0,0,Wet,13.26125,52.51783,car + 
200668,Marzahn-Hellersdorf,10010308,Marzahner Chaussee,October,21,Thursday,serious,6,Overtaking,Night,0,1,1,0,0,0,Dry,13.51899,52.53101,car + pedestrian + 
200669,Mitte,1011304,Karl-Marx-Allee,October,20,Thursday,minor,0,Turning,Night,1,1,0,0,0,0,Dry,13.4167,52.51945,bicycle + car + 
200670,Charlottenburg-Wilmersdorf,4051448,Schaperstraße,October,20,Thursday,minor,1,Paralle Traffic,Night,1,1,0,0,0,0,Dry,13.32397,52.49575,bicycle + car + 
200671,Charlottenburg-Wilmersdorf,4051445,Eisenzahnstraße,October,19,Thursday,minor,5,Turning,Night,1,1,0,0,0,0,Dry,13.31037,52.48934,bicycle + car + 
200672,Charlottenburg-Wilmersdorf,4030623,Ernst-Reuter-Platz,October,15,Thursday,minor,2,Stationary Traffic,Daylight,0,1,0,1,0,0,Dry,13.32972,52.51005,car + motorbike + 
200673,Friedrichshain-Kreuzberg,2050803,Stralauer Kiez,October,14,Thursday,minor,3,Stationary Traffic,Daylight,0,1,0,1,0,0,Dry,13.46112,52.50102,car + motorbike + 
200674,Charlottenburg-Wilmersdorf,4030931,Breitscheidplatz,October,12,Thursday,minor,5,Other,Daylight,1,1,0,0,0,0,Dry,13.33092,52.50056,bicycle + car + 
200675,Neukölln,8010212,Rollberg,October,14,Thursday,minor,6,Other,Daylight,0,1,1,0,0,0,Dry,13.43596,52.47878,car + pedestrian + 
200676,Lichtenberg,11051331,Karlshorst Nord,October,7,Thursday,minor,5,Crossing,Daylight,1,0,0,0,0,0,Wet,13.52782,52.48993,bicycle + 
200677,Mitte,1011103,Lützowstraße,October,18,Thursday,minor,6,Overtaking,Night,0,1,1,0,0,0,Dry,13.3516,52.50521,car + pedestrian + 
200678,Spandau,5020625,Borkumer Straße,October,7,Thursday,minor,3,Paralle Traffic,Daylight,0,1,0,0,1,0,Dry,13.19354,52.53396,car + truck + 
200679,Tempelhof-Schöneberg,7010104,Dennewitzplatz,October,18,Thursday,serious,5,Turning,Night,1,1,0,0,0,0,Dry,13.36097,52.49426,bicycle + car + 
200680,Charlottenburg-Wilmersdorf,4051654,Wilhelmsaue,October,17,Thursday,minor,5,Turning,Daylight,1,1,0,0,0,0,Dry,13.32534,52.48654,bicycle + car + 
200681,Friedrichshain-Kreuzberg,2020204,Urbanstraße,October,21,Thursday,serious,3,Stationary Traffic,Night,1,1,0,0,0,0,Wet,13.39576,52.49615,bicycle + car + 
200682,Mitte,1011306,Heine-Viertel Ost,October,14,Thursday,serious,6,Overtaking,Daylight,0,1,1,0,0,0,Dry,13.42,52.50672,car + pedestrian + 
200683,Mitte,1011306,Heine-Viertel Ost,October,17,Thursday,minor,5,Turning,Daylight,1,1,0,0,0,0,Dry,13.4223,52.51138,bicycle + car + 
200684,Tempelhof-Schöneberg,7060604,Marienfelde Süd,October,13,Thursday,minor,0,Overtaking,Daylight,0,0,1,0,0,1,Dry,13.36285,52.41215,pedestrian + other
200685,Lichtenberg,11030721,Rüdigerstraße,October,16,Thursday,serious,5,Other,Daylight,0,1,0,0,0,1,Dry,13.47793,52.51455,car + other
200686,Steglitz-Zehlendorf,6040810,Dahlem,October,16,Thursday,minor,5,Turning,Daylight,0,1,0,0,0,0,Dry,13.27218,52.45353,car + 
200687,Charlottenburg-Wilmersdorf,4030623,Ernst-Reuter-Platz,October,15,Thursday,serious,5,Crossing,Daylight,1,1,0,0,0,0,Dry,13.33032,52.51294,bicycle + car + 
200688,Lichtenberg,11040925,Victoriastadt,October,16,Wednesday,minor,4,Paralle Traffic,Dawn,0,1,0,0,1,0,Wet,13.4727,52.50506,car + truck + 
200689,Treptow-Köpenick,9030902,Wohngebiet II,October,15,Thursday,serious,6,Overtaking,Daylight,1,0,1,0,0,0,Dry,13.52267,52.40232,bicycle + pedestrian + 
200690,Pankow,3030406,Alt-Karow,October,13,Thursday,minor,5,Crossing,Daylight,1,1,0,0,0,0,Dry,13.479,52.60745,bicycle + car + 
200691,Treptow-Köpenick,9010201,Am Treptower Park Süd,October,15,Thursday,serious,6,Other,Daylight,0,1,1,0,0,0,Dry,13.47047,52.48262,car + pedestrian + 
200692,Charlottenburg-Wilmersdorf,4030828,Savignyplatz,October,15,Thursday,serious,3,Stationary Traffic,Daylight,1,1,0,0,0,0,Dry,13.31589,52.50658,bicycle + car + 
200693,Marzahn-Hellersdorf,10010308,Marzahner Chaussee,October,10,Thursday,minor,3,Stationary Traffic,Daylight,0,1,0,0,1,0,Dry,13.5367,52.53912,car + truck + 
200694,Charlottenburg-Wilmersdorf,4041137,Flinsberger Platz,October,16,Wednesday,minor,5,Turning,Daylight,1,1,0,0,0,0,Wet,13.28535,52.47952,bicycle + car + 
200695,Treptow-Köpenick,9010202,Köpenicker Landstraße,October,6,Thursday,minor,5,Other,Night,0,1,0,0,0,0,Wet,13.48689,52.47628,car + 
200696,Charlottenburg-Wilmersdorf,4030623,Ernst-Reuter-Platz,October,8,Monday,minor,6,Overtaking,Daylight,0,1,1,0,0,0,Dry,13.3255,52.50937,car + pedestrian + 
200697,Mitte,1044102,Schillerpark,October,23,Thursday,minor,1,Paralle Traffic,Night,0,1,0,0,1,0,Dry,13.35044,52.55788,car + truck + 
200698,Reinickendorf,12103218,Teichstraße,November,15,Saturday,minor,5,Other,Daylight,0,1,0,0,0,0,Wet,13.33342,52.5641,car + 
200699,Reinickendorf,12301203,Wittenau Süd,October,21,Saturday,serious,4,Stationary Traffic,Night,0,1,0,0,0,0,Dry,13.32525,52.58903,car + 
200700,Friedrichshain-Kreuzberg,2020203,Viktoriapark,October,0,Tuesday,minor,0,Crossing,Night,1,0,0,1,0,0,Wet,13.3836,52.49352,bicycle + motorbike + 
200701,Pankow,3050924,Behaimstraße,November,10,Friday,minor,5,Other,Daylight,1,1,0,0,0,0,Dry,13.4494,52.54796,bicycle + car + 
200702,Friedrichshain-Kreuzberg,2020203,Viktoriapark,October,14,Friday,minor,1,Paralle Traffic,Daylight,0,1,0,1,0,0,Dry,13.38366,52.48499,car + motorbike + 
200703,Reinickendorf,12302211,Lübarser Straße,October,17,Monday,serious,6,Turning,Night,0,1,1,0,0,0,Wet,13.33563,52.60275,car + pedestrian + 
200704,Mitte,1011102,Großer Tiergarten,October,12,Thursday,minor,3,Stationary Traffic,Daylight,0,1,0,1,0,0,Dry,13.35211,52.51574,car + motorbike + 
200705,Friedrichshain-Kreuzberg,2010103,Moritzplatz,October,1,Sunday,serious,5,Crossing,Night,0,1,0,0,0,0,Dry,13.40794,52.49997,car + 
200706,Charlottenburg-Wilmersdorf,4051448,Schaperstraße,October,16,Wednesday,minor,1,Driving,Daylight,1,1,0,0,0,0,Wet,13.33433,52.49514,bicycle + car + 
200707,Pankow,3020307,Buchholz,November,18,Friday,minor,5,Turning,Night,1,1,0,0,0,0,Dry,13.43356,52.60771,bicycle + car + 
200708,Pankow,3071639,Bötzowstraße,October,0,Saturday,serious,0,Driving,Night,0,0,0,0,0,1,Dry,13.4376,52.5297,other
200709,Tempelhof-Schöneberg,7050505,Hundsteinweg,October,10,Tuesday,minor,2,Stationary Traffic,Daylight,0,1,0,0,0,0,Dry,13.40198,52.43972,car + 
200710,Steglitz-Zehlendorf,6040806,Fischtal,November,16,Friday,minor,0,Stationary Traffic,Dawn,0,0,0,0,0,1,Wet,13.25839,52.44644,other
200711,Charlottenburg-Wilmersdorf,4030930,George-Grosz-Platz,October,19,Friday,minor,5,Other,Night,0,1,0,0,0,0,Dry,13.31542,52.50106,car + 
200712,Charlottenburg-Wilmersdorf,4030417,Schloßstraße,October,11,Tuesday,minor,5,Turning,Daylight,0,1,0,1,0,0,Dry,13.30088,52.5154,car + motorbike + 
200713,Spandau,5020626,Adamstraße,November,9,Friday,minor,2,Stationary Traffic,Daylight,0,1,0,1,0,0,Dry,13.2026,52.52376,car + motorbike + 
200714,Charlottenburg-Wilmersdorf,4030828,Savignyplatz,October,23,Friday,minor,1,Paralle Traffic,Night,1,1,0,0,0,1,Dry,13.32073,52.50598,bicycle + car + other
200715,Charlottenburg-Wilmersdorf,4030622,Richard-Wagner-Straße,October,16,Monday,minor,2,Stationary Traffic,Dawn,0,1,0,0,0,0,Wet,13.31488,52.51299,car + 
200716,Charlottenburg-Wilmersdorf,4020310,Park Ruhwald,October,10,Thursday,minor,5,Turning,Daylight,0,1,0,0,0,0,Dry,13.28028,52.51833,car + 
200717,Reinickendorf,12103218,Teichstraße,October,18,Sunday,minor,1,Paralle Traffic,Night,0,1,0,0,0,0,Dry,13.33977,52.56633,car + 
200718,Charlottenburg-Wilmersdorf,4020311,Reichsstraße,October,13,Wednesday,minor,5,Crossing,Daylight,0,1,0,1,0,0,Dry,13.26845,52.5139,car + motorbike + 
200719,Mitte,1022104,Emdener Straße,November,20,Friday,serious,6,Overtaking,Night,0,1,1,0,0,0,Wet,13.33064,52.52725,car + pedestrian + 
200720,Friedrichshain-Kreuzberg,2010102,Mehringplatz,October,13,Saturday,serious,1,Paralle Traffic,Daylight,1,1,0,0,0,0,Dry,13.39525,52.49942,bicycle + car + 
200721,Friedrichshain-Kreuzberg,2020203,Viktoriapark,October,7,Tuesday,minor,0,Other,Dawn,0,0,0,1,0,0,Wet,13.37709,52.49175,motorbike + 
200722,Neukölln,8010510,Gewerbegebiet Köllnische Heide,October,10,Friday,minor,2,Stationary Traffic,Daylight,0,1,0,0,1,0,Dry,13.44734,52.46554,car + truck + 
200723,Marzahn-Hellersdorf,10040830,Kaulsdorf Süd,October,18,Thursday,minor,5,Crossing,Night,1,0,0,0,0,1,Wet,13.57689,52.4955,bicycle + other
200724,Mitte,1044102,Schillerpark,October,12,Friday,minor,0,Turning,Daylight,1,1,0,0,0,0,Dry,13.36523,52.55803,bicycle + car + 
200725,Charlottenburg-Wilmersdorf,4020209,Eichkamp,October,7,Monday,minor,2,Stationary Traffic,Daylight,1,1,0,0,0,0,Dry,13.26572,52.49946,bicycle + car + 
200726,Marzahn-Hellersdorf,10010309,Springpfuhl,October,18,Thursday,minor,6,Overtaking,Night,0,1,1,0,0,0,Dry,13.5402,52.5263,car + pedestrian + 
200727,Neukölln,8041039,Frauenviertel,November,21,Saturday,minor,6,Turning,Night,0,1,1,0,0,0,Wet,13.50636,52.40299,car + pedestrian + 
200728,Mitte,1011302,Oranienburger Straße,October,16,Saturday,minor,6,Overtaking,Daylight,1,0,1,0,0,0,Dry,13.3941,52.52841,bicycle + pedestrian + 
200729,Mitte,1044103,Westliche Müllerstraße,October,18,Monday,serious,0,Driving,Night,0,0,0,1,0,0,Wet,13.34386,52.54639,motorbike + 
200730,Neukölln,2020206,Graefekiez,October,19,Thursday,minor,6,Overtaking,Night,0,1,1,0,0,0,Dry,13.42482,52.48795,car + pedestrian + 
200731,Lichtenberg,11030720,Herzbergstraße,November,8,Saturday,serious,3,Stationary Traffic,Daylight,0,0,0,1,0,1,Wet,13.49798,52.53414,motorbike + other
200732,Pankow,3010102,Buch,October,17,Saturday,minor,2,Overtaking,Night,0,1,1,0,0,0,Dry,13.51403,52.64121,car + pedestrian + 
200733,Mitte,1033101,Soldiner Straße,October,10,Wednesday,minor,2,Turning,Daylight,0,1,0,0,0,0,Dry,13.3699,52.55977,car + 
200734,Reinickendorf,12301204,Wittenau Nord,October,8,Wednesday,serious,5,Turning,Daylight,0,1,0,0,0,0,Dry,13.32129,52.59357,car + 
200735,Mitte,1011201,Wilhelmstraße,November,17,Friday,serious,5,Crossing,Night,1,1,0,0,0,0,Wet,13.37668,52.51076,bicycle + car + 
200736,Friedrichshain-Kreuzberg,2010102,Mehringplatz,October,18,Friday,minor,1,Paralle Traffic,Night,1,1,0,0,0,0,Dry,13.39158,52.50678,bicycle + car + 
200737,Treptow-Köpenick,9051901,Dammvorstadt,October,11,Tuesday,serious,6,Overtaking,Daylight,0,0,1,0,1,0,Dry,13.57836,52.45747,pedestrian + truck + 