id,district,lor,street,month,hour,weekday,injury,collision,movement,light_conditions,bicycle,car,pedestrian,motorbike,truck,other_vehicle,road_conditions,longitude,latitude,Combo_type
200738,Mitte,1044201,Reinickendorfer Straße,October,15,Thursday,minor,6,Other,Daylight,0,1,1,0,0,0,Dry,13.36016,52.54694,car + pedestrian + 
200739,Pankow,3020209,Niederschönhausen,October,12,Friday,minor,2,Stationary Traffic,Daylight,0,1,0,0,0,0,Dry,13.40089,52.59059,car + 
200740,Lichtenberg,11040926,Weitlingstraße,October,8,Monday,minor,6,Overtaking,Daylight,0,1,1,0,0,0,Dry,13.51605,52.50582,car + pedestrian + 
200741,Neukölln,8010212,Rollberg,October,10,Thursday,serious,5,Paralle Traffic,Daylight,0,1,0,1,0,0,Dry,13.43391,52.47852,car + motorbike + 
200742,Pankow,3020203,Blankenfelde,November,16,Saturday,serious,5,Crossing,Night,0,1,0,0,0,1,Wet,13.39018,52.61854,car + other
200743,Treptow-Köpenick,9020502,Oberschöneweide Ost,October,15,Saturday,minor,0,Stationary Traffic,Daylight,0,0,0,1,0,1,Dry,13.55684,52.45581,motorbike + other
200744,Tempelhof-Schöneberg,7040405,Rathaus Tempelhof,October,16,Tuesday,minor,3,Stationary Traffic,Night,0,1,0,1,0,0,Dry,13.38852,52.46573,car + motorbike + 
200745,Mitte,1011204,Leipziger Straße,November,12,Friday,minor,2,Turning,Daylight,0,1,0,0,0,0,Dry,13.38991,52.51029,car + 
200746,Friedrichshain-Kreuzberg,2010101,Askanischer Platz,October,15,Friday,serious,5,Turning,Daylight,0,1,0,1,0,0,Dry,13.38667,52.501,car + motorbike + 
200747,Friedrichshain-Kreuzberg,2020204,Urbanstraße,October,18,Monday,minor,2,Stationary Traffic,Night,0,1,0,0,0,0,Wet,13.39948,52.49041,car + 
200748,Charlottenburg-Wilmersdorf,4041134,Bismarckallee,October,7,Wednesday,minor,1,Stationary Traffic,Daylight,0,1,0,0,0,1,Dry,13.28276,52.49363,car + other
200749,Treptow-Köpenick,9020501,Oberschöneweide West,October,19,Tuesday,minor,5,Crossing,Night,1,1,0,0,0,0,Dry,13.51043,52.46325,bicycle + car + 
200750,Friedrichshain-Kreuzberg,2010102,Mehringplatz,November,14,Friday,minor,5,Crossing,Daylight,1,1,0,0,0,0,Dry,13.40147,52.50603,bicycle + car + 
200751,Neukölln,8010508,Weiße Siedlung,October,16,Friday,minor,5,Turning,Daylight,1,1,0,0,0,0,Dry,13.46452,52.47043,bicycle + car + 
200752,Steglitz-Zehlendorf,6020410,Oberhofer Platz,October,13,Monday,minor,0,Turning,Daylight,1,1,0,0,0,0,Wet,13.3298,52.42897,bicycle + car + 
200753,Neukölln,8010303,Donaustraße,October,13,Thursday,minor,1,Paralle Traffic,Daylight,1,1,0,0,0,1,Dry,13.43693,52.48112,bicycle + car + other
200754,Mitte,1022206,Lüneburger Straße,October,12,Friday,minor,2,Turning,Daylight,0,1,0,0,0,0,Dry,13.36781,52.52585,car + 
200755,Charlottenburg-Wilmersdorf,4061757,Forst Grunewald,October,20,Monday,fatal,0,Other,Night,0,1,0,0,0,0,Wet,13.25554,52.47376,car + 
200756,Neukölln,8010213,Körnerpark,October,14,Thursday,fatal,6,Other,Daylight,0,0,1,0,1,0,Dry,13.44092,52.4697,pedestrian + truck + 
200757,Spandau,5020626,Adamstraße,November,14,Saturday,minor,1,Paralle Traffic,Daylight,0,1,0,0,0,0,Wet,13.19781,52.52008,car + 
200758,Mitte,1033102,Gesundbrunnen,October,21,Saturday,minor,1,Paralle Traffic,Night,0,1,0,0,0,1,Dry,13.38834,52.55179,car + other
200759,Friedrichshain-Kreuzberg,2020206,Graefekiez,October,12,Tuesday,minor,5,Turning,Daylight,1,1,0,0,0,0,Dry,13.40586,52.48951,bicycle + car + 
200760,Lichtenberg,11041128,Sewanstraße,November,10,Friday,minor,6,Turning,Daylight,0,1,1,0,0,0,Dry,13.50693,52.49693,car + pedestrian + 
200761,Friedrichshain-Kreuzberg,2030302,Lausitzer Platz,October,14,Friday,minor,1,Paralle Traffic,Daylight,0,1,0,0,0,0,Dry,13.43129,52.50605,car + 
200762,Neukölln,8010508,Weiße Siedlung,October,17,Monday,minor,2,Stationary Traffic,Night,0,1,0,0,0,0,Wet,13.45906,52.47648,car + 
200763,Reinickendorf,12103115,Breitkopfbecken,October,7,Thursday,minor,2,Stationary Traffic,Daylight,0,1,0,0,0,0,Dry,13.36024,52.57592,car + 
200764,Friedrichshain-Kreuzberg,2030402,Wrangelkiez,October,4,Sunday,minor,1,Paralle Traffic,Night,0,1,0,0,0,0,Dry,13.44594,52.49896,car + 
200765,Mitte,1011202,Unter den Linden Nord,October,14,Wednesday,minor,3,Stationary Traffic,Daylight,0,1,0,0,0,0,Dry,13.38881,52.51716,car + 
200766,Friedrichshain-Kreuzberg,2020202,Rathaus Yorckstraße,October,12,Thursday,minor,0,Paralle Traffic,Daylight,1,1,0,0,0,0,Dry,13.38423,52.49566,bicycle + car + 
200767,Mitte,1011305,Heine-Viertel West,October,11,Friday,minor,0,Paralle Traffic,Daylight,1,1,0,0,0,0,Dry,13.40752,52.5116,bicycle + car + 
200768,Treptow-Köpenick,9010401,Johannisthal West,October,13,Sunday,minor,5,Crossing,Daylight,1,1,0,0,0,0,Dry,13.50084,52.44747,bicycle + car + 
200769,Mitte,1011101,Stülerstraße,October,17,Wednesday,minor,5,Turning,Night,1,1,0,0,0,0,Dry,13.35114,52.50963,bicycle + car + 
200770,Charlottenburg-Wilmersdorf,4051448,Schaperstraße,November,19,Friday,minor,5,Turning,Night,1,1,0,0,0,0,Wet,13.33038,52.49539,bicycle + car + 
200771,Charlottenburg-Wilmersdorf,4051652,Nikolsburger Platz,October,19,Saturday,minor,6,Overtaking,Night,0,0,1,0,0,1,Dry,13.32262,52.48784,pedestrian + other
200772,Spandau,5020625,Borkumer Straße,October,10,Tuesday,minor,5,Crossing,Daylight,0,1,0,1,0,0,Dry,13.18988,52.53439,car + motorbike + 
200773,Reinickendorf,12103219,Schäfersee,November,8,Friday,minor,0,Stationary Traffic,Daylight,0,1,0,0,0,1,Dry,13.35386,52.56209,car + other
200774,Pankow,3061429,Greifswalder Straße,October,13,Friday,minor,5,Crossing,Daylight,0,1,0,0,0,1,Dry,13.45257,52.53915,car + other
200775,Marzahn-Hellersdorf,10010102,Havemannstraße,October,16,Monday,serious,6,Overtaking,Daylight,0,1,1,0,0,0,Dry,13.57189,52.57182,car + pedestrian + 
200776,Neukölln,8020726,Buckow West,October,10,Thursday,minor,0,Driving,Daylight,1,0,0,0,0,0,Dry,13.40561,52.41552,bicycle + 
200777,Reinickendorf,12214421,Reinickes Hof,October,14,Saturday,minor,5,Crossing,Daylight,0,1,0,0,0,0,Dry,13.3266,52.5757,car + 
200778,Lichtenberg,11030720,Herzbergstraße,October,11,Wednesday,minor,1,Paralle Traffic,Daylight,0,1,0,0,0,0,Dry,13.49985,52.52741,car + 
200779,Charlottenburg-Wilmersdorf,4030519,Kaiserin-Augusta-Allee,October,17,Wednesday,serious,4,Other,Night,1,0,0,0,0,1,Dry,13.29475,52.53267,bicycle + other
200780,Treptow-Köpenick,9041301,Kietzer Feld/Nachtheide,November,18,Friday,serious,5,Turning,Night,0,1,0,1,0,0,Dry,13.58614,52.42557,car + motorbike + 
200781,Neukölln,8020622,Parchimer Allee,October,12,Saturday,minor,5,Crossing,Daylight,0,1,0,0,0,0,Dry,13.43868,52.44811,car + 
200782,Pankow,3040818,Pankow Süd,October,17,Tuesday,serious,0,Other,Night,1,0,0,0,0,0,Dry,13.41952,52.56706,bicycle + 
200783,Charlottenburg-Wilmersdorf,4051446,Preußenpark,November,18,Friday,minor,5,Crossing,Night,1,1,0,0,0,0,Wet,13.31511,52.49089,bicycle + car + 
200784,Friedrichshain-Kreuzberg,2050801,Traveplatz,October,1,Saturday,minor,5,Crossing,Night,1,1,0,0,0,0,Dry,13.46722,52.50974,bicycle + car + 
200785,Spandau,5030730,Zitadellenweg,October,6,Tuesday,minor,5,Turning,Dawn,1,1,0,0,0,0,Dry,13.22724,52.53767,bicycle + car + 
200786,Pankow,3050919,Gustav-Adolf-Straße,October,9,Thursday,minor,0,Crossing,Daylight,0,1,0,1,0,0,Dry,13.43795,52.55894,car + motorbike + 
200787,Charlottenburg-Wilmersdorf,4051652,Nikolsburger Platz,October,13,Friday,minor,5,Turning,Daylight,0,1,0,1,0,0,Dry,13.32298,52.49022,car + motorbike + 
200788,Tempelhof-Schöneberg,7050502,Fritz-Werner-Straße,October,11,Monday,serious,5,Crossing,Daylight,0,1,0,1,0,0,Dry,13.37769,52.4338,car + motorbike + 
200789,Tempelhof-Schöneberg,7020204,Schöneberger Insel,October,19,Thursday,minor,6,Overtaking,Night,1,0,1,0,0,0,Dry,13.36026,52.48135,bicycle + pedestrian + 
200790,Neukölln,8041038,Waßmannsdorfer Chaussee,November,8,Saturday,minor,5,Crossing,Daylight,0,1,0,1,0,0,Wet,13.49865,52.41047,car + motorbike + 
200791,Friedrichshain-Kreuzberg,2050602,Samariterviertel,October,17,Saturday,minor,5,Turning,Night,1,1,0,0,0,0,Dry,13.46109,52.51709,bicycle + car + 
200792,Mitte,1011202,Unter den Linden Nord,October,8,Wednesday,minor,2,Stationary Traffic,Daylight,1,1,0,0,0,0,Dry,13.38055,52.51635,bicycle + car + 
200793,Charlottenburg-Wilmersdorf,4051656,Hildegardstraße,October,18,Wednesday,fatal,5,Paralle Traffic,Night,0,1,0,1,0,0,Dry,13.32638,52.47873,car + motorbike + 
200794,Tempelhof-Schöneberg,7030301,Friedenau,November,16,Friday,minor,5,Crossing,Night,1,1,0,0,0,0,Dry,13.32545,52.46966,bicycle + car + 
200795,Marzahn-Hellersdorf,10010308,Marzahner Chaussee,October,17,Friday,minor,0,Crossing,Dawn,0,1,0,0,0,1,Dry,13.51717,52.53533,car + other
200796,Reinickendorf,12301206,Lübars,October,14,Tuesday,minor,6,Turning,Daylight,0,1,1,0,0,0,Dry,13.34369,52.61346,car + pedestrian + 
200797,Mitte,1011302,Oranienburger Straße,October,15,Thursday,minor,3,Stationary Traffic,Daylight,1,1,0,0,0,0,Dry,13.40239,52.52836,bicycle + car + 
200798,Charlottenburg-Wilmersdorf,4020310,Park Ruhwald,October,11,Friday,minor,5,Other,Daylight,0,1,0,0,0,0,Dry,13.27918,52.52488,car + 
200799,Steglitz-Zehlendorf,6030501,Berlepschstraße,October,8,Monday,minor,5,Crossing,Daylight,1,1,0,0,0,0,Dry,13.2439,52.42579,bicycle + car + 
200800,Charlottenburg-Wilmersdorf,4041342,Schlangenbader Straße,October,9,Thursday,minor,6,Turning,Daylight,0,0,1,1,0,0,Dry,13.29961,52.47329,pedestrian + motorbike + 
200801,Charlottenburg-Wilmersdorf,4031032,Halensee,October,17,Thursday,minor,1,Paralle Traffic,Dawn,1,1,0,0,0,0,Dry,13.30026,52.49932,bicycle + car + 
200802,Reinickendorf,12214424,Scharnweberstraße,October,9,Friday,minor,6,Turning,Daylight,0,1,1,0,0,0,Dry,13.31737,52.56655,car + pedestrian + 
200803,Lichtenberg,11040925,Victoriastadt,October,9,Monday,minor,5,Turning,Daylight,1,1,0,0,0,0,Dry,13.47582,52.50621,bicycle + car + 
200804,Steglitz-Zehlendorf,6030504,Teltower Damm,October,16,Thursday,serious,6,Overtaking,Night,0,1,1,0,0,0,Wet,13.26673,52.41314,car + pedestrian + 
200805,Steglitz-Zehlendorf,6020303,Lankwitz Kirche,November,22,Saturday,minor,5,Crossing,Night,1,1,0,0,0,0,Wet,13.34244,52.43454,bicycle + car + 
200806,Spandau,5010206,Gütersloher Weg,October,16,Saturday,minor,2,Stationary Traffic,Daylight,1,1,0,0,0,0,Dry,13.16576,52.55103,bicycle + car + 
200807,Pankow,3010101,Bucher Forst,October,5,Wednesday,minor,6,Stationary Traffic,Night,0,1,1,0,0,0,Dry,13.48134,52.6373,car + pedestrian + 
200808,Neukölln,8010509,Schulenburgpark,October,17,Tuesday,minor,6,Overtaking,Night,0,0,1,1,0,0,Dry,13.46637,52.46804,pedestrian + motorbike + 
200809,Reinickendorf,12103219,Schäfersee,November,14,Friday,minor,6,Overtaking,Daylight,0,1,1,0,0,0,Dry,13.35539,52.56229,car + pedestrian + 
200810,Charlottenburg-Wilmersdorf,4020313,Königin-Elisabeth-Straße,October,16,Friday,minor,5,Turning,Daylight,1,0,0,0,0,1,Dry,13.28147,52.51147,bicycle + other
200811,Reinickendorf,12103115,Breitkopfbecken,October,17,Monday,serious,2,Stationary Traffic,Night,0,1,0,0,0,0,Dry,13.36124,52.57052,car + 
200812,Mitte,1022106,Elberfelder Straße,October,13,Thursday,minor,0,Driving,Daylight,0,0,0,1,0,0,Dry,13.334,52.52113,motorbike + 
200813,Steglitz-Zehlendorf,6020305,Gemeindepark Lankwitz,October,8,Friday,minor,2,Stationary Traffic,Daylight,0,1,0,0,0,0,Dry,13.34879,52.42261,car + 
200814,Reinickendorf,12214527,Alt-Tegel,October,17,Sunday,minor,2,Stationary Traffic,Night,0,1,0,0,0,0,Dry,13.28041,52.59423,car + 
200815,Charlottenburg-Wilmersdorf,4041343,Binger Straße,October,19,Wednesday,minor,6,Turning,Night,0,1,1,0,0,0,Dry,13.31038,52.47902,car + pedestrian + 
200816,Reinickendorf,12301203,Wittenau Süd,November,17,Friday,minor,5,Crossing,Dawn,0,1,0,0,0,0,Wet,13.32621,52.5917,car + 
200817,Charlottenburg-Wilmersdorf,4051447,Ludwigkirchplatz,October,14,Saturday,minor,0,Other,Daylight,0,0,0,0,0,1,Dry,13.323,52.4978,other
200818,Marzahn-Hellersdorf,10020413,Gut Hellersdorf,October,11,Tuesday,minor,9,Other,Daylight,0,0,0,0,0,1,Dry,13.59868,52.5438,other
200819,Friedrichshain-Kreuzberg,2050803,Stralauer Kiez,November,10,Friday,minor,2,Turning,Daylight,0,1,0,0,0,0,Dry,13.45682,52.50247,car + 
200820,Friedrichshain-Kreuzberg,2040701,Andreasviertel,October,22,Friday,serious,5,Crossing,Night,0,1,0,0,0,1,Dry,13.43019,52.51032,car + other
200821,Tempelhof-Schöneberg,7070704,Nahariyastraße,November,15,Saturday,minor,6,Turning,Daylight,0,0,1,0,0,1,Wet,13.41954,52.39472,pedestrian + other
200822,Treptow-Köpenick,9052001,Köpenick Nord,October,14,Saturday,minor,5,Crossing,Daylight,0,1,0,0,0,0,Dry,13.5533,52.4696,car + 
200823,Tempelhof-Schöneberg,7040404,Marienhöhe,October,14,Tuesday,minor,2,Stationary Traffic,Daylight,0,1,0,0,0,0,Dry,13.36237,52.44744,car + 
200824,Neukölln,8020619,Buschkrugallee Nord,November,10,Friday,serious,2,Stationary Traffic,Daylight,0,1,0,1,0,0,Dry,13.4388,52.45261,car + motorbike + 
200825,Lichtenberg,11030619,Fennpfuhl Ost,October,15,Friday,minor,0,Turning,Daylight,0,1,0,0,0,1,Dry,13.47602,52.53291,car + other
200826,Charlottenburg-Wilmersdorf,4020313,Königin-Elisabeth-Straße,October,18,Monday,minor,5,Crossing,Night,0,1,0,0,0,0,Wet,13.28181,52.51099,car + 
200827,Friedrichshain-Kreuzberg,2050802,Boxhagener Platz,October,12,Thursday,minor,2,Stationary Traffic,Daylight,0,1,0,0,0,0,Dry,13.46615,52.50845,car + 
200828,Friedrichshain-Kreuzberg,2050803,Stralauer Kiez,October,2,Sunday,minor,5,Crossing,Night,0,1,0,0,0,0,Dry,13.45202,52.50353,car + 
200829,Tempelhof-Schöneberg,7030303,Grazer Platz,October,16,Wednesday,minor,5,Turning,Daylight,0,1,0,1,0,0,Dry,13.34887,52.45898,car + motorbike + 
200830,Reinickendorf,12302110,Dannenwalder Weg,November,18,Friday,minor,6,Turning,Night,0,1,1,0,0,0,Wet,13.36037,52.59691,car + pedestrian + 
200831,Charlottenburg-Wilmersdorf,4020311,Reichsstraße,October,11,Saturday,minor,5,Crossing,Daylight,0,1,0,0,0,0,Dry,13.26893,52.51158,car + 
200832,Treptow-Köpenick,9020701,Adlershof West,October,10,Tuesday,minor,1,Paralle Traffic,Daylight,1,1,0,0,0,1,Dry,13.54049,52.43049,bicycle + car + other
200833,Friedrichshain-Kreuzberg,2030402,Wrangelkiez,November,1,Friday,serious,5,Paralle Traffic,Night,0,1,0,0,0,0,Dry,13.4453,52.49932,car + 
200834,Friedrichshain-Kreuzberg,2030402,Wrangelkiez,October,19,Friday,minor,5,Other,Night,1,1,0,0,0,0,Dry,13.4452,52.49938,bicycle + car + 
200835,Mitte,1011302,Oranienburger Straße,October,23,Monday,serious,4,Stationary Traffic,Night,1,1,0,0,0,0,Wet,13.39208,52.52519,bicycle + car + 
200836,Neukölln,8030830,Gropiusstadt Süd,October,22,Thursday,minor,1,Paralle Traffic,Night,0,1,0,0,0,0,Dry,13.44953,52.42782,car + 
200837,Steglitz-Zehlendorf,6030610,Lichterfelde West,October,17,Monday,minor,5,Crossing,Night,0,1,0,0,0,0,Wet,13.302,52.43236,car + 
200838,Pankow,3061227,Humannplatz,October,4,Thursday,minor,5,Turning,Night,0,1,0,1,0,0,Dry,13.41842,52.55342,car + motorbike + 
200839,Charlottenburg-Wilmersdorf,4051445,Eisenzahnstraße,October,19,Sunday,minor,6,Turning,Night,0,1,1,0,0,0,Dry,13.30487,52.49434,car + pedestrian + 
200840,Reinickendorf,12103115,Breitkopfbecken,October,13,Wednesday,minor,2,Stationary Traffic,Daylight,0,1,0,0,0,0,Dry,13.36044,52.57624,car + 
200841,Treptow-Köpenick,9051901,Dammvorstadt,November,21,Friday,serious,0,Driving,Night,1,0,0,0,0,0,Wet,13.59314,52.45343,bicycle + 
200842,Steglitz-Zehlendorf,6020409,Königsberger Straße,October,13,Saturday,minor,0,Driving,Daylight,1,0,0,0,0,0,Dry,13.3132,52.4288,bicycle + 
200843,Pankow,3071537,Kollwitzplatz,October,8,Tuesday,minor,5,Turning,Daylight,1,1,0,0,0,0,Dry,13.42073,52.53369,bicycle + car + 
200844,Mitte,1011202,Unter den Linden Nord,October,17,Thursday,minor,5,Crossing,Night,1,1,0,0,0,0,Dry,13.40094,52.5184,bicycle + car + 
200845,Spandau,5020625,Borkumer Straße,October,10,Monday,minor,5,Turning,Daylight,1,1,0,0,0,0,Dry,13.19555,52.5292,bicycle + car + 
200846,Spandau,5020419,Magistratsweg,October,18,Thursday,minor,6,Overtaking,Night,0,1,1,0,0,0,Dry,13.15246,52.53296,car + pedestrian + 
200847,Mitte,1044103,Westliche Müllerstraße,November,0,Saturday,minor,2,Stationary Traffic,Night,0,1,0,0,0,0,Wet,13.35446,52.54915,car + 
200848,Charlottenburg-Wilmersdorf,4051448,Schaperstraße,October,17,Saturday,minor,5,Crossing,Dawn,1,1,0,0,0,0,Dry,13.33461,52.49521,bicycle + car + 
200849,Charlottenburg-Wilmersdorf,4030519,Kaiserin-Augusta-Allee,October,8,Wednesday,minor,2,Stationary Traffic,Daylight,0,1,0,0,0,1,Dry,13.29452,52.53263,car + other
200850,Reinickendorf,12214125,Waldidyll/Flughafensee,October,19,Tuesday,minor,5,Turning,Night,1,1,0,0,0,0,Dry,13.28008,52.5757,bicycle + car + 
200851,Reinickendorf,12103218,Teichstraße,November,16,Friday,minor,1,Paralle Traffic,Daylight,0,1,0,0,0,0,Dry,13.35113,52.57028,car + 
200852,Treptow-Köpenick,9052001,Köpenick Nord,October,14,Friday,minor,0,Stationary Traffic,Daylight,1,0,0,0,0,0,Dry,13.58793,52.46903,bicycle + 
200853,Steglitz-Zehlendorf,6020408,Lichterfelde Süd,November,9,Saturday,minor,2,Turning,Daylight,0,1,0,0,0,0,Wet,13.30511,52.4179,car + 
200854,Spandau,5020417,Staakener Straße,October,17,Saturday,minor,0,Other,Dawn,1,1,0,0,0,0,Dry,13.15444,52.53325,bicycle + car + 
200855,Steglitz-Zehlendorf,6010210,Bismarckstraße,October,10,Wednesday,minor,5,Crossing,Daylight,0,1,0,0,0,0,Dry,13.34572,52.46093,car + 
200856,Mitte,1022206,Lüneburger Straße,October,13,Wednesday,serious,2,Stationary Traffic,Daylight,0,0,0,1,1,0,Dry,13.36792,52.52589,motorbike + truck + 
200857,Friedrichshain-Kreuzberg,2040701,Andreasviertel,November,21,Friday,minor,5,Crossing,Night,1,1,0,0,0,0,Wet,13.43066,52.51109,bicycle + car + 
200858,Mitte,1011202,Unter den Linden Nord,October,19,Friday,minor,5,Turning,Night,1,1,0,0,0,0,Dry,13.38801,52.5218,bicycle + car + 
200859,Tempelhof-Schöneberg,7040403,Manteuffelstraße,October,12,Tuesday,serious,5,Crossing,Daylight,1,0,0,1,0,0,Dry,13.38354,52.4686,bicycle + motorbike + 
200860,Lichtenberg,11030619,Fennpfuhl Ost,October,15,Thursday,minor,0,Turning,Dawn,0,1,0,0,0,1,Dry,13.48007,52.52668,car + other
200861,Charlottenburg-Wilmersdorf,4030519,Kaiserin-Augusta-Allee,October,8,Friday,minor,6,Overtaking,Daylight,0,1,1,0,0,0,Dry,13.31182,52.52565,car + pedestrian + 
200862,Mitte,1033203,Humboldthain Nordwest,October,8,Monday,minor,5,Crossing,Daylight,1,1,0,0,0,0,Dry,13.36143,52.53784,bicycle + car + 
200863,Mitte,1011302,Oranienburger Straße,October,14,Thursday,serious,5,Crossing,Daylight,1,1,0,0,0,0,Dry,13.4043,52.5272,bicycle + car + 
200864,Mitte,1044202,Sparrplatz,November,17,Saturday,minor,2,Turning,Night,0,1,0,0,0,0,Wet,13.35033,52.54155,car + 
200865,Mitte,1044101,Rehberge,October,15,Saturday,minor,2,Stationary Traffic,Daylight,0,1,0,0,0,0,Dry,13.33811,52.5411,car + 
200866,Lichtenberg,11020516,Weiße Taube,October,16,Tuesday,minor,5,Turning,Dawn,1,0,0,0,0,1,Dry,13.51546,52.53766,bicycle + other
200867,Charlottenburg-Wilmersdorf,4051446,Preußenpark,November,13,Friday,minor,5,Crossing,Daylight,1,1,0,0,0,0,Dry,13.31511,52.4909,bicycle + car + 
200868,Neukölln,8030829,Gropiusstadt Nord,October,15,Friday,serious,5,Crossing,Daylight,0,1,0,1,0,0,Dry,13.46015,52.43185,car + motorbike + 
200869,Mitte,1011203,Unter den Linden Süd,October,18,Monday,minor,1,Paralle Traffic,Night,1,1,0,0,0,0,Wet,13.39254,52.51498,bicycle + car + 
200870,Treptow-Köpenick,9020501,Oberschöneweide West,October,8,Thursday,minor,5,Turning,Daylight,1,1,0,0,0,0,Dry,13.51188,52.46292,bicycle + car + 
200871,Charlottenburg-Wilmersdorf,4041136,Hagenplatz,October,8,Friday,minor,5,Turning,Daylight,1,1,0,0,0,0,Dry,13.28229,52.48379,bicycle + car + 
200872,Lichtenberg,11040925,Victoriastadt,October,13,Sunday,minor,2,Stationary Traffic,Daylight,1,1,0,0,0,0,Dry,13.47822,52.50666,bicycle + car + 
200873,Pankow,3030406,Alt-Karow,October,6,Monday,minor,5,Turning,Daylight,1,1,0,0,0,0,Dry,13.48125,52.60936,bicycle + car + 
200874,Pankow,3010102,Buch,October,10,Thursday,minor,0,Driving,Daylight,0,1,0,0,0,0,Dry,13.49886,52.63522,car + 
200875,Tempelhof-Schöneberg,7040401,Neu-Tempelhof,October,7,Friday,minor,6,Turning,Daylight,0,1,1,0,0,0,Dry,13.37782,52.47239,car + pedestrian + 
200876,Spandau,5020625,Borkumer Straße,October,5,Monday,minor,2,Stationary Traffic,Dawn,0,1,0,0,0,0,Dry,13.19826,52.53259,car + 
200877,Friedrichshain-Kreuzberg,2010102,Mehringplatz,October,19,Thursday,minor,1,Paralle Traffic,Night,1,0,0,0,0,1,Dry,13.39484,52.50248,bicycle + other
200878,Tempelhof-Schöneberg,7020204,Schöneberger Insel,November,15,Saturday,minor,6,Overtaking,Daylight,0,1,1,0,0,0,Wet,13.36792,52.4851,car + pedestrian + 
200879,Tempelhof-Schöneberg,7010101,Wittenbergplatz/Viktoria-Luise-Platz,October,14,Saturday,minor,0,Paralle Traffic,Daylight,1,0,0,1,0,0,Dry,13.34172,52.50204,bicycle + motorbike + 
200880,Pankow,3020307,Buchholz,October,13,Tuesday,minor,2,Stationary Traffic,Daylight,0,1,0,0,0,0,Dry,13.43304,52.596,car + 
200881,Steglitz-Zehlendorf,6010101,Fichtenberg,November,10,Friday,minor,2,Stationary Traffic,Daylight,0,1,0,0,0,0,Dry,13.32056,52.45664,car + 
200882,Spandau,5010314,Carl-Schurz-Straße,October,15,Friday,serious,0,Turning,Daylight,0,1,0,0,0,1,Dry,13.1995,52.5348,car + other
200883,Pankow,3071536,Teutoburger Platz,October,17,Monday,minor,5,Crossing,Night,0,1,0,0,0,0,Wet,13.41211,52.53114,car + 
200884,Steglitz-Zehlendorf,6010209,Feuerbachstraße,October,7,Thursday,minor,2,Stationary Traffic,Daylight,0,1,0,0,0,0,Wet,13.3289,52.45991,car + 
200885,Friedrichshain-Kreuzberg,2010102,Mehringplatz,October,1,Sunday,minor,5,Turning,Night,0,1,0,0,0,0,Dry,13.3943,52.50115,car + 
200886,Treptow-Köpenick,9020701,Adlershof West,October,15,Wednesday,minor,5,Turning,Daylight,0,1,0,0,0,0,Dry,13.52666,52.4265,car + 
200887,Tempelhof-Schöneberg,7010103,Barbarossaplatz,November,18,Friday,minor,2,Turning,Night,1,1,0,0,0,0,Wet,13.34912,52.49048,bicycle + car + 
200888,Charlottenburg-Wilmersdorf,4041134,Bismarckallee,October,0,Saturday,serious,1,Paralle Traffic,Night,1,1,0,0,0,0,Dry,13.28505,52.49294,bicycle + car + 
200889,Charlottenburg-Wilmersdorf,4030726,Droysenstraße,October,20,Wednesday,minor,5,Crossing,Dawn,0,1,0,0,0,0,Dry,13.30385,52.49951,car + 
200890,Mitte,1033203,Humboldthain Nordwest,November,20,Friday,minor,5,Crossing,Night,0,1,0,0,0,0,Wet,13.37845,52.55041,car + 
200891,Tempelhof-Schöneberg,7040404,Marienhöhe,October,20,Saturday,minor,1,Other,Night,0,1,0,0,0,0,Dry,13.37288,52.45357,car + 
200892,Neukölln,8020727,Buckow Mitte,October,16,Tuesday,minor,0,Crossing,Daylight,0,0,0,1,0,1,Wet,13.43532,52.42553,motorbike + other
200893,Tempelhof-Schöneberg,7020203,Kaiser-Wilhelm-Platz,November,9,Friday,minor,2,Turning,Daylight,0,1,0,0,0,0,Dry,13.35219,52.48981,car + 
200894,Reinickendorf,12214424,Scharnweberstraße,October,14,Friday,minor,5,Other,Daylight,0,1,0,1,0,0,Dry,13.32521,52.56476,car + motorbike + 
200895,Neukölln,8010117,Schillerpromenade,October,16,Monday,minor,3,Stationary Traffic,Daylight,0,1,0,1,0,0,Dry,13.42599,52.47795,car + motorbike + 
200896,Treptow-Köpenick,9010301,Baumschulenstraße,October,10,Thursday,minor,3,Stationary Traffic,Daylight,0,1,0,0,0,0,Dry,13.48224,52.46161,car + 
200897,Neukölln,8020625,Handwerker-Siedlung,October,12,Saturday,minor,5,Crossing,Daylight,1,1,0,0,0,0,Dry,13.43668,52.43986,bicycle + car + 
200898,Mitte,1011302,Oranienburger Straße,October,12,Wednesday,minor,6,Overtaking,Daylight,0,1,1,0,0,0,Dry,13.40349,52.52309,car + pedestrian + 
200899,Treptow-Köpenick,9031101,Grünau,October,17,Wednesday,serious,0,Stationary Traffic,Night,0,0,0,1,0,1,Dry,13.56368,52.42042,motorbike + other