id,district,lor,street,month,hour,weekday,injury,collision,movement,light_conditions,bicycle,car,pedestrian,motorbike,truck,other_vehicle,road_conditions,longitude,latitude,Combo_type
200900,Friedrichshain-Kreuzberg,2010104,Wassertorplatz,November,23,Friday,minor,2,Stationary Traffic,Night,0,1,0,0,0,0,Wet,13.41731,52.49901,car + 
200901,Marzahn-Hellersdorf,10020517,Adele-Sandrock-Straße,October,12,Saturday,minor,0,Paralle Traffic,Daylight,0,1,0,1,0,0,Dry,13.60667,52.53445,car + motorbike + 
200902,Steglitz-Zehlendorf,6040804,Krumme Lanke,October,8,Tuesday,minor,5,Crossing,Daylight,1,1,0,0,0,0,Wet,13.22955,52.4338,bicycle + car + 
200903,Charlottenburg-Wilmersdorf,4031032,Halensee,October,17,Thursday,minor,6,Overtaking,Night,0,1,1,0,0,0,Dry,13.29387,52.49769,car + pedestrian + 
200904,Pankow,3030405,Karow Nord,October,7,Friday,minor,7,Other,Dawn,0,0,0,1,0,0,Dry,13.48723,52.61378,motorbike + 
200905,Marzahn-Hellersdorf,10030727,Biesdorf Süd,October,9,Monday,minor,5,Turning,Daylight,0,1,0,1,0,0,Dry,13.56358,52.49783,car + motorbike + 
200906,Mitte,1011204,Leipziger Straße,October,9,Tuesday,minor,5,Turning,Daylight,1,0,0,0,0,0,Dry,13.40119,52.51042,bicycle + 
200907,Charlottenburg-Wilmersdorf,4030828,Savignyplatz,October,9,Thursday,minor,1,Paralle Traffic,Daylight,1,1,0,0,0,0,Dry,13.32218,52.50642,bicycle + car + 
200908,Marzahn-Hellersdorf,10040933,Mahlsdorf Süd,October,16,Friday,minor,0,Driving,Daylight,1,0,0,0,0,0,Dry,13.61318,52.49981,bicycle + 
200909,Neukölln,8010510,Gewerbegebiet Köllnische Heide,October,11,Monday,minor,3,Stationary Traffic,Daylight,0,1,0,0,0,0,Dry,13.45668,52.47345,car + 
200910,Marzahn-Hellersdorf,10020414,Helle Mitte,October,19,Thursday,minor,6,Overtaking,Night,0,1,1,0,0,0,Dry,13.60184,52.5376,car + pedestrian + 
200911,Pankow,3061228,Erich-Weinert-Straße,November,8,Saturday,minor,5,Turning,Dawn,1,1,0,0,0,0,Wet,13.4304,52.55126,bicycle + car + 
200912,Pankow,3050920,Weißer See,October,17,Saturday,minor,1,Paralle Traffic,Daylight,1,1,0,0,0,0,Dry,13.45998,52.55302,bicycle + car + 
200913,Treptow-Köpenick,9010302,Späthsfelde,October,10,Wednesday,minor,4,Other,Daylight,0,1,0,0,0,1,Dry,13.4956,52.44901,car + other
200914,Tempelhof-Schöneberg,7030303,Grazer Platz,October,8,Wednesday,minor,6,Turning,Daylight,0,1,1,0,0,0,Dry,13.34741,52.47059,car + pedestrian + 
200915,Lichtenberg,11020411,Malchower Weg,November,22,Friday,serious,5,Crossing,Night,0,1,0,1,0,0,Wet,13.51424,52.55666,car + motorbike + 
200916,Marzahn-Hellersdorf,10020517,Adele-Sandrock-Straße,October,18,Friday,minor,2,Stationary Traffic,Dawn,0,1,0,0,0,0,Dry,13.62117,52.53084,car + 
200917,Steglitz-Zehlendorf,6030607,Goerzwerke,October,8,Tuesday,serious,5,Crossing,Daylight,0,1,0,0,0,1,Dry,13.27746,52.41346,car + other
200918,Steglitz-Zehlendorf,6020306,Lankwitz Süd,October,15,Thursday,minor,5,Crossing,Daylight,0,1,0,0,0,0,Dry,13.35744,52.42295,car + 
200919,Tempelhof-Schöneberg,7020202,Volkspark (Rudolf-Wilde-Park),October,7,Friday,minor,2,Stationary Traffic,Daylight,0,1,0,0,0,0,Dry,13.34496,52.47941,car + 
200920,Reinickendorf,12302110,Dannenwalder Weg,October,8,Monday,minor,2,Stationary Traffic,Daylight,0,1,0,0,0,0,Dry,13.35241,52.59648,car + 
200921,Marzahn-Hellersdorf,10010310,Alt-Marzahn,October,1,Thursday,serious,2,Crossing,Night,0,1,0,0,0,0,Dry,13.55018,52.54282,car + 
200922,Mitte,1022206,Lüneburger Straße,November,16,Saturday,minor,5,Crossing,Daylight,0,1,0,0,0,1,Wet,13.35982,52.52346,car + other
200923,Mitte,1022106,Elberfelder Straße,October,15,Saturday,serious,6,Turning,Daylight,0,1,1,0,0,0,Dry,13.33765,52.52543,car + pedestrian + 
200924,Marzahn-Hellersdorf,10020413,Gut Hellersdorf,October,14,Tuesday,minor,6,Stationary Traffic,Daylight,1,0,1,0,0,0,Dry,13.59724,52.54423,bicycle + pedestrian + 
200925,Neukölln,8010117,Schillerpromenade,October,19,Thursday,serious,5,Paralle Traffic,Night,0,1,0,1,0,0,Dry,13.42632,52.47717,car + motorbike + 
200926,Charlottenburg-Wilmersdorf,4030828,Savignyplatz,November,20,Saturday,minor,2,Stationary Traffic,Night,0,1,0,0,0,0,Wet,13.32348,52.50582,car + 
200927,Tempelhof-Schöneberg,7010102,Nollendorfplatz,October,16,Saturday,minor,6,Other,Daylight,1,0,1,0,0,0,Dry,13.35522,52.49473,bicycle + pedestrian + 
200928,Pankow,3030716,Märchenland,October,7,Wednesday,minor,2,Stationary Traffic,Daylight,0,1,0,0,0,0,Wet,13.48001,52.5666,car + 
200929,Lichtenberg,11040926,Weitlingstraße,October,18,Tuesday,minor,0,Driving,Night,0,0,0,1,0,0,Dry,13.49293,52.501,motorbike + 
200930,Mitte,1011102,Großer Tiergarten,October,9,Friday,minor,5,Other,Daylight,0,1,0,1,0,0,Dry,13.37319,52.51777,car + motorbike + 
200931,Tempelhof-Schöneberg,7040403,Manteuffelstraße,November,15,Friday,minor,5,Crossing,Daylight,1,1,0,0,0,0,Dry,13.3764,52.4601,bicycle + car + 
200932,Treptow-Köpenick,9030903,Kölner Viertel,October,16,Friday,minor,6,Overtaking,Daylight,0,0,1,0,0,1,Dry,13.53908,52.40299,pedestrian + other
200933,Charlottenburg-Wilmersdorf,4020310,Park Ruhwald,October,20,Monday,minor,5,Crossing,Night,0,1,0,0,0,0,Wet,13.28009,52.51838,car + 
200934,Steglitz-Zehlendorf,6030606,Hindenburgdamm,October,13,Thursday,minor,5,Crossing,Daylight,1,1,0,0,0,0,Dry,13.31569,52.44716,bicycle + car + 
200935,Spandau,5040936,Jägerallee,October,3,Friday,minor,9,Driving,Night,0,1,0,0,0,0,Wet,13.13252,52.47311,car + 
200936,Tempelhof-Schöneberg,7010102,Nollendorfplatz,October,18,Sunday,minor,2,Turning,Night,0,1,0,0,0,0,Dry,13.35282,52.49481,car + 
200937,Treptow-Köpenick,9041301,Kietzer Feld/Nachtheide,October,6,Wednesday,minor,5,Crossing,Night,1,1,0,0,0,0,Dry,13.59488,52.43319,bicycle + car + 
200938,Friedrichshain-Kreuzberg,2040502,Friedenstraße,October,9,Friday,minor,2,Stationary Traffic,Daylight,1,1,0,0,0,0,Dry,13.43358,52.5198,bicycle + car + 
200939,Friedrichshain-Kreuzberg,2050802,Boxhagener Platz,November,12,Saturday,minor,5,Crossing,Daylight,0,1,0,0,0,0,Wet,13.45948,52.50793,car + 
200940,Charlottenburg-Wilmersdorf,4030725,Amtsgerichtsplatz,October,21,Saturday,minor,0,Driving,Night,0,0,0,0,0,1,Dry,13.30243,52.5068,other
200941,Mitte,1011202,Unter den Linden Nord,October,11,Tuesday,minor,5,Crossing,Daylight,1,0,0,1,0,0,Dry,13.39395,52.51925,bicycle + motorbike + 
200942,Friedrichshain-Kreuzberg,2040701,Andreasviertel,November,10,Friday,minor,2,Turning,Daylight,1,1,0,0,0,0,Dry,13.42917,52.5109,bicycle + car + 
200943,Friedrichshain-Kreuzberg,2030302,Lausitzer Platz,October,14,Friday,minor,2,Other,Daylight,1,1,0,0,0,0,Dry,13.44213,52.50124,bicycle + car + 
200944,Tempelhof-Schöneberg,7050501,Rathausstraße,October,17,Monday,minor,0,Paralle Traffic,Night,1,1,0,0,0,0,Wet,13.38063,52.44526,bicycle + car + 
200945,Pankow,3061429,Greifswalder Straße,October,7,Thursday,minor,2,Stationary Traffic,Daylight,0,1,0,0,0,0,Dry,13.44805,52.53778,car + 
200946,Spandau,5010208,Germersheimer Platz,October,15,Friday,minor,2,Stationary Traffic,Daylight,0,1,0,0,0,0,Dry,13.18379,52.54305,car + 
200947,Reinickendorf,12214125,Waldidyll/Flughafensee,November,11,Friday,minor,2,Stationary Traffic,Daylight,0,0,0,0,0,1,Dry,13.2965,52.58034,other
200948,Charlottenburg-Wilmersdorf,4030930,George-Grosz-Platz,October,15,Friday,minor,5,Crossing,Daylight,1,1,0,0,0,0,Dry,13.31938,52.50151,bicycle + car + 
200949,Friedrichshain-Kreuzberg,2010101,Askanischer Platz,October,18,Monday,minor,2,Stationary Traffic,Night,0,1,0,0,0,0,Wet,13.38885,52.49936,car + 
200950,Pankow,3050919,Gustav-Adolf-Straße,October,7,Thursday,minor,5,Crossing,Daylight,1,1,0,0,0,0,Dry,13.45509,52.55932,bicycle + car + 
200951,Charlottenburg-Wilmersdorf,4010101,Jungfernheide,October,0,Friday,minor,5,Turning,Night,0,1,0,0,0,0,Dry,13.29489,52.53963,car + 
200952,Mitte,1011401,Invalidenstraße,October,11,Sunday,minor,0,Driving,Daylight,0,0,0,1,0,0,Wet,13.38468,52.53101,motorbike + 
200953,Charlottenburg-Wilmersdorf,4030931,Breitscheidplatz,October,16,Wednesday,minor,5,Other,Dawn,0,1,0,0,0,0,Dry,13.32541,52.50357,car + 
200954,Marzahn-Hellersdorf,10020414,Helle Mitte,October,17,Thursday,serious,1,Overtaking,Dawn,1,1,1,0,0,0,Dry,13.60198,52.53691,bicycle + car + pedestrian + 
200955,Mitte,1044203,Leopoldplatz,November,19,Friday,minor,2,Stationary Traffic,Night,0,1,0,0,0,0,Wet,13.35481,52.55213,car + 
200956,Charlottenburg-Wilmersdorf,4051551,Brabanter Platz,October,12,Saturday,minor,5,Other,Daylight,0,1,0,0,0,0,Dry,13.32038,52.48306,car + 
200957,Charlottenburg-Wilmersdorf,4020311,Reichsstraße,October,10,Tuesday,minor,5,Turning,Daylight,1,1,0,0,0,0,Wet,13.26159,52.51566,bicycle + car + 
200958,Marzahn-Hellersdorf,10040828,Kaulsdorf Nord,October,21,Thursday,minor,5,Crossing,Night,0,1,0,0,0,0,Dry,13.5989,52.52834,car + 
200959,Pankow,3061441,Eldenaer Straße,November,7,Friday,minor,5,Turning,Dawn,1,1,0,0,0,0,Dry,13.45817,52.52555,bicycle + car + 
200960,Mitte,1011203,Unter den Linden Süd,October,21,Friday,minor,8,Driving,Night,0,0,0,0,0,1,Dry,13.39493,52.51242,other
200961,Charlottenburg-Wilmersdorf,4030929,Hindemithplatz,October,15,Monday,minor,5,Paralle Traffic,Daylight,0,1,0,0,0,1,Dry,13.31353,52.50401,car + other
200962,Friedrichshain-Kreuzberg,2010102,Mehringplatz,October,7,Thursday,minor,5,Turning,Daylight,1,1,0,0,0,0,Dry,13.40114,52.5063,bicycle + car + 
200963,Treptow-Köpenick,9020701,Adlershof West,October,18,Thursday,minor,5,Turning,Daylight,1,1,0,0,0,0,Dry,13.55085,52.42906,bicycle + car + 
200964,Neukölln,8010118,Silbersteinstraße,October,17,Saturday,minor,0,Stationary Traffic,Dawn,0,1,0,1,0,0,Dry,13.43275,52.46495,car + motorbike + 
200965,Mitte,1033101,Soldiner Straße,October,11,Wednesday,minor,5,Crossing,Daylight,1,1,0,0,0,0,Dry,13.39279,52.56409,bicycle + car + 
200966,Marzahn-Hellersdorf,10030724,Oberfeldstraße,October,18,Thursday,serious,5,Turning,Night,1,1,0,0,0,0,Wet,13.56376,52.51886,bicycle + car + 
200967,Spandau,5010208,Germersheimer Platz,October,13,Wednesday,serious,5,Turning,Daylight,1,1,0,0,0,0,Dry,13.18542,52.55155,bicycle + car + 
200968,Mitte,1011203,Unter den Linden Süd,October,16,Thursday,minor,1,Paralle Traffic,Daylight,1,1,0,0,0,0,Dry,13.38894,52.51633,bicycle + car + 
200969,Pankow,3040614,Pankow Zentrum,October,16,Thursday,serious,3,Paralle Traffic,Daylight,1,1,0,0,0,0,Dry,13.40803,52.56582,bicycle + car + 
200970,Friedrichshain-Kreuzberg,2040502,Friedenstraße,October,20,Sunday,minor,5,Crossing,Night,0,1,0,0,0,0,Dry,13.44064,52.51713,car + 
200971,Reinickendorf,12231101,Hermsdorf,October,14,Wednesday,minor,2,Stationary Traffic,Daylight,0,1,0,0,0,0,Dry,13.29831,52.61357,car + 
200972,Reinickendorf,12224230,Heiligensee,October,16,Thursday,minor,2,Stationary Traffic,Daylight,0,1,0,0,0,1,Dry,13.24636,52.60111,car + other
200973,Treptow-Köpenick,9051901,Dammvorstadt,October,15,Thursday,minor,3,Stationary Traffic,Daylight,0,0,0,0,0,1,Dry,13.57864,52.45778,other
200974,Charlottenburg-Wilmersdorf,4020310,Park Ruhwald,November,17,Friday,minor,3,Stationary Traffic,Night,0,1,0,0,0,0,Wet,13.28258,52.51847,car + 
200975,Neukölln,8020625,Handwerker-Siedlung,October,13,Saturday,minor,2,Turning,Daylight,0,1,0,1,0,0,Dry,13.43491,52.44028,car + motorbike + 
200976,Neukölln,8041035,Blumenviertel,October,7,Tuesday,minor,5,Crossing,Daylight,1,1,0,0,0,0,Wet,13.47006,52.43495,bicycle + car + 
200977,Treptow-Köpenick,9030903,Kölner Viertel,October,15,Thursday,minor,5,Crossing,Daylight,0,1,0,0,0,0,Dry,13.54658,52.40088,car + 
200978,Tempelhof-Schöneberg,7030302,Ceciliengärten,October,7,Thursday,minor,5,Turning,Daylight,1,1,1,0,0,0,Dry,13.33507,52.46801,bicycle + car + pedestrian + 
200979,Neukölln,8010214,Glasower Straße,October,13,Friday,minor,5,Crossing,Daylight,0,1,0,1,0,0,Dry,13.43681,52.46516,car + motorbike + 
200980,Pankow,3030715,Heinersdorf,October,10,Monday,minor,6,Overtaking,Daylight,1,0,1,0,0,0,Dry,13.42831,52.56184,bicycle + pedestrian + 
200981,Steglitz-Zehlendorf,6010206,Stadtpark,October,18,Thursday,minor,1,Paralle Traffic,Night,1,1,0,0,0,0,Dry,13.33424,52.45181,bicycle + car + 
200982,Charlottenburg-Wilmersdorf,4051551,Brabanter Platz,November,5,Saturday,minor,0,Driving,Night,0,1,0,0,0,0,Wet,13.31367,52.48097,car + 
200983,Pankow,3020209,Niederschönhausen,October,17,Saturday,minor,5,Other,Daylight,0,1,0,0,0,1,Dry,13.39252,52.58214,car + other
200984,Lichtenberg,11040926,Weitlingstraße,October,8,Wednesday,minor,2,Stationary Traffic,Daylight,1,1,0,0,0,0,Dry,13.49081,52.50343,bicycle + car + 
200985,Neukölln,8010303,Donaustraße,October,22,Tuesday,minor,5,Other,Night,0,1,0,0,0,0,Dry,13.42448,52.48637,car + 
200986,Charlottenburg-Wilmersdorf,4030828,Savignyplatz,November,16,Friday,minor,5,Crossing,Dawn,0,1,0,0,0,0,Dry,13.31585,52.50626,car + 
200987,Lichtenberg,11010310,Mühlengrund,October,17,Friday,minor,2,Stationary Traffic,Daylight,0,1,0,0,0,0,Dry,13.50379,52.56266,car + 
200988,Tempelhof-Schöneberg,7020204,Schöneberger Insel,October,17,Tuesday,minor,0,Other,Dawn,0,0,1,0,0,1,Dry,13.36385,52.4767,pedestrian + other
200989,Mitte,1011303,Alexanderplatzviertel,October,14,Thursday,minor,5,Paralle Traffic,Daylight,1,1,0,0,0,0,Dry,13.40054,52.52173,bicycle + car + 
200990,Neukölln,8020625,Handwerker-Siedlung,October,11,Friday,minor,6,Overtaking,Daylight,0,1,1,0,0,0,Dry,13.44633,52.43694,car + pedestrian + 
200991,Charlottenburg-Wilmersdorf,4051654,Wilhelmsaue,November,16,Saturday,minor,6,Overtaking,Daylight,0,1,1,0,0,0,Dry,13.32149,52.48642,car + pedestrian + 
200992,Neukölln,8010214,Glasower Straße,November,20,Friday,minor,8,Driving,Night,0,1,0,0,0,0,Wet,13.4436,52.46427,car + 
200993,Steglitz-Zehlendorf,6040807,Zehlendorf Eiche,October,12,Saturday,minor,0,Turning,Daylight,1,1,0,0,0,0,Dry,13.26168,52.44173,bicycle + car + 
200994,Neukölln,8010214,Glasower Straße,November,22,Saturday,minor,5,Crossing,Night,0,1,0,0,0,0,Wet,13.44271,52.46504,car + 
200995,Marzahn-Hellersdorf,10020623,Rotes Viertel,October,13,Tuesday,serious,6,Turning,Daylight,0,1,1,0,0,0,Dry,13.58943,52.52321,car + pedestrian + 
200996,Charlottenburg-Wilmersdorf,4051551,Brabanter Platz,November,22,Saturday,minor,5,Turning,Night,0,1,0,0,0,0,Wet,13.32034,52.4814,car + 
200997,Lichtenberg,11051330,Karlshorst West,October,16,Thursday,minor,2,Stationary Traffic,Night,0,1,0,0,0,0,Dry,13.52581,52.49378,car + 
200998,Pankow,3030406,Alt-Karow,October,10,Friday,minor,5,Crossing,Daylight,0,1,0,0,0,1,Dry,13.46688,52.61503,car + other
200999,Neukölln,8020622,Parchimer Allee,November,12,Saturday,minor,3,Stationary Traffic,Daylight,0,1,0,0,0,1,Wet,13.43486,52.4408,car + other
201000,Lichtenberg,11041128,Sewanstraße,November,12,Saturday,minor,5,Crossing,Daylight,1,1,0,0,0,0,Dry,13.52206,52.49723,bicycle + car + 
201001,Friedrichshain-Kreuzberg,2050802,Boxhagener Platz,October,8,Monday,minor,5,Crossing,Daylight,0,1,0,1,0,0,Dry,13.45243,52.51248,car + motorbike + 
201002,Tempelhof-Schöneberg,7060603,Marienfelde Nordost,October,16,Thursday,serious,5,Crossing,Daylight,1,1,0,0,0,0,Dry,13.38284,52.41112,bicycle + car + 
201003,Reinickendorf,12103218,Teichstraße,November,11,Saturday,serious,5,Other,Daylight,0,1,0,1,0,0,Wet,13.35213,52.57371,car + motorbike + 
201004,Treptow-Köpenick,9051901,Dammvorstadt,November,11,Saturday,serious,3,Turning,Daylight,0,1,0,0,0,1,Dry,13.57178,52.45112,car + other
201005,Reinickendorf,12304313,Borsigwalde,November,17,Saturday,minor,6,Overtaking,Night,0,1,1,0,0,0,Wet,13.30964,52.58384,car + pedestrian + 
201006,Charlottenburg-Wilmersdorf,4030930,George-Grosz-Platz,October,16,Saturday,minor,1,Paralle Traffic,Daylight,1,1,0,0,0,0,Dry,13.31401,52.50084,bicycle + car + 
201007,Neukölln,8041037,Alt-Rudow,October,6,Wednesday,minor,5,Crossing,Night,1,1,0,0,0,0,Wet,13.4959,52.43205,bicycle + car + 
201008,Tempelhof-Schöneberg,7010104,Dennewitzplatz,November,11,Saturday,minor,0,Turning,Daylight,0,1,0,1,0,0,Wet,13.36091,52.49012,car + motorbike + 
201009,Reinickendorf,12103117,Letteplatz,October,17,Tuesday,minor,0,Crossing,Night,0,1,0,1,0,1,Dry,13.37471,52.56139,car + motorbike + other
201010,Pankow,3061131,Falkplatz,November,11,Saturday,minor,0,Turning,Daylight,1,1,0,0,0,0,Wet,13.41316,52.54768,bicycle + car + 
201011,Lichtenberg,11030720,Herzbergstraße,October,17,Thursday,minor,6,Overtaking,Daylight,0,1,1,0,0,0,Dry,13.496,52.53412,car + pedestrian + 
201012,Steglitz-Zehlendorf,6030609,Augustaplatz,November,14,Friday,minor,1,Paralle Traffic,Daylight,1,1,0,0,0,0,Dry,13.31391,52.43586,bicycle + car + 
201013,Spandau,5010101,Hakenfelde Nord,October,16,Friday,minor,0,Overtaking,Daylight,0,0,1,0,0,1,Dry,13.19665,52.56278,pedestrian + other
201014,Marzahn-Hellersdorf,10020414,Helle Mitte,November,10,Saturday,minor,5,Crossing,Daylight,0,1,0,0,0,0,Wet,13.60227,52.53606,car + 
201015,Pankow,3040508,Rosenthal,October,19,Monday,minor,5,Crossing,Night,1,1,0,0,0,0,Dry,13.36946,52.59738,bicycle + car + 
201016,Lichtenberg,11030721,Rüdigerstraße,October,8,Thursday,minor,1,Paralle Traffic,Daylight,1,1,0,0,0,0,Dry,13.47334,52.52058,bicycle + car + 
201017,Friedrichshain-Kreuzberg,2030302,Lausitzer Platz,October,10,Friday,minor,1,Paralle Traffic,Daylight,0,1,0,0,0,0,Dry,13.43342,52.50318,car + 
201018,Reinickendorf,12302109,Treuenbrietzener Straße,November,10,Saturday,minor,5,Crossing,Daylight,0,1,0,0,0,0,Wet,13.36591,52.60455,car + 
201019,Treptow-Köpenick,9020701,Adlershof West,November,10,Saturday,minor,5,Turning,Daylight,0,1,0,0,0,0,Wet,13.51965,52.42822,car + 
201020,Steglitz-Zehlendorf,6040702,Düppel,October,16,Sunday,minor,0,Crossing,Daylight,1,1,0,0,0,0,Wet,13.22443,52.42556,bicycle + car + 
201021,Steglitz-Zehlendorf,6040804,Krumme Lanke,October,18,Wednesday,minor,5,Turning,Night,0,1,0,0,0,0,Wet,13.2402,52.44271,car + 
201022,Steglitz-Zehlendorf,6040810,Dahlem,November,10,Saturday,minor,0,Crossing,Daylight,0,0,0,1,0,1,Wet,13.30464,52.46203,motorbike + other
201023,Mitte,1011301,Charitéviertel,October,15,Thursday,minor,1,Paralle Traffic,Daylight,1,1,0,0,0,0,Dry,13.38734,52.52582,bicycle + car + 
201024,Mitte,1011201,Wilhelmstraße,November,15,Friday,minor,5,Turning,Dawn,1,0,0,0,0,1,Dry,13.37685,52.51073,bicycle + other
201025,Charlottenburg-Wilmersdorf,4041344,Rüdesheimer Platz,October,20,Saturday,minor,0,Other,Dawn,0,1,0,0,0,0,Dry,13.3144,52.47202,car + 
201026,Friedrichshain-Kreuzberg,2010102,Mehringplatz,November,7,Tuesday,minor,6,Overtaking,Daylight,1,0,1,0,0,0,Dry,13.39574,52.49908,bicycle + pedestrian + 
201027,Tempelhof-Schöneberg,7040405,Rathaus Tempelhof,November,6,Tuesday,serious,1,Other,Dawn,0,1,0,0,0,1,Dry,13.38746,52.45883,car + other
201028,Steglitz-Zehlendorf,6030504,Teltower Damm,November,14,Tuesday,serious,1,Paralle Traffic,Daylight,0,1,0,0,0,0,Dry,13.25077,52.42253,car + 
201029,Reinickendorf,12214528,Tegeler Forst,November,13,Tuesday,minor,3,Stationary Traffic,Daylight,1,1,0,0,0,0,Dry,13.24991,52.59482,bicycle + car + 
201030,Mitte,1011104,Körnerstraße,November,13,Tuesday,minor,0,Turning,Daylight,1,1,0,0,0,0,Dry,13.37114,52.50131,bicycle + car + 
201031,Mitte,1044102,Schillerpark,November,11,Tuesday,minor,5,Other,Daylight,0,1,0,0,0,0,Dry,13.35121,52.5521,car + 
201032,Mitte,1011204,Leipziger Straße,November,9,Tuesday,minor,5,Turning,Daylight,1,1,0,0,0,0,Dry,13.38975,52.51129,bicycle + car + 
201033,Reinickendorf,12103218,Teichstraße,November,18,Tuesday,minor,5,Turning,Night,0,1,0,1,0,0,Dry,13.35094,52.56948,car + motorbike + 
201034,Reinickendorf,12214125,Waldidyll/Flughafensee,November,18,Tuesday,minor,2,Stationary Traffic,Night,0,1,0,0,0,1,Dry,13.29595,52.57679,car + other
201035,Marzahn-Hellersdorf,10040830,Kaulsdorf Süd,November,18,Tuesday,minor,5,Turning,Night,1,1,0,0,0,0,Dry,13.57565,52.49006,bicycle + car + 
201036,Treptow-Köpenick,9041601,Müggelheim,November,17,Tuesday,minor,6,Turning,Night,0,1,1,0,0,0,Dry,13.65579,52.41551,car + pedestrian + 
201037,Charlottenburg-Wilmersdorf,4010102,Plötzensee,November,17,Tuesday,minor,0,Stationary Traffic,Night,0,1,0,0,0,1,Dry,13.32616,52.53822,car + other
201038,Tempelhof-Schöneberg,7070703,John-Locke-Straße,November,16,Tuesday,minor,5,Turning,Night,0,1,0,0,0,0,Dry,13.40672,52.39377,car + 
201039,Mitte,1011204,Leipziger Straße,November,16,Tuesday,minor,5,Crossing,Night,1,1,0,0,0,0,Dry,13.39013,52.50946,bicycle + car + 
201040,Lichtenberg,11020412,Hauptstraße,November,15,Tuesday,minor,2,Stationary Traffic,Daylight,0,1,0,0,0,0,Dry,13.50872,52.54887,car + 
201041,Mitte,1011301,Charitéviertel,November,15,Monday,minor,2,Stationary Traffic,Daylight,1,1,0,0,0,0,Dry,13.37679,52.52254,bicycle + car + 
201042,Treptow-Köpenick,9020802,Köllnische Vorstadt,November,15,Monday,minor,0,Stationary Traffic,Daylight,1,0,1,0,0,0,Dry,13.56535,52.43902,bicycle + pedestrian + 
201043,Pankow,3040614,Pankow Zentrum,November,7,Monday,serious,5,Turning,Night,1,1,0,0,0,0,Dry,13.4286,52.58308,bicycle + car + 
201044,Mitte,1011102,Großer Tiergarten,November,6,Monday,serious,6,Turning,Dawn,0,1,1,0,0,0,Dry,13.37084,52.51787,car + pedestrian + 
201045,Neukölln,8020620,Tempelhofer Weg,November,6,Monday,minor,5,Crossing,Dawn,1,0,0,0,0,1,Wet,13.43316,52.4449,bicycle + other
201046,Mitte,1022104,Emdener Straße,November,12,Monday,serious,3,Stationary Traffic,Daylight,1,1,0,0,0,0,Dry,13.3401,52.52633,bicycle + car + 
201047,Tempelhof-Schöneberg,7060604,Marienfelde Süd,November,12,Monday,minor,0,Crossing,Daylight,1,0,0,0,0,1,Dry,13.35056,52.4091,bicycle + other
201048,Mitte,1011303,Alexanderplatzviertel,November,11,Monday,minor,2,Stationary Traffic,Daylight,0,1,0,0,0,0,Dry,13.40643,52.51808,car + 
201049,Reinickendorf,12231102,Frohnau,November,11,Monday,minor,5,Turning,Daylight,0,1,0,0,0,1,Dry,13.29036,52.63346,car + other
201050,Reinickendorf,12224230,Heiligensee,November,10,Monday,minor,5,Other,Daylight,1,1,0,0,0,0,Dry,13.23506,52.6085,bicycle + car + 
201051,Pankow,3071537,Kollwitzplatz,November,10,Monday,minor,5,Turning,Daylight,1,0,0,0,1,0,Dry,13.422,52.53566,bicycle + truck + 
201052,Steglitz-Zehlendorf,6040809,Thielallee,November,9,Monday,serious,5,Turning,Daylight,1,0,0,0,1,0,Dry,13.30393,52.45866,bicycle + truck + 
201053,Mitte,1011102,Großer Tiergarten,November,19,Monday,minor,2,Stationary Traffic,Night,0,1,0,1,0,0,Dry,13.35073,52.51171,car + motorbike + 
201054,Lichtenberg,11030619,Fennpfuhl Ost,November,9,Monday,minor,5,Turning,Daylight,0,1,0,0,1,0,Dry,13.4776,52.53085,car + truck + 
201055,Tempelhof-Schöneberg,7020201,Bayerischer Platz,November,18,Monday,minor,2,Crossing,Night,0,1,0,0,0,0,Dry,13.34516,52.48912,car + 
201056,Friedrichshain-Kreuzberg,2040502,Friedenstraße,November,18,Monday,minor,3,Crossing,Night,0,1,0,0,0,0,Dry,13.44063,52.51708,car + 
201057,Pankow,3030711,Blankenburg,November,17,Monday,minor,5,Crossing,Night,1,1,0,0,0,0,Dry,13.46738,52.59709,bicycle + car + 
201058,Pankow,3050920,Weißer See,November,17,Monday,minor,3,Stationary Traffic,Night,0,1,0,0,0,1,Dry,13.45356,52.55159,car + other
201059,Pankow,3040818,Pankow Süd,November,15,Monday,minor,5,Crossing,Daylight,0,1,0,0,0,0,Dry,13.42653,52.55538,car + 
201060,Steglitz-Zehlendorf,6010207,Mittelstraße,November,15,Monday,minor,0,Stationary Traffic,Dawn,0,1,0,0,0,1,Dry,13.33098,52.45322,car + other
201061,Treptow-Köpenick,9010302,Späthsfelde,November,15,Monday,minor,5,Crossing,Daylight,0,1,0,0,0,0,Dry,13.48834,52.4513,car + 
201062,Mitte,1022103,Westhafen,November,15,Monday,minor,5,Turning,Daylight,1,1,0,0,0,0,Dry,13.34434,52.53833,bicycle + car + 