id,district,lor,street,month,hour,weekday,injury,collision,movement,light_conditions,bicycle,car,pedestrian,motorbike,truck,other_vehicle,road_conditions,longitude,latitude,Combo_type
201063,Marzahn-Hellersdorf,10030725,Buckower Ring,November,15,Monday,minor,5,Crossing,Daylight,1,1,0,0,0,0,Dry,13.56499,52.52227,bicycle + car + 
201064,Pankow,3061228,Erich-Weinert-Straße,November,15,Monday,minor,5,Turning,Daylight,1,1,0,0,0,0,Dry,13.42794,52.54551,bicycle + car + 
201065,Marzahn-Hellersdorf,10040932,Alt-Mahlsdorf,November,13,Monday,minor,2,Turning,Daylight,0,1,0,1,0,0,Dry,13.6136,52.50918,car + motorbike + 
201066,Treptow-Köpenick,9020802,Köllnische Vorstadt,November,13,Monday,minor,2,Stationary Traffic,Daylight,0,1,0,0,0,0,Dry,13.56904,52.44458,car + 
201067,Spandau,5030833,Motardstraße,November,12,Monday,minor,5,Crossing,Daylight,0,1,0,0,0,0,Dry,13.2726,52.53253,car + 
201068,Steglitz-Zehlendorf,6010205,Südende,November,21,Sunday,minor,5,Crossing,Night,0,1,0,0,0,0,Wet,13.34689,52.44999,car + 
201069,Mitte,1033102,Gesundbrunnen,November,20,Sunday,minor,2,Stationary Traffic,Night,0,1,0,0,0,0,Dry,13.38324,52.55157,car + 
201070,Tempelhof-Schöneberg,7020201,Bayerischer Platz,November,19,Sunday,serious,0,Other,Night,0,0,1,0,0,1,Dry,13.34497,52.48608,pedestrian + other
201071,Steglitz-Zehlendorf,6020411,Schütte-Lanz-Straße,November,17,Sunday,minor,5,Turning,Night,0,1,0,1,0,0,Dry,13.3178,52.4144,car + motorbike + 
201072,Neukölln,8020625,Handwerker-Siedlung,November,17,Sunday,minor,6,Turning,Night,0,1,1,0,0,0,Wet,13.43471,52.44018,car + pedestrian + 
201073,Spandau,5010206,Gütersloher Weg,November,14,Sunday,minor,5,Turning,Daylight,1,1,0,0,0,0,Dry,13.1629,52.55156,bicycle + car + 
201074,Reinickendorf,12301203,Wittenau Süd,November,13,Sunday,minor,3,Stationary Traffic,Daylight,1,0,0,0,0,0,Dry,13.32809,52.59343,bicycle + 
201075,Mitte,1011105,Nördlicher Landwehrkanal,November,14,Sunday,minor,2,Stationary Traffic,Daylight,0,1,0,1,0,0,Dry,13.36004,52.50985,car + motorbike + 
201076,Pankow,3040513,Schönholz,November,13,Sunday,minor,2,Stationary Traffic,Daylight,0,1,0,0,0,1,Dry,13.38109,52.57427,car + other
201077,Spandau,5010103,Amorbacher Weg,November,13,Sunday,serious,0,Turning,Daylight,0,1,0,0,0,1,Dry,13.19863,52.55526,car + other
201078,Friedrichshain-Kreuzberg,2040703,Wriezener Bahnhof/Entwicklungsgebiet,November,11,Sunday,serious,6,Overtaking,Daylight,0,1,1,0,0,0,Dry,13.43923,52.51234,car + pedestrian + 
201079,Pankow,3050925,Komponistenviertel Weißensee,November,11,Sunday,minor,5,Crossing,Daylight,0,1,0,0,0,0,Dry,13.4595,52.54797,car + 
201080,Lichtenberg,11010309,Zingster Straße West,November,10,Sunday,serious,0,Driving,Daylight,0,0,0,1,0,0,Wet,13.49555,52.56534,motorbike + 
201081,Mitte,1022104,Emdener Straße,November,7,Sunday,minor,2,Stationary Traffic,Daylight,0,1,0,0,0,0,Dry,13.33793,52.52647,car + 
201082,Tempelhof-Schöneberg,7060601,Marienfelder Allee Nordwest,November,5,Sunday,minor,6,Other,Night,0,1,1,1,0,0,Wet,13.3528,52.41749,car + pedestrian + motorbike + 
201083,Pankow,3061131,Falkplatz,November,0,Sunday,minor,0,Paralle Traffic,Night,0,0,0,1,0,1,Wet,13.40907,52.5413,motorbike + other
201084,Lichtenberg,11030721,Rüdigerstraße,November,18,Saturday,serious,5,Crossing,Night,0,1,0,1,0,0,Wet,13.49629,52.52043,car + motorbike + 
201085,Charlottenburg-Wilmersdorf,4051549,Rathaus Wilmersdorf,November,15,Saturday,minor,5,Crossing,Daylight,0,1,1,0,0,0,Dry,13.32019,52.48388,car + pedestrian + 
201086,Mitte,1011103,Lützowstraße,November,17,Saturday,minor,1,Paralle Traffic,Night,1,1,0,0,0,0,Wet,13.36254,52.50113,bicycle + car + 
201087,Spandau,5030730,Zitadellenweg,November,17,Saturday,minor,2,Other,Night,0,1,0,0,0,0,Wet,13.22762,52.53787,car + 
201088,Mitte,1033101,Soldiner Straße,November,17,Saturday,minor,2,Turning,Night,0,1,0,0,0,0,Wet,13.39091,52.56322,car + 
201089,Neukölln,8010404,Rixdorf,November,16,Saturday,minor,5,Turning,Night,1,1,0,0,0,0,Wet,13.44523,52.47909,bicycle + car + 
201090,Charlottenburg-Wilmersdorf,4010101,Jungfernheide,November,15,Saturday,serious,5,Turning,Daylight,0,1,0,0,0,0,Wet,13.29672,52.54807,car + 
201091,Lichtenberg,11020412,Hauptstraße,November,20,Saturday,minor,9,Driving,Night,0,1,0,0,0,0,Wet,13.50838,52.54843,car + 
201092,Treptow-Köpenick,9020501,Oberschöneweide West,November,14,Saturday,minor,5,Turning,Daylight,0,1,0,0,0,0,Wet,13.51435,52.46876,car + 
201093,Neukölln,8010214,Glasower Straße,November,14,Saturday,minor,5,Turning,Daylight,0,1,0,0,0,0,Wet,13.44734,52.46427,car + 
201094,Mitte,1011402,Arkonaplatz,November,14,Saturday,minor,6,Turning,Daylight,0,1,1,0,0,0,Wet,13.39806,52.53488,car + pedestrian + 
201095,Steglitz-Zehlendorf,6030610,Lichterfelde West,November,14,Saturday,minor,5,Crossing,Daylight,0,1,0,0,0,0,Wet,13.30642,52.43417,car + 
201096,Spandau,5010310,Eckschanze,November,19,Saturday,serious,0,Driving,Night,0,0,0,1,0,0,Wet,13.19396,52.55087,motorbike + 
201097,Mitte,1011101,Stülerstraße,November,14,Saturday,minor,0,Driving,Daylight,0,0,0,1,0,0,Wet,13.34151,52.50564,motorbike + 
201098,Neukölln,8010211,Flughafenstraße,November,14,Saturday,minor,6,Turning,Daylight,0,1,1,0,0,0,Wet,13.42515,52.48006,car + pedestrian + 
201099,Mitte,1044201,Reinickendorfer Straße,November,14,Saturday,minor,2,Stationary Traffic,Daylight,0,1,0,0,0,1,Wet,13.37994,52.55607,car + other
201100,Mitte,1011303,Alexanderplatzviertel,November,18,Saturday,serious,1,Paralle Traffic,Night,0,1,0,0,0,0,Dry,13.40054,52.52173,car + 
201101,Reinickendorf,12214424,Scharnweberstraße,November,18,Saturday,minor,5,Other,Night,0,1,0,0,0,0,Wet,13.32038,52.56589,car + 
201102,Mitte,1011302,Oranienburger Straße,November,13,Saturday,minor,5,Crossing,Daylight,1,1,0,0,0,0,Wet,13.39857,52.52344,bicycle + car + 
201103,Tempelhof-Schöneberg,7030302,Ceciliengärten,November,18,Saturday,minor,0,Stationary Traffic,Night,0,0,0,1,0,1,Wet,13.3434,52.47266,motorbike + other
201104,Tempelhof-Schöneberg,7040404,Marienhöhe,November,13,Saturday,minor,4,Other,Daylight,0,1,0,0,0,0,Wet,13.36171,52.44716,car + 
201105,Neukölln,8010301,Reuterkiez,November,12,Saturday,minor,3,Stationary Traffic,Daylight,0,1,0,1,0,0,Wet,13.4348,52.48442,car + motorbike + 
201106,Treptow-Köpenick,9020502,Oberschöneweide Ost,November,12,Saturday,minor,5,Turning,Daylight,0,1,0,0,0,0,Wet,13.53883,52.45761,car + 
201107,Neukölln,8020622,Parchimer Allee,November,11,Saturday,minor,2,Stationary Traffic,Daylight,0,1,0,0,0,0,Wet,13.45231,52.45239,car + 
201108,Neukölln,8010118,Silbersteinstraße,November,11,Saturday,minor,2,Stationary Traffic,Daylight,0,1,0,0,0,0,Wet,13.43204,52.46625,car + 
201109,Spandau,5030731,Gartenfelder Straße,November,0,Saturday,minor,1,Driving,Night,0,1,0,0,0,1,Wet,13.23158,52.54528,car + other
201110,Friedrichshain-Kreuzberg,2040703,Wriezener Bahnhof/Entwicklungsgebiet,November,0,Saturday,minor,0,Driving,Night,1,0,0,0,0,0,Wet,13.45006,52.5075,bicycle + 
201111,Steglitz-Zehlendorf,6030610,Lichterfelde West,November,23,Saturday,minor,5,Turning,Night,0,1,0,0,0,0,Wet,13.30961,52.43128,car + 
201112,Mitte,1011306,Heine-Viertel Ost,November,23,Saturday,minor,1,Paralle Traffic,Night,1,1,0,0,0,1,Dry,13.41851,52.51047,bicycle + car + other
201113,Friedrichshain-Kreuzberg,2050803,Stralauer Kiez,November,22,Saturday,minor,5,Turning,Night,1,1,0,0,0,0,Wet,13.46661,52.5013,bicycle + car + 
201114,Reinickendorf,12214125,Waldidyll/Flughafensee,November,22,Saturday,minor,2,Stationary Traffic,Night,0,1,0,0,0,0,Dry,13.28533,52.57562,car + 
201115,Mitte,1033201,Brunnenstraße,November,21,Saturday,serious,6,Turning,Night,0,1,1,0,0,0,Dry,13.39364,52.54118,car + pedestrian + 
201116,Spandau,5020626,Adamstraße,November,21,Saturday,serious,2,Stationary Traffic,Night,0,1,0,0,0,0,Wet,13.19762,52.52339,car + 
201117,Friedrichshain-Kreuzberg,2020206,Graefekiez,November,21,Saturday,minor,2,Stationary Traffic,Night,0,1,0,0,0,0,Wet,13.41204,52.48841,car + 
201118,Mitte,1022206,Lüneburger Straße,November,18,Saturday,minor,0,Driving,Night,1,0,0,0,0,0,Wet,13.36548,52.52525,bicycle + 
201119,Mitte,1033203,Humboldthain Nordwest,November,11,Friday,minor,5,Turning,Daylight,1,1,0,0,0,0,Dry,13.3704,52.54465,bicycle + car + 
201120,Marzahn-Hellersdorf,10020517,Adele-Sandrock-Straße,November,23,Friday,minor,1,Paralle Traffic,Night,0,1,0,0,1,0,Wet,13.60617,52.5345,car + truck + 
201121,Charlottenburg-Wilmersdorf,4030930,George-Grosz-Platz,November,23,Friday,minor,5,Crossing,Night,0,1,0,0,0,0,Wet,13.31965,52.503,car + 
201122,Friedrichshain-Kreuzberg,2010104,Wassertorplatz,November,22,Friday,minor,2,Stationary Traffic,Night,0,1,0,0,0,0,Wet,13.41599,52.4987,car + 
201123,Marzahn-Hellersdorf,10040933,Mahlsdorf Süd,November,22,Friday,serious,4,Stationary Traffic,Night,0,1,0,0,0,0,Wet,13.61019,52.4944,car + 
201124,Spandau,5020521,Döberitzer Weg,November,21,Friday,minor,5,Turning,Night,0,1,0,0,0,0,Wet,13.12236,52.52867,car + 
201125,Treptow-Köpenick,9010202,Köpenicker Landstraße,November,20,Friday,minor,5,Turning,Night,0,1,0,0,0,0,Wet,13.47866,52.47755,car + 
201126,Friedrichshain-Kreuzberg,2020206,Graefekiez,November,20,Friday,minor,6,Turning,Night,0,1,1,0,0,0,Wet,13.42318,52.48658,car + pedestrian + 
201127,Mitte,1033203,Humboldthain Nordwest,November,19,Friday,serious,6,Overtaking,Night,0,1,1,0,0,0,Wet,13.37269,52.54018,car + pedestrian + 
201128,Spandau,5020625,Borkumer Straße,November,19,Friday,minor,5,Turning,Night,0,1,0,1,0,0,Wet,13.18475,52.53419,car + motorbike + 
201129,Steglitz-Zehlendorf,6010205,Südende,November,18,Friday,minor,5,Crossing,Night,0,1,0,0,0,0,Wet,13.36059,52.44677,car + 
201130,Reinickendorf,12301203,Wittenau Süd,November,18,Friday,minor,5,Crossing,Night,0,1,0,1,0,0,Dry,13.32668,52.59207,car + motorbike + 
201131,Reinickendorf,12214424,Scharnweberstraße,November,18,Friday,serious,6,Other,Dawn,0,1,1,0,0,0,Dry,13.32674,52.56434,car + pedestrian + 
201132,Pankow,3040818,Pankow Süd,November,10,Friday,minor,5,Turning,Daylight,0,1,0,1,0,0,Dry,13.41026,52.56206,car + motorbike + 
201133,Friedrichshain-Kreuzberg,2020204,Urbanstraße,November,9,Friday,minor,3,Stationary Traffic,Daylight,0,1,0,0,0,0,Dry,13.40334,52.49384,car + 
201134,Lichtenberg,11020515,Landsberger Allee,November,14,Friday,serious,6,Overtaking,Daylight,0,0,1,0,1,0,Dry,13.47363,52.53579,pedestrian + truck + 
201135,Spandau,5020523,Maulbeerallee,November,9,Friday,minor,5,Paralle Traffic,Daylight,0,1,0,0,0,0,Dry,13.16769,52.52095,car + 
201136,Pankow,3040512,Wilhelmsruh,November,14,Friday,minor,5,Crossing,Daylight,0,1,0,0,0,0,Dry,13.37444,52.58538,car + 
201137,Neukölln,8010117,Schillerpromenade,November,13,Friday,minor,5,Turning,Daylight,1,1,0,0,0,0,Dry,13.42715,52.47519,bicycle + car + 
201138,Reinickendorf,12214422,Klixstraße,November,8,Friday,minor,1,Paralle Traffic,Daylight,0,1,0,0,0,0,Dry,13.30271,52.56884,car + 
201139,Neukölln,8010212,Rollberg,November,11,Friday,minor,1,Other,Daylight,0,1,0,0,0,0,Dry,13.43467,52.47453,car + 
201140,Charlottenburg-Wilmersdorf,4030519,Kaiserin-Augusta-Allee,November,11,Friday,minor,5,Crossing,Daylight,0,1,0,1,0,0,Dry,13.30651,52.5275,car + motorbike + 
201141,Friedrichshain-Kreuzberg,2020206,Graefekiez,November,11,Friday,minor,2,Stationary Traffic,Daylight,0,1,0,0,0,0,Dry,13.42158,52.48711,car + 
201142,Friedrichshain-Kreuzberg,2040502,Friedenstraße,November,8,Friday,minor,5,Crossing,Daylight,1,0,0,1,0,0,Dry,13.42934,52.52125,bicycle + motorbike + 
201143,Tempelhof-Schöneberg,7070702,Alt-Lichtenrade/Töpchiner Weg,November,7,Friday,minor,5,Crossing,Daylight,1,1,0,0,0,0,Dry,13.41032,52.39919,bicycle + car + 
201144,Tempelhof-Schöneberg,7060604,Marienfelde Süd,November,6,Friday,minor,0,Turning,Dawn,1,1,0,0,0,0,Dry,13.35131,52.41415,bicycle + car + 
201145,Spandau,5010314,Carl-Schurz-Straße,November,6,Friday,minor,9,Driving,Night,0,1,0,0,0,0,Dry,13.19977,52.53478,car + 
201146,Lichtenberg,11030618,Fennpfuhl West,November,17,Friday,serious,6,Overtaking,Night,0,1,1,0,0,0,Dry,13.47972,52.52377,car + pedestrian + 
201147,Charlottenburg-Wilmersdorf,4030725,Amtsgerichtsplatz,November,17,Friday,minor,1,Paralle Traffic,Night,1,1,0,0,0,0,Wet,13.30035,52.50821,bicycle + car + 
201148,Charlottenburg-Wilmersdorf,4020314,Messegelände,November,17,Friday,minor,3,Turning,Night,0,1,0,0,1,0,Wet,13.27999,52.506,car + truck + 
201149,Neukölln,8010303,Donaustraße,November,17,Friday,minor,6,Overtaking,Night,0,0,1,0,0,1,Dry,13.43403,52.48184,pedestrian + other
201150,Reinickendorf,12304314,Ziekowstraße/Freie Scholle,November,16,Friday,minor,5,Turning,Dawn,1,1,0,0,0,0,Wet,13.2859,52.59512,bicycle + car + 
201151,Neukölln,8010118,Silbersteinstraße,November,16,Friday,minor,1,Paralle Traffic,Night,1,1,0,0,0,0,Dry,13.43264,52.46517,bicycle + car + 
201152,Neukölln,8041036,Zittauer Straße,November,13,Friday,minor,6,Overtaking,Daylight,0,1,1,0,0,0,Dry,13.48868,52.41946,car + pedestrian + 
201153,Mitte,1033101,Soldiner Straße,November,16,Friday,minor,6,Overtaking,Dawn,0,1,1,0,0,0,Wet,13.37698,52.55722,car + pedestrian + 
201154,Spandau,5010314,Carl-Schurz-Straße,November,15,Friday,minor,2,Other,Dawn,1,1,0,0,0,0,Wet,13.18242,52.5385,bicycle + car + 
201155,Spandau,5020524,Weinmeisterhornweg,November,16,Friday,minor,6,Turning,Dawn,0,1,1,0,0,0,Wet,13.17003,52.51854,car + pedestrian + 
201156,Friedrichshain-Kreuzberg,2030302,Lausitzer Platz,November,9,Friday,minor,3,Paralle Traffic,Daylight,1,1,0,0,0,0,Dry,13.43375,52.50028,bicycle + car + 
201157,Pankow,3020209,Niederschönhausen,November,15,Friday,minor,1,Paralle Traffic,Daylight,1,1,0,0,0,0,Dry,13.39772,52.58564,bicycle + car + 
201158,Charlottenburg-Wilmersdorf,4031032,Halensee,November,15,Friday,minor,5,Turning,Dawn,0,1,0,0,0,0,Dry,13.29425,52.49772,car + 
201159,Pankow,3061131,Falkplatz,November,15,Friday,minor,5,Crossing,Daylight,1,1,0,0,0,0,Dry,13.40832,52.54134,bicycle + car + 
201160,Treptow-Köpenick,9051801,Rahnsdorf/Hessenwinkel,November,15,Friday,minor,5,Crossing,Daylight,1,1,0,0,0,0,Dry,13.68816,52.44115,bicycle + car + 
201161,Mitte,1022106,Elberfelder Straße,November,15,Friday,minor,2,Stationary Traffic,Daylight,1,1,0,0,0,0,Frozen,13.33827,52.52373,bicycle + car + 
201162,Charlottenburg-Wilmersdorf,4030930,George-Grosz-Platz,November,15,Friday,minor,5,Turning,Daylight,1,0,0,1,0,0,Dry,13.32138,52.4998,bicycle + motorbike + 
201163,Friedrichshain-Kreuzberg,2040701,Andreasviertel,November,16,Thursday,minor,6,Overtaking,Dawn,0,1,1,0,0,0,Wet,13.43733,52.51101,car + pedestrian + 
201164,Mitte,1011105,Nördlicher Landwehrkanal,November,8,Thursday,minor,0,Paralle Traffic,Dawn,1,1,0,0,0,0,Dry,13.37464,52.50857,bicycle + car + 
201165,Friedrichshain-Kreuzberg,2010104,Wassertorplatz,November,20,Thursday,minor,2,Turning,Night,0,1,0,0,0,0,Dry,13.4183,52.49873,car + 
201166,Marzahn-Hellersdorf,10010311,Landsberger Tor,November,20,Thursday,minor,9,Driving,Night,0,1,0,0,0,0,Dry,13.58313,52.54933,car + 
201167,Reinickendorf,12302107,Schorfheidestraße,November,19,Thursday,minor,6,Turning,Night,0,1,1,0,0,0,Dry,13.34744,52.59622,car + pedestrian + 
201168,Neukölln,8010212,Rollberg,November,17,Thursday,minor,0,Stationary Traffic,Night,0,1,0,0,0,1,Dry,13.42943,52.47804,car + other
201169,Lichtenberg,10010203,Gewerbegebiet Bitterfelder Straße,November,17,Thursday,minor,2,Stationary Traffic,Night,0,1,0,0,0,0,Dry,13.52842,52.55679,car + 
201170,Mitte,1033203,Humboldthain Nordwest,November,17,Thursday,minor,6,Turning,Night,0,1,1,0,0,0,Dry,13.37861,52.55043,car + pedestrian + 
201171,Steglitz-Zehlendorf,6010102,Schloßstraße,November,17,Thursday,minor,3,Turning,Dawn,1,1,0,0,0,0,Dry,13.31893,52.46251,bicycle + car + 
201172,Lichtenberg,11051332,Karlshorst Süd,November,16,Thursday,minor,0,Turning,Night,0,1,0,0,0,1,Dry,13.52512,52.48024,car + other
201173,Friedrichshain-Kreuzberg,2030301,Oranienplatz,November,18,Thursday,minor,3,Paralle Traffic,Night,1,1,0,0,0,0,Dry,13.41871,52.50047,bicycle + car + 
201174,Mitte,1011203,Unter den Linden Süd,November,15,Thursday,minor,2,Turning,Daylight,1,1,0,0,0,0,Dry,13.39566,52.51516,bicycle + car + 
201175,Mitte,1044202,Sparrplatz,November,15,Thursday,minor,2,Turning,Daylight,0,1,0,0,0,0,Dry,13.36574,52.54242,car + 
201176,Treptow-Köpenick,9020501,Oberschöneweide West,November,14,Thursday,minor,2,Stationary Traffic,Daylight,0,1,0,0,0,0,Dry,13.50899,52.46358,car + 
201177,Tempelhof-Schöneberg,7010102,Nollendorfplatz,November,17,Thursday,minor,5,Turning,Night,0,1,0,1,0,0,Dry,13.34628,52.50108,car + motorbike + 
201178,Treptow-Köpenick,9031101,Grünau,November,17,Thursday,minor,5,Turning,Night,0,1,0,0,0,1,Dry,13.5899,52.41083,car + other
201179,Pankow,3020209,Niederschönhausen,November,13,Thursday,serious,5,Crossing,Daylight,0,1,0,0,0,0,Frozen,13.39837,52.59246,car + 
201180,Steglitz-Zehlendorf,6040804,Krumme Lanke,November,17,Thursday,serious,1,Paralle Traffic,Night,1,1,0,0,0,0,Wet,13.23004,52.43501,bicycle + car + 
201181,Reinickendorf,12304314,Ziekowstraße/Freie Scholle,November,12,Thursday,minor,2,Stationary Traffic,Daylight,0,1,0,0,0,0,Dry,13.29099,52.59586,car + 
201182,Friedrichshain-Kreuzberg,2040502,Friedenstraße,November,12,Thursday,minor,4,Stationary Traffic,Daylight,1,0,0,0,0,1,Dry,13.43024,52.52312,bicycle + other
201183,Charlottenburg-Wilmersdorf,4030519,Kaiserin-Augusta-Allee,November,8,Thursday,minor,6,Other,Daylight,0,0,1,0,0,1,Dry,13.31141,52.52576,pedestrian + other
201184,Lichtenberg,11030720,Herzbergstraße,November,8,Thursday,minor,0,Turning,Daylight,1,1,0,0,0,0,Dry,13.49858,52.52639,bicycle + car + 
201185,Mitte,1011102,Großer Tiergarten,November,8,Thursday,minor,1,Paralle Traffic,Daylight,1,1,0,0,0,1,Wet,13.3735,52.5202,bicycle + car + other
201186,Charlottenburg-Wilmersdorf,4041344,Rüdesheimer Platz,November,7,Thursday,minor,5,Crossing,Daylight,1,1,0,0,0,0,Dry,13.31543,52.4708,bicycle + car + 
201187,Pankow,3040513,Schönholz,November,7,Thursday,minor,2,Driving,Daylight,0,1,0,0,0,0,Wet,13.38001,52.57514,car + 
201188,Tempelhof-Schöneberg,7040403,Manteuffelstraße,November,7,Thursday,minor,5,Turning,Daylight,1,1,0,0,0,0,Dry,13.37572,52.45575,bicycle + car + 
201189,Spandau,5010206,Gütersloher Weg,November,5,Thursday,minor,6,Overtaking,Night,0,0,1,0,0,1,Wet,13.14912,52.5542,pedestrian + other
201190,Steglitz-Zehlendorf,6030501,Berlepschstraße,November,14,Wednesday,minor,6,Overtaking,Daylight,0,1,1,0,0,0,Dry,13.23142,52.42242,car + pedestrian + 
201191,Mitte,1011204,Leipziger Straße,November,8,Wednesday,minor,5,Crossing,Daylight,1,1,0,0,0,0,Wet,13.39225,52.50788,bicycle + car + 
201192,Tempelhof-Schöneberg,7050501,Rathausstraße,November,8,Wednesday,serious,0,Paralle Traffic,Daylight,0,1,0,0,0,1,Wet,13.36833,52.44554,car + other
201193,Mitte,1022207,Hansaviertel,November,9,Wednesday,minor,5,Turning,Daylight,1,1,0,0,0,0,Wet,13.33753,52.51605,bicycle + car + 
201194,Lichtenberg,11020513,Orankesee,November,8,Wednesday,minor,6,Overtaking,Daylight,0,1,1,0,0,0,Wet,13.46748,52.54789,car + pedestrian + 
201195,Neukölln,8010117,Schillerpromenade,November,8,Wednesday,minor,3,Stationary Traffic,Daylight,0,1,0,0,1,0,Wet,13.42595,52.47806,car + truck + 
201196,Marzahn-Hellersdorf,10020415,Hellersdorfer Promenade,November,8,Wednesday,minor,5,Turning,Daylight,0,1,0,0,0,1,Dry,13.60354728,52.54675821,car + other
201197,Marzahn-Hellersdorf,10030724,Oberfeldstraße,November,7,Wednesday,minor,6,Turning,Dawn,0,1,1,0,0,0,Wet,13.56565,52.52897,car + pedestrian + 
201198,Pankow,3050920,Weißer See,November,6,Wednesday,minor,0,Crossing,Daylight,0,1,0,1,0,0,Wet,13.45512,52.55924,car + motorbike + 
201199,Lichtenberg,11020412,Hauptstraße,November,6,Wednesday,minor,5,Turning,Night,1,1,0,0,0,0,Wet,13.51067,52.55052,bicycle + car + 
201200,Charlottenburg-Wilmersdorf,4051551,Brabanter Platz,November,1,Wednesday,minor,5,Turning,Night,0,1,0,0,0,1,Wet,13.3128,52.48047,car + other
201201,Steglitz-Zehlendorf,6020409,Königsberger Straße,November,23,Wednesday,minor,8,Driving,Night,0,1,0,0,0,0,Dry,13.31432,52.42404,car + 
201202,Tempelhof-Schöneberg,7050505,Hundsteinweg,November,18,Wednesday,minor,0,Turning,Night,0,1,0,1,0,0,Wet,13.40373,52.43958,car + motorbike + 
201203,Charlottenburg-Wilmersdorf,4030725,Amtsgerichtsplatz,November,20,Wednesday,minor,0,Paralle Traffic,Night,0,1,0,1,0,0,Wet,13.30104,52.50675,car + motorbike + 
201204,Mitte,1033202,Humboldthain Süd,November,6,Wednesday,minor,0,Paralle Traffic,Night,0,1,0,0,0,1,Wet,13.38991,52.5353,car + other
201205,Treptow-Köpenick,9020802,Köllnische Vorstadt,November,17,Wednesday,minor,5,Turning,Night,1,1,0,0,0,0,Wet,13.55938,52.44651,bicycle + car + 
201206,Friedrichshain-Kreuzberg,2030301,Oranienplatz,November,16,Wednesday,minor,0,Paralle Traffic,Dawn,1,1,0,0,0,0,Wet,13.42064,52.49712,bicycle + car + 
201207,Mitte,1022201,Stephankiez,November,18,Wednesday,minor,6,Other,Night,0,0,1,0,0,1,Wet,13.36314,52.52923,pedestrian + other
201208,Pankow,3051017,Rennbahnstraße,November,16,Wednesday,serious,6,Turning,Night,0,1,1,0,0,0,Wet,13.4699,52.56398,car + pedestrian + 
201209,Pankow,3040818,Pankow Süd,November,16,Wednesday,serious,5,Crossing,Night,0,1,0,0,0,0,Wet,13.42642,52.55541,car + 
201210,Mitte,1033202,Humboldthain Süd,November,15,Wednesday,serious,5,Crossing,Dawn,1,1,0,0,0,0,Wet,13.39108,52.53624,bicycle + car + 
201211,Lichtenberg,11041128,Sewanstraße,November,15,Wednesday,minor,5,Crossing,Daylight,1,1,0,0,0,0,Wet,13.5158,52.49374,bicycle + car + 
201212,Mitte,1011305,Heine-Viertel West,November,19,Wednesday,minor,5,Turning,Night,0,1,0,0,0,1,Wet,13.41645,52.51097,car + other
201213,Mitte,1044203,Leopoldplatz,November,15,Wednesday,minor,2,Stationary Traffic,Daylight,0,1,0,0,0,0,Wet,13.35483,52.55214,car + 
201214,Reinickendorf,12214424,Scharnweberstraße,November,15,Wednesday,minor,5,Crossing,Daylight,0,1,0,0,0,0,Wet,13.32929,52.56341,car + 
201215,Lichtenberg,11040925,Victoriastadt,November,14,Wednesday,minor,5,Crossing,Daylight,1,1,0,0,0,0,Wet,13.47191,52.50452,bicycle + car + 
201216,Friedrichshain-Kreuzberg,2050802,Boxhagener Platz,November,14,Wednesday,serious,6,Overtaking,Daylight,0,1,1,0,0,0,Wet,13.45152,52.50846,car + pedestrian + 
201217,Treptow-Köpenick,9020702,Adlershof Ost,November,13,Wednesday,minor,3,Stationary Traffic,Daylight,1,0,0,0,0,1,Wet,13.54609,52.43718,bicycle + other
201218,Tempelhof-Schöneberg,7040401,Neu-Tempelhof,November,13,Wednesday,minor,1,Paralle Traffic,Daylight,1,1,0,0,0,0,Wet,13.37338,52.48086,bicycle + car + 
201219,Pankow,3040512,Wilhelmsruh,November,13,Wednesday,minor,5,Crossing,Daylight,0,1,0,0,0,0,Wet,13.38493,52.59116,car + 
201220,Lichtenberg,11051330,Karlshorst West,November,11,Wednesday,minor,5,Crossing,Daylight,0,1,0,1,0,0,Wet,13.52745,52.49167,car + motorbike + 
201221,Neukölln,8010405,Hertzbergplatz,November,11,Wednesday,minor,5,Crossing,Daylight,1,1,0,0,0,0,Wet,13.44957,52.47909,bicycle + car + 
201222,Steglitz-Zehlendorf,6030605,Botanischer Garten,November,10,Wednesday,minor,2,Stationary Traffic,Daylight,0,1,0,1,0,0,Wet,13.2995,52.4477,car + motorbike + 
201223,Marzahn-Hellersdorf,10040830,Kaulsdorf Süd,November,9,Wednesday,serious,5,Crossing,Daylight,0,1,0,0,0,0,Wet,13.57489,52.4872,car + 
201224,Mitte,1011304,Karl-Marx-Allee,November,8,Wednesday,minor,5,Turning,Daylight,1,1,0,0,0,0,Wet,13.41822,52.51737,bicycle + car + 
201225,Mitte,1011301,Charitéviertel,November,16,Wednesday,minor,0,Driving,Night,0,0,0,1,0,0,Wet,13.38783,52.52276,motorbike + 