id,district,lor,street,month,hour,weekday,injury,collision,movement,light_conditions,bicycle,car,pedestrian,motorbike,truck,other_vehicle,road_conditions,longitude,latitude,Combo_type
201226,Steglitz-Zehlendorf,6010210,Bismarckstraße,November,9,Tuesday,minor,6,Other,Daylight,0,1,1,0,0,0,Dry,13.34619,52.46052,car + pedestrian + 
201227,Friedrichshain-Kreuzberg,2050801,Traveplatz,November,17,Tuesday,minor,0,Other,Night,0,0,0,1,0,0,Wet,13.45695,52.51306,motorbike + 
201228,Mitte,1022104,Emdener Straße,November,21,Tuesday,minor,1,Paralle Traffic,Night,1,1,0,0,0,0,Dry,13.33667,52.52669,bicycle + car + 
201229,Tempelhof-Schöneberg,7030303,Grazer Platz,November,20,Tuesday,minor,1,Stationary Traffic,Night,0,1,0,0,0,0,Dry,13.34479,52.4622,car + 
201230,Mitte,1011105,Nördlicher Landwehrkanal,November,18,Tuesday,minor,5,Turning,Night,0,1,0,1,0,0,Wet,13.35636,52.50983,car + motorbike + 
201231,Friedrichshain-Kreuzberg,2030301,Oranienplatz,November,19,Tuesday,serious,6,Overtaking,Night,0,1,1,0,0,0,Wet,13.422,52.50055,car + pedestrian + 
201232,Lichtenberg,11030619,Fennpfuhl Ost,November,19,Tuesday,minor,2,Stationary Traffic,Night,0,1,0,0,0,0,Wet,13.47704,52.53318,car + 
201233,Tempelhof-Schöneberg,7040403,Manteuffelstraße,November,22,Tuesday,minor,5,Turning,Night,0,1,0,1,0,0,Dry,13.38569,52.46859,car + motorbike + 
201234,Reinickendorf,12103117,Letteplatz,November,21,Tuesday,minor,6,Turning,Night,0,1,1,0,0,0,Wet,13.37264,52.56172,car + pedestrian + 
201235,Neukölln,8010404,Rixdorf,November,0,Tuesday,minor,6,Turning,Night,0,1,1,0,0,0,Dry,13.45004,52.4767,car + pedestrian + 
201236,Mitte,1011204,Leipziger Straße,November,11,Tuesday,minor,6,Other,Daylight,0,1,1,0,0,0,Wet,13.39318,52.50965,car + pedestrian + 
201237,Steglitz-Zehlendorf,6020302,Komponistenviertel Lankwitz,November,10,Tuesday,minor,2,Turning,Daylight,0,1,0,0,0,1,Dry,13.34181,52.44177,car + other
201238,Pankow,3010101,Bucher Forst,November,10,Tuesday,minor,0,Crossing,Daylight,0,1,0,1,0,0,Wet,13.49743,52.64082,car + motorbike + 
201239,Neukölln,8010301,Reuterkiez,November,10,Tuesday,minor,1,Paralle Traffic,Daylight,1,1,0,0,0,0,Dry,13.44051,52.48198,bicycle + car + 
201240,Mitte,1011102,Großer Tiergarten,November,9,Tuesday,minor,6,Overtaking,Daylight,1,0,1,0,0,0,Wet,13.3714,52.51957,bicycle + pedestrian + 
201241,Pankow,3030406,Alt-Karow,November,9,Tuesday,serious,0,Turning,Daylight,0,1,0,0,0,1,Dry,13.47901,52.60759,car + other
201242,Pankow,3050923,Weißenseer Spitze,November,9,Tuesday,minor,0,Driving,Daylight,0,0,0,1,0,0,Dry,13.43867,52.55127,motorbike + 
201243,Neukölln,8030831,Gropiusstadt Ost,November,8,Tuesday,minor,5,Crossing,Daylight,0,1,0,0,0,0,Wet,13.46213,52.42242,car + 
201244,Pankow,3050923,Weißenseer Spitze,November,8,Tuesday,serious,0,Crossing,Daylight,1,1,0,0,0,0,Wet,13.43568,52.55095,bicycle + car + 
201245,Steglitz-Zehlendorf,6010206,Stadtpark,November,8,Tuesday,serious,6,Overtaking,Daylight,0,1,1,0,0,0,Wet,13.34174,52.44729,car + pedestrian + 
201246,Tempelhof-Schöneberg,7020203,Kaiser-Wilhelm-Platz,November,7,Tuesday,minor,6,Overtaking,Daylight,0,1,1,0,0,0,Dry,13.35562,52.49013,car + pedestrian + 
201247,Mitte,1044201,Reinickendorfer Straße,November,8,Tuesday,minor,0,Overtaking,Daylight,0,0,1,1,0,0,Wet,13.3694,52.54618,pedestrian + motorbike + 
201248,Friedrichshain-Kreuzberg,2020203,Viktoriapark,November,7,Tuesday,minor,1,Paralle Traffic,Daylight,0,1,0,0,0,0,Dry,13.37495,52.48742,car + 
201249,Lichtenberg,11010310,Mühlengrund,November,7,Tuesday,minor,5,Turning,Daylight,1,0,0,0,0,1,Dry,13.5088,52.56475,bicycle + other
201250,Lichtenberg,11030618,Fennpfuhl West,November,7,Tuesday,minor,0,Driving,Daylight,1,0,0,0,0,0,Wet,13.46616,52.52861,bicycle + 
201251,Lichtenberg,11030618,Fennpfuhl West,November,6,Tuesday,minor,5,Turning,Dawn,1,0,0,0,0,0,Dry,13.47973,52.52418,bicycle + 
201252,Pankow,3040614,Pankow Zentrum,November,2,Tuesday,minor,8,Driving,Night,0,1,0,0,0,0,Wet,13.42078,52.57299,car + 
201253,Charlottenburg-Wilmersdorf,4010102,Plötzensee,November,18,Tuesday,minor,0,Driving,Night,1,0,0,0,0,0,Dry,13.31062,52.54774,bicycle + 
201254,Pankow,3040614,Pankow Zentrum,November,17,Tuesday,minor,0,Driving,Dawn,0,0,0,1,0,0,Wet,13.415,52.57241,motorbike + 
201255,Tempelhof-Schöneberg,7020204,Schöneberger Insel,November,17,Tuesday,minor,0,Driving,Night,0,0,0,1,0,0,Wet,13.36819,52.48368,motorbike + 
201256,Reinickendorf,12214125,Waldidyll/Flughafensee,November,16,Tuesday,minor,5,Crossing,Night,1,1,0,0,0,0,Wet,13.29132,52.57552,bicycle + car + 
201257,Tempelhof-Schöneberg,7020204,Schöneberger Insel,November,16,Tuesday,minor,3,Stationary Traffic,Daylight,0,1,0,1,0,0,Wet,13.36837,52.48399,car + motorbike + 
201258,Lichtenberg,11030721,Rüdigerstraße,November,17,Tuesday,minor,5,Other,Night,0,1,0,1,0,0,Wet,13.48506,52.51559,car + motorbike + 
201259,Mitte,1011302,Oranienburger Straße,November,15,Tuesday,minor,0,Overtaking,Dawn,1,0,1,0,0,0,Wet,13.40504,52.52878,bicycle + pedestrian + 
201260,Friedrichshain-Kreuzberg,2040502,Friedenstraße,November,15,Tuesday,minor,5,Turning,Dawn,1,1,0,0,0,0,Wet,13.43952,52.52389,bicycle + car + 
201261,Charlottenburg-Wilmersdorf,4041238,Kissinger Straße,November,15,Tuesday,minor,5,Turning,Daylight,1,1,0,0,0,0,Wet,13.29574,52.48024,bicycle + car + 
201262,Tempelhof-Schöneberg,7050501,Rathausstraße,November,15,Tuesday,minor,1,Paralle Traffic,Daylight,0,1,0,0,0,0,Dry,13.37877,52.45018,car + 
201263,Friedrichshain-Kreuzberg,2030301,Oranienplatz,November,14,Tuesday,minor,5,Crossing,Daylight,1,1,0,0,0,0,Wet,13.41934,52.50134,bicycle + car + 
201264,Friedrichshain-Kreuzberg,2020203,Viktoriapark,November,14,Tuesday,serious,5,Turning,Daylight,1,1,0,0,0,0,Wet,13.38583,52.48503,bicycle + car + 
201265,Treptow-Köpenick,9010401,Johannisthal West,November,16,Tuesday,minor,2,Stationary Traffic,Night,0,1,0,0,0,0,Dry,13.50652,52.44683,car + 
201266,Mitte,1011203,Unter den Linden Süd,November,13,Tuesday,minor,5,Turning,Daylight,1,1,0,0,0,0,Wet,13.38918,52.51475,bicycle + car + 
201267,Mitte,1033201,Brunnenstraße,November,12,Tuesday,minor,5,Crossing,Daylight,0,1,0,1,0,0,Dry,13.39418,52.54741,car + motorbike + 
201268,Steglitz-Zehlendorf,6040810,Dahlem,November,12,Tuesday,minor,5,Crossing,Daylight,1,1,0,0,0,0,Dry,13.27674,52.45061,bicycle + car + 
201269,Tempelhof-Schöneberg,7010102,Nollendorfplatz,November,12,Tuesday,minor,0,Driving,Daylight,0,0,0,1,0,0,Wet,13.35486,52.49629,motorbike + 
201270,Pankow,3040614,Pankow Zentrum,November,12,Tuesday,minor,5,Crossing,Daylight,1,0,0,0,0,0,Dry,13.40818,52.56892,bicycle + 
201271,Mitte,1022104,Emdener Straße,November,11,Tuesday,minor,3,Stationary Traffic,Daylight,1,1,0,0,0,0,Wet,13.34221,52.52626,bicycle + car + 
201272,Charlottenburg-Wilmersdorf,4041238,Kissinger Straße,November,5,Tuesday,minor,1,Paralle Traffic,Night,1,1,0,0,0,0,Dry,13.29896,52.48456,bicycle + car + 
201273,Mitte,1022201,Stephankiez,November,22,Monday,minor,0,Driving,Night,0,0,0,1,0,0,Wet,13.35696,52.53573,motorbike + 
201274,Mitte,1011305,Heine-Viertel West,November,21,Monday,minor,2,Turning,Night,0,1,0,1,0,0,Wet,13.41363,52.51129,car + motorbike + 
201275,Mitte,1022207,Hansaviertel,November,20,Monday,minor,2,Stationary Traffic,Night,0,1,0,0,0,1,Wet,13.33648,52.5149,car + other
201276,Mitte,1044103,Westliche Müllerstraße,November,18,Monday,minor,7,Other,Dawn,1,0,0,0,0,0,Wet,13.34745,52.54827,bicycle + 
201277,Charlottenburg-Wilmersdorf,4030828,Savignyplatz,November,19,Monday,minor,6,Overtaking,Night,0,1,1,0,0,0,Wet,13.31742,52.50547,car + pedestrian + 
201278,Mitte,1044202,Sparrplatz,November,17,Monday,minor,1,Paralle Traffic,Night,0,1,0,0,0,1,Wet,13.34767,52.53973,car + other
201279,Tempelhof-Schöneberg,7050503,Eisenacher Straße,November,13,Monday,minor,2,Stationary Traffic,Daylight,0,1,0,0,0,0,Wet,13.40347,52.44824,car + 
201280,Tempelhof-Schöneberg,7010102,Nollendorfplatz,November,14,Monday,minor,6,Overtaking,Daylight,0,1,1,0,0,0,Dry,13.34593,52.49864,car + pedestrian + 
201281,Reinickendorf,12301205,Waidmannslust,November,14,Monday,minor,5,Other,Daylight,0,1,0,0,0,0,Wet,13.30436,52.60109,car + 
201282,Reinickendorf,12103218,Teichstraße,November,18,Monday,minor,5,Turning,Dawn,1,1,0,0,0,0,Wet,13.35119,52.56742,bicycle + car + 
201283,Treptow-Köpenick,9051901,Dammvorstadt,November,14,Monday,minor,5,Other,Daylight,0,1,0,0,0,1,Dry,13.58066,52.45204,car + other
201284,Pankow,3050920,Weißer See,November,14,Monday,minor,6,Overtaking,Daylight,0,1,1,0,0,0,Wet,13.4572,52.55819,car + pedestrian + 
201285,Reinickendorf,12302107,Schorfheidestraße,November,18,Monday,minor,5,Crossing,Dawn,0,1,0,0,0,0,Wet,13.34708,52.59621,car + 
201286,Charlottenburg-Wilmersdorf,4051448,Schaperstraße,November,18,Monday,minor,5,Turning,Night,0,1,0,1,0,0,Wet,13.33456,52.49512,car + motorbike + 
201287,Tempelhof-Schöneberg,7050503,Eisenacher Straße,November,14,Monday,minor,6,Overtaking,Daylight,0,1,1,0,0,0,Dry,13.38748,52.44795,car + pedestrian + 
201288,Steglitz-Zehlendorf,6030609,Augustaplatz,November,18,Monday,minor,5,Turning,Night,1,1,0,0,0,0,Wet,13.3158,52.44308,bicycle + car + 
201289,Spandau,5030730,Zitadellenweg,November,18,Monday,minor,2,Stationary Traffic,Night,0,1,0,0,0,0,Wet,13.21987,52.53704,car + 
201290,Friedrichshain-Kreuzberg,2020203,Viktoriapark,November,13,Monday,minor,2,Stationary Traffic,Dawn,0,1,0,0,0,0,Wet,13.3766,52.48589,car + 
201291,Treptow-Köpenick,9010201,Am Treptower Park Süd,November,17,Monday,minor,6,Turning,Night,0,1,1,0,0,0,Wet,13.45823,52.48575,car + pedestrian + 
201292,Mitte,1044203,Leopoldplatz,November,13,Monday,minor,0,Crossing,Daylight,0,1,0,1,0,0,Wet,13.36602,52.55348,car + motorbike + 
201293,Tempelhof-Schöneberg,7060603,Marienfelde Nordost,November,13,Monday,minor,1,Paralle Traffic,Daylight,0,1,0,0,0,0,Dry,13.38216,52.42327,car + 
201294,Pankow,3030406,Alt-Karow,November,13,Monday,minor,5,Crossing,Daylight,0,1,0,0,0,1,Wet,13.47397,52.60982,car + other
201295,Charlottenburg-Wilmersdorf,4051445,Eisenzahnstraße,November,13,Monday,minor,5,Crossing,Daylight,0,1,0,0,0,0,Wet,13.30427,52.48826,car + 
201296,Steglitz-Zehlendorf,6020305,Gemeindepark Lankwitz,November,12,Monday,serious,5,Crossing,Daylight,1,1,0,0,0,0,Wet,13.35857,52.43093,bicycle + car + 
201297,Marzahn-Hellersdorf,10040931,Mahlsdorf Nord,November,12,Monday,minor,0,Crossing,Daylight,0,1,0,0,0,0,Wet,13.61868,52.52148,car + 
201298,Mitte,1044203,Leopoldplatz,November,16,Monday,minor,6,Overtaking,Night,0,1,1,0,0,0,Wet,13.36567,52.55713,car + pedestrian + 
201299,Charlottenburg-Wilmersdorf,4020311,Reichsstraße,November,15,Wednesday,serious,6,Other,Daylight,0,1,1,0,0,0,Dry,13.2662,52.51318,car + pedestrian + 
201300,Mitte,1022106,Elberfelder Straße,November,15,Wednesday,serious,5,Turning,Daylight,1,1,0,0,0,0,Dry,13.32957,52.5228,bicycle + car + 
201301,Reinickendorf,12103218,Teichstraße,November,16,Monday,minor,1,Paralle Traffic,Dawn,1,0,0,0,0,1,Dry,13.34226,52.57025,bicycle + other
201302,Neukölln,8010508,Weiße Siedlung,November,10,Monday,serious,5,Turning,Daylight,1,0,0,0,1,0,Wet,13.45833,52.47275,bicycle + truck + 
201303,Steglitz-Zehlendorf,6030605,Botanischer Garten,November,15,Monday,minor,5,Turning,Daylight,0,0,0,1,1,0,Dry,13.29361,52.44579,motorbike + truck + 
201304,Neukölln,8010213,Körnerpark,November,15,Wednesday,minor,6,Overtaking,Daylight,0,1,1,0,0,0,Dry,13.43221,52.47078,car + pedestrian + 
201305,Spandau,5030833,Motardstraße,November,10,Monday,minor,4,Stationary Traffic,Daylight,0,1,0,0,0,0,Wet,13.24812,52.53511,car + 
201306,Charlottenburg-Wilmersdorf,4030724,Lietzensee,November,10,Wednesday,minor,2,Stationary Traffic,Daylight,1,1,0,0,0,0,Dry,13.28255,52.50638,bicycle + car + 
201307,Treptow-Köpenick,9020801,Spindlersfeld,November,9,Monday,minor,3,Stationary Traffic,Daylight,0,1,0,0,0,0,Wet,13.55887,52.44906,car + 
201308,Mitte,1022104,Emdener Straße,November,6,Monday,minor,6,Turning,Dawn,0,1,1,0,0,0,Dry,13.34337,52.53193,car + pedestrian + 
201309,Neukölln,8010510,Gewerbegebiet Köllnische Heide,November,8,Wednesday,minor,0,Crossing,Daylight,0,1,0,0,0,1,Dry,13.45457,52.46528,car + other
201310,Neukölln,8041036,Zittauer Straße,November,8,Monday,minor,5,Crossing,Daylight,1,1,0,0,0,0,Wet,13.49017,52.42009,bicycle + car + 
201311,Steglitz-Zehlendorf,6040810,Dahlem,November,7,Monday,minor,5,Turning,Daylight,1,1,0,0,0,0,Wet,13.304,52.45906,bicycle + car + 
201312,Treptow-Köpenick,9010302,Späthsfelde,November,7,Monday,minor,2,Stationary Traffic,Daylight,0,1,0,0,0,0,Wet,13.4671,52.45188,car + 
201313,Reinickendorf,12103117,Letteplatz,November,8,Wednesday,minor,5,Turning,Daylight,0,1,0,0,0,0,Dry,13.36461,52.56271,car + 
201314,Lichtenberg,11041128,Sewanstraße,November,6,Monday,minor,5,Turning,Dawn,0,1,0,1,0,0,Wet,13.50957,52.49631,car + motorbike + 
201315,Mitte,1033203,Humboldthain Nordwest,November,7,Monday,minor,0,Stationary Traffic,Dawn,1,1,0,0,0,0,Wet,13.38557,52.54909,bicycle + car + 
201316,Lichtenberg,11051330,Karlshorst West,November,7,Wednesday,minor,5,Crossing,Daylight,1,1,0,0,0,0,Dry,13.52523,52.4822,bicycle + car + 
201317,Spandau,5020627,Tiefwerder,November,7,Monday,minor,5,Turning,Daylight,0,1,0,0,0,1,Wet,13.21132,52.52734,car + other
201318,Marzahn-Hellersdorf,10020622,Kaulsdorf Nord I,November,6,Wednesday,serious,5,Turning,Night,0,1,0,1,0,0,Dry,13.58683,52.51638,car + motorbike + 
201319,Tempelhof-Schöneberg,7040402,Lindenhofsiedlung,November,6,Monday,minor,6,Turning,Dawn,0,1,1,0,0,0,Wet,13.37019,52.46711,car + pedestrian + 
201320,Lichtenberg,11040925,Victoriastadt,November,6,Monday,minor,6,Overtaking,Night,0,0,1,1,0,0,Wet,13.47687,52.50173,pedestrian + motorbike + 
201321,Mitte,1011102,Großer Tiergarten,November,8,Wednesday,minor,2,Crossing,Daylight,1,0,0,0,0,0,Dry,13.35044,52.51371,bicycle + 
201322,Pankow,3061430,Volkspark Prenzlauer Berg,November,16,Wednesday,minor,5,Turning,Night,1,0,0,0,0,1,Dry,13.45182,52.5349,bicycle + other
201323,Reinickendorf,12304314,Ziekowstraße/Freie Scholle,November,13,Sunday,minor,0,Other,Daylight,0,0,0,1,0,0,Wet,13.2922,52.59058,motorbike + 
201324,Reinickendorf,12302109,Treuenbrietzener Straße,November,5,Sunday,serious,1,Paralle Traffic,Night,0,1,0,0,0,0,Wet,13.36963,52.60133,car + 
201325,Treptow-Köpenick,9010402,Johannisthal Ost,November,11,Tuesday,minor,5,Other,Daylight,0,0,0,0,0,1,Dry,13.50319,52.44201,other
201326,Mitte,1022106,Elberfelder Straße,November,10,Tuesday,minor,2,Turning,Daylight,0,1,0,0,0,0,Dry,13.32957,52.5238,car + 
201327,Friedrichshain-Kreuzberg,2050802,Boxhagener Platz,November,3,Sunday,minor,0,Driving,Night,1,0,1,0,0,0,Wet,13.4606,52.50885,bicycle + pedestrian + 
201328,Pankow,3020210,Herthaplatz,November,1,Sunday,minor,2,Stationary Traffic,Night,0,1,0,1,0,0,Wet,13.43061,52.58969,car + motorbike + 
201329,Neukölln,8020622,Parchimer Allee,November,17,Sunday,minor,2,Other,Night,0,1,0,0,0,0,Wet,13.4467,52.4401,car + 
201330,Friedrichshain-Kreuzberg,2050801,Traveplatz,November,10,Tuesday,minor,5,Turning,Daylight,1,0,0,0,0,1,Dry,13.47248,52.50852,bicycle + other
201331,Treptow-Köpenick,9041501,Altstadt Kietz,November,17,Sunday,minor,0,Driving,Night,1,0,0,0,0,0,Wet,13.57411,52.44499,bicycle + 
201332,Mitte,1033202,Humboldthain Süd,November,8,Tuesday,minor,5,Turning,Daylight,1,1,0,0,0,0,Dry,13.38743,52.53352,bicycle + car + 
201333,Mitte,1033102,Gesundbrunnen,November,15,Sunday,minor,5,Crossing,Daylight,1,1,0,0,0,0,Wet,13.39198,52.55412,bicycle + car + 
201334,Mitte,1044201,Reinickendorfer Straße,November,15,Sunday,minor,2,Stationary Traffic,Daylight,0,1,0,0,0,0,Dry,13.37368,52.55691,car + 
201335,Lichtenberg,11051331,Karlshorst Nord,November,8,Tuesday,minor,5,Crossing,Daylight,0,1,0,0,0,1,Dry,13.5377,52.49296,car + other
201336,Pankow,3040513,Schönholz,November,15,Sunday,minor,5,Crossing,Daylight,1,1,0,0,0,0,Wet,13.38977,52.57429,bicycle + car + 
201337,Spandau,5030833,Motardstraße,November,14,Sunday,minor,0,Other,Daylight,0,0,0,1,0,0,Wet,13.26476,52.5369,motorbike + 
201338,Mitte,1033101,Soldiner Straße,November,15,Sunday,minor,5,Crossing,Daylight,0,1,0,0,0,0,Dry,13.37327,52.55725,car + 
201339,Spandau,5010339,Freiheit,November,8,Tuesday,minor,5,Other,Daylight,0,1,0,0,0,0,Dry,13.22877,52.52819,car + 
201340,Friedrichshain-Kreuzberg,2040502,Friedenstraße,November,8,Tuesday,minor,2,Stationary Traffic,Daylight,0,1,0,0,0,0,Dry,13.42845,52.51918,car + 
201341,Pankow,3051017,Rennbahnstraße,November,14,Sunday,minor,0,Driving,Daylight,1,0,0,0,0,0,Wet,13.46014,52.5634,bicycle + 
201342,Friedrichshain-Kreuzberg,2050802,Boxhagener Platz,November,6,Sunday,minor,1,Paralle Traffic,Night,0,1,0,0,0,0,Wet,13.45721,52.50713,car + 
201343,Mitte,1011301,Charitéviertel,November,8,Tuesday,serious,5,Turning,Daylight,1,1,0,0,0,0,Dry,13.37767,52.52902,bicycle + car + 
201344,Steglitz-Zehlendorf,6040807,Zehlendorf Eiche,November,21,Sunday,minor,2,Other,Night,0,1,0,0,0,0,Wet,13.2649,52.44145,car + 
201345,Charlottenburg-Wilmersdorf,4030726,Droysenstraße,November,19,Thursday,minor,6,Turning,Night,0,1,1,0,0,0,Wet,13.30729,52.49995,car + pedestrian + 
201346,Spandau,5020523,Maulbeerallee,November,18,Thursday,minor,5,Crossing,Night,0,0,0,1,0,0,Wet,13.16865,52.52382,motorbike + 
201347,Reinickendorf,12214424,Scharnweberstraße,November,18,Thursday,minor,6,Overtaking,Night,0,1,1,0,0,0,Wet,13.32646,52.5624,car + pedestrian + 
201348,Treptow-Köpenick,9010302,Späthsfelde,November,7,Thursday,minor,2,Stationary Traffic,Daylight,0,1,0,0,1,0,Dry,13.47523,52.4561,car + truck + 
201349,Neukölln,8020727,Buckow Mitte,November,6,Thursday,minor,6,Overtaking,Dawn,0,1,1,0,0,0,Dry,13.4219,52.41316,car + pedestrian + 
201350,Pankow,3061126,Arnimplatz,November,5,Thursday,minor,6,Overtaking,Night,0,1,1,0,0,0,Wet,13.40282,52.55374,car + pedestrian + 
201351,Spandau,5010314,Carl-Schurz-Straße,November,7,Thursday,minor,5,Turning,Daylight,0,1,0,0,0,1,Dry,13.20031,52.53778,car + other
201352,Pankow,3020307,Buchholz,November,8,Wednesday,minor,0,Turning,Daylight,1,1,0,0,0,0,Wet,13.43237,52.59514,bicycle + car + 
201353,Friedrichshain-Kreuzberg,2040701,Andreasviertel,November,21,Wednesday,minor,5,Crossing,Night,0,1,0,0,0,0,Wet,13.42881,52.51544,car + 
201354,Lichtenberg,11010310,Mühlengrund,November,19,Wednesday,minor,6,Overtaking,Night,0,1,1,0,0,0,Dry,13.50575,52.5636,car + pedestrian + 
201355,Pankow,3030406,Alt-Karow,November,19,Wednesday,minor,5,Crossing,Night,0,1,0,0,0,0,Wet,13.48304,52.61187,car + 
201356,Friedrichshain-Kreuzberg,2020206,Graefekiez,November,17,Wednesday,minor,4,Other,Night,1,0,0,0,0,0,Wet,13.41539,52.49461,bicycle + 
201357,Mitte,1033202,Humboldthain Süd,November,17,Wednesday,minor,5,Crossing,Night,1,1,0,0,0,0,Wet,13.37985,52.54018,bicycle + car + 
201358,Marzahn-Hellersdorf,10040828,Kaulsdorf Nord,November,17,Wednesday,minor,5,Crossing,Night,0,1,0,0,1,0,Wet,13.60093,52.51533,car + truck + 
201359,Marzahn-Hellersdorf,10010309,Springpfuhl,November,17,Wednesday,minor,5,Turning,Night,1,1,0,0,0,0,Wet,13.54962,52.53237,bicycle + car + 
201360,Spandau,5030731,Gartenfelder Straße,November,16,Wednesday,minor,5,Crossing,Night,0,1,0,0,0,0,Dry,13.24698,52.54416,car + 
201361,Treptow-Köpenick,9010301,Baumschulenstraße,November,22,Wednesday,minor,0,Driving,Night,0,0,0,0,0,1,Dry,13.48075,52.47005,other
201362,Neukölln,8010118,Silbersteinstraße,November,22,Wednesday,minor,0,Other,Night,0,1,0,1,0,0,Dry,13.43243,52.46554,car + motorbike + 
201363,Friedrichshain-Kreuzberg,2020203,Viktoriapark,November,19,Wednesday,minor,0,Turning,Night,0,1,0,1,0,0,Wet,13.38222,52.48984,car + motorbike + 
201364,Charlottenburg-Wilmersdorf,4051445,Eisenzahnstraße,November,21,Wednesday,minor,5,Crossing,Night,0,1,0,0,0,0,Dry,13.30785,52.48844,car + 
201365,Treptow-Köpenick,9020701,Adlershof West,November,12,Wednesday,minor,5,Crossing,Daylight,0,1,0,0,0,0,Wet,13.52847,52.4291,car + 
201366,Tempelhof-Schöneberg,7060604,Marienfelde Süd,November,11,Wednesday,minor,9,Driving,Daylight,0,1,0,0,0,0,Wet,13.37581,52.40921,car + 
201367,Neukölln,8010404,Rixdorf,November,10,Wednesday,minor,2,Stationary Traffic,Daylight,1,1,0,0,0,0,Wet,13.45392,52.47495,bicycle + car + 
201368,Mitte,1011202,Unter den Linden Nord,November,10,Wednesday,serious,2,Stationary Traffic,Daylight,1,1,0,0,0,0,Wet,13.38577,52.517,bicycle + car + 
201369,Friedrichshain-Kreuzberg,2050802,Boxhagener Platz,November,10,Wednesday,minor,5,Other,Daylight,1,1,0,0,0,0,Wet,13.46367,52.50591,bicycle + car + 
201370,Neukölln,8010301,Reuterkiez,November,10,Wednesday,minor,0,Stationary Traffic,Daylight,0,1,0,1,0,0,Wet,13.44286,52.48376,car + motorbike + 
201371,Tempelhof-Schöneberg,7050505,Hundsteinweg,November,9,Wednesday,minor,4,Other,Daylight,1,0,0,0,0,0,Dry,13.40059,52.43756,bicycle + 
201372,Lichtenberg,11020514,Große-Leege-Straße,November,9,Wednesday,minor,6,Overtaking,Daylight,0,1,1,0,0,0,Wet,13.48643,52.54094,car + pedestrian + 
201373,Spandau,5010101,Hakenfelde Nord,November,8,Wednesday,minor,0,Driving,Daylight,0,0,0,1,0,0,Wet,13.2076,52.55735,motorbike + 
201374,Charlottenburg-Wilmersdorf,4020313,Königin-Elisabeth-Straße,November,8,Wednesday,serious,6,Overtaking,Daylight,0,0,1,1,0,0,Wet,13.27927,52.51273,pedestrian + motorbike + 
201375,Charlottenburg-Wilmersdorf,4051446,Preußenpark,November,8,Wednesday,serious,6,Turning,Daylight,0,0,1,0,1,0,Wet,13.31386,52.49038,pedestrian + truck + 
201376,Charlottenburg-Wilmersdorf,4030827,Karl-August-Platz,November,8,Wednesday,minor,2,Stationary Traffic,Daylight,0,1,0,0,0,0,Wet,13.30333,52.50556,car + 
201377,Charlottenburg-Wilmersdorf,4030621,Spreestadt,November,6,Wednesday,minor,6,Overtaking,Dawn,0,1,1,0,0,0,Wet,13.33579,52.51371,car + pedestrian + 
201378,Steglitz-Zehlendorf,6030610,Lichterfelde West,November,7,Wednesday,serious,5,Turning,Daylight,1,1,0,0,0,0,Wet,13.30725,52.43326,bicycle + car + 
201379,Tempelhof-Schöneberg,7060604,Marienfelde Süd,November,7,Wednesday,minor,3,Stationary Traffic,Night,0,1,0,0,1,0,Wet,13.37251,52.40907,car + truck + 
201380,Charlottenburg-Wilmersdorf,4030518,Tegeler Weg,November,7,Wednesday,minor,5,Turning,Daylight,0,1,0,0,0,1,Wet,13.29742,52.52648,car + other
201381,Treptow-Köpenick,9010302,Späthsfelde,November,16,Wednesday,serious,5,Crossing,Night,1,1,0,0,0,0,Dry,13.4897,52.45081,bicycle + car + 
201382,Charlottenburg-Wilmersdorf,4030931,Breitscheidplatz,November,15,Wednesday,minor,6,Overtaking,Dawn,1,0,1,0,0,0,Dry,13.33157,52.50379,bicycle + pedestrian + 
201383,Reinickendorf,12214527,Alt-Tegel,November,14,Wednesday,minor,0,Driving,Daylight,0,1,0,1,0,0,Wet,13.28936,52.58311,car + motorbike + 
201384,Lichtenberg,11020514,Große-Leege-Straße,November,14,Wednesday,minor,6,Overtaking,Daylight,0,0,1,0,0,1,Wet,13.49271,52.54422,pedestrian + other
201385,Neukölln,8020727,Buckow Mitte,November,13,Wednesday,minor,4,Stationary Traffic,Daylight,0,1,0,0,0,0,Wet,13.432,52.42437,car + 
201386,Spandau,5020523,Maulbeerallee,November,7,Wednesday,minor,5,Turning,Daylight,0,1,0,1,0,0,Wet,13.16099,52.52537,car + motorbike + 
201387,Charlottenburg-Wilmersdorf,4030931,Breitscheidplatz,November,7,Wednesday,minor,0,Crossing,Dawn,1,1,0,0,0,0,Wet,13.34063,52.50444,bicycle + car + 
201388,Charlottenburg-Wilmersdorf,4030415,Schloßgarten,November,6,Wednesday,minor,6,Turning,Night,0,1,1,0,0,0,Wet,13.28651,52.5188,car + pedestrian + 