id,district,lor,street,month,hour,weekday,injury,collision,movement,light_conditions,bicycle,car,pedestrian,motorbike,truck,other_vehicle,road_conditions,longitude,latitude,Combo_type
201389,Mitte,1011302,Oranienburger Straße,November,9,Wednesday,minor,3,Stationary Traffic,Daylight,1,1,0,0,0,0,Wet,13.39778,52.52781,bicycle + car + 
201390,Spandau,5030731,Gartenfelder Straße,November,6,Wednesday,minor,7,Other,Night,1,0,0,0,0,0,Wet,13.2451,52.53816,bicycle + 
201391,Mitte,1033203,Humboldthain Nordwest,November,5,Wednesday,serious,5,Turning,Night,1,1,0,0,0,0,Wet,13.37444,52.53732,bicycle + car + 
201392,Mitte,1011402,Arkonaplatz,November,4,Wednesday,minor,0,Driving,Night,0,0,0,0,0,1,Wet,13.40416,52.53299,other
201393,Pankow,3071537,Kollwitzplatz,November,13,Tuesday,minor,6,Overtaking,Daylight,0,1,1,0,0,0,Wet,13.41578,52.52956,car + pedestrian + 
201394,Mitte,1033102,Gesundbrunnen,November,22,Tuesday,minor,5,Turning,Night,0,1,0,0,0,1,Wet,13.38132,52.5523,car + other
201395,Mitte,1011302,Oranienburger Straße,November,22,Tuesday,serious,6,Overtaking,Night,0,0,1,1,0,0,Wet,13.39429,52.52865,pedestrian + motorbike + 
201396,Charlottenburg-Wilmersdorf,4030518,Tegeler Weg,November,23,Tuesday,minor,2,Stationary Traffic,Night,0,1,0,0,0,0,Wet,13.29796,52.52448,car + 
201397,Lichtenberg,11010103,Dorf Falkenberg,November,21,Tuesday,minor,5,Crossing,Night,1,1,0,0,0,0,Wet,13.54541,52.56772,bicycle + car + 
201398,Tempelhof-Schöneberg,7040406,Germaniagarten,November,19,Tuesday,minor,1,Paralle Traffic,Night,0,1,0,0,0,1,Dry,13.41933,52.45854,car + other
201399,Mitte,1011202,Unter den Linden Nord,November,19,Tuesday,minor,6,Other,Night,0,1,1,0,0,0,Wet,13.38824,52.51983,car + pedestrian + 
201400,Spandau,5010206,Gütersloher Weg,November,19,Tuesday,minor,6,Turning,Night,0,1,1,0,0,0,Wet,13.15727,52.54892,car + pedestrian + 
201401,Tempelhof-Schöneberg,7020203,Kaiser-Wilhelm-Platz,November,20,Tuesday,serious,6,Turning,Night,0,1,1,0,0,0,Wet,13.35107,52.48617,car + pedestrian + 
201402,Pankow,3061126,Arnimplatz,November,18,Tuesday,minor,6,Overtaking,Night,0,1,1,0,0,0,Wet,13.40281,52.55428,car + pedestrian + 
201403,Marzahn-Hellersdorf,10010204,Wuhletalstraße,November,17,Tuesday,minor,2,Stationary Traffic,Night,0,1,0,0,0,0,Dry,13.56396,52.55651,car + 
201404,Tempelhof-Schöneberg,7040403,Manteuffelstraße,November,17,Tuesday,minor,6,Turning,Night,0,1,1,0,0,0,Dry,13.37672,52.46149,car + pedestrian + 
201405,Neukölln,8020622,Parchimer Allee,November,17,Tuesday,serious,6,Overtaking,Dawn,0,1,1,0,0,0,Dry,13.44944,52.43895,car + pedestrian + 
201406,Neukölln,8020620,Tempelhofer Weg,November,16,Tuesday,minor,2,Stationary Traffic,Night,0,1,0,0,1,0,Dry,13.42405,52.45235,car + truck + 
201407,Lichtenberg,11041022,Rosenfelder Ring,November,16,Tuesday,minor,5,Turning,Night,1,1,0,0,0,0,Dry,13.51886,52.51353,bicycle + car + 
201408,Charlottenburg-Wilmersdorf,4020310,Park Ruhwald,November,15,Tuesday,minor,5,Turning,Daylight,0,1,0,0,0,1,Dry,13.27591,52.51874,car + other
201409,Charlottenburg-Wilmersdorf,4030623,Ernst-Reuter-Platz,November,14,Tuesday,minor,5,Crossing,Daylight,1,1,0,0,0,0,Dry,13.32822,52.50799,bicycle + car + 
201410,Spandau,5010314,Carl-Schurz-Straße,November,15,Tuesday,serious,0,Overtaking,Dawn,0,0,1,1,0,0,Dry,13.20393,52.5399,pedestrian + motorbike + 
201411,Tempelhof-Schöneberg,7070704,Nahariyastraße,November,19,Tuesday,serious,1,Other,Night,0,1,0,0,0,0,Dry,13.41873,52.39485,car + 
201412,Tempelhof-Schöneberg,7020203,Kaiser-Wilhelm-Platz,November,14,Tuesday,minor,5,Other,Daylight,0,1,0,0,0,0,Dry,13.3588,52.49046,car + 
201413,Treptow-Köpenick,9041401,Allende I,November,14,Tuesday,minor,2,Stationary Traffic,Daylight,0,1,0,0,0,0,Dry,13.5918,52.4412,car + 
201414,Charlottenburg-Wilmersdorf,4010102,Plötzensee,November,14,Tuesday,minor,5,Turning,Daylight,0,1,0,0,0,0,Dry,13.32611,52.53836,car + 
201415,Charlottenburg-Wilmersdorf,4010101,Jungfernheide,November,15,Tuesday,minor,2,Stationary Traffic,Daylight,0,1,0,0,0,0,Dry,13.2954,52.53961,car + 
201416,Mitte,1033203,Humboldthain Nordwest,November,11,Tuesday,minor,1,Paralle Traffic,Daylight,0,1,0,0,0,0,Dry,13.37195,52.54014,car + 
201417,Lichtenberg,11030720,Herzbergstraße,November,11,Tuesday,minor,2,Stationary Traffic,Daylight,0,1,0,0,0,0,Dry,13.49674,52.53413,car + 
201418,Tempelhof-Schöneberg,7040403,Manteuffelstraße,November,9,Tuesday,minor,1,Paralle Traffic,Daylight,1,1,0,0,0,0,Dry,13.37176,52.4581,bicycle + car + 
201419,Treptow-Köpenick,9020802,Köllnische Vorstadt,November,10,Tuesday,serious,6,Other,Daylight,0,1,1,0,0,0,Dry,13.56778,52.44484,car + pedestrian + 
201420,Friedrichshain-Kreuzberg,2050601,Hausburgviertel,November,6,Tuesday,minor,5,Turning,Night,1,1,0,0,0,0,Dry,13.45206,52.52773,bicycle + car + 
201421,Neukölln,8010510,Gewerbegebiet Köllnische Heide,November,9,Tuesday,minor,5,Crossing,Daylight,0,1,0,0,0,1,Dry,13.45027,52.46863,car + other
201422,Neukölln,8010404,Rixdorf,November,9,Tuesday,minor,0,Other,Daylight,0,1,0,0,0,0,Dry,13.44325,52.46994,car + 
201423,Charlottenburg-Wilmersdorf,4051446,Preußenpark,November,8,Tuesday,minor,5,Turning,Daylight,1,1,0,0,0,0,Dry,13.31643,52.49891,bicycle + car + 
201424,Mitte,1011402,Arkonaplatz,November,8,Tuesday,minor,5,Crossing,Daylight,1,1,0,0,0,0,Dry,13.40628,52.53234,bicycle + car + 
201425,Tempelhof-Schöneberg,7040405,Rathaus Tempelhof,November,8,Tuesday,minor,5,Crossing,Daylight,0,1,0,0,0,0,Dry,13.39096,52.45738,car + 
201426,Treptow-Köpenick,9010401,Johannisthal West,November,7,Tuesday,minor,2,Turning,Daylight,1,1,0,0,0,0,Wet,13.50564,52.44574,bicycle + car + 
201427,Friedrichshain-Kreuzberg,2030402,Wrangelkiez,November,7,Tuesday,minor,8,Driving,Dawn,1,0,0,0,0,0,Wet,13.44143,52.49763,bicycle + 
201428,Pankow,3030715,Heinersdorf,November,7,Tuesday,serious,6,Turning,Daylight,0,0,1,0,1,0,Dry,13.43975,52.56798,pedestrian + truck + 
201429,Spandau,5010314,Carl-Schurz-Straße,November,8,Monday,minor,5,Turning,Daylight,1,1,0,0,0,0,Dry,13.20383,52.53991,bicycle + car + 
201430,Neukölln,8020625,Handwerker-Siedlung,November,17,Monday,minor,6,Turning,Night,0,1,1,0,0,0,Wet,13.43502,52.44037,car + pedestrian + 
201431,Treptow-Köpenick,9031001,Bohnsdorf,November,18,Monday,minor,5,Turning,Night,1,0,0,0,1,0,Wet,13.53988,52.39668,bicycle + truck + 
201432,Charlottenburg-Wilmersdorf,4051655,Babelsberger Straße,November,18,Monday,minor,2,Other,Night,0,1,0,0,0,0,Wet,13.32845,52.47881,car + 
201433,Mitte,1022206,Lüneburger Straße,November,17,Monday,minor,0,Driving,Night,1,0,0,0,0,0,Wet,13.35604,52.52117,bicycle + 
201434,Steglitz-Zehlendorf,6040810,Dahlem,November,16,Monday,minor,5,Crossing,Night,0,1,0,0,0,0,Wet,13.27722,52.45998,car + 
201435,Pankow,3061126,Arnimplatz,November,17,Monday,minor,5,Turning,Night,1,1,0,0,0,0,Wet,13.40578,52.55134,bicycle + car + 
201436,Friedrichshain-Kreuzberg,2050802,Boxhagener Platz,November,18,Monday,minor,0,Other,Night,1,0,0,0,0,0,Dry,13.45591,52.50996,bicycle + 
201437,Mitte,1011301,Charitéviertel,November,16,Monday,minor,6,Turning,Dawn,0,1,1,0,0,0,Wet,13.37376,52.52347,car + pedestrian + 
201438,Reinickendorf,12103117,Letteplatz,November,16,Monday,minor,6,Stationary Traffic,Night,0,1,1,0,0,0,Wet,13.37798,52.56448,car + pedestrian + 
201439,Lichtenberg,11030618,Fennpfuhl West,November,16,Monday,minor,0,Crossing,Night,0,1,0,0,0,1,Wet,13.46687,52.52839,car + other
201440,Charlottenburg-Wilmersdorf,4051448,Schaperstraße,November,17,Monday,minor,5,Crossing,Night,0,1,0,0,0,0,Wet,13.33423,52.49863,car + 
201441,Treptow-Köpenick,9030901,Dorf Altglienicke,November,17,Monday,serious,6,Overtaking,Night,0,1,1,0,0,0,Wet,13.52188,52.40212,car + pedestrian + 
201442,Marzahn-Hellersdorf,10010309,Springpfuhl,November,15,Monday,minor,5,Turning,Daylight,1,1,0,0,0,0,Wet,13.5407,52.53446,bicycle + car + 
201443,Mitte,1011202,Unter den Linden Nord,November,17,Monday,minor,6,Overtaking,Night,1,0,1,0,0,0,Wet,13.38012,52.5189,bicycle + pedestrian + 
201444,Friedrichshain-Kreuzberg,2040701,Andreasviertel,November,15,Monday,minor,5,Crossing,Daylight,1,0,0,0,0,1,Wet,13.43008,52.51014,bicycle + other
201445,Pankow,3020209,Niederschönhausen,November,13,Monday,serious,5,Crossing,Dawn,1,1,0,0,0,0,Wet,13.40422,52.58148,bicycle + car + 
201446,Tempelhof-Schöneberg,7040401,Neu-Tempelhof,November,17,Monday,serious,6,Turning,Night,0,1,1,0,0,0,Wet,13.39445,52.48393,car + pedestrian + 
201447,Reinickendorf,12304314,Ziekowstraße/Freie Scholle,November,13,Monday,minor,5,Crossing,Daylight,0,1,0,0,0,0,Wet,13.30131,52.60177,car + 
201448,Charlottenburg-Wilmersdorf,4051551,Brabanter Platz,November,13,Monday,minor,2,Crossing,Daylight,1,1,0,0,0,0,Wet,13.31654,52.47826,bicycle + car + 
201449,Spandau,5020627,Tiefwerder,November,17,Monday,minor,2,Stationary Traffic,Night,0,1,0,0,0,1,Wet,13.20432,52.5303,car + other
201450,Reinickendorf,12302211,Lübarser Straße,November,17,Monday,minor,6,Turning,Night,0,0,1,0,0,1,Wet,13.32642,52.6045,pedestrian + other
201451,Reinickendorf,12214422,Klixstraße,November,12,Monday,serious,5,Turning,Daylight,1,0,0,0,1,0,Dry,13.31197,52.56803,bicycle + truck + 
201452,Marzahn-Hellersdorf,10040931,Mahlsdorf Nord,November,19,Monday,minor,1,Paralle Traffic,Night,0,1,0,1,0,0,Wet,13.61728,52.52006,car + motorbike + 
201453,Mitte,1022106,Elberfelder Straße,November,12,Monday,serious,5,Turning,Daylight,0,1,0,1,0,0,Wet,13.34276,52.52544,car + motorbike + 
201454,Mitte,1011302,Oranienburger Straße,November,19,Monday,minor,2,Stationary Traffic,Night,0,1,0,1,0,0,Wet,13.40288,52.5297,car + motorbike + 
201455,Charlottenburg-Wilmersdorf,4010101,Jungfernheide,November,10,Monday,minor,5,Turning,Daylight,0,1,0,0,0,1,Wet,13.29675,52.54801,car + other
201456,Spandau,5020521,Döberitzer Weg,November,9,Monday,serious,5,Turning,Daylight,0,1,0,0,0,0,Dry,13.12926,52.52717,car + 
201457,Steglitz-Zehlendorf,6010207,Mittelstraße,November,9,Monday,minor,2,Turning,Daylight,0,1,0,0,0,0,Wet,13.33138,52.45311,car + 
201458,Pankow,3040614,Pankow Zentrum,November,9,Monday,minor,6,Overtaking,Daylight,0,1,1,0,0,0,Dry,13.39574,52.5659,car + pedestrian + 
201459,Treptow-Köpenick,9020601,Schnellerstraße,November,8,Monday,serious,6,Overtaking,Daylight,0,1,1,0,0,0,Wet,13.51203,52.45719,car + pedestrian + 
201460,Treptow-Köpenick,9051901,Dammvorstadt,November,8,Monday,minor,5,Turning,Daylight,1,1,0,0,0,0,Wet,13.57001,52.4525,bicycle + car + 
201461,Mitte,1022104,Emdener Straße,November,8,Monday,minor,5,Turning,Daylight,1,0,0,0,0,1,Dry,13.3432,52.53194,bicycle + other
201462,Mitte,1011301,Charitéviertel,November,8,Monday,minor,0,Driving,Daylight,1,0,0,0,0,0,Wet,13.38374,52.53001,bicycle + 
201463,Tempelhof-Schöneberg,7050501,Rathausstraße,November,7,Monday,minor,2,Stationary Traffic,Daylight,0,1,0,1,0,0,Wet,13.37253,52.44436,car + motorbike + 
201464,Neukölln,8010301,Reuterkiez,November,7,Monday,minor,1,Paralle Traffic,Daylight,1,1,0,0,0,1,Wet,13.43422,52.4902,bicycle + car + other
201465,Steglitz-Zehlendorf,6020409,Königsberger Straße,November,7,Monday,minor,6,Overtaking,Daylight,0,1,1,0,0,0,Wet,13.32263,52.43317,car + pedestrian + 
201466,Reinickendorf,12214125,Waldidyll/Flughafensee,November,6,Monday,serious,5,Turning,Night,0,1,0,0,0,1,Wet,13.31749,52.55984,car + other
201467,Friedrichshain-Kreuzberg,2040703,Wriezener Bahnhof/Entwicklungsgebiet,November,16,Sunday,serious,6,Overtaking,Night,0,1,1,0,0,0,Wet,13.44178,52.50433,car + pedestrian + 
201468,Reinickendorf,12103219,Schäfersee,November,15,Sunday,minor,0,Crossing,Daylight,0,1,0,1,0,0,Wet,13.35625,52.56205,car + motorbike + 
201469,Pankow,3050925,Komponistenviertel Weißensee,November,15,Sunday,minor,5,Crossing,Daylight,1,1,0,0,0,0,Wet,13.4656,52.5517,bicycle + car + 
201470,Treptow-Köpenick,9020802,Köllnische Vorstadt,November,14,Sunday,minor,1,Other,Daylight,1,0,0,0,0,1,Wet,13.57171,52.43804,bicycle + other
201471,Treptow-Köpenick,9051801,Rahnsdorf/Hessenwinkel,November,13,Sunday,minor,0,Other,Daylight,0,0,0,1,0,0,Wet,13.72853,52.42783,motorbike + 
201472,Friedrichshain-Kreuzberg,2010101,Askanischer Platz,November,10,Sunday,minor,5,Crossing,Daylight,0,1,0,0,0,0,Wet,13.38523,52.50229,car + 
201473,Steglitz-Zehlendorf,6030504,Teltower Damm,November,9,Sunday,minor,5,Crossing,Daylight,0,1,0,0,0,0,Wet,13.26014,52.42721,car + 
201474,Reinickendorf,12231101,Hermsdorf,November,8,Sunday,minor,5,Crossing,Daylight,0,1,0,1,0,0,Wet,13.3159,52.61764,car + motorbike + 
201475,Neukölln,8010118,Silbersteinstraße,November,17,Sunday,serious,6,Overtaking,Night,0,1,1,0,0,0,Wet,13.42466,52.46557,car + pedestrian + 
201476,Friedrichshain-Kreuzberg,2020203,Viktoriapark,November,2,Sunday,minor,1,Paralle Traffic,Night,1,1,0,0,0,0,Dry,13.37667,52.48841,bicycle + car + 
201477,Mitte,1033102,Gesundbrunnen,November,23,Sunday,minor,5,Crossing,Night,0,1,0,0,0,0,Wet,13.38435,52.55603,car + 
201478,Reinickendorf,12301203,Wittenau Süd,November,6,Sunday,minor,8,Driving,Night,0,1,0,0,0,0,Wet,13.32883,52.59379,car + 
201479,Lichtenberg,11040925,Victoriastadt,November,21,Sunday,minor,4,Driving,Night,0,1,0,0,0,0,Wet,13.47186,52.50525,car + 
201480,Pankow,3061228,Erich-Weinert-Straße,November,20,Sunday,minor,5,Turning,Night,1,1,0,0,0,0,Wet,13.42998,52.55142,bicycle + car + 
201481,Neukölln,8020726,Buckow West,November,20,Sunday,serious,6,Crossing,Night,0,1,1,0,0,0,Wet,13.40607,52.41576,car + pedestrian + 
201482,Neukölln,8010117,Schillerpromenade,November,17,Sunday,minor,6,Overtaking,Night,0,1,1,0,0,0,Wet,13.4254,52.47975,car + pedestrian + 
201483,Treptow-Köpenick,9010301,Baumschulenstraße,November,17,Sunday,serious,5,Turning,Night,0,1,0,0,0,0,Wet,13.49131,52.4691,car + 
201484,Tempelhof-Schöneberg,7020203,Kaiser-Wilhelm-Platz,November,15,Sunday,minor,1,Other,Dawn,0,1,0,0,0,1,Wet,13.35274,52.48454,car + other
201485,Reinickendorf,12301206,Lübars,November,7,Sunday,minor,9,Driving,Night,0,1,0,0,0,0,Wet,13.35436,52.61705,car + 
201486,Friedrichshain-Kreuzberg,2010102,Mehringplatz,November,5,Saturday,minor,5,Crossing,Night,0,1,0,0,0,0,Wet,13.39461,52.50456,car + 
201487,Marzahn-Hellersdorf,10020412,Alte Hellersdorfer Straße,November,14,Saturday,minor,5,Turning,Daylight,0,1,0,0,0,0,Dry,13.59291,52.54844,car + 
201488,Neukölln,8010117,Schillerpromenade,November,22,Saturday,minor,2,Stationary Traffic,Night,0,1,0,0,0,0,Dry,13.42687,52.47591,car + 
201489,Steglitz-Zehlendorf,6030608,Schweizer Viertel,November,19,Saturday,minor,6,Turning,Night,0,1,1,0,0,0,Dry,13.30682,52.42893,car + pedestrian + 
201490,Friedrichshain-Kreuzberg,2010103,Moritzplatz,November,18,Saturday,minor,2,Stationary Traffic,Night,0,1,0,0,0,0,Dry,13.41611,52.49973,car + 
201491,Mitte,1033203,Humboldthain Nordwest,November,18,Saturday,minor,2,Stationary Traffic,Night,0,1,0,0,0,0,Dry,13.37993,52.55143,car + 
201492,Mitte,1044103,Westliche Müllerstraße,November,14,Saturday,minor,5,Turning,Daylight,0,1,0,0,0,0,Wet,13.34407,52.5461,car + 
201493,Mitte,1011301,Charitéviertel,November,0,Saturday,serious,1,Paralle Traffic,Night,0,1,0,0,0,1,Dry,13.38663,52.52482,car + other
201494,Spandau,5020419,Magistratsweg,November,9,Saturday,minor,5,Turning,Daylight,0,1,0,0,0,0,Wet,13.14798,52.53277,car + 
201495,Marzahn-Hellersdorf,10010308,Marzahner Chaussee,November,7,Saturday,minor,0,Driving,Night,0,0,0,1,0,0,Wet,13.51966,52.53564,motorbike + 
201496,Steglitz-Zehlendorf,6020409,Königsberger Straße,November,6,Saturday,minor,5,Crossing,Night,1,1,0,0,0,0,Wet,13.31981,52.42657,bicycle + car + 
201497,Tempelhof-Schöneberg,7030303,Grazer Platz,November,20,Saturday,minor,2,Stationary Traffic,Night,0,1,0,0,0,0,Dry,13.33852,52.46655,car + 
201498,Steglitz-Zehlendorf,6040809,Thielallee,November,5,Saturday,serious,9,Driving,Night,0,1,1,0,0,0,Dry,13.28712,52.45108,car + pedestrian + 
201499,Friedrichshain-Kreuzberg,2020203,Viktoriapark,November,20,Saturday,minor,5,Turning,Night,0,1,0,0,0,0,Dry,13.38773,52.49303,car + 
201500,Pankow,3040614,Pankow Zentrum,November,19,Saturday,minor,0,Crossing,Night,0,1,0,1,0,0,Dry,13.39428,52.56501,car + motorbike + 
201501,Friedrichshain-Kreuzberg,2040703,Wriezener Bahnhof/Entwicklungsgebiet,November,18,Saturday,minor,2,Stationary Traffic,Night,0,1,0,0,0,0,Dry,13.44588,52.50193,car + 
201502,Treptow-Köpenick,9010202,Köpenicker Landstraße,November,13,Saturday,minor,5,Turning,Daylight,0,1,0,0,0,0,Dry,13.47661,52.47296,car + 
201503,Charlottenburg-Wilmersdorf,4051655,Babelsberger Straße,November,13,Saturday,minor,5,Other,Daylight,0,1,0,0,0,0,Dry,13.33312,52.48709,car + 
201504,Charlottenburg-Wilmersdorf,4041238,Kissinger Straße,November,12,Saturday,minor,6,Other,Daylight,0,1,1,0,0,0,Dry,13.28667,52.47947,car + pedestrian + 
201505,Mitte,1011303,Alexanderplatzviertel,November,2,Saturday,minor,0,Turning,Night,0,1,0,0,0,0,Dry,13.41555,52.52708,car + 
201506,Lichtenberg,11030619,Fennpfuhl Ost,November,12,Saturday,minor,2,Stationary Traffic,Daylight,0,1,0,0,0,0,Wet,13.48435,52.53346,car + 
201507,Mitte,1044103,Westliche Müllerstraße,November,10,Saturday,serious,0,Paralle Traffic,Daylight,0,1,0,1,0,0,Wet,13.35195,52.54808,car + motorbike + 
201508,Mitte,1022104,Emdener Straße,November,11,Friday,minor,6,Overtaking,Daylight,0,1,1,0,0,0,Dry,13.33944,52.53382,car + pedestrian + 
201509,Friedrichshain-Kreuzberg,2020206,Graefekiez,November,22,Friday,minor,0,Crossing,Night,1,1,0,0,0,0,Dry,13.4136,52.4884,bicycle + car + 
201510,Lichtenberg,11020515,Landsberger Allee,November,7,Friday,minor,6,Overtaking,Night,0,1,1,0,0,0,Wet,13.49427,52.54011,car + pedestrian + 
201511,Tempelhof-Schöneberg,7030301,Friedenau,November,19,Friday,minor,5,Turning,Night,1,1,0,0,0,0,Dry,13.32846,52.46493,bicycle + car + 
201512,Charlottenburg-Wilmersdorf,4051448,Schaperstraße,November,17,Friday,minor,0,Paralle Traffic,Night,1,1,0,0,0,0,Dry,13.33178,52.49687,bicycle + car + 
201513,Reinickendorf,12214424,Scharnweberstraße,November,17,Friday,minor,2,Stationary Traffic,Night,0,1,0,0,0,0,Dry,13.33098,52.56244,car + 
201514,Mitte,1011201,Wilhelmstraße,November,13,Sunday,minor,5,Crossing,Daylight,0,1,0,1,0,0,Dry,13.3769,52.51077,car + motorbike + 
201515,Lichtenberg,11041027,Tierpark,November,12,Sunday,minor,5,Crossing,Daylight,1,1,0,0,0,0,Dry,13.5307,52.51017,bicycle + car + 
201516,Tempelhof-Schöneberg,7040401,Neu-Tempelhof,November,17,Friday,minor,3,Stationary Traffic,Night,0,1,0,0,1,0,Dry,13.37781,52.47346,car + truck + 
201517,Charlottenburg-Wilmersdorf,4020313,Königin-Elisabeth-Straße,November,12,Sunday,minor,3,Stationary Traffic,Daylight,0,1,0,0,0,1,Dry,13.28123,52.5131,car + other
201518,Charlottenburg-Wilmersdorf,4020310,Park Ruhwald,November,16,Friday,minor,2,Stationary Traffic,Daylight,0,1,0,0,0,1,Dry,13.271,52.51981,car + other
201519,Tempelhof-Schöneberg,7020203,Kaiser-Wilhelm-Platz,November,11,Sunday,minor,0,Paralle Traffic,Daylight,1,1,0,0,0,0,Dry,13.36017,52.48647,bicycle + car + 
201520,Pankow,3030406,Alt-Karow,November,10,Sunday,minor,5,Crossing,Daylight,0,1,0,0,0,0,Dry,13.47409,52.6099,car + 
201521,Mitte,1033202,Humboldthain Süd,November,16,Friday,minor,0,Driving,Daylight,1,0,0,0,0,0,Wet,13.37988,52.54015,bicycle + 
201522,Charlottenburg-Wilmersdorf,4010101,Jungfernheide,November,1,Sunday,minor,1,Driving,Night,0,1,0,0,0,0,Dry,13.29096,52.53754,car + 
201523,Charlottenburg-Wilmersdorf,4041241,Breite Straße,November,16,Sunday,minor,6,Turning,Night,0,1,1,0,0,0,Dry,13.29876,52.47337,car + pedestrian + 
201524,Treptow-Köpenick,9020802,Köllnische Vorstadt,November,2,Sunday,minor,0,Driving,Night,1,0,0,0,0,0,Wet,13.55968,52.44431,bicycle + 
201525,Friedrichshain-Kreuzberg,2040701,Andreasviertel,November,14,Friday,minor,5,Crossing,Daylight,1,1,0,0,0,0,Dry,13.44042,52.51586,bicycle + car + 
201526,Pankow,3050919,Gustav-Adolf-Straße,November,14,Friday,minor,5,Crossing,Daylight,1,1,0,0,0,0,Dry,13.44104,52.55637,bicycle + car + 
201527,Tempelhof-Schöneberg,7050501,Rathausstraße,November,19,Sunday,serious,6,Overtaking,Night,0,1,1,0,0,0,Dry,13.37343,52.43689,car + pedestrian + 
201528,Mitte,1022204,Thomasiusstraße,November,17,Sunday,minor,0,Driving,Night,0,0,0,0,0,1,Dry,13.35388,52.52384,other
201529,Marzahn-Hellersdorf,10030724,Oberfeldstraße,November,15,Friday,serious,5,Crossing,Daylight,1,1,0,0,0,0,Dry,13.55356,52.51583,bicycle + car + 
201530,Lichtenberg,11030720,Herzbergstraße,November,17,Saturday,minor,2,Stationary Traffic,Night,0,1,0,0,0,0,Dry,13.51242,52.53502,car + 
201531,Mitte,1011301,Charitéviertel,November,17,Saturday,serious,0,Driving,Night,1,0,0,0,0,0,Dry,13.37903,52.52926,bicycle + 
201532,Tempelhof-Schöneberg,7060604,Marienfelde Süd,November,15,Friday,minor,5,Crossing,Dawn,0,1,0,0,0,0,Dry,13.37678,52.40843,car + 
201533,Charlottenburg-Wilmersdorf,4030724,Lietzensee,November,14,Friday,minor,5,Crossing,Daylight,0,1,0,0,0,0,Dry,13.28541,52.50651,car + 
201534,Mitte,1044103,Westliche Müllerstraße,November,15,Saturday,minor,6,Overtaking,Daylight,0,1,1,0,0,0,Dry,13.34891,52.54548,car + pedestrian + 
201535,Lichtenberg,11030619,Fennpfuhl Ost,November,13,Saturday,minor,2,Stationary Traffic,Daylight,0,1,0,0,0,0,Dry,13.48549,52.52335,car + 
201536,Pankow,3061227,Humannplatz,November,14,Friday,minor,2,Stationary Traffic,Daylight,0,1,0,0,0,0,Dry,13.41668,52.55366,car + 
201537,Friedrichshain-Kreuzberg,2040703,Wriezener Bahnhof/Entwicklungsgebiet,November,14,Friday,minor,2,Turning,Daylight,0,0,0,1,0,1,Dry,13.43502,52.50868,motorbike + other
201538,Pankow,3050925,Komponistenviertel Weißensee,November,12,Saturday,minor,0,Paralle Traffic,Daylight,0,1,0,0,0,0,Dry,13.46481,52.55018,car + 
201539,Tempelhof-Schöneberg,7060604,Marienfelde Süd,November,12,Saturday,minor,3,Stationary Traffic,Daylight,1,1,0,0,0,0,Dry,13.35303,52.40827,bicycle + car + 
201540,Lichtenberg,11030721,Rüdigerstraße,November,22,Saturday,minor,0,Turning,Night,1,1,0,0,0,0,Dry,13.49815,52.51392,bicycle + car + 
201541,Tempelhof-Schöneberg,7040401,Neu-Tempelhof,November,12,Friday,minor,6,Other,Daylight,0,1,1,0,0,0,Dry,13.40033,52.48371,car + pedestrian + 
201542,Marzahn-Hellersdorf,10010311,Landsberger Tor,November,20,Saturday,serious,6,Overtaking,Night,0,1,1,0,0,0,Dry,13.57779,52.54786,car + pedestrian + 
201543,Charlottenburg-Wilmersdorf,4030620,Alt-Lietzow,November,14,Friday,minor,0,Other,Daylight,1,1,0,0,0,0,Dry,13.31439,52.51808,bicycle + car + 
201544,Mitte,1033101,Soldiner Straße,November,19,Saturday,minor,0,Paralle Traffic,Night,0,1,0,0,0,0,Dry,13.37049,52.56013,car + 
201545,Steglitz-Zehlendorf,6020409,Königsberger Straße,November,20,Saturday,serious,4,Stationary Traffic,Night,0,1,0,0,0,0,Dry,13.31773,52.42784,car + 
201546,Mitte,1022102,Beusselkiez,November,13,Friday,serious,0,Stationary Traffic,Daylight,0,1,0,1,0,0,Dry,13.32756,52.52459,car + motorbike + 
201547,Marzahn-Hellersdorf,10020413,Gut Hellersdorf,November,19,Saturday,minor,0,Driving,Night,0,0,0,1,0,0,Dry,13.59153,52.54208,motorbike + 
201548,Reinickendorf,12301203,Wittenau Süd,November,10,Saturday,minor,2,Stationary Traffic,Daylight,0,1,0,0,0,0,Dry,13.33344,52.59554,car + 
201549,Charlottenburg-Wilmersdorf,4030415,Schloßgarten,November,10,Saturday,minor,5,Turning,Daylight,0,1,0,0,0,0,Dry,13.29947,52.5197,car + 
201550,Lichtenberg,11020411,Malchower Weg,November,13,Friday,minor,6,Other,Daylight,0,1,1,0,0,0,Dry,13.50924,52.55158,car + pedestrian + 
201551,Mitte,1011303,Alexanderplatzviertel,November,13,Friday,serious,0,Turning,Daylight,1,1,0,0,0,0,Dry,13.40977,52.52402,bicycle + car + 