id,district,lor,street,month,hour,weekday,injury,collision,movement,light_conditions,bicycle,car,pedestrian,motorbike,truck,other_vehicle,road_conditions,longitude,latitude,Combo_type
201552,Neukölln,8010211,Flughafenstraße,November,7,Saturday,minor,0,Driving,Night,1,0,0,0,0,0,Dry,13.42554,52.4808,bicycle + 
201553,Lichtenberg,11020412,Hauptstraße,November,2,Saturday,minor,9,Driving,Night,0,1,0,0,0,0,Wet,13.50882,52.54999,car + 
201554,Mitte,1033101,Soldiner Straße,November,12,Friday,minor,0,Turning,Daylight,1,1,0,0,0,0,Dry,13.39318,52.56447,bicycle + car + 
201555,Charlottenburg-Wilmersdorf,4041241,Breite Straße,November,12,Friday,minor,1,Paralle Traffic,Daylight,1,1,0,0,0,0,Dry,13.30113,52.47036,bicycle + car + 
201556,Reinickendorf,12302110,Dannenwalder Weg,November,9,Friday,minor,5,Crossing,Daylight,1,1,0,0,0,0,Wet,13.35405,52.59235,bicycle + car + 
201557,Neukölln,8020622,Parchimer Allee,November,17,Friday,minor,6,Turning,Night,0,1,1,0,0,0,Dry,13.43351,52.44397,car + pedestrian + 
201558,Mitte,1033203,Humboldthain Nordwest,November,12,Friday,minor,3,Stationary Traffic,Daylight,0,1,0,1,0,0,Dry,13.37303,52.53821,car + motorbike + 
201559,Reinickendorf,12214527,Alt-Tegel,November,21,Friday,minor,5,Crossing,Night,0,1,0,0,0,0,Dry,13.28603,52.58693,car + 
201560,Mitte,1033102,Gesundbrunnen,November,20,Friday,minor,6,Other,Night,0,1,1,0,0,0,Dry,13.39243,52.55504,car + pedestrian + 
201561,Mitte,1011305,Heine-Viertel West,November,10,Friday,minor,5,Paralle Traffic,Daylight,1,0,0,0,0,1,Dry,13.41424,52.51149,bicycle + other
201562,Spandau,5010339,Freiheit,November,10,Friday,minor,5,Other,Daylight,0,1,0,1,0,0,Dry,13.24561,52.52769,car + motorbike + 
201563,Neukölln,8020619,Buschkrugallee Nord,November,19,Friday,minor,5,Turning,Night,0,1,0,0,0,0,Dry,13.4386,52.45262,car + 
201564,Friedrichshain-Kreuzberg,2020205,Chamissokiez,November,23,Friday,minor,0,Other,Night,1,0,0,0,0,0,Dry,13.4021,52.48883,bicycle + 
201565,Steglitz-Zehlendorf,6040809,Thielallee,November,19,Friday,serious,1,Other,Night,0,1,0,0,0,0,Wet,13.29789,52.45303,car + 
201566,Pankow,3071536,Teutoburger Platz,November,9,Friday,minor,1,Paralle Traffic,Daylight,1,1,0,0,0,0,Dry,13.40887,52.53025,bicycle + car + 
201567,Charlottenburg-Wilmersdorf,4041137,Flinsberger Platz,November,19,Friday,minor,3,Paralle Traffic,Night,0,1,0,1,0,0,Wet,13.29162,52.48315,car + motorbike + 
201568,Spandau,5020417,Staakener Straße,November,10,Friday,serious,0,Other,Daylight,0,1,0,0,0,1,Dry,13.16917,52.53238,car + other
201569,Mitte,1011202,Unter den Linden Nord,November,18,Friday,minor,5,Turning,Night,1,1,0,0,0,0,Dry,13.38091,52.51637,bicycle + car + 
201570,Friedrichshain-Kreuzberg,2040701,Andreasviertel,November,18,Friday,minor,1,Paralle Traffic,Night,1,1,0,0,0,1,Wet,13.43409,52.50866,bicycle + car + other
201571,Treptow-Köpenick,9010301,Baumschulenstraße,November,8,Friday,minor,2,Stationary Traffic,Daylight,0,1,0,0,0,0,Dry,13.48084,52.46103,car + 
201572,Mitte,1022206,Lüneburger Straße,November,8,Friday,minor,5,Turning,Daylight,0,1,0,0,0,0,Dry,13.36328,52.52458,car + 
201573,Pankow,3050925,Komponistenviertel Weißensee,November,18,Friday,minor,0,Paralle Traffic,Night,0,1,0,0,0,0,Dry,13.45266,52.54755,car + 
201574,Lichtenberg,11030618,Fennpfuhl West,November,6,Friday,minor,0,Stationary Traffic,Dawn,0,1,0,1,0,0,Dry,13.4638,52.53019,car + motorbike + 
201575,Pankow,3061131,Falkplatz,November,17,Friday,minor,2,Stationary Traffic,Night,0,1,0,0,0,0,Dry,13.41293,52.54529,car + 
201576,Pankow,3061126,Arnimplatz,November,17,Friday,minor,1,Paralle Traffic,Night,1,1,0,0,0,0,Dry,13.41131,52.55076,bicycle + car + 
201577,Pankow,3050924,Behaimstraße,November,8,Friday,minor,6,Other,Daylight,1,0,1,0,0,0,Dry,13.44761,52.55325,bicycle + pedestrian + 
201578,Spandau,5010339,Freiheit,November,6,Friday,serious,6,Overtaking,Night,0,1,1,0,0,0,Dry,13.22243,52.52867,car + pedestrian + 
201579,Neukölln,8041035,Blumenviertel,November,17,Friday,minor,2,Stationary Traffic,Night,0,1,0,0,0,0,Wet,13.48374,52.42554,car + 
201580,Spandau,5020625,Borkumer Straße,November,17,Friday,serious,0,Driving,Night,1,0,0,0,0,0,Dry,13.19918,52.53288,bicycle + 
201581,Mitte,1022103,Westhafen,November,8,Friday,minor,3,Stationary Traffic,Daylight,0,1,0,0,1,0,Dry,13.33057,52.53946,car + truck + 
201582,Spandau,5020522,Pillnitzer Weg,November,5,Friday,serious,6,Overtaking,Night,0,0,1,0,0,1,Dry,13.15576,52.52161,pedestrian + other
201583,Treptow-Köpenick,9010402,Johannisthal Ost,November,17,Friday,minor,0,Other,Night,1,0,0,0,0,0,Dry,13.50633,52.43747,bicycle + 
201584,Treptow-Köpenick,9020702,Adlershof Ost,November,17,Friday,minor,6,Other,Night,0,1,1,0,0,0,Dry,13.53619,52.44027,car + pedestrian + 
201585,Marzahn-Hellersdorf,10020413,Gut Hellersdorf,November,7,Friday,serious,5,Crossing,Dawn,1,1,0,0,0,0,Dry,13.59162,52.54149,bicycle + car + 
201586,Marzahn-Hellersdorf,10030724,Oberfeldstraße,November,17,Friday,minor,0,Paralle Traffic,Night,0,1,0,0,0,0,Dry,13.56347,52.51711,car + 
201587,Tempelhof-Schöneberg,7060604,Marienfelde Süd,November,16,Thursday,minor,6,Turning,Dawn,0,0,1,0,0,1,Dry,13.35016,52.41439,pedestrian + other
201588,Steglitz-Zehlendorf,6020411,Schütte-Lanz-Straße,November,11,Friday,minor,5,Crossing,Daylight,0,1,0,0,0,0,Wet,13.33226,52.41762,car + 
201589,Treptow-Köpenick,9030901,Dorf Altglienicke,November,10,Friday,minor,8,Other,Daylight,0,1,0,0,0,0,Wet,13.5565,52.41105,car + 
201590,Charlottenburg-Wilmersdorf,4030931,Breitscheidplatz,November,19,Thursday,minor,6,Other,Night,0,0,1,0,0,1,Dry,13.34018,52.50384,pedestrian + other
201591,Reinickendorf,12103117,Letteplatz,November,7,Thursday,minor,3,Stationary Traffic,Night,0,1,0,0,0,0,Dry,13.37779,52.56369,car + 
201592,Friedrichshain-Kreuzberg,2030401,Reichenberger Straße,November,16,Friday,minor,1,Paralle Traffic,Dawn,1,1,0,0,0,0,Dry,13.43578,52.49181,bicycle + car + 
201593,Marzahn-Hellersdorf,10040932,Alt-Mahlsdorf,November,15,Friday,minor,1,Paralle Traffic,Dawn,0,1,0,0,0,0,Dry,13.61334,52.50882,car + 
201594,Reinickendorf,12231102,Frohnau,November,7,Thursday,minor,5,Crossing,Daylight,1,1,0,0,0,0,Dry,13.28066,52.63418,bicycle + car + 
201595,Steglitz-Zehlendorf,6020410,Oberhofer Platz,November,9,Thursday,minor,6,Turning,Daylight,0,1,1,0,0,0,Dry,13.33826,52.4166,car + pedestrian + 
201596,Charlottenburg-Wilmersdorf,4030620,Alt-Lietzow,November,15,Friday,minor,5,Turning,Daylight,0,1,0,0,0,1,Dry,13.30234,52.51884,car + other
201597,Tempelhof-Schöneberg,7040401,Neu-Tempelhof,November,13,Friday,minor,0,Stationary Traffic,Daylight,1,1,0,0,0,0,Dry,13.38076,52.47465,bicycle + car + 
201598,Charlottenburg-Wilmersdorf,4030518,Tegeler Weg,November,1,Thursday,minor,5,Turning,Night,0,1,0,0,1,0,Dry,13.30164,52.52925,car + truck + 
201599,Treptow-Köpenick,9020802,Köllnische Vorstadt,November,19,Thursday,minor,4,Stationary Traffic,Night,0,1,0,0,0,0,Dry,13.57169,52.43759,car + 
201600,Lichtenberg,11010310,Mühlengrund,November,13,Friday,minor,6,Overtaking,Daylight,0,1,1,0,0,0,Dry,13.50481,52.56302,car + pedestrian + 
201601,Friedrichshain-Kreuzberg,2050602,Samariterviertel,November,9,Friday,minor,5,Turning,Daylight,1,1,0,0,0,0,Wet,13.46285,52.51502,bicycle + car + 
201602,Lichtenberg,11020412,Hauptstraße,November,9,Friday,minor,5,Turning,Daylight,0,1,0,0,0,0,Dry,13.51175,52.55075,car + 
201603,Marzahn-Hellersdorf,10020517,Adele-Sandrock-Straße,November,19,Thursday,serious,1,Paralle Traffic,Night,0,1,0,0,0,1,Dry,13.61655,52.53158,car + other
201604,Lichtenberg,11010310,Mühlengrund,November,18,Thursday,serious,6,Overtaking,Night,0,0,1,0,0,1,Dry,13.50319,52.56245,pedestrian + other
201605,Pankow,3061227,Humannplatz,November,9,Friday,minor,5,Crossing,Daylight,0,1,0,0,0,0,Dry,13.42743,52.55241,car + 
201606,Marzahn-Hellersdorf,10040931,Mahlsdorf Nord,November,13,Friday,minor,5,Crossing,Daylight,0,1,0,0,0,0,Dry,13.61266,52.51516,car + 
201607,Mitte,1044201,Reinickendorfer Straße,November,17,Thursday,minor,2,Stationary Traffic,Night,0,1,0,0,0,0,Dry,13.37678,52.55632,car + 
201608,Marzahn-Hellersdorf,10020413,Gut Hellersdorf,November,15,Thursday,minor,5,Crossing,Daylight,1,1,0,0,0,0,Dry,13.59159,52.54164,bicycle + car + 
201609,Mitte,1033203,Humboldthain Nordwest,November,8,Friday,minor,2,Stationary Traffic,Daylight,0,1,0,1,0,0,Wet,13.37097,52.54007,car + motorbike + 
201610,Friedrichshain-Kreuzberg,2050804,Stralauer Halbinsel,November,7,Friday,minor,0,Stationary Traffic,Dawn,0,1,0,1,0,0,Wet,13.46696,52.49753,car + motorbike + 
201611,Tempelhof-Schöneberg,7040403,Manteuffelstraße,November,15,Thursday,minor,5,Turning,Daylight,1,1,0,0,0,0,Dry,13.37008,52.46057,bicycle + car + 
201612,Pankow,3061227,Humannplatz,November,12,Friday,minor,5,Crossing,Daylight,0,1,0,0,0,0,Dry,13.42744,52.5524,car + 
201613,Neukölln,8041037,Alt-Rudow,November,12,Thursday,serious,5,Turning,Daylight,1,1,0,0,0,0,Dry,13.49541,52.43161,bicycle + car + 
201614,Mitte,1044201,Reinickendorfer Straße,November,6,Friday,minor,2,Stationary Traffic,Night,0,1,0,0,0,0,Wet,13.37394,52.55655,car + 
201615,Marzahn-Hellersdorf,10020414,Helle Mitte,November,7,Friday,serious,6,Turning,Night,0,1,1,0,0,0,Wet,13.60404,52.5392,car + pedestrian + 
201616,Tempelhof-Schöneberg,7070701,Kettinger Straße/Schillerstraße,November,12,Thursday,serious,1,Other,Daylight,0,1,0,0,0,0,Dry,13.39955,52.40343,car + 
201617,Charlottenburg-Wilmersdorf,4030929,Hindemithplatz,November,12,Thursday,minor,2,Stationary Traffic,Daylight,0,1,0,0,0,0,Dry,13.31329,52.50236,car + 
201618,Mitte,1022103,Westhafen,November,5,Friday,minor,5,Turning,Night,1,0,0,0,1,0,Wet,13.32824,52.53541,bicycle + truck + 
201619,Neukölln,8010404,Rixdorf,November,5,Friday,minor,6,Turning,Night,0,1,1,0,0,0,Wet,13.45588,52.47389,car + pedestrian + 
201620,Marzahn-Hellersdorf,10010207,Marzahner Promenade,November,11,Thursday,minor,3,Stationary Traffic,Daylight,0,1,0,0,0,1,Dry,13.54924,52.54352,car + other
201621,Mitte,1011304,Karl-Marx-Allee,November,10,Thursday,minor,5,Other,Daylight,1,1,0,0,0,0,Dry,13.41821,52.51744,bicycle + car + 
201622,Treptow-Köpenick,9041301,Kietzer Feld/Nachtheide,November,12,Friday,serious,4,Stationary Traffic,Daylight,0,1,0,0,0,0,Wet,13.60331,52.43441,car + 
201623,Treptow-Köpenick,9041501,Altstadt Kietz,November,11,Friday,minor,2,Stationary Traffic,Daylight,0,1,0,0,0,0,Wet,13.57414,52.44436,car + 
201624,Steglitz-Zehlendorf,6030609,Augustaplatz,November,15,Thursday,minor,2,Stationary Traffic,Daylight,0,1,0,1,0,0,Dry,13.30985,52.43162,car + motorbike + 
201625,Spandau,5020417,Staakener Straße,November,11,Friday,minor,1,Paralle Traffic,Daylight,1,0,0,0,0,1,Wet,13.17148,52.52842,bicycle + other
201626,Mitte,1022201,Stephankiez,November,14,Thursday,minor,5,Turning,Daylight,1,1,0,0,0,0,Dry,13.3566,52.53569,bicycle + car + 
201627,Lichtenberg,11030721,Rüdigerstraße,November,13,Thursday,minor,5,Turning,Daylight,1,1,0,0,0,0,Dry,13.4985,52.51571,bicycle + car + 
201628,Mitte,1011305,Heine-Viertel West,November,11,Friday,minor,3,Paralle Traffic,Daylight,1,1,0,0,0,0,Dry,13.41197,52.50522,bicycle + car + 
201629,Lichtenberg,11010308,Zingster Straße Ost,November,13,Thursday,minor,6,Overtaking,Daylight,0,1,1,0,0,0,Dry,13.50405,52.56729,car + pedestrian + 
201630,Tempelhof-Schöneberg,7030303,Grazer Platz,November,19,Friday,minor,0,Other,Night,0,0,0,0,0,1,Wet,13.34461,52.46374,other
201631,Mitte,1033203,Humboldthain Nordwest,November,22,Thursday,minor,5,Turning,Night,0,1,0,1,0,0,Dry,13.37056,52.53983,car + motorbike + 
201632,Lichtenberg,11030720,Herzbergstraße,November,19,Thursday,minor,3,Stationary Traffic,Night,1,0,0,0,0,1,Dry,13.48594,52.52667,bicycle + other
201633,Neukölln,8010404,Rixdorf,November,14,Thursday,minor,5,Turning,Daylight,1,1,0,0,0,0,Dry,13.45007,52.47669,bicycle + car + 
201634,Spandau,5030833,Motardstraße,November,17,Thursday,minor,2,Stationary Traffic,Night,0,1,0,0,0,0,Wet,13.26548,52.5357,car + 
201635,Reinickendorf,12224230,Heiligensee,November,10,Thursday,minor,5,Crossing,Daylight,0,1,0,0,0,0,Dry,13.24139,52.61796,car + 
201636,Reinickendorf,12304314,Ziekowstraße/Freie Scholle,November,17,Thursday,serious,6,Turning,Night,0,1,1,0,0,0,Wet,13.29147,52.59602,car + pedestrian + 
201637,Charlottenburg-Wilmersdorf,4010102,Plötzensee,November,17,Thursday,serious,5,Turning,Night,0,1,0,1,0,0,Wet,13.30227,52.54789,car + motorbike + 
201638,Marzahn-Hellersdorf,10010308,Marzahner Chaussee,November,17,Thursday,minor,2,Stationary Traffic,Night,0,1,0,0,0,0,Wet,13.51915,52.53548,car + 
201639,Marzahn-Hellersdorf,10010310,Alt-Marzahn,November,17,Thursday,minor,6,Turning,Night,0,1,1,0,0,0,Wet,13.54981,52.54288,car + pedestrian + 
201640,Tempelhof-Schöneberg,7020201,Bayerischer Platz,November,16,Thursday,minor,2,Stationary Traffic,Night,0,1,0,0,0,0,Wet,13.34516,52.48881,car + 
201641,Lichtenberg,11041027,Tierpark,November,19,Thursday,minor,6,Crossing,Night,0,1,1,0,0,0,Dry,13.53043,52.50972,car + pedestrian + 
201642,Neukölln,8010301,Reuterkiez,November,9,Thursday,minor,5,Crossing,Daylight,0,1,0,1,0,0,Dry,13.43818,52.48276,car + motorbike + 
201643,Pankow,3030406,Alt-Karow,November,16,Thursday,minor,1,Paralle Traffic,Night,1,1,0,0,0,1,Wet,13.48223,52.61066,bicycle + car + other
201644,Mitte,1011303,Alexanderplatzviertel,November,17,Thursday,minor,6,Overtaking,Night,0,1,1,0,0,0,Wet,13.41528,52.52685,car + pedestrian + 
201645,Charlottenburg-Wilmersdorf,4030827,Karl-August-Platz,November,16,Thursday,minor,6,Turning,Night,0,1,1,0,0,0,Wet,13.31405,52.50621,car + pedestrian + 
201646,Treptow-Köpenick,9031101,Grünau,November,8,Thursday,minor,5,Crossing,Daylight,0,1,0,1,0,0,Dry,13.57572,52.42384,car + motorbike + 
201647,Tempelhof-Schöneberg,7010101,Wittenbergplatz/Viktoria-Luise-Platz,November,16,Thursday,serious,6,Overtaking,Night,0,1,1,0,0,0,Wet,13.34217,52.50185,car + pedestrian + 
201648,Tempelhof-Schöneberg,7050505,Hundsteinweg,November,9,Thursday,serious,1,Other,Daylight,0,1,0,0,0,1,Dry,13.40328,52.43583,car + other
201649,Mitte,1033202,Humboldthain Süd,November,16,Thursday,minor,5,Turning,Night,1,1,0,0,0,0,Wet,13.39321,52.53751,bicycle + car + 
201650,Mitte,1011203,Unter den Linden Süd,November,16,Thursday,minor,5,Turning,Dawn,0,1,0,0,0,1,Wet,13.38664,52.51192,car + other
201651,Friedrichshain-Kreuzberg,2010103,Moritzplatz,November,6,Thursday,minor,5,Paralle Traffic,Night,1,0,0,0,0,1,Dry,13.41409,52.5039,bicycle + other
201652,Reinickendorf,12103116,Hausotterplatz,November,15,Thursday,minor,6,Overtaking,Dawn,0,1,1,0,0,0,Wet,13.37148,52.56938,car + pedestrian + 
201653,Reinickendorf,12301205,Waidmannslust,November,15,Thursday,minor,6,Overtaking,Daylight,0,1,1,0,0,0,Wet,13.31953,52.60693,car + pedestrian + 
201654,Pankow,3061434,Anton-Saefkow-Park,November,15,Thursday,minor,5,Turning,Dawn,1,0,0,0,0,1,Dry,13.44125,52.53205,bicycle + other
201655,Treptow-Köpenick,9010402,Johannisthal Ost,November,9,Thursday,minor,6,Turning,Daylight,0,1,1,0,0,0,Dry,13.50502,52.43708,car + pedestrian + 
201656,Steglitz-Zehlendorf,6040810,Dahlem,November,15,Thursday,minor,6,Overtaking,Dawn,0,0,1,0,0,1,Wet,13.2833,52.45878,pedestrian + other
201657,Treptow-Köpenick,9051702,Bölschestraße,November,14,Thursday,minor,0,Driving,Daylight,1,0,0,0,0,0,Wet,13.63866,52.44767,bicycle + 
201658,Reinickendorf,12231101,Hermsdorf,November,9,Thursday,minor,5,Crossing,Daylight,1,1,0,0,0,0,Dry,13.32261,52.62465,bicycle + car + 
201659,Steglitz-Zehlendorf,6010206,Stadtpark,November,14,Thursday,serious,0,Other,Daylight,0,1,0,0,0,0,Wet,13.34217,52.44707,car + 
201660,Mitte,1011302,Oranienburger Straße,November,1,Thursday,minor,0,Driving,Night,0,0,0,0,0,1,Dry,13.40656,52.52515,other
201661,Mitte,1022201,Stephankiez,November,12,Thursday,minor,6,Overtaking,Daylight,0,1,1,0,0,0,Wet,13.36383,52.52841,car + pedestrian + 
201662,Steglitz-Zehlendorf,6030609,Augustaplatz,November,12,Thursday,serious,6,Turning,Daylight,0,1,1,0,0,0,Dry,13.3156,52.44319,car + pedestrian + 
201663,Mitte,2030302,Lausitzer Platz,November,0,Thursday,minor,0,Driving,Night,1,0,0,0,0,0,Wet,13.42846,52.50724,bicycle + 
201664,Friedrichshain-Kreuzberg,2010102,Mehringplatz,November,20,Wednesday,minor,6,Overtaking,Night,0,1,1,0,0,0,Dry,13.39244,52.5067,car + pedestrian + 
201665,Mitte,1011303,Alexanderplatzviertel,November,12,Thursday,serious,3,Stationary Traffic,Daylight,1,0,0,0,0,1,Dry,13.40999,52.51803,bicycle + other
201666,Pankow,3020210,Herthaplatz,November,12,Thursday,minor,5,Crossing,Daylight,0,1,0,0,0,1,Dry,13.40691,52.58639,car + other
201667,Treptow-Köpenick,9051901,Dammvorstadt,November,17,Wednesday,minor,0,Paralle Traffic,Night,0,1,1,0,0,1,Wet,13.57957,52.455,car + pedestrian + other
201668,Neukölln,8010115,Hasenheide,November,7,Wednesday,minor,5,Crossing,Dawn,1,0,0,0,0,1,Dry,13.4158,52.4806,bicycle + other
201669,Charlottenburg-Wilmersdorf,4030827,Karl-August-Platz,November,10,Thursday,minor,6,Overtaking,Daylight,0,1,1,0,0,0,Dry,13.30892,52.50601,car + pedestrian + 
201670,Reinickendorf,12302212,Rollbergesiedlung,November,11,Thursday,minor,1,Paralle Traffic,Daylight,0,1,0,0,0,0,Wet,13.32946,52.60726,car + 
201671,Charlottenburg-Wilmersdorf,4030623,Ernst-Reuter-Platz,November,9,Thursday,minor,5,Turning,Daylight,1,1,0,0,0,0,Dry,13.32809,52.50715,bicycle + car + 
201672,Friedrichshain-Kreuzberg,2030302,Lausitzer Platz,November,20,Wednesday,minor,6,Overtaking,Night,0,1,1,0,0,0,Dry,13.43225,52.49925,car + pedestrian + 
201673,Friedrichshain-Kreuzberg,2030301,Oranienplatz,November,9,Thursday,minor,5,Crossing,Daylight,1,1,0,0,0,0,Dry,13.42482,52.5021,bicycle + car + 
201674,Treptow-Köpenick,9020701,Adlershof West,November,19,Wednesday,minor,5,Crossing,Night,1,1,0,0,0,0,Dry,13.52233,52.42854,bicycle + car + 
201675,Steglitz-Zehlendorf,6010207,Mittelstraße,November,8,Thursday,minor,2,Turning,Daylight,1,1,0,0,0,0,Dry,13.32837,52.45432,bicycle + car + 
201676,Friedrichshain-Kreuzberg,2010102,Mehringplatz,November,22,Thursday,minor,5,Crossing,Night,1,1,0,0,0,0,Wet,13.39499,52.50317,bicycle + car + 
201677,Charlottenburg-Wilmersdorf,4051656,Hildegardstraße,November,18,Wednesday,minor,5,Turning,Night,1,1,0,0,0,0,Dry,13.32548,52.48177,bicycle + car + 
201678,Marzahn-Hellersdorf,10040931,Mahlsdorf Nord,November,20,Thursday,minor,5,Turning,Night,0,1,0,0,0,0,Wet,13.62607,52.52933,car + 
201679,Friedrichshain-Kreuzberg,2050804,Stralauer Halbinsel,November,18,Thursday,minor,2,Stationary Traffic,Night,0,1,0,0,0,0,Wet,13.46817,52.49913,car + 
201680,Mitte,1033201,Brunnenstraße,November,20,Thursday,minor,6,Turning,Night,0,1,1,0,0,0,Wet,13.39118,52.54472,car + pedestrian + 
201681,Friedrichshain-Kreuzberg,2010103,Moritzplatz,November,18,Wednesday,minor,5,Turning,Night,1,1,0,0,0,0,Dry,13.40794,52.50438,bicycle + car + 
201682,Reinickendorf,12103115,Breitkopfbecken,November,18,Wednesday,serious,6,Overtaking,Night,0,1,1,0,0,0,Dry,13.37007,52.57466,car + pedestrian + 
201683,Mitte,1044203,Leopoldplatz,November,19,Thursday,serious,1,Driving,Night,0,1,0,0,1,0,Wet,13.3636,52.55668,car + truck + 
201684,Reinickendorf,12231102,Frohnau,November,19,Thursday,serious,1,Paralle Traffic,Night,1,1,0,0,0,0,Wet,13.28693,52.63898,bicycle + car + 
201685,Friedrichshain-Kreuzberg,2030401,Reichenberger Straße,November,14,Wednesday,minor,5,Crossing,Daylight,0,1,0,0,0,0,Dry,13.42454,52.4972,car + 
201686,Charlottenburg-Wilmersdorf,4020310,Park Ruhwald,December,22,Wednesday,minor,4,Driving,Night,0,1,0,0,1,0,Dry,13.28305,52.51865,car + truck + 
201687,Friedrichshain-Kreuzberg,2030301,Oranienplatz,December,22,Wednesday,minor,5,Turning,Night,0,1,0,1,0,0,Dry,13.42298,52.50027,car + motorbike + 
201688,Neukölln,8041035,Blumenviertel,December,21,Wednesday,minor,1,Driving,Night,0,1,0,0,0,0,Dry,13.46977,52.43476,car + 
201689,Friedrichshain-Kreuzberg,2050801,Traveplatz,December,12,Wednesday,serious,1,Driving,Daylight,1,1,0,0,0,0,Wet,13.46962,52.51244,bicycle + car + 
201690,Mitte,1022104,Emdener Straße,December,11,Wednesday,minor,2,Stationary Traffic,Daylight,0,1,0,0,0,0,Dry,13.34314,52.52664,car + 
201691,Neukölln,8010405,Hertzbergplatz,December,9,Wednesday,minor,1,Paralle Traffic,Daylight,1,1,0,0,0,1,Dry,13.45149,52.48066,bicycle + car + other
201692,Charlottenburg-Wilmersdorf,4051448,Schaperstraße,December,9,Wednesday,minor,2,Turning,Daylight,1,1,0,0,0,0,Wet,13.33561,52.49939,bicycle + car + 
201693,Lichtenberg,10010203,Gewerbegebiet Bitterfelder Straße,December,9,Wednesday,minor,5,Turning,Daylight,1,1,0,0,0,0,Dry,13.52826,52.55689,bicycle + car + 
201694,Charlottenburg-Wilmersdorf,4041240,Messelpark,December,9,Wednesday,minor,5,Crossing,Daylight,1,1,0,0,0,0,Wet,13.28468,52.47402,bicycle + car + 
201695,Friedrichshain-Kreuzberg,2040703,Wriezener Bahnhof/Entwicklungsgebiet,December,9,Wednesday,serious,6,Overtaking,Daylight,0,1,1,0,0,0,Dry,13.43509,52.50841,car + pedestrian + 
201696,Mitte,1011203,Unter den Linden Süd,December,9,Wednesday,minor,1,Paralle Traffic,Daylight,1,1,0,0,0,1,Dry,13.39705,52.51387,bicycle + car + other
201697,Treptow-Köpenick,9020502,Oberschöneweide Ost,December,8,Wednesday,minor,5,Crossing,Daylight,0,1,0,0,0,0,Wet,13.51788,52.46609,car + 
201698,Spandau,5010311,Eiswerder,December,8,Wednesday,minor,3,Stationary Traffic,Daylight,0,1,0,1,0,0,Wet,13.21014,52.549,car + motorbike + 
201699,Pankow,3040614,Pankow Zentrum,December,5,Wednesday,minor,0,Crossing,Night,0,0,0,1,0,0,Wet,13.39733,52.5671,motorbike + 
201700,Steglitz-Zehlendorf,6040805,Fischerhüttenstraße,December,16,Wednesday,minor,0,Turning,Night,0,1,1,0,0,0,Dry,13.25508,52.44061,car + pedestrian + 
201701,Mitte,1044102,Schillerpark,December,16,Wednesday,minor,1,Paralle Traffic,Night,1,1,0,0,0,1,Wet,13.34725,52.55658,bicycle + car + other
201702,Steglitz-Zehlendorf,6030609,Augustaplatz,December,14,Wednesday,minor,5,Turning,Daylight,0,1,0,0,0,0,Dry,13.31533,52.44955,car + 
201703,Treptow-Köpenick,9010302,Späthsfelde,December,14,Wednesday,minor,5,Crossing,Daylight,1,1,0,0,0,0,Dry,13.48833,52.45128,bicycle + car + 
201704,Marzahn-Hellersdorf,10010309,Springpfuhl,December,15,Tuesday,minor,4,Stationary Traffic,Dawn,1,1,0,0,0,0,Wet,13.54482,52.52222,bicycle + car + 
201705,Spandau,5010314,Carl-Schurz-Straße,December,11,Tuesday,serious,6,Overtaking,Daylight,0,1,1,0,0,0,Wet,13.19886,52.53489,car + pedestrian + 
201706,Steglitz-Zehlendorf,6030503,Zehlendorf Mitte,December,9,Tuesday,minor,0,Turning,Daylight,1,1,0,0,0,0,Wet,13.25987,52.42918,bicycle + car + 
201707,Lichtenberg,11020411,Malchower Weg,December,9,Tuesday,serious,6,Overtaking,Daylight,0,1,1,0,0,0,Wet,13.50953,52.55111,car + pedestrian + 
201708,Friedrichshain-Kreuzberg,2040503,Richard-Sorge-Viertel,December,10,Tuesday,minor,2,Stationary Traffic,Daylight,0,1,0,0,0,1,Wet,13.44383,52.52532,car + other
201709,Charlottenburg-Wilmersdorf,4020311,Reichsstraße,December,9,Tuesday,minor,5,Crossing,Daylight,0,1,0,0,0,0,Wet,13.26452,52.50897,car + 
201710,Tempelhof-Schöneberg,7040403,Manteuffelstraße,December,9,Tuesday,serious,5,Crossing,Daylight,0,1,0,0,0,0,Frozen,13.38255,52.45834,car + 
201711,Neukölln,8010303,Donaustraße,December,8,Tuesday,minor,3,Stationary Traffic,Daylight,1,1,0,0,0,0,Dry,13.43692,52.48112,bicycle + car + 
201712,Neukölln,8020621,Mohriner Allee Nord,December,8,Tuesday,minor,2,Stationary Traffic,Daylight,0,1,0,0,0,0,Dry,13.41845,52.45197,car + 