id,district,lor,street,month,hour,weekday,injury,collision,movement,light_conditions,bicycle,car,pedestrian,motorbike,truck,other_vehicle,road_conditions,longitude,latitude,Combo_type
201713,Lichtenberg,11030824,Frankfurter Allee Süd,December,7,Tuesday,minor,0,Driving,Daylight,1,0,0,0,0,0,Frozen,13.47622,52.51257,bicycle + 
201714,Steglitz-Zehlendorf,6030503,Zehlendorf Mitte,December,8,Tuesday,minor,6,Turning,Daylight,0,1,1,0,0,0,Dry,13.27619,52.43343,car + pedestrian + 
201715,Friedrichshain-Kreuzberg,2020203,Viktoriapark,December,7,Tuesday,minor,0,Turning,Daylight,1,0,0,0,0,1,Frozen,13.38345,52.49346,bicycle + other
201716,Treptow-Köpenick,9020701,Adlershof West,December,7,Tuesday,minor,5,Turning,Dawn,0,1,0,1,0,0,Wet,13.55173,52.42849,car + motorbike + 
201717,Spandau,5030730,Zitadellenweg,December,5,Tuesday,minor,1,Paralle Traffic,Night,0,1,0,0,0,0,Frozen,13.22546,52.55213,car + 
201718,Reinickendorf,12304314,Ziekowstraße/Freie Scholle,December,5,Tuesday,minor,5,Turning,Night,0,1,0,0,0,0,Frozen,13.29208,52.59057,car + 
201719,Mitte,1011401,Invalidenstraße,December,21,Tuesday,minor,6,Turning,Night,0,1,1,0,0,0,Wet,13.39874,52.53258,car + pedestrian + 
201720,Reinickendorf,12304313,Borsigwalde,December,20,Tuesday,minor,5,Turning,Night,0,1,0,0,0,0,Dry,13.30293,52.58073,car + 
201721,Pankow,3050925,Komponistenviertel Weißensee,December,20,Tuesday,minor,0,Driving,Night,0,0,0,1,0,0,Frozen,13.46574,52.552,motorbike + 
201722,Treptow-Köpenick,9010402,Johannisthal Ost,December,20,Tuesday,minor,5,Turning,Night,1,1,0,0,0,0,Wet,13.51428,52.44638,bicycle + car + 
201723,Treptow-Köpenick,9041501,Altstadt Kietz,December,17,Tuesday,minor,1,Driving,Night,0,1,0,1,0,0,Wet,13.58201,52.44227,car + motorbike + 
201724,Pankow,3061429,Greifswalder Straße,December,17,Tuesday,minor,5,Turning,Night,1,1,0,0,0,0,Wet,13.44161,52.54329,bicycle + car + 
201725,Pankow,3051017,Rennbahnstraße,December,17,Tuesday,minor,2,Stationary Traffic,Night,0,1,0,0,0,0,Wet,13.45957,52.56294,car + 
201726,Marzahn-Hellersdorf,10040931,Mahlsdorf Nord,December,18,Tuesday,minor,2,Turning,Night,0,1,0,0,0,0,Wet,13.61953,52.52243,car + 
201727,Mitte,1011302,Oranienburger Straße,December,18,Tuesday,minor,1,Paralle Traffic,Night,1,1,0,0,0,0,Wet,13.39916,52.52479,bicycle + car + 
201728,Mitte,1011304,Karl-Marx-Allee,December,16,Tuesday,minor,2,Turning,Night,0,1,0,0,0,0,Wet,13.41649,52.51965,car + 
201729,Lichtenberg,11051331,Karlshorst Nord,December,7,Tuesday,minor,0,Stationary Traffic,Dawn,1,1,0,0,0,0,Frozen,13.53074,52.49263,bicycle + car + 
201730,Tempelhof-Schöneberg,7040404,Marienhöhe,December,17,Tuesday,minor,6,Turning,Night,0,1,1,0,0,0,Wet,13.35933,52.45658,car + pedestrian + 
201731,Reinickendorf,12103117,Letteplatz,December,17,Tuesday,minor,1,Paralle Traffic,Night,0,1,0,1,0,0,Wet,13.3683,52.56398,car + motorbike + 
201732,Pankow,3050925,Komponistenviertel Weißensee,December,16,Tuesday,serious,6,Overtaking,Night,0,1,1,0,0,0,Wet,13.45834,52.54999,car + pedestrian + 
201733,Pankow,3061228,Erich-Weinert-Straße,December,17,Tuesday,minor,2,Stationary Traffic,Night,0,1,0,0,0,0,Wet,13.43607,52.54221,car + 
201734,Pankow,3061227,Humannplatz,December,16,Tuesday,minor,5,Crossing,Night,0,1,0,0,0,0,Wet,13.42703,52.55221,car + 
201735,Mitte,1022101,Huttenkiez,December,16,Tuesday,minor,5,Turning,Night,0,1,0,0,0,0,Wet,13.31595,52.5258,car + 
201736,Pankow,3061126,Arnimplatz,December,15,Tuesday,minor,5,Crossing,Daylight,1,1,0,0,0,0,Wet,13.41475,52.55387,bicycle + car + 
201737,Tempelhof-Schöneberg,7060603,Marienfelde Nordost,December,15,Tuesday,serious,1,Paralle Traffic,Daylight,0,1,0,0,0,0,Wet,13.37815,52.42475,car + 
201738,Mitte,1011203,Unter den Linden Süd,December,15,Tuesday,minor,5,Crossing,Daylight,1,1,0,0,0,0,Wet,13.39682,52.51433,bicycle + car + 
201739,Charlottenburg-Wilmersdorf,4051445,Eisenzahnstraße,December,15,Tuesday,minor,2,Stationary Traffic,Daylight,0,1,0,0,0,0,Dry,13.30914,52.49163,car + 
201740,Charlottenburg-Wilmersdorf,4031032,Halensee,December,14,Tuesday,minor,5,Turning,Daylight,1,1,0,0,0,0,Dry,13.29599,52.49591,bicycle + car + 
201741,Lichtenberg,11020515,Landsberger Allee,December,7,Tuesday,minor,6,Turning,Night,0,1,1,0,0,0,Wet,13.49285,52.53925,car + pedestrian + 
201742,Friedrichshain-Kreuzberg,2020204,Urbanstraße,December,13,Tuesday,minor,1,Paralle Traffic,Daylight,1,1,0,0,0,0,Wet,13.38896,52.49414,bicycle + car + 
201743,Treptow-Köpenick,9051901,Dammvorstadt,December,12,Tuesday,minor,6,Stationary Traffic,Daylight,0,1,1,0,0,0,Wet,13.57455,52.45303,car + pedestrian + 
201744,Treptow-Köpenick,9051901,Dammvorstadt,December,11,Tuesday,serious,5,Turning,Daylight,1,1,0,0,0,0,Dry,13.56262,52.45637,bicycle + car + 
201745,Friedrichshain-Kreuzberg,2020203,Viktoriapark,December,20,Monday,serious,5,Turning,Night,0,1,0,0,0,0,Wet,13.37665,52.48503,car + 
201746,Mitte,1022206,Lüneburger Straße,December,21,Monday,serious,3,Stationary Traffic,Night,1,0,0,0,0,0,Wet,13.36794,52.52614,bicycle + 
201747,Reinickendorf,12231101,Hermsdorf,December,16,Monday,minor,1,Paralle Traffic,Night,1,0,0,0,0,1,Dry,13.29139,52.60521,bicycle + other
201748,Charlottenburg-Wilmersdorf,4031032,Halensee,December,17,Monday,minor,6,Turning,Night,0,1,1,0,0,0,Wet,13.29607,52.49804,car + pedestrian + 
201749,Charlottenburg-Wilmersdorf,4010101,Jungfernheide,December,17,Monday,minor,2,Stationary Traffic,Night,0,1,0,0,0,0,Wet,13.29652,52.54833,car + 
201750,Tempelhof-Schöneberg,7040402,Lindenhofsiedlung,December,17,Monday,minor,6,Turning,Night,0,1,1,0,0,0,Wet,13.3703,52.46717,car + pedestrian + 
201751,Friedrichshain-Kreuzberg,2040502,Friedenstraße,December,17,Monday,minor,5,Crossing,Night,0,1,0,0,0,1,Wet,13.44068,52.51727,car + other
201752,Tempelhof-Schöneberg,7060604,Marienfelde Süd,December,17,Monday,serious,6,Overtaking,Night,0,1,1,0,0,0,Wet,13.35011,52.4143,car + pedestrian + 
201753,Mitte,1011301,Charitéviertel,December,16,Monday,minor,2,Stationary Traffic,Night,1,1,0,0,0,0,Wet,13.38032,52.53277,bicycle + car + 
201754,Neukölln,8010509,Schulenburgpark,December,16,Monday,minor,1,Paralle Traffic,Night,1,1,0,0,0,0,Wet,13.46744,52.46837,bicycle + car + 
201755,Reinickendorf,12214423,Mellerbogen,December,16,Monday,minor,5,Crossing,Night,0,1,0,0,0,0,Wet,13.31791,52.57081,car + 
201756,Friedrichshain-Kreuzberg,2040502,Friedenstraße,December,16,Monday,minor,5,Turning,Night,0,1,0,0,0,1,Wet,13.42993,52.52316,car + other
201757,Steglitz-Zehlendorf,6020409,Königsberger Straße,December,16,Monday,minor,5,Turning,Night,1,1,0,0,0,0,Wet,13.31229,52.43033,bicycle + car + 
201758,Charlottenburg-Wilmersdorf,4030519,Kaiserin-Augusta-Allee,December,16,Monday,minor,2,Stationary Traffic,Night,0,1,0,0,0,0,Wet,13.3105,52.52575,car + 
201759,Friedrichshain-Kreuzberg,2050802,Boxhagener Platz,December,15,Monday,minor,0,Other,Dawn,1,0,0,0,0,0,Wet,13.45705,52.5097,bicycle + 
201760,Friedrichshain-Kreuzberg,2010102,Mehringplatz,December,16,Monday,serious,6,Overtaking,Night,0,1,1,0,0,0,Wet,13.39596,52.49842,car + pedestrian + 
201761,Friedrichshain-Kreuzberg,2050602,Samariterviertel,December,22,Monday,minor,8,Driving,Night,0,1,0,0,0,0,Dry,13.46261,52.51984,car + 
201762,Neukölln,8010301,Reuterkiez,December,14,Monday,minor,5,Crossing,Daylight,1,1,0,0,0,0,Wet,13.43526,52.49118,bicycle + car + 
201763,Steglitz-Zehlendorf,6020303,Lankwitz Kirche,December,14,Monday,minor,2,Stationary Traffic,Daylight,0,1,0,0,1,0,Dry,13.3481,52.43767,car + truck + 
201764,Friedrichshain-Kreuzberg,2010104,Wassertorplatz,December,21,Monday,serious,3,Stationary Traffic,Night,1,1,0,0,0,0,Wet,13.41945,52.49675,bicycle + car + 
201765,Pankow,3061430,Volkspark Prenzlauer Berg,December,19,Monday,minor,5,Other,Night,0,1,0,0,0,1,Wet,13.46086,52.52963,car + other
201766,Tempelhof-Schöneberg,7040405,Rathaus Tempelhof,December,13,Monday,minor,2,Stationary Traffic,Daylight,0,1,0,0,1,0,Dry,13.40826,52.46393,car + truck + 
201767,Steglitz-Zehlendorf,6040810,Dahlem,December,19,Monday,minor,6,Turning,Night,0,1,1,0,0,0,Wet,13.30871,52.46737,car + pedestrian + 
201768,Mitte,1033102,Gesundbrunnen,December,13,Monday,minor,2,Stationary Traffic,Daylight,0,1,0,0,1,0,Wet,13.38675,52.55553,car + truck + 
201769,Reinickendorf,12301203,Wittenau Süd,December,12,Monday,minor,0,Paralle Traffic,Daylight,0,1,0,0,0,1,Wet,13.31571,52.57794,car + other
201770,Pankow,3061228,Erich-Weinert-Straße,December,18,Monday,serious,6,Turning,Night,0,1,1,0,0,0,Wet,13.43943,52.54776,car + pedestrian + 
201771,Pankow,3040512,Wilhelmsruh,December,16,Monday,minor,6,Overtaking,Night,0,1,1,0,0,0,Wet,13.37144,52.59134,car + pedestrian + 
201772,Treptow-Köpenick,9010202,Köpenicker Landstraße,December,11,Monday,minor,5,Turning,Daylight,0,1,0,0,0,0,Dry,13.47875,52.47759,car + 
201773,Tempelhof-Schöneberg,7060604,Marienfelde Süd,December,17,Monday,minor,1,Paralle Traffic,Night,0,1,0,0,0,0,Wet,13.35333,52.41371,car + 
201774,Steglitz-Zehlendorf,6020411,Schütte-Lanz-Straße,December,11,Monday,minor,0,Crossing,Daylight,0,0,0,0,0,1,Dry,13.32573,52.41486,other
201775,Charlottenburg-Wilmersdorf,4030621,Spreestadt,December,9,Monday,minor,5,Turning,Daylight,0,1,0,1,0,0,Wet,13.32767,52.52078,car + motorbike + 
201776,Charlottenburg-Wilmersdorf,4031032,Halensee,December,5,Monday,minor,5,Other,Night,0,1,0,0,1,0,Dry,13.29426,52.49771,car + truck + 
201777,Pankow,3010101,Bucher Forst,December,5,Monday,minor,5,Crossing,Night,1,1,0,0,0,0,Dry,13.49135,52.63774,bicycle + car + 
201778,Neukölln,8010508,Weiße Siedlung,December,4,Monday,minor,4,Stationary Traffic,Night,0,1,0,0,0,0,Wet,13.46985,52.47293,car + 
201779,Friedrichshain-Kreuzberg,2050802,Boxhagener Platz,December,2,Monday,minor,6,Overtaking,Night,0,1,1,0,0,0,Dry,13.45682,52.51176,car + pedestrian + 
201780,Pankow,3040614,Pankow Zentrum,December,17,Monday,minor,5,Other,Night,1,1,0,0,0,0,Wet,13.39396,52.56484,bicycle + car + 
201781,Lichtenberg,11051332,Karlshorst Süd,December,7,Monday,minor,5,Turning,Daylight,1,1,0,0,0,0,Dry,13.52449,52.47864,bicycle + car + 
201782,Tempelhof-Schöneberg,7040403,Manteuffelstraße,December,22,Sunday,minor,5,Crossing,Night,0,1,0,0,0,0,Dry,13.38572,52.4661,car + 
201783,Mitte,1044101,Rehberge,December,21,Sunday,minor,1,Stationary Traffic,Night,0,1,0,0,0,1,Dry,13.34172,52.54486,car + other
201784,Pankow,3061126,Arnimplatz,December,19,Sunday,serious,6,Overtaking,Night,0,0,1,0,0,1,Dry,13.41283,52.5537,pedestrian + other
201785,Spandau,5020626,Adamstraße,December,18,Sunday,minor,5,Turning,Night,0,1,0,1,0,0,Dry,13.19594,52.5273,car + motorbike + 
201786,Lichtenberg,11030721,Rüdigerstraße,December,14,Sunday,minor,0,Overtaking,Daylight,1,0,1,0,0,0,Dry,13.4796,52.51625,bicycle + pedestrian + 
201787,Neukölln,8010213,Körnerpark,December,13,Sunday,minor,5,Crossing,Daylight,0,1,0,0,0,0,Dry,13.43628,52.47272,car + 
201788,Pankow,3051017,Rennbahnstraße,December,10,Sunday,minor,2,Stationary Traffic,Daylight,0,1,0,0,0,0,Dry,13.45736,52.56117,car + 
201789,Neukölln,8040933,Vogelviertel Süd,December,4,Sunday,serious,5,Crossing,Night,0,1,0,0,0,0,Dry,13.46231,52.43253,car + 
201790,Friedrichshain-Kreuzberg,2040502,Friedenstraße,December,1,Sunday,serious,6,Other,Night,0,1,1,0,0,0,Dry,13.43332,52.52317,car + pedestrian + 
201791,Mitte,1011303,Alexanderplatzviertel,December,1,Sunday,minor,5,Crossing,Night,0,1,0,0,0,1,Dry,13.41541,52.52274,car + other
201792,Friedrichshain-Kreuzberg,2020204,Urbanstraße,November,15,Saturday,minor,0,Stationary Traffic,Daylight,0,1,0,1,0,0,Dry,13.40035,52.49434,car + motorbike + 
201793,Mitte,1022206,Lüneburger Straße,November,12,Saturday,minor,5,Crossing,Daylight,1,1,0,0,0,0,Dry,13.36267,52.5227,bicycle + car + 
201794,Reinickendorf,12304314,Ziekowstraße/Freie Scholle,November,0,Saturday,minor,2,Stationary Traffic,Night,0,1,0,0,0,0,Dry,13.28376,52.59704,car + 
201795,Spandau,5010314,Carl-Schurz-Straße,November,9,Saturday,minor,6,Turning,Daylight,0,1,1,0,0,0,Dry,13.20058,52.53857,car + pedestrian + 
201796,Mitte,1011303,Alexanderplatzviertel,November,3,Saturday,minor,2,Stationary Traffic,Night,0,1,0,0,0,0,Dry,13.41034,52.5287,car + 
201797,Mitte,1011301,Charitéviertel,November,23,Saturday,minor,1,Paralle Traffic,Night,1,0,0,0,0,1,Dry,13.3835,52.53021,bicycle + other
201798,Friedrichshain-Kreuzberg,2050602,Samariterviertel,November,19,Saturday,minor,5,Crossing,Night,0,1,0,1,0,0,Dry,13.46564,52.52007,car + motorbike + 
201799,Pankow,3020307,Buchholz,November,18,Saturday,minor,5,Turning,Night,1,1,0,0,0,0,Dry,13.4367,52.59252,bicycle + car + 
201800,Neukölln,8010211,Flughafenstraße,November,18,Saturday,minor,5,Turning,Night,0,1,0,0,0,0,Dry,13.43134,52.48157,car + 
201801,Spandau,5030731,Gartenfelder Straße,November,16,Saturday,minor,5,Turning,Dawn,0,1,0,0,0,0,Dry,13.24775,52.53811,car + 
201802,Reinickendorf,12214527,Alt-Tegel,November,16,Saturday,minor,2,Stationary Traffic,Dawn,0,1,0,0,0,0,Dry,13.28459,52.59467,car + 
201803,Pankow,3061228,Erich-Weinert-Straße,November,18,Saturday,minor,2,Stationary Traffic,Night,0,1,0,0,0,0,Dry,13.43015,52.55136,car + 
201804,Spandau,5010314,Carl-Schurz-Straße,November,14,Saturday,serious,6,Overtaking,Daylight,0,1,1,0,0,0,Dry,13.19976,52.53475,car + pedestrian + 
201805,Lichtenberg,11030617,Hohenschönhausener Straße,November,12,Saturday,serious,5,Turning,Daylight,0,1,0,0,0,1,Dry,13.47121,52.53543,car + other
201806,Tempelhof-Schöneberg,7050501,Rathausstraße,November,14,Saturday,minor,2,Stationary Traffic,Daylight,0,1,0,0,0,0,Dry,13.37585,52.44327,car + 
201807,Friedrichshain-Kreuzberg,2030302,Lausitzer Platz,November,7,Saturday,minor,0,Other,Daylight,1,0,0,0,0,0,Dry,13.42572,52.4991,bicycle + 
201808,Friedrichshain-Kreuzberg,2050803,Stralauer Kiez,November,4,Saturday,minor,0,Driving,Night,0,0,0,0,0,1,Dry,13.46832,52.50254,other
201809,Friedrichshain-Kreuzberg,2050803,Stralauer Kiez,November,19,Saturday,minor,6,Turning,Night,0,1,1,0,0,0,Wet,13.45907,52.5012,car + pedestrian + 
201810,Friedrichshain-Kreuzberg,2010104,Wassertorplatz,November,17,Friday,minor,5,Turning,Night,0,1,0,0,0,0,Dry,13.39945,52.49829,car + 
201811,Neukölln,8030829,Gropiusstadt Nord,November,19,Friday,minor,5,Other,Night,0,1,0,0,0,0,Wet,13.46018,52.4319,car + 
201812,Spandau,5010314,Carl-Schurz-Straße,November,18,Friday,minor,5,Turning,Night,1,1,0,0,0,0,Dry,13.20067,52.53871,bicycle + car + 
201813,Spandau,5010314,Carl-Schurz-Straße,November,18,Friday,minor,6,Overtaking,Night,0,1,1,0,0,0,Dry,13.19798,52.53919,car + pedestrian + 
201814,Neukölln,8010118,Silbersteinstraße,November,18,Friday,minor,0,Stationary Traffic,Night,0,0,0,1,0,1,Dry,13.43096,52.4681,motorbike + other
201815,Friedrichshain-Kreuzberg,2010104,Wassertorplatz,November,17,Friday,minor,3,Turning,Dawn,1,1,0,0,0,0,Dry,13.41215,52.49852,bicycle + car + 
201816,Friedrichshain-Kreuzberg,2020206,Graefekiez,November,16,Friday,minor,5,Turning,Night,1,1,0,0,0,0,Dry,13.40572,52.48909,bicycle + car + 
201817,Mitte,1033102,Gesundbrunnen,November,15,Friday,minor,1,Paralle Traffic,Daylight,0,1,0,0,1,0,Dry,13.38401,52.55111,car + truck + 
201818,Neukölln,8010302,Bouchéstraße,November,14,Friday,minor,5,Crossing,Daylight,0,1,0,0,0,0,Wet,13.44219,52.48858,car + 
201819,Treptow-Köpenick,9031202,Schmöckwitz/Rauchfangswerder,November,12,Friday,minor,0,Stationary Traffic,Daylight,0,1,0,1,0,0,Wet,13.68383,52.3705,car + motorbike + 
201820,Steglitz-Zehlendorf,6030503,Zehlendorf Mitte,November,12,Friday,minor,5,Other,Daylight,0,1,0,0,0,1,Dry,13.25934,52.4328,car + other
201821,Mitte,1033202,Humboldthain Süd,November,12,Friday,minor,5,Turning,Daylight,0,1,0,0,0,0,Dry,13.39119,52.53615,car + 
201822,Steglitz-Zehlendorf,6010210,Bismarckstraße,November,11,Friday,minor,6,Overtaking,Daylight,0,1,1,0,0,0,Dry,13.34493,52.46137,car + pedestrian + 
201823,Reinickendorf,12304314,Ziekowstraße/Freie Scholle,November,11,Friday,minor,5,Turning,Daylight,0,1,0,0,0,0,Dry,13.292,52.59059,car + 
201824,Tempelhof-Schöneberg,7060601,Marienfelder Allee Nordwest,November,11,Friday,serious,1,Paralle Traffic,Daylight,0,1,0,0,0,0,Dry,13.3596,52.41913,car + 
201825,Friedrichshain-Kreuzberg,2010102,Mehringplatz,November,9,Friday,minor,6,Overtaking,Daylight,0,0,1,0,0,1,Dry,13.39254,52.50684,pedestrian + other
201826,Spandau,5030731,Gartenfelder Straße,November,9,Friday,minor,2,Stationary Traffic,Daylight,0,1,0,0,1,0,Dry,13.24772,52.54753,car + truck + 
201827,Tempelhof-Schöneberg,7030302,Ceciliengärten,November,9,Friday,minor,5,Crossing,Daylight,1,1,0,0,0,0,Dry,13.33642,52.46765,bicycle + car + 
201828,Friedrichshain-Kreuzberg,2010102,Mehringplatz,November,16,Friday,serious,0,Other,Night,1,0,0,0,0,0,Dry,13.39508,52.49972,bicycle + 
201829,Mitte,1033101,Soldiner Straße,November,9,Friday,minor,2,Stationary Traffic,Daylight,0,1,0,0,0,0,Dry,13.36946,52.55953,car + 
201830,Tempelhof-Schöneberg,7010102,Nollendorfplatz,November,9,Friday,minor,6,Overtaking,Daylight,1,0,1,0,0,0,Wet,13.35946,52.49818,bicycle + pedestrian + 
201831,Friedrichshain-Kreuzberg,2040502,Friedenstraße,November,8,Friday,minor,5,Turning,Daylight,1,0,0,0,0,1,Dry,13.44098,52.52449,bicycle + other
201832,Friedrichshain-Kreuzberg,2020205,Chamissokiez,November,8,Friday,minor,6,Overtaking,Daylight,1,0,1,0,0,0,Wet,13.39718,52.48889,bicycle + pedestrian + 
201833,Marzahn-Hellersdorf,10010102,Havemannstraße,November,7,Friday,minor,6,Overtaking,Night,0,1,1,0,0,0,Wet,13.57474,52.56804,car + pedestrian + 
201834,Spandau,5030730,Zitadellenweg,November,19,Thursday,minor,2,Stationary Traffic,Night,0,1,0,0,0,0,Wet,13.22697,52.53763,car + 
201835,Treptow-Köpenick,9052001,Köpenick Nord,November,19,Thursday,serious,1,Paralle Traffic,Night,0,1,0,0,0,1,Wet,13.58823,52.46947,car + other
201836,Charlottenburg-Wilmersdorf,4030929,Hindemithplatz,November,19,Thursday,minor,2,Stationary Traffic,Night,0,1,0,0,0,0,Wet,13.31328,52.50227,car + 
201837,Charlottenburg-Wilmersdorf,4030620,Alt-Lietzow,November,18,Thursday,minor,3,Stationary Traffic,Night,0,1,0,1,0,0,Wet,13.30087,52.51933,car + motorbike + 
201838,Neukölln,8010301,Reuterkiez,November,18,Thursday,minor,2,Crossing,Night,0,1,0,0,0,0,Wet,13.43604,52.48381,car + 
201839,Mitte,1044202,Sparrplatz,November,18,Thursday,serious,6,Turning,Night,0,1,1,0,0,0,Wet,13.36013,52.5443,car + pedestrian + 
201840,Pankow,3061126,Arnimplatz,November,19,Thursday,serious,6,Turning,Night,0,0,1,0,0,1,Dry,13.40258,52.55464,pedestrian + other
201841,Tempelhof-Schöneberg,7050502,Fritz-Werner-Straße,November,18,Thursday,minor,5,Turning,Night,0,1,0,0,0,0,Wet,13.39002,52.43435,car + 
201842,Lichtenberg,11040925,Victoriastadt,November,17,Thursday,minor,0,Stationary Traffic,Night,0,1,0,1,0,0,Wet,13.47546,52.50217,car + motorbike + 
201843,Mitte,1044202,Sparrplatz,November,17,Thursday,minor,2,Stationary Traffic,Night,0,1,0,0,0,0,Wet,13.35172,52.54295,car + 
201844,Lichtenberg,11020513,Orankesee,November,17,Thursday,minor,5,Turning,Night,0,1,0,0,0,0,Wet,13.46774,52.54644,car + 
201845,Steglitz-Zehlendorf,6030608,Schweizer Viertel,November,17,Thursday,minor,6,Turning,Night,0,1,1,0,0,0,Wet,13.30307,52.42676,car + pedestrian + 
201846,Lichtenberg,11030720,Herzbergstraße,November,17,Thursday,serious,6,Overtaking,Night,1,0,1,0,0,0,Wet,13.51011,52.535,bicycle + pedestrian + 
201847,Reinickendorf,12231101,Hermsdorf,November,17,Thursday,minor,1,Paralle Traffic,Night,0,1,0,0,0,0,Dry,13.30805,52.61224,car + 
201848,Mitte,1011401,Invalidenstraße,November,17,Thursday,minor,5,Crossing,Night,1,1,0,0,0,0,Wet,13.39482,52.53075,bicycle + car + 
201849,Spandau,5010314,Carl-Schurz-Straße,November,17,Thursday,minor,6,Overtaking,Night,0,1,1,0,0,0,Wet,13.1953,52.53555,car + pedestrian + 
201850,Marzahn-Hellersdorf,10040933,Mahlsdorf Süd,November,16,Thursday,minor,5,Crossing,Night,1,1,0,0,0,0,Wet,13.60014,52.47472,bicycle + car + 
201851,Marzahn-Hellersdorf,10020622,Kaulsdorf Nord I,November,16,Thursday,minor,6,Other,Night,0,0,1,0,0,1,Dry,13.58694,52.51714,pedestrian + other
201852,Treptow-Köpenick,9041501,Altstadt Kietz,November,16,Thursday,minor,6,Overtaking,Night,0,1,1,0,0,0,Wet,13.58312,52.44328,car + pedestrian + 
201853,Mitte,1011303,Alexanderplatzviertel,November,15,Thursday,minor,5,Turning,Daylight,1,1,0,0,0,0,Dry,13.40977,52.52402,bicycle + car + 
201854,Marzahn-Hellersdorf,10010204,Wuhletalstraße,November,14,Thursday,minor,6,Overtaking,Daylight,0,1,1,0,0,0,Dry,13.57424,52.56044,car + pedestrian + 
201855,Charlottenburg-Wilmersdorf,4051549,Rathaus Wilmersdorf,November,21,Thursday,minor,5,Turning,Night,1,1,0,0,0,0,Wet,13.32051,52.48638,bicycle + car + 
201856,Treptow-Köpenick,9020701,Adlershof West,November,12,Thursday,minor,1,Paralle Traffic,Daylight,0,1,0,0,0,0,Dry,13.52295,52.43477,car + 
201857,Reinickendorf,12103218,Teichstraße,November,13,Thursday,minor,2,Stationary Traffic,Daylight,0,1,0,0,0,0,Wet,13.34581,52.58947,car + 
201858,Pankow,3071537,Kollwitzplatz,November,13,Thursday,minor,7,Other,Daylight,1,0,0,0,0,0,Dry,13.41529,52.53793,bicycle + 
201859,Lichtenberg,11040926,Weitlingstraße,November,12,Thursday,minor,5,Turning,Daylight,0,1,0,0,0,0,Dry,13.50348,52.5097,car + 
201860,Spandau,5010207,Darbystraße,November,12,Thursday,minor,2,Crossing,Daylight,0,1,0,1,0,0,Dry,13.17459,52.55425,car + motorbike + 
201861,Charlottenburg-Wilmersdorf,4051445,Eisenzahnstraße,November,20,Thursday,minor,5,Other,Night,0,1,0,1,0,0,Wet,13.30452,52.48841,car + motorbike + 
201862,Treptow-Köpenick,9020501,Oberschöneweide West,November,12,Thursday,minor,5,Other,Daylight,0,1,0,0,1,0,Dry,13.51729,52.47144,car + truck + 
201863,Treptow-Köpenick,9010202,Köpenicker Landstraße,November,20,Thursday,minor,5,Crossing,Night,1,1,0,0,0,0,Wet,13.48366,52.47402,bicycle + car + 
201864,Friedrichshain-Kreuzberg,2030302,Lausitzer Platz,November,11,Thursday,minor,5,Other,Daylight,1,1,0,0,0,0,Dry,13.43328,52.49967,bicycle + car + 
201865,Reinickendorf,12214424,Scharnweberstraße,November,10,Thursday,minor,5,Turning,Daylight,1,1,0,0,0,0,Dry,13.33153,52.56211,bicycle + car + 
201866,Lichtenberg,11010310,Mühlengrund,November,10,Thursday,minor,6,Turning,Daylight,0,0,1,0,1,0,Dry,13.50881,52.56452,pedestrian + truck + 
201867,Pankow,3020307,Buchholz,November,10,Thursday,minor,1,Paralle Traffic,Daylight,1,0,0,0,0,1,Dry,13.43334,52.59803,bicycle + other
201868,Marzahn-Hellersdorf,10020415,Hellersdorfer Promenade,November,8,Thursday,minor,5,Crossing,Daylight,1,1,0,0,0,0,Dry,13.61172,52.53988,bicycle + car + 
201869,Spandau,5040934,Alt-Gatow,November,8,Thursday,minor,2,Stationary Traffic,Daylight,0,1,0,0,0,0,Dry,13.18233,52.48662,car + 
201870,Friedrichshain-Kreuzberg,2030302,Lausitzer Platz,November,7,Thursday,minor,6,Overtaking,Daylight,1,1,1,0,0,0,Wet,13.42866,52.50404,bicycle + car + pedestrian + 
201871,Spandau,5030731,Gartenfelder Straße,November,5,Thursday,minor,5,Turning,Night,1,1,0,0,0,0,Wet,13.24308,52.53864,bicycle + car + 
201872,Tempelhof-Schöneberg,7010102,Nollendorfplatz,November,18,Wednesday,minor,2,Other,Night,1,1,0,0,0,0,Wet,13.35223,52.49647,bicycle + car + 
201873,Tempelhof-Schöneberg,7040405,Rathaus Tempelhof,November,17,Wednesday,minor,6,Stationary Traffic,Night,1,0,1,0,0,0,Dry,13.39102,52.46023,bicycle + pedestrian + 
201874,Pankow,3061228,Erich-Weinert-Straße,November,19,Wednesday,minor,5,Crossing,Night,0,1,0,0,0,0,Wet,13.44221,52.54668,car + 
201875,Neukölln,8010214,Glasower Straße,November,20,Wednesday,minor,1,Paralle Traffic,Night,1,1,0,0,0,0,Dry,13.43492,52.46679,bicycle + car + 