id,district,lor,street,month,hour,weekday,injury,collision,movement,light_conditions,bicycle,car,pedestrian,motorbike,truck,other_vehicle,road_conditions,longitude,latitude,Combo_type
201876,Neukölln,8020727,Buckow Mitte,November,16,Wednesday,minor,6,Turning,Dawn,0,1,1,0,0,0,Wet,13.41702,52.41822,car + pedestrian + 
201877,Mitte,1033101,Soldiner Straße,November,19,Wednesday,serious,1,Paralle Traffic,Night,0,1,0,0,0,1,Wet,13.38783,52.5606,car + other
201878,Neukölln,8010404,Rixdorf,November,19,Wednesday,minor,6,Overtaking,Night,0,1,1,0,0,0,Wet,13.45505,52.47275,car + pedestrian + 
201879,Treptow-Köpenick,9010302,Späthsfelde,November,19,Wednesday,minor,2,Stationary Traffic,Night,0,1,0,0,0,0,Wet,13.46954,52.45202,car + 
201880,Steglitz-Zehlendorf,6020302,Komponistenviertel Lankwitz,November,18,Wednesday,minor,6,Turning,Night,0,1,1,0,0,0,Wet,13.33456,52.43751,car + pedestrian + 
201881,Pankow,3061228,Erich-Weinert-Straße,December,8,Friday,minor,5,Crossing,Daylight,1,1,0,0,0,0,Wet,13.43677,52.54881,bicycle + car + 
201882,Charlottenburg-Wilmersdorf,4010102,Plötzensee,November,18,Wednesday,minor,5,Turning,Night,0,1,0,0,0,0,Wet,13.32625,52.53801,car + 
201883,Neukölln,8020620,Tempelhofer Weg,November,18,Wednesday,minor,8,Driving,Night,0,1,0,0,0,0,Wet,13.43051,52.45448,car + 
201884,Steglitz-Zehlendorf,6030501,Berlepschstraße,December,8,Friday,minor,5,Other,Daylight,0,0,0,1,0,1,Dry,13.24667,52.4251,motorbike + other
201885,Pankow,3061228,Erich-Weinert-Straße,November,17,Wednesday,minor,2,Stationary Traffic,Night,0,1,0,0,0,0,Wet,13.4427,52.54605,car + 
201886,Tempelhof-Schöneberg,7070702,Alt-Lichtenrade/Töpchiner Weg,December,5,Friday,minor,5,Crossing,Night,0,1,0,0,0,0,Dry,13.4107,52.41027,car + 
201887,Charlottenburg-Wilmersdorf,4051445,Eisenzahnstraße,November,17,Wednesday,minor,5,Turning,Night,1,1,0,0,0,0,Wet,13.3036,52.48843,bicycle + car + 
201888,Reinickendorf,12301203,Wittenau Süd,November,17,Wednesday,minor,6,Overtaking,Night,0,1,1,0,0,0,Wet,13.33965,52.58798,car + pedestrian + 
201889,Charlottenburg-Wilmersdorf,4031032,Halensee,December,6,Friday,minor,2,Stationary Traffic,Daylight,0,1,0,0,0,0,Wet,13.29006,52.49471,car + 
201890,Tempelhof-Schöneberg,7050503,Eisenacher Straße,November,17,Wednesday,minor,5,Other,Night,0,1,0,1,0,0,Wet,13.39267,52.45297,car + motorbike + 
201891,Tempelhof-Schöneberg,7030303,Grazer Platz,November,17,Wednesday,minor,5,Crossing,Night,0,1,0,0,0,0,Wet,13.36003,52.4754,car + 
201892,Steglitz-Zehlendorf,6010207,Mittelstraße,November,17,Wednesday,minor,5,Crossing,Night,1,1,0,0,0,0,Wet,13.32688,52.45492,bicycle + car + 
201893,Reinickendorf,12214527,Alt-Tegel,December,6,Friday,minor,5,Turning,Night,0,1,0,0,0,1,Frozen,13.28079,52.59379,car + other
201894,Pankow,3040614,Pankow Zentrum,December,6,Friday,serious,5,Crossing,Night,1,1,0,0,0,0,Dry,13.40892,52.57111,bicycle + car + 
201895,Friedrichshain-Kreuzberg,2030302,Lausitzer Platz,November,17,Wednesday,minor,5,Turning,Night,1,1,0,0,0,0,Wet,13.42635,52.49929,bicycle + car + 
201896,Mitte,1011102,Großer Tiergarten,November,17,Wednesday,minor,5,Turning,Night,0,1,0,1,0,0,Wet,13.34945,52.51509,car + motorbike + 
201897,Tempelhof-Schöneberg,7020203,Kaiser-Wilhelm-Platz,December,7,Friday,minor,5,Crossing,Dawn,1,1,0,0,0,0,Dry,13.35342,52.48913,bicycle + car + 
201898,Mitte,1044202,Sparrplatz,November,17,Wednesday,minor,6,Turning,Night,0,1,1,0,0,0,Wet,13.35107,52.54101,car + pedestrian + 
201899,Mitte,1022106,Elberfelder Straße,November,20,Wednesday,minor,5,Turning,Night,1,1,0,0,0,0,Dry,13.32993,52.52378,bicycle + car + 
201900,Spandau,5010101,Hakenfelde Nord,December,7,Friday,minor,5,Crossing,Dawn,1,1,0,0,0,0,Wet,13.20702,52.56533,bicycle + car + 
201901,Neukölln,8010404,Rixdorf,December,0,Friday,serious,6,Turning,Night,0,1,1,0,0,0,Dry,13.4558,52.47389,car + pedestrian + 
201902,Mitte,1011401,Invalidenstraße,November,22,Wednesday,minor,0,Other,Night,0,0,0,0,0,1,Wet,13.38522,52.53116,other
201903,Pankow,3010104,Lietzengraben,November,13,Wednesday,minor,3,Stationary Traffic,Daylight,1,1,0,0,0,0,Dry,13.44399,52.61499,bicycle + car + 
201904,Lichtenberg,11020515,Landsberger Allee,December,13,Friday,serious,6,Overtaking,Daylight,0,1,1,0,0,0,Wet,13.48129,52.53623,car + pedestrian + 
201905,Steglitz-Zehlendorf,6040810,Dahlem,December,13,Friday,minor,2,Stationary Traffic,Daylight,0,1,0,0,0,0,Wet,13.27468,52.46023,car + 
201906,Marzahn-Hellersdorf,10030727,Biesdorf Süd,November,13,Wednesday,minor,2,Stationary Traffic,Daylight,0,1,0,0,0,1,Dry,13.56028,52.48563,car + other
201907,Friedrichshain-Kreuzberg,2040702,Weberwiese,November,12,Wednesday,minor,0,Driving,Daylight,0,0,0,0,0,1,Dry,13.44952,52.51296,other
201908,Treptow-Köpenick,9010301,Baumschulenstraße,November,12,Wednesday,minor,2,Stationary Traffic,Daylight,0,1,0,0,0,0,Wet,13.48556,52.46434,car + 
201909,Lichtenberg,11030619,Fennpfuhl Ost,December,12,Friday,minor,5,Other,Daylight,0,1,0,0,0,1,Wet,13.47776,52.5308,car + other
201910,Tempelhof-Schöneberg,7040401,Neu-Tempelhof,November,12,Wednesday,minor,3,Stationary Traffic,Daylight,1,0,0,0,1,0,Dry,13.38593,52.48431,bicycle + truck + 
201911,Charlottenburg-Wilmersdorf,4030519,Kaiserin-Augusta-Allee,December,12,Friday,minor,0,Driving,Daylight,0,0,0,1,0,0,Wet,13.30732,52.52464,motorbike + 
201912,Neukölln,2020206,Graefekiez,November,11,Wednesday,minor,2,Stationary Traffic,Daylight,0,1,0,0,0,1,Dry,13.42348,52.48657,car + other
201913,Pankow,3051022,Hansastraße,November,11,Wednesday,minor,5,Crossing,Daylight,0,1,0,0,0,0,Dry,13.47018,52.55361,car + 
201914,Friedrichshain-Kreuzberg,2010101,Askanischer Platz,December,12,Friday,minor,0,Driving,Daylight,0,0,0,1,0,0,Wet,13.38756,52.50355,motorbike + 
201915,Steglitz-Zehlendorf,6010205,Südende,November,10,Wednesday,minor,2,Other,Daylight,0,1,0,0,0,0,Dry,13.35522,52.44897,car + 
201916,Marzahn-Hellersdorf,10020414,Helle Mitte,November,16,Wednesday,minor,6,Overtaking,Night,0,0,1,0,0,1,Wet,13.6049,52.53665,pedestrian + other
201917,Mitte,1011301,Charitéviertel,November,9,Wednesday,serious,5,Crossing,Daylight,1,1,0,0,0,0,Dry,13.37991,52.5331,bicycle + car + 
201918,Mitte,1044103,Westliche Müllerstraße,December,11,Friday,minor,6,Turning,Daylight,0,0,1,0,0,1,Dry,13.35221,52.54824,pedestrian + other
201919,Reinickendorf,12214421,Reinickes Hof,December,11,Friday,minor,0,Crossing,Daylight,0,1,0,1,0,0,Wet,13.32654,52.5757,car + motorbike + 
201920,Reinickendorf,12302211,Lübarser Straße,November,7,Wednesday,minor,5,Crossing,Daylight,0,1,0,0,0,0,Dry,13.33737,52.60473,car + 
201921,Mitte,1011306,Heine-Viertel Ost,November,16,Wednesday,minor,6,Turning,Night,0,1,1,0,0,0,Wet,13.42122,52.50986,car + pedestrian + 
201922,Lichtenberg,11041022,Rosenfelder Ring,December,10,Friday,minor,3,Stationary Traffic,Daylight,0,1,0,0,0,0,Wet,13.51914,52.51027,car + 
201923,Steglitz-Zehlendorf,6020303,Lankwitz Kirche,December,18,Friday,fatal,6,Turning,Night,0,1,1,0,0,0,Wet,13.35006,52.43427,car + pedestrian + 
201924,Spandau,5010314,Carl-Schurz-Straße,November,7,Wednesday,serious,5,Turning,Daylight,0,0,0,0,0,1,Dry,13.20031,52.53781,other
201925,Lichtenberg,11040926,Weitlingstraße,November,16,Wednesday,minor,6,Turning,Dawn,0,1,1,0,0,0,Wet,13.51148,52.50558,car + pedestrian + 
201926,Steglitz-Zehlendorf,6040806,Fischtal,December,17,Friday,fatal,6,Turning,Night,0,1,1,0,0,0,Wet,13.25124,52.44997,car + pedestrian + 
201927,Friedrichshain-Kreuzberg,2010103,Moritzplatz,November,16,Wednesday,minor,5,Crossing,Night,1,1,0,0,0,0,Wet,13.41029,52.50379,bicycle + car + 
201928,Marzahn-Hellersdorf,10010309,Springpfuhl,November,5,Wednesday,minor,5,Crossing,Night,0,1,0,1,0,0,Dry,13.54007,52.53437,car + motorbike + 
201929,Mitte,1022203,Lübecker Straße,December,17,Thursday,minor,1,Paralle Traffic,Night,1,1,0,0,0,0,Wet,13.34686,52.53062,bicycle + car + 
201930,Marzahn-Hellersdorf,10020517,Adele-Sandrock-Straße,December,13,Thursday,minor,0,Overtaking,Daylight,0,0,1,0,0,1,Dry,13.60987,52.53306,pedestrian + other
201931,Charlottenburg-Wilmersdorf,4030827,Karl-August-Platz,November,15,Wednesday,minor,2,Stationary Traffic,Daylight,0,1,0,0,0,0,Wet,13.31383,52.50598,car + 
201932,Pankow,3030715,Heinersdorf,November,15,Wednesday,minor,6,Overtaking,Dawn,0,1,1,0,0,0,Wet,13.44687,52.56841,car + pedestrian + 
201933,Friedrichshain-Kreuzberg,2050803,Stralauer Kiez,November,15,Wednesday,minor,6,Overtaking,Daylight,0,1,1,0,0,0,Wet,13.45806,52.50176,car + pedestrian + 
201934,Pankow,3030406,Alt-Karow,December,12,Thursday,minor,5,Crossing,Daylight,0,1,0,0,0,0,Dry,13.47389,52.60993,car + 
201935,Mitte,1022206,Lüneburger Straße,November,15,Wednesday,minor,2,Driving,Daylight,1,0,0,0,0,1,Wet,13.36722,52.52255,bicycle + other
201936,Marzahn-Hellersdorf,10010102,Havemannstraße,December,12,Thursday,minor,0,Crossing,Daylight,0,0,0,0,0,1,Dry,13.56949,52.56905,other
201937,Lichtenberg,11030721,Rüdigerstraße,November,7,Wednesday,minor,0,Driving,Dawn,1,0,0,0,0,0,Dry,13.48146,52.5191,bicycle + 
201938,Neukölln,8010116,Wissmannstraße,November,17,Wednesday,minor,4,Paralle Traffic,Night,0,1,0,1,0,0,Dry,13.42317,52.48502,car + motorbike + 
201939,Reinickendorf,12214126,Tegel Süd,December,9,Thursday,minor,6,Overtaking,Daylight,0,1,1,0,0,0,Dry,13.2896,52.57868,car + pedestrian + 
201940,Charlottenburg-Wilmersdorf,4030930,George-Grosz-Platz,December,9,Thursday,serious,2,Stationary Traffic,Daylight,0,1,0,1,0,0,Wet,13.3178,52.49959,car + motorbike + 
201941,Pankow,3020209,Niederschönhausen,November,7,Tuesday,minor,6,Overtaking,Dawn,0,1,1,0,0,0,Dry,13.38834,52.5885,car + pedestrian + 
201942,Pankow,3050923,Weißenseer Spitze,December,9,Thursday,minor,2,Stationary Traffic,Daylight,1,1,0,0,0,0,Dry,13.43719,52.55267,bicycle + car + 
201943,Neukölln,8010211,Flughafenstraße,November,19,Tuesday,serious,0,Driving,Night,1,0,0,0,0,0,Dry,13.42545,52.48078,bicycle + 
201944,Marzahn-Hellersdorf,10010310,Alt-Marzahn,November,18,Tuesday,serious,6,Overtaking,Night,0,0,1,0,0,1,Dry,13.55144,52.53375,pedestrian + other
201945,Neukölln,8010404,Rixdorf,December,23,Thursday,serious,6,Overtaking,Night,0,1,1,0,0,0,Dry,13.445,52.47921,car + pedestrian + 
201946,Neukölln,8010301,Reuterkiez,December,8,Thursday,minor,2,Stationary Traffic,Daylight,0,1,0,0,0,0,Dry,13.42794,52.48759,car + 
201947,Reinickendorf,12214125,Waldidyll/Flughafensee,November,17,Tuesday,minor,5,Crossing,Night,0,1,0,1,0,0,Dry,13.29729,52.58011,car + motorbike + 
201948,Neukölln,8010214,Glasower Straße,November,16,Tuesday,minor,5,Crossing,Night,0,1,0,0,0,0,Dry,13.43633,52.46722,car + 
201949,Steglitz-Zehlendorf,6030608,Schweizer Viertel,December,7,Thursday,minor,1,Paralle Traffic,Daylight,1,1,0,0,0,0,Dry,13.29724,52.42307,bicycle + car + 
201950,Charlottenburg-Wilmersdorf,4051653,Prager Platz,December,21,Thursday,minor,5,Turning,Night,1,1,0,0,0,0,Dry,13.33067,52.49321,bicycle + car + 
201951,Charlottenburg-Wilmersdorf,4020208,Kranzallee,November,16,Tuesday,minor,2,Stationary Traffic,Night,0,1,0,0,0,0,Dry,13.21868,52.50884,car + 
201952,Mitte,1033203,Humboldthain Nordwest,November,16,Tuesday,minor,2,Stationary Traffic,Dawn,0,1,0,0,0,0,Dry,13.36281,52.53847,car + 
201953,Lichtenberg,11041128,Sewanstraße,December,7,Thursday,minor,5,Crossing,Night,1,1,0,0,0,0,Wet,13.50607,52.49199,bicycle + car + 
201954,Steglitz-Zehlendorf,6010101,Fichtenberg,November,16,Tuesday,serious,6,Overtaking,Night,0,1,1,0,0,0,Dry,13.31552,52.45871,car + pedestrian + 
201955,Lichtenberg,11020515,Landsberger Allee,December,7,Thursday,minor,5,Crossing,Night,1,1,0,0,0,0,Wet,13.49962,52.53494,bicycle + car + 
201956,Reinickendorf,12103117,Letteplatz,November,16,Tuesday,minor,2,Stationary Traffic,Night,0,1,0,0,0,0,Dry,13.37782,52.56378,car + 
201957,Treptow-Köpenick,9051701,Hirschgarten,November,16,Tuesday,minor,0,Paralle Traffic,Dawn,0,1,0,0,0,0,Dry,13.6062,52.44992,car + 
201958,Charlottenburg-Wilmersdorf,4030931,Breitscheidplatz,December,21,Thursday,minor,1,Paralle Traffic,Night,0,1,0,0,0,0,Dry,13.33782,52.50172,car + 
201959,Charlottenburg-Wilmersdorf,4030725,Amtsgerichtsplatz,December,0,Thursday,serious,0,Other,Night,0,0,0,0,0,1,Dry,13.29998,52.50998,other
201960,Neukölln,8010301,Reuterkiez,November,15,Tuesday,minor,3,Stationary Traffic,Dawn,1,0,0,0,0,1,Dry,13.44215,52.48323,bicycle + other
201961,Steglitz-Zehlendorf,6010101,Fichtenberg,November,20,Tuesday,minor,5,Crossing,Night,1,1,0,0,0,0,Wet,13.30669,52.46433,bicycle + car + 
201962,Tempelhof-Schöneberg,7040402,Lindenhofsiedlung,December,10,Thursday,serious,5,Crossing,Daylight,1,0,0,0,1,0,Dry,13.36634,52.45972,bicycle + truck + 
201963,Steglitz-Zehlendorf,6030501,Berlepschstraße,December,19,Thursday,minor,1,Driving,Night,0,1,0,1,0,0,Wet,13.24815,52.42211,car + motorbike + 
201964,Friedrichshain-Kreuzberg,2010103,Moritzplatz,November,19,Tuesday,minor,5,Turning,Night,1,1,0,0,0,0,Dry,13.40792,52.50436,bicycle + car + 
201965,Charlottenburg-Wilmersdorf,4030519,Kaiserin-Augusta-Allee,November,19,Tuesday,minor,5,Crossing,Dawn,0,1,0,0,0,0,Dry,13.31328,52.52993,car + 
201966,Reinickendorf,12301204,Wittenau Nord,December,17,Thursday,minor,6,Overtaking,Night,0,1,1,0,0,0,Dry,13.32069,52.59273,car + pedestrian + 
201967,Friedrichshain-Kreuzberg,2020204,Urbanstraße,December,18,Thursday,minor,0,Driving,Night,0,0,0,1,0,0,Dry,13.39715,52.49088,motorbike + 
201968,Reinickendorf,12214125,Waldidyll/Flughafensee,November,19,Tuesday,minor,2,Stationary Traffic,Night,0,1,0,1,0,0,Dry,13.27726,52.57574,car + motorbike + 
201969,Tempelhof-Schöneberg,7030301,Friedenau,November,19,Tuesday,minor,1,Paralle Traffic,Night,1,1,0,0,0,0,Dry,13.3248,52.46618,bicycle + car + 
201970,Spandau,5020625,Borkumer Straße,November,19,Tuesday,minor,5,Turning,Night,0,1,0,0,0,0,Dry,13.19838,52.533,car + 
201971,Friedrichshain-Kreuzberg,2030302,Lausitzer Platz,December,17,Thursday,minor,6,Overtaking,Night,0,1,1,0,0,0,Dry,13.43763,52.50333,car + pedestrian + 
201972,Pankow,3061227,Humannplatz,December,17,Thursday,minor,3,Stationary Traffic,Night,0,1,0,0,0,1,Dry,13.42438,52.55226,car + other
201973,Steglitz-Zehlendorf,6020409,Königsberger Straße,November,18,Tuesday,minor,2,Stationary Traffic,Night,0,1,0,0,0,0,Dry,13.31305,52.42284,car + 
201974,Reinickendorf,12304314,Ziekowstraße/Freie Scholle,November,15,Tuesday,minor,5,Crossing,Dawn,0,1,0,0,0,0,Dry,13.28867,52.59575,car + 
201975,Charlottenburg-Wilmersdorf,4030417,Schloßstraße,December,18,Thursday,minor,1,Paralle Traffic,Night,1,0,0,0,0,1,Dry,13.29717,52.51206,bicycle + other
201976,Friedrichshain-Kreuzberg,2050801,Traveplatz,December,17,Thursday,minor,6,Stationary Traffic,Dawn,0,1,1,0,0,0,Dry,13.4685,52.50973,car + pedestrian + 
201977,Friedrichshain-Kreuzberg,2010104,Wassertorplatz,November,14,Tuesday,minor,5,Turning,Daylight,0,1,0,0,1,0,Dry,13.40665,52.49843,car + truck + 
201978,Mitte,1022201,Stephankiez,November,15,Tuesday,minor,0,Driving,Daylight,0,0,0,1,0,0,Dry,13.35292,52.53547,motorbike + 
201979,Steglitz-Zehlendorf,6040702,Düppel,December,18,Thursday,minor,5,Crossing,Night,1,1,0,0,0,0,Dry,13.22916,52.42643,bicycle + car + 
201980,Charlottenburg-Wilmersdorf,4020310,Park Ruhwald,November,14,Tuesday,minor,1,Paralle Traffic,Daylight,0,1,0,0,0,0,Dry,13.28027,52.51914,car + 
201981,Charlottenburg-Wilmersdorf,4030930,George-Grosz-Platz,December,16,Thursday,minor,0,Crossing,Night,1,0,0,1,0,0,Wet,13.31505,52.50103,bicycle + motorbike + 
201982,Tempelhof-Schöneberg,7040403,Manteuffelstraße,November,14,Tuesday,minor,5,Crossing,Daylight,1,1,0,0,0,0,Dry,13.37825,52.46716,bicycle + car + 
201983,Friedrichshain-Kreuzberg,2010103,Moritzplatz,November,13,Tuesday,minor,5,Turning,Daylight,1,0,0,0,0,1,Dry,13.41045,52.5038,bicycle + other
201984,Tempelhof-Schöneberg,7020203,Kaiser-Wilhelm-Platz,December,16,Thursday,minor,5,Turning,Night,0,1,0,1,0,0,Wet,13.35499,52.48388,car + motorbike + 
201985,Pankow,3071639,Bötzowstraße,December,16,Thursday,minor,1,Paralle Traffic,Night,1,1,0,0,0,0,Dry,13.43563,52.52942,bicycle + car + 
201986,Treptow-Köpenick,9020701,Adlershof West,November,13,Tuesday,minor,5,Turning,Daylight,0,1,0,0,0,0,Dry,13.51963,52.42828,car + 
201987,Lichtenberg,11040926,Weitlingstraße,November,10,Tuesday,minor,5,Crossing,Daylight,0,1,0,0,0,0,Dry,13.51489,52.50558,car + 
201988,Lichtenberg,11010207,Wartenberg Nord,December,16,Thursday,minor,6,Overtaking,Night,0,1,1,0,0,0,Wet,13.50359,52.57441,car + pedestrian + 
201989,Pankow,3010102,Buch,December,14,Thursday,minor,5,Crossing,Daylight,1,1,0,0,0,0,Dry,13.49787,52.62836,bicycle + car + 
201990,Tempelhof-Schöneberg,7070703,John-Locke-Straße,November,10,Tuesday,minor,0,Other,Daylight,0,1,0,0,0,1,Dry,13.40659,52.39376,car + other
201991,Mitte,1022106,Elberfelder Straße,November,12,Tuesday,minor,0,Other,Daylight,0,0,0,1,0,1,Dry,13.32987,52.52293,motorbike + other
201992,Mitte,1011201,Wilhelmstraße,December,15,Thursday,minor,2,Turning,Daylight,1,1,0,0,0,0,Dry,13.38205,52.51404,bicycle + car + 
201993,Charlottenburg-Wilmersdorf,4030724,Lietzensee,November,9,Tuesday,minor,3,Stationary Traffic,Daylight,0,1,0,1,0,0,Dry,13.28575,52.50655,car + motorbike + 
201994,Spandau,5030730,Zitadellenweg,December,14,Thursday,minor,2,Stationary Traffic,Daylight,0,1,0,0,0,0,Dry,13.21716,52.53772,car + 
201995,Treptow-Köpenick,9020501,Oberschöneweide West,December,14,Thursday,serious,6,Overtaking,Daylight,0,1,1,0,0,0,Dry,13.51284,52.46449,car + pedestrian + 
201996,Mitte,1033101,Soldiner Straße,November,9,Tuesday,minor,5,Turning,Daylight,0,1,0,0,0,1,Dry,13.36982,52.55972,car + other
201997,Reinickendorf,12304313,Borsigwalde,December,14,Thursday,minor,0,Stationary Traffic,Daylight,0,1,0,1,0,0,Dry,13.30098,52.58231,car + motorbike + 
201998,Friedrichshain-Kreuzberg,2020205,Chamissokiez,November,7,Tuesday,minor,0,Crossing,Daylight,1,0,0,1,0,0,Dry,13.39043,52.49068,bicycle + motorbike + 
201999,Steglitz-Zehlendorf,6030608,Schweizer Viertel,December,14,Thursday,serious,5,Crossing,Daylight,1,1,0,0,0,0,Dry,13.30284,52.42677,bicycle + car + 
202000,Reinickendorf,12301203,Wittenau Süd,December,13,Thursday,minor,2,Other,Daylight,0,1,0,0,0,0,Dry,13.32068,52.58374,car + 
202001,Spandau,5030832,Rohrdamm,November,7,Tuesday,minor,2,Stationary Traffic,Dawn,0,1,0,0,0,0,Dry,13.26727,52.53661,car + 
202002,Charlottenburg-Wilmersdorf,4031032,Halensee,November,7,Tuesday,minor,5,Crossing,Daylight,1,1,0,0,0,0,Dry,13.29629,52.49761,bicycle + car + 
202003,Neukölln,8020620,Tempelhofer Weg,December,13,Thursday,minor,5,Other,Daylight,1,1,0,0,0,0,Dry,13.43406,52.45271,bicycle + car + 
202004,Steglitz-Zehlendorf,6040810,Dahlem,November,7,Tuesday,minor,1,Paralle Traffic,Dawn,0,0,0,0,0,1,Dry,13.28965,52.46899,other
202005,Neukölln,8020728,Buckow Ost,November,12,Tuesday,minor,6,Overtaking,Daylight,0,1,1,0,0,1,Dry,13.43931,52.41753,car + pedestrian + other
202006,Neukölln,8010404,Rixdorf,November,10,Tuesday,minor,3,Stationary Traffic,Daylight,1,1,0,0,0,0,Dry,13.44143,52.48097,bicycle + car + 
202007,Mitte,1011103,Lützowstraße,November,11,Tuesday,minor,1,Paralle Traffic,Daylight,1,1,0,0,0,0,Dry,13.35607,52.50488,bicycle + car + 
202008,Lichtenberg,11010310,Mühlengrund,November,10,Tuesday,minor,6,Overtaking,Daylight,0,0,1,0,0,1,Dry,13.50474,52.56322,pedestrian + other
202009,Friedrichshain-Kreuzberg,2010101,Askanischer Platz,December,13,Thursday,minor,1,Paralle Traffic,Daylight,0,1,0,0,0,0,Dry,13.38402,52.50484,car + 
202010,Spandau,5020628,Graetschelsteig,December,18,Wednesday,minor,5,Turning,Dawn,0,1,0,0,0,1,Dry,13.18491,52.51545,car + other
202011,Pankow,3020307,Buchholz,November,10,Tuesday,minor,5,Turning,Daylight,0,1,0,0,0,1,Dry,13.43221,52.60448,car + other
202012,Lichtenberg,11051332,Karlshorst Süd,November,13,Monday,minor,5,Turning,Daylight,1,0,0,0,0,1,Dry,13.52274,52.47646,bicycle + other
202013,Mitte,1044101,Rehberge,November,8,Monday,minor,5,Crossing,Daylight,0,1,0,0,0,0,Dry,13.33524,52.55727,car + 
202014,Charlottenburg-Wilmersdorf,4041137,Flinsberger Platz,December,7,Wednesday,minor,6,Turning,Dawn,0,1,1,0,0,0,Dry,13.28511,52.4796,car + pedestrian + 
202015,Mitte,1011202,Unter den Linden Nord,November,8,Monday,minor,6,Overtaking,Daylight,1,0,1,0,0,0,Dry,13.38044,52.51809,bicycle + pedestrian + 
202016,Mitte,1044202,Sparrplatz,December,14,Wednesday,minor,6,Overtaking,Daylight,0,1,1,0,0,0,Dry,13.35701,52.54524,car + pedestrian + 
202017,Lichtenberg,11020411,Malchower Weg,November,15,Monday,serious,6,Other,Daylight,0,1,1,0,0,0,Dry,13.50324,52.5538,car + pedestrian + 
202018,Neukölln,8010404,Rixdorf,November,21,Monday,minor,6,Overtaking,Night,0,1,1,0,0,0,Dry,13.45573,52.47393,car + pedestrian + 
202019,Steglitz-Zehlendorf,6020408,Lichterfelde Süd,December,19,Wednesday,serious,5,Turning,Night,0,1,0,1,0,0,Dry,13.30293,52.41515,car + motorbike + 
202020,Marzahn-Hellersdorf,10010310,Alt-Marzahn,November,20,Monday,serious,5,Turning,Night,1,1,0,0,0,0,Dry,13.57184,52.54608,bicycle + car + 
202021,Friedrichshain-Kreuzberg,2030402,Wrangelkiez,November,19,Monday,minor,0,Driving,Night,1,1,0,0,0,0,Dry,13.44621,52.49881,bicycle + car + 
202022,Spandau,5040936,Jägerallee,November,17,Monday,minor,5,Crossing,Night,1,1,0,0,0,0,Dry,13.15578,52.46123,bicycle + car + 
202023,Tempelhof-Schöneberg,7050501,Rathausstraße,December,18,Wednesday,minor,5,Turning,Night,0,1,0,1,0,0,Dry,13.37945,52.44527,car + motorbike + 
202024,Neukölln,8010510,Gewerbegebiet Köllnische Heide,November,16,Monday,minor,2,Stationary Traffic,Night,0,1,0,0,0,0,Dry,13.46086,52.46835,car + 
202025,Neukölln,8020619,Buschkrugallee Nord,November,16,Monday,minor,5,Crossing,Night,0,1,0,1,0,0,Dry,13.4385,52.45259,car + motorbike + 
202026,Reinickendorf,12214528,Tegeler Forst,December,18,Wednesday,minor,9,Driving,Night,0,1,0,0,0,0,Dry,13.27517,52.59791,car + 
202027,Charlottenburg-Wilmersdorf,4030725,Amtsgerichtsplatz,November,16,Monday,minor,2,Crossing,Night,1,1,0,0,0,0,Dry,13.29267,52.50678,bicycle + car + 
202028,Tempelhof-Schöneberg,7040403,Manteuffelstraße,December,18,Wednesday,serious,6,Overtaking,Night,0,0,1,1,0,0,Wet,13.37771,52.46585,pedestrian + motorbike + 
202029,Friedrichshain-Kreuzberg,2020204,Urbanstraße,November,15,Monday,minor,1,Driving,Daylight,0,1,0,0,0,0,Dry,13.39513,52.4941,car + 
202030,Neukölln,8010211,Flughafenstraße,November,18,Monday,minor,0,Driving,Night,1,0,0,0,0,0,Dry,13.42552,52.48079,bicycle + 
202031,Charlottenburg-Wilmersdorf,4030930,George-Grosz-Platz,December,17,Wednesday,minor,1,Paralle Traffic,Night,1,1,0,0,0,1,Dry,13.31425,52.50088,bicycle + car + other
202032,Neukölln,8010303,Donaustraße,December,17,Wednesday,minor,6,Overtaking,Night,1,0,1,0,0,0,Dry,13.42624,52.48543,bicycle + pedestrian + 
202033,Friedrichshain-Kreuzberg,2020203,Viktoriapark,November,11,Monday,minor,5,Crossing,Daylight,1,1,0,0,0,0,Dry,13.37546,52.48932,bicycle + car + 
202034,Tempelhof-Schöneberg,7030301,Friedenau,November,14,Monday,minor,0,Overtaking,Daylight,1,0,1,0,0,0,Dry,13.32147,52.469,bicycle + pedestrian + 
202035,Charlottenburg-Wilmersdorf,4030725,Amtsgerichtsplatz,December,17,Wednesday,minor,0,Other,Night,0,0,0,1,0,0,Dry,13.29608,52.50804,motorbike + 
202036,Friedrichshain-Kreuzberg,2040502,Friedenstraße,December,16,Wednesday,minor,5,Crossing,Night,1,1,0,0,0,0,Dry,13.43963,52.5241,bicycle + car + 
202037,Treptow-Köpenick,9030901,Dorf Altglienicke,November,15,Monday,minor,7,Other,Daylight,0,1,0,0,0,1,Dry,13.52374,52.40494,car + other