id,district,lor,street,month,hour,weekday,injury,collision,movement,light_conditions,bicycle,car,pedestrian,motorbike,truck,other_vehicle,road_conditions,longitude,latitude,Combo_type
202038,Reinickendorf,12214125,Waldidyll/Flughafensee,November,15,Monday,minor,4,Stationary Traffic,Daylight,0,1,0,0,0,0,Dry,13.25173,52.55697,car + 
202039,Treptow-Köpenick,9051901,Dammvorstadt,November,15,Monday,minor,2,Stationary Traffic,Daylight,0,1,0,0,0,0,Dry,13.55849,52.45337,car + 
202040,Mitte,1011105,Nördlicher Landwehrkanal,December,18,Wednesday,minor,5,Turning,Night,1,1,0,0,0,0,Dry,13.36828,52.50631,bicycle + car + 
202041,Marzahn-Hellersdorf,10010207,Marzahner Promenade,November,15,Monday,minor,2,Stationary Traffic,Daylight,0,1,0,0,0,0,Dry,13.54573,52.54454,car + 
202042,Mitte,1011303,Alexanderplatzviertel,December,15,Wednesday,minor,5,Crossing,Dawn,0,1,0,0,0,0,Dry,13.41964,52.52515,car + 
202043,Pankow,3030406,Alt-Karow,November,13,Monday,minor,6,Turning,Daylight,0,1,1,0,0,0,Dry,13.48285,52.61159,car + pedestrian + 
202044,Friedrichshain-Kreuzberg,2020205,Chamissokiez,November,11,Monday,minor,5,Crossing,Daylight,1,1,0,0,0,0,Dry,13.40119,52.48516,bicycle + car + 
202045,Treptow-Köpenick,9020802,Köllnische Vorstadt,December,23,Wednesday,minor,6,Turning,Night,0,1,1,0,0,0,Dry,13.5697,52.44202,car + pedestrian + 
202046,Lichtenberg,11010310,Mühlengrund,November,9,Monday,minor,0,Stationary Traffic,Daylight,0,1,0,1,0,0,Dry,13.50647,52.56386,car + motorbike + 
202047,Mitte,1044202,Sparrplatz,November,8,Monday,minor,6,Overtaking,Daylight,1,0,1,0,0,0,Dry,13.34851,52.53909,bicycle + pedestrian + 
202048,Charlottenburg-Wilmersdorf,4010103,Paul-Hertz-Siedlung,November,8,Monday,minor,9,Driving,Daylight,0,0,0,0,0,1,Dry,13.29513,52.53474,other
202049,Friedrichshain-Kreuzberg,2030302,Lausitzer Platz,December,23,Wednesday,minor,2,Stationary Traffic,Night,0,1,0,0,0,0,Wet,13.43974,52.50222,car + 
202050,Friedrichshain-Kreuzberg,2050602,Samariterviertel,December,22,Wednesday,minor,2,Stationary Traffic,Night,0,1,0,0,0,0,Dry,13.46152,52.51791,car + 
202051,Reinickendorf,12214126,Tegel Süd,November,6,Monday,serious,5,Crossing,Night,1,1,0,0,0,0,Dry,13.27709,52.57765,bicycle + car + 
202052,Neukölln,8010301,Reuterkiez,November,0,Monday,minor,1,Paralle Traffic,Night,1,1,0,0,0,0,Dry,13.44052,52.48199,bicycle + car + 
202053,Pankow,3061227,Humannplatz,December,14,Saturday,minor,2,Driving,Daylight,1,1,0,0,0,0,Wet,13.42703,52.55214,bicycle + car + 
202054,Charlottenburg-Wilmersdorf,4051448,Schaperstraße,December,14,Saturday,minor,0,Driving,Daylight,1,0,0,0,0,0,Wet,13.33118,52.49542,bicycle + 
202055,Neukölln,8010301,Reuterkiez,December,13,Saturday,minor,4,Turning,Daylight,1,1,0,0,0,0,Wet,13.43533,52.48608,bicycle + car + 
202056,Marzahn-Hellersdorf,10020413,Gut Hellersdorf,December,13,Saturday,minor,5,Turning,Daylight,0,1,0,0,0,0,Wet,13.59149,52.54478,car + 
202057,Spandau,5020417,Staakener Straße,December,13,Saturday,minor,0,Driving,Daylight,1,0,0,0,0,0,Wet,13.18188,52.53627,bicycle + 
202058,Steglitz-Zehlendorf,6020408,Lichterfelde Süd,December,12,Saturday,minor,5,Crossing,Daylight,0,1,0,0,0,0,Wet,13.30696,52.41956,car + 
202059,Steglitz-Zehlendorf,6020408,Lichterfelde Süd,December,12,Saturday,minor,5,Other,Daylight,0,1,0,0,0,0,Wet,13.31013,52.42095,car + 
202060,Steglitz-Zehlendorf,6010209,Feuerbachstraße,December,11,Saturday,minor,5,Turning,Daylight,1,1,0,0,0,0,Wet,13.33761,52.4594,bicycle + car + 
202061,Mitte,1033202,Humboldthain Süd,December,11,Saturday,minor,2,Stationary Traffic,Daylight,0,1,0,1,0,0,Wet,13.39343,52.53751,car + motorbike + 
202062,Pankow,3061131,Falkplatz,December,10,Saturday,minor,5,Crossing,Daylight,1,1,0,0,0,0,Wet,13.40815,52.54144,bicycle + car + 
202063,Friedrichshain-Kreuzberg,2050803,Stralauer Kiez,December,5,Saturday,minor,6,Turning,Night,0,1,1,0,0,0,Wet,13.45041,52.50385,car + pedestrian + 
202064,Friedrichshain-Kreuzberg,2050801,Traveplatz,December,3,Saturday,minor,0,Driving,Night,0,0,0,0,0,1,Wet,13.45591,52.51342,other
202065,Neukölln,8010301,Reuterkiez,December,23,Saturday,minor,5,Turning,Night,0,1,0,0,0,0,Wet,13.44017,52.48171,car + 
202066,Friedrichshain-Kreuzberg,2030301,Oranienplatz,December,23,Saturday,minor,2,Stationary Traffic,Night,0,1,0,0,0,0,Wet,13.41992,52.50216,car + 
202067,Lichtenberg,11030720,Herzbergstraße,December,21,Saturday,serious,6,Overtaking,Night,0,1,1,0,0,0,Wet,13.50916,52.53481,car + pedestrian + 
202068,Tempelhof-Schöneberg,7070701,Kettinger Straße/Schillerstraße,December,20,Saturday,serious,5,Turning,Night,0,1,0,0,0,0,Wet,13.40651,52.39849,car + 
202069,Charlottenburg-Wilmersdorf,4051550,Leon-Jessel-Platz,December,19,Saturday,minor,6,Stationary Traffic,Night,1,0,1,0,0,0,Wet,13.31907,52.49179,bicycle + pedestrian + 
202070,Neukölln,8040933,Vogelviertel Süd,December,16,Saturday,minor,2,Stationary Traffic,Night,0,1,0,0,0,0,Wet,13.462,52.43252,car + 
202071,Lichtenberg,11020513,Orankesee,December,17,Saturday,minor,0,Other,Night,0,1,0,0,0,1,Dry,13.47306,52.5364,car + other
202072,Marzahn-Hellersdorf,10020414,Helle Mitte,December,17,Saturday,minor,6,Turning,Night,0,1,1,0,0,0,Wet,13.60216,52.53608,car + pedestrian + 
202073,Mitte,1033101,Soldiner Straße,December,15,Saturday,minor,0,Driving,Dawn,0,0,0,1,0,0,Wet,13.39246,52.55697,motorbike + 
202074,Friedrichshain-Kreuzberg,2010101,Askanischer Platz,December,15,Saturday,minor,5,Crossing,Daylight,0,1,0,0,0,0,Wet,13.38353,52.50345,car + 
202075,Spandau,5010312,Kurstraße,December,22,Friday,minor,6,Turning,Night,0,1,1,0,0,0,Dry,13.20801,52.54521,car + pedestrian + 
202076,Treptow-Köpenick,9041501,Altstadt Kietz,December,21,Friday,minor,1,Paralle Traffic,Night,1,0,0,0,0,1,Wet,13.58403,52.44184,bicycle + other
202077,Treptow-Köpenick,9041301,Kietzer Feld/Nachtheide,December,13,Friday,minor,6,Overtaking,Daylight,0,1,1,0,0,0,Dry,13.58287,52.43437,car + pedestrian + 
202078,Mitte,1011402,Arkonaplatz,December,13,Friday,minor,5,Crossing,Daylight,0,1,0,0,0,0,Dry,13.40627,52.53233,car + 
202079,Treptow-Köpenick,9051901,Dammvorstadt,December,13,Friday,minor,0,Stationary Traffic,Daylight,0,1,0,0,0,1,Dry,13.59232,52.45137,car + other
202080,Reinickendorf,12214424,Scharnweberstraße,December,12,Friday,minor,6,Overtaking,Daylight,0,1,1,0,0,0,Dry,13.32838,52.56515,car + pedestrian + 
202081,Tempelhof-Schöneberg,7030303,Grazer Platz,December,11,Friday,minor,5,Crossing,Daylight,0,1,0,0,0,1,Dry,13.34717,52.47063,car + other
202082,Steglitz-Zehlendorf,6030609,Augustaplatz,December,7,Friday,minor,6,Turning,Dawn,0,1,1,0,0,0,Wet,13.31548,52.44965,car + pedestrian + 
202083,Tempelhof-Schöneberg,7010102,Nollendorfplatz,December,10,Friday,minor,5,Crossing,Daylight,1,1,0,0,0,0,Dry,13.34629,52.496,bicycle + car + 
202084,Charlottenburg-Wilmersdorf,4030930,George-Grosz-Platz,December,10,Friday,minor,5,Turning,Daylight,0,1,0,1,0,0,Dry,13.31503,52.50086,car + motorbike + 
202085,Tempelhof-Schöneberg,7070703,John-Locke-Straße,December,10,Friday,minor,0,Driving,Daylight,1,0,0,0,0,0,Frozen,13.39793,52.38642,bicycle + 
202086,Marzahn-Hellersdorf,10010310,Alt-Marzahn,December,10,Friday,minor,0,Driving,Daylight,0,0,0,1,0,0,Frozen,13.55973,52.54175,motorbike + 
202087,Charlottenburg-Wilmersdorf,4051446,Preußenpark,December,9,Friday,serious,6,Turning,Daylight,0,1,1,0,0,0,Dry,13.31267,52.49934,car + pedestrian + 
202088,Treptow-Köpenick,9020701,Adlershof West,December,9,Friday,minor,4,Driving,Daylight,0,1,0,0,0,0,Frozen,13.5291,52.42684,car + 
202089,Steglitz-Zehlendorf,6020410,Oberhofer Platz,December,8,Friday,minor,5,Crossing,Daylight,0,0,0,1,1,0,Wet,13.32924,52.42312,motorbike + truck + 
202090,Charlottenburg-Wilmersdorf,4051653,Prager Platz,December,8,Friday,minor,5,Turning,Daylight,1,1,0,0,0,0,Dry,13.33101,52.49261,bicycle + car + 
202091,Mitte,1022207,Hansaviertel,December,8,Friday,serious,0,Driving,Dawn,0,0,0,1,0,0,Frozen,13.34185,52.51795,motorbike + 
202092,Reinickendorf,12302211,Lübarser Straße,December,8,Friday,minor,3,Stationary Traffic,Daylight,1,1,0,0,0,0,Dry,13.33513,52.60239,bicycle + car + 
202093,Charlottenburg-Wilmersdorf,4041239,Stadion Wilmersdorf,December,7,Friday,minor,5,Turning,Dawn,1,0,0,0,0,1,Dry,13.30402,52.48,bicycle + other
202094,Tempelhof-Schöneberg,7040406,Germaniagarten,December,7,Friday,minor,5,Turning,Daylight,1,1,0,0,0,0,Wet,13.41893,52.46097,bicycle + car + 
202095,Lichtenberg,11051330,Karlshorst West,December,7,Friday,minor,5,Other,Night,1,1,0,0,0,0,Wet,13.52608,52.49355,bicycle + car + 
202096,Charlottenburg-Wilmersdorf,4030931,Breitscheidplatz,December,14,Friday,serious,6,Overtaking,Daylight,0,1,1,0,0,0,Dry,13.33265,52.50402,car + pedestrian + 
202097,Mitte,1011202,Unter den Linden Nord,December,19,Friday,minor,5,Crossing,Night,0,1,0,0,0,0,Dry,13.39165,52.52201,car + 
202098,Pankow,3061131,Falkplatz,December,19,Friday,serious,0,Driving,Night,1,0,0,0,0,0,Dry,13.40688,52.54108,bicycle + 
202099,Spandau,5010207,Darbystraße,December,19,Friday,minor,2,Stationary Traffic,Night,0,1,0,0,0,0,Dry,13.18383,52.55201,car + 
202100,Treptow-Köpenick,9010101,Elsenstraße,December,18,Friday,minor,1,Paralle Traffic,Night,1,1,0,0,0,0,Dry,13.45413,52.49592,bicycle + car + 
202101,Mitte,1044101,Rehberge,December,18,Friday,serious,5,Crossing,Night,1,1,0,0,0,0,Dry,13.34689,52.55327,bicycle + car + 
202102,Tempelhof-Schöneberg,7050505,Hundsteinweg,December,17,Friday,minor,2,Stationary Traffic,Night,0,1,0,0,0,0,Dry,13.39617,52.44012,car + 
202103,Lichtenberg,11010310,Mühlengrund,December,17,Friday,minor,2,Stationary Traffic,Night,0,1,0,0,0,0,Wet,13.51214,52.56577,car + 
202104,Spandau,5010314,Carl-Schurz-Straße,December,16,Friday,minor,0,Stationary Traffic,Night,0,1,0,0,0,1,Dry,13.20022,52.53682,car + other
202105,Steglitz-Zehlendorf,6010205,Südende,December,16,Friday,minor,2,Turning,Dawn,0,1,0,0,0,0,Dry,13.34672,52.45001,car + 
202106,Mitte,1022204,Thomasiusstraße,December,16,Friday,minor,0,Driving,Daylight,1,0,0,0,0,0,Dry,13.35347,52.51967,bicycle + 
202107,Pankow,3040512,Wilhelmsruh,December,16,Friday,minor,8,Driving,Night,0,1,0,0,0,0,Dry,13.37391,52.58682,car + 
202108,Spandau,5010314,Carl-Schurz-Straße,December,15,Friday,minor,5,Crossing,Daylight,0,1,0,0,0,1,Dry,13.19453,52.54127,car + other
202109,Mitte,1011202,Unter den Linden Nord,December,15,Friday,minor,2,Turning,Night,0,0,0,0,0,1,Wet,13.38044,52.51809,other
202110,Friedrichshain-Kreuzberg,2040503,Richard-Sorge-Viertel,December,15,Friday,minor,2,Other,Daylight,1,1,0,0,0,0,Dry,13.44903,52.51797,bicycle + car + 
202111,Pankow,3020209,Niederschönhausen,December,14,Friday,minor,6,Overtaking,Daylight,0,1,1,0,0,0,Dry,13.40168,52.58733,car + pedestrian + 
202112,Pankow,3040614,Pankow Zentrum,December,6,Thursday,minor,6,Other,Night,1,0,1,0,0,0,Dry,13.42712,52.57715,bicycle + pedestrian + 
202113,Charlottenburg-Wilmersdorf,4031032,Halensee,December,13,Thursday,serious,6,Overtaking,Daylight,0,1,1,0,0,0,Dry,13.30015,52.49498,car + pedestrian + 
202114,Friedrichshain-Kreuzberg,2030402,Wrangelkiez,December,11,Thursday,minor,5,Turning,Daylight,1,1,0,0,0,0,Dry,13.4474,52.49813,bicycle + car + 
202115,Mitte,1011301,Charitéviertel,December,16,Thursday,minor,3,Stationary Traffic,Night,1,0,0,0,0,1,Dry,13.376,52.5285,bicycle + other
202116,Neukölln,8010303,Donaustraße,December,16,Thursday,minor,5,Crossing,Night,1,1,0,0,0,0,Dry,13.43663,52.48185,bicycle + car + 
202117,Reinickendorf,12302108,Märkisches Zentrum,December,16,Thursday,minor,6,Overtaking,Dawn,0,1,1,0,0,0,Wet,13.34167,52.59981,car + pedestrian + 
202118,Steglitz-Zehlendorf,6040809,Thielallee,December,15,Thursday,minor,3,Stationary Traffic,Night,0,1,0,0,0,0,Wet,13.29282,52.44642,car + 
202119,Tempelhof-Schöneberg,7050506,Birnhornweg,December,15,Thursday,minor,5,Crossing,Dawn,0,1,0,0,0,0,Wet,13.39498,52.42249,car + 
202120,Treptow-Köpenick,9010401,Johannisthal West,December,15,Thursday,minor,5,Crossing,Night,0,1,0,0,0,0,Wet,13.5081,52.4503,car + 
202121,Mitte,1011201,Wilhelmstraße,December,14,Thursday,minor,1,Paralle Traffic,Daylight,0,1,0,0,0,0,Dry,13.37662,52.50951,car + 
202122,Neukölln,8010404,Rixdorf,December,20,Thursday,minor,6,Other,Night,0,0,1,0,0,1,Wet,13.44948,52.47143,pedestrian + other
202123,Mitte,1033201,Brunnenstraße,December,13,Thursday,minor,0,Paralle Traffic,Daylight,0,1,0,1,0,0,Wet,13.39765,52.54666,car + motorbike + 
202124,Steglitz-Zehlendorf,6030607,Goerzwerke,December,13,Thursday,minor,2,Turning,Daylight,0,1,0,0,0,0,Wet,13.27528,52.41127,car + 
202125,Mitte,1044201,Reinickendorfer Straße,December,12,Thursday,minor,5,Crossing,Daylight,1,1,0,0,0,0,Wet,13.38122,52.55246,bicycle + car + 
202126,Marzahn-Hellersdorf,10040931,Mahlsdorf Nord,December,12,Thursday,minor,5,Crossing,Daylight,1,1,0,0,0,0,Wet,13.61192,52.51406,bicycle + car + 
202127,Lichtenberg,11040925,Victoriastadt,December,12,Thursday,minor,0,Driving,Daylight,0,0,0,1,0,0,Wet,13.47017,52.50316,motorbike + 
202128,Treptow-Köpenick,9010401,Johannisthal West,December,12,Thursday,serious,5,Turning,Dawn,1,0,0,0,1,0,Dry,13.49746,52.45811,bicycle + truck + 
202129,Treptow-Köpenick,9010401,Johannisthal West,December,11,Thursday,minor,8,Driving,Daylight,0,1,0,0,0,0,Wet,13.4923,52.45804,car + 
202130,Mitte,1011302,Oranienburger Straße,December,11,Thursday,minor,5,Crossing,Daylight,0,1,0,1,0,0,Wet,13.39962,52.52371,car + motorbike + 
202131,Friedrichshain-Kreuzberg,2010102,Mehringplatz,December,10,Thursday,minor,0,Paralle Traffic,Daylight,0,1,0,0,0,0,Dry,13.39142,52.50113,car + 
202132,Neukölln,8020727,Buckow Mitte,December,10,Thursday,serious,2,Stationary Traffic,Daylight,0,1,0,0,1,0,Dry,13.41708,52.41837,car + truck + 
202133,Treptow-Köpenick,9051901,Dammvorstadt,December,9,Thursday,minor,3,Stationary Traffic,Daylight,0,1,0,0,0,1,Wet,13.55834,52.45548,car + other
202134,Friedrichshain-Kreuzberg,2020203,Viktoriapark,December,21,Thursday,serious,5,Crossing,Night,1,0,0,0,0,0,Wet,13.37943,52.49166,bicycle + 
202135,Mitte,1011401,Invalidenstraße,December,20,Thursday,minor,1,Paralle Traffic,Daylight,1,1,0,0,0,0,Dry,13.40018,52.53102,bicycle + car + 
202136,Neukölln,8020619,Buschkrugallee Nord,December,19,Thursday,serious,6,Driving,Night,0,1,1,0,0,0,Dry,13.43663,52.45733,car + pedestrian + 
202137,Spandau,5030730,Zitadellenweg,December,19,Thursday,minor,2,Stationary Traffic,Night,0,1,0,0,0,0,Dry,13.23155,52.53827,car + 
202138,Steglitz-Zehlendorf,6030503,Zehlendorf Mitte,December,18,Thursday,minor,5,Crossing,Night,1,1,0,0,0,0,Wet,13.27595,52.43342,bicycle + car + 
202139,Friedrichshain-Kreuzberg,2030301,Oranienplatz,December,18,Thursday,minor,2,Turning,Night,1,1,0,0,0,0,Dry,13.41486,52.50474,bicycle + car + 
202140,Pankow,3030715,Heinersdorf,December,17,Thursday,serious,5,Crossing,Night,0,1,0,0,0,0,Wet,13.44132,52.56856,car + 
202141,Pankow,3051017,Rennbahnstraße,December,17,Thursday,serious,6,Overtaking,Night,0,1,1,0,0,0,Wet,13.46741,52.55995,car + pedestrian + 
202142,Charlottenburg-Wilmersdorf,4010102,Plötzensee,December,16,Thursday,minor,5,Turning,Night,0,1,0,0,0,0,Dry,13.30227,52.54789,car + 
202143,Mitte,1011203,Unter den Linden Süd,December,8,Thursday,minor,5,Crossing,Daylight,0,1,0,0,0,1,Wet,13.39304,52.51506,car + other
202144,Treptow-Köpenick,9010202,Köpenicker Landstraße,December,7,Thursday,minor,3,Paralle Traffic,Daylight,0,0,0,1,0,1,Wet,13.47596,52.47613,motorbike + other
202145,Pankow,3040818,Pankow Süd,December,7,Thursday,minor,5,Turning,Daylight,0,1,0,0,0,0,Wet,13.42353,52.5551,car + 
202146,Pankow,3061430,Volkspark Prenzlauer Berg,December,7,Thursday,minor,2,Stationary Traffic,Dawn,0,1,0,0,0,0,Wet,13.44992,52.53682,car + 
202147,Steglitz-Zehlendorf,6030504,Teltower Damm,December,7,Thursday,serious,6,Overtaking,Daylight,0,1,1,0,0,0,Wet,13.26059,52.42656,car + pedestrian + 
202148,Mitte,1033201,Brunnenstraße,December,7,Thursday,minor,5,Turning,Night,0,1,0,0,0,0,Wet,13.39601,52.53827,car + 
202149,Treptow-Köpenick,9051901,Dammvorstadt,December,6,Thursday,minor,4,Stationary Traffic,Night,1,0,0,0,0,0,Wet,13.57556,52.45395,bicycle + 
202150,Neukölln,8041037,Alt-Rudow,December,6,Thursday,minor,6,Turning,Dawn,0,0,1,0,0,1,Wet,13.49541,52.43161,pedestrian + other
202151,Reinickendorf,12231101,Hermsdorf,December,6,Thursday,minor,2,Stationary Traffic,Night,0,1,0,0,0,0,Wet,13.29564,52.61072,car + 
202152,Spandau,5020419,Magistratsweg,December,5,Thursday,minor,6,Turning,Night,0,0,1,0,0,1,Wet,13.15777,52.53316,pedestrian + other
202153,Treptow-Köpenick,9010301,Baumschulenstraße,December,7,Wednesday,minor,4,Paralle Traffic,Daylight,1,1,0,0,0,0,Dry,13.49058,52.46311,bicycle + car + 
202154,Pankow,3061332,Helmholtzplatz,December,16,Wednesday,minor,0,Stationary Traffic,Dawn,1,1,0,0,0,0,Dry,13.42218,52.54039,bicycle + car + 
202155,Neukölln,8010303,Donaustraße,December,20,Wednesday,minor,0,Turning,Night,1,0,0,0,0,1,Dry,13.43368,52.48212,bicycle + other
202156,Reinickendorf,12301204,Wittenau Nord,December,20,Wednesday,minor,1,Driving,Night,0,1,0,0,0,0,Frozen,13.32426,52.60076,car + 
202157,Pankow,3051017,Rennbahnstraße,December,17,Wednesday,minor,4,Stationary Traffic,Dawn,0,1,0,1,0,0,Dry,13.47084,52.55976,car + motorbike + 
202158,Mitte,1022104,Emdener Straße,December,17,Wednesday,minor,5,Turning,Night,1,1,0,0,0,0,Dry,13.34332,52.53096,bicycle + car + 
202159,Steglitz-Zehlendorf,6020410,Oberhofer Platz,December,16,Wednesday,minor,5,Crossing,Daylight,0,1,0,0,0,0,Dry,13.333,52.42397,car + 
202160,Treptow-Köpenick,9020702,Adlershof Ost,December,16,Wednesday,minor,6,Overtaking,Night,0,1,1,0,0,0,Dry,13.54873,52.4358,car + pedestrian + 
202161,Lichtenberg,11010205,Falkenberg West,December,16,Wednesday,minor,5,Turning,Night,0,1,0,0,0,0,Dry,13.5206,52.56851,car + 
202162,Mitte,1033203,Humboldthain Nordwest,December,15,Wednesday,minor,5,Crossing,Daylight,0,1,0,0,0,0,Wet,13.3757,52.53795,car + 
202163,Marzahn-Hellersdorf,10010310,Alt-Marzahn,December,15,Wednesday,minor,2,Turning,Dawn,0,1,0,0,0,0,Dry,13.57163,52.54601,car + 
202164,Charlottenburg-Wilmersdorf,4030930,George-Grosz-Platz,December,15,Wednesday,minor,0,Stationary Traffic,Daylight,0,1,0,0,0,1,Dry,13.31913,52.50147,car + other
202165,Spandau,5030730,Zitadellenweg,December,15,Wednesday,serious,9,Driving,Daylight,0,1,0,0,0,0,Dry,13.22291,52.53722,car + 
202166,Spandau,5020523,Maulbeerallee,December,14,Wednesday,serious,5,Turning,Daylight,0,1,0,0,0,0,Dry,13.16265,52.52008,car + 
202167,Tempelhof-Schöneberg,7040404,Marienhöhe,December,13,Wednesday,minor,6,Overtaking,Daylight,0,1,1,0,0,0,Dry,13.36059,52.45381,car + pedestrian + 
202168,Charlottenburg-Wilmersdorf,4030417,Schloßstraße,December,13,Wednesday,minor,0,Overtaking,Daylight,1,0,1,0,0,0,Dry,13.28855,52.51308,bicycle + pedestrian + 
202169,Mitte,1011305,Heine-Viertel West,December,12,Wednesday,minor,5,Turning,Daylight,1,1,0,0,0,0,Dry,13.41648,52.51102,bicycle + car + 
202170,Neukölln,8020622,Parchimer Allee,December,12,Wednesday,minor,0,Turning,Daylight,0,1,0,0,0,1,Dry,13.43399,52.44345,car + other
202171,Pankow,3030715,Heinersdorf,December,7,Wednesday,minor,0,Stationary Traffic,Dawn,0,1,0,0,0,1,Dry,13.44561,52.56506,car + other
202172,Treptow-Köpenick,9020701,Adlershof West,December,7,Wednesday,minor,2,Turning,Dawn,0,1,0,0,0,0,Dry,13.53523,52.43215,car + 
202173,Charlottenburg-Wilmersdorf,4051655,Babelsberger Straße,December,6,Wednesday,minor,6,Turning,Night,0,1,1,0,0,0,Dry,13.33123,52.48603,car + pedestrian + 
202174,Reinickendorf,12302107,Schorfheidestraße,December,22,Wednesday,serious,6,Overtaking,Night,0,0,1,1,0,0,Dry,13.33968,52.59584,pedestrian + motorbike + 
202175,Mitte,1044201,Reinickendorfer Straße,December,19,Wednesday,minor,2,Stationary Traffic,Night,0,1,0,0,0,0,Dry,13.38225,52.55589,car + 
202176,Mitte,1011204,Leipziger Straße,December,17,Wednesday,minor,6,Turning,Night,1,0,1,0,0,0,Dry,13.40591,52.51123,bicycle + pedestrian + 
202177,Charlottenburg-Wilmersdorf,4030415,Schloßgarten,December,15,Wednesday,fatal,5,Crossing,Daylight,1,1,0,0,0,0,Dry,13.29976,52.52132,bicycle + car + 
202178,Treptow-Köpenick,9031001,Bohnsdorf,December,17,Tuesday,minor,6,Stationary Traffic,Night,0,1,1,0,0,0,Dry,13.57315,52.39442,car + pedestrian + 
202179,Reinickendorf,12214125,Waldidyll/Flughafensee,December,7,Tuesday,minor,2,Stationary Traffic,Daylight,0,1,0,0,0,0,Dry,13.29509,52.55062,car + 
202180,Mitte,1011203,Unter den Linden Süd,December,14,Tuesday,minor,3,Turning,Daylight,1,0,0,0,0,1,Dry,13.38665,52.51183,bicycle + other
202181,Reinickendorf,12214125,Waldidyll/Flughafensee,December,11,Tuesday,serious,6,Other,Daylight,0,1,1,0,1,1,Dry,13.29232,52.55382,car + pedestrian + truck + other
202182,Tempelhof-Schöneberg,7060601,Marienfelder Allee Nordwest,December,16,Tuesday,minor,6,Other,Night,0,0,1,0,0,1,Dry,13.3683,52.42419,pedestrian + other
202183,Charlottenburg-Wilmersdorf,4041134,Bismarckallee,December,15,Tuesday,minor,2,Stationary Traffic,Dawn,0,1,0,0,0,1,Dry,13.28491,52.49174,car + other
202184,Reinickendorf,12231101,Hermsdorf,December,15,Tuesday,minor,2,Turning,Dawn,0,1,0,0,0,0,Dry,13.30576,52.62047,car + 
202185,Mitte,1022201,Stephankiez,December,23,Tuesday,minor,5,Turning,Night,0,1,0,1,0,0,Dry,13.35209,52.53327,car + motorbike + 
202186,Tempelhof-Schöneberg,7070705,Franziusweg/Rohrbachstraße,December,14,Tuesday,minor,5,Crossing,Daylight,1,1,0,0,0,0,Dry,13.38833,52.39849,bicycle + car + 
202187,Charlottenburg-Wilmersdorf,4041137,Flinsberger Platz,December,13,Tuesday,minor,5,Crossing,Daylight,0,1,0,0,0,0,Dry,13.29367,52.48438,car + 
202188,Tempelhof-Schöneberg,7040403,Manteuffelstraße,December,13,Tuesday,minor,6,Turning,Daylight,0,1,1,0,0,0,Dry,13.37193,52.46968,car + pedestrian + 
202189,Lichtenberg,11030720,Herzbergstraße,December,13,Tuesday,minor,2,Stationary Traffic,Daylight,0,1,0,0,0,0,Dry,13.50464,52.53465,car + 
202190,Lichtenberg,11020412,Hauptstraße,December,12,Tuesday,minor,1,Paralle Traffic,Daylight,1,1,0,0,0,0,Wet,13.49987,52.5458,bicycle + car + 
202191,Treptow-Köpenick,9020701,Adlershof West,December,12,Tuesday,minor,5,Turning,Daylight,1,1,0,0,0,0,Wet,13.53511,52.43972,bicycle + car + 
202192,Mitte,1022104,Emdener Straße,December,12,Tuesday,minor,5,Turning,Daylight,1,1,0,0,0,0,Frozen,13.34309,52.52813,bicycle + car + 
202193,Spandau,5020626,Adamstraße,December,11,Tuesday,minor,1,Paralle Traffic,Daylight,0,1,0,1,0,0,Dry,13.19764,52.52331,car + motorbike + 
202194,Friedrichshain-Kreuzberg,2020205,Chamissokiez,December,10,Tuesday,minor,1,Paralle Traffic,Daylight,0,1,0,0,0,0,Wet,13.39562,52.48648,car + 
202195,Friedrichshain-Kreuzberg,2030402,Wrangelkiez,December,10,Tuesday,minor,6,Other,Daylight,0,1,1,0,0,0,Dry,13.44169,52.49869,car + pedestrian + 
202196,Charlottenburg-Wilmersdorf,4051446,Preußenpark,December,9,Tuesday,serious,5,Turning,Daylight,1,1,0,0,0,0,Dry,13.31424,52.49028,bicycle + car + 
202197,Spandau,5010314,Carl-Schurz-Straße,December,10,Tuesday,minor,2,Stationary Traffic,Daylight,0,1,0,0,0,0,Wet,13.20721,52.53888,car + 
202198,Pankow,3040513,Schönholz,December,9,Tuesday,minor,1,Paralle Traffic,Daylight,0,1,0,0,0,1,Dry,13.37712,52.57755,car + other
202199,Marzahn-Hellersdorf,10040932,Alt-Mahlsdorf,December,8,Tuesday,minor,7,Other,Daylight,1,0,0,0,0,0,Dry,13.62071,52.50917,bicycle + 
202200,Friedrichshain-Kreuzberg,2020203,Viktoriapark,December,22,Tuesday,minor,5,Crossing,Night,1,1,0,0,0,0,Wet,13.37929,52.4897,bicycle + car + 