id,district,lor,street,month,hour,weekday,injury,collision,movement,light_conditions,bicycle,car,pedestrian,motorbike,truck,other_vehicle,road_conditions,longitude,latitude,Combo_type
202201,Mitte,1022101,Huttenkiez,December,20,Tuesday,minor,5,Turning,Night,0,1,0,0,0,0,Dry,13.32838,52.53294,car + 
202202,Treptow-Köpenick,9020702,Adlershof Ost,December,20,Tuesday,minor,5,Turning,Night,0,1,0,0,0,0,Wet,13.55493,52.43266,car + 
202203,Friedrichshain-Kreuzberg,2020204,Urbanstraße,December,19,Tuesday,minor,6,Overtaking,Night,0,1,1,0,0,0,Dry,13.39918,52.49622,car + pedestrian + 
202204,Spandau,5010312,Kurstraße,December,19,Tuesday,minor,1,Paralle Traffic,Night,0,1,0,0,0,0,Dry,13.20923,52.53843,car + 
202205,Tempelhof-Schöneberg,7040401,Neu-Tempelhof,December,19,Tuesday,minor,1,Paralle Traffic,Night,0,1,0,0,0,0,Dry,13.37784,52.47743,car + 
202206,Mitte,1011105,Nördlicher Landwehrkanal,December,19,Tuesday,minor,5,Crossing,Night,0,1,0,1,0,0,Dry,13.37207,52.51125,car + motorbike + 
202207,Pankow,3040818,Pankow Süd,December,18,Tuesday,minor,2,Stationary Traffic,Night,0,1,0,0,0,0,Dry,13.4136,52.56657,car + 
202208,Charlottenburg-Wilmersdorf,4030931,Breitscheidplatz,December,17,Tuesday,minor,1,Paralle Traffic,Night,1,1,0,0,0,0,Wet,13.32721,52.503,bicycle + car + 
202209,Steglitz-Zehlendorf,6030502,Zehlendorf Süd,December,17,Tuesday,minor,6,Turning,Night,0,1,1,0,0,0,Dry,13.26758,52.40898,car + pedestrian + 
202210,Mitte,1022104,Emdener Straße,December,17,Tuesday,minor,1,Paralle Traffic,Night,1,1,0,0,0,1,Dry,13.34332,52.53128,bicycle + car + other
202211,Neukölln,8030829,Gropiusstadt Nord,December,16,Tuesday,serious,5,Crossing,Night,0,1,0,0,0,0,Dry,13.46521,52.42965,car + 
202212,Steglitz-Zehlendorf,6020301,Alt-Lankwitz,December,16,Tuesday,minor,5,Crossing,Dawn,1,1,0,0,0,0,Dry,13.36666,52.43544,bicycle + car + 
202213,Charlottenburg-Wilmersdorf,4020208,Kranzallee,December,7,Tuesday,serious,0,Driving,Night,1,0,0,0,0,0,Frozen,13.22799,52.50636,bicycle + 
202214,Tempelhof-Schöneberg,7030301,Friedenau,December,6,Tuesday,minor,5,Turning,Night,0,1,0,0,0,0,Wet,13.3326,52.46897,car + 
202215,Lichtenberg,11020412,Hauptstraße,December,4,Tuesday,minor,0,Turning,Night,1,0,0,0,0,1,Wet,13.51949,52.54472,bicycle + other
202216,Friedrichshain-Kreuzberg,2040503,Richard-Sorge-Viertel,December,16,Tuesday,minor,6,Overtaking,Night,0,1,1,0,0,0,Dry,13.4491,52.52198,car + pedestrian + 
202217,Lichtenberg,11030618,Fennpfuhl West,December,0,Tuesday,serious,9,Driving,Night,0,1,0,0,0,0,Wet,13.45883,52.52594,car + 
202218,Mitte,1022104,Emdener Straße,December,8,Tuesday,minor,0,Turning,Daylight,0,0,1,0,0,1,Dry,13.34331,52.5264,pedestrian + other
202219,Steglitz-Zehlendorf,6040810,Dahlem,December,8,Tuesday,minor,0,Driving,Daylight,1,0,0,0,0,0,Frozen,13.29666,52.46439,bicycle + 
202220,Charlottenburg-Wilmersdorf,4041137,Flinsberger Platz,December,7,Tuesday,minor,5,Turning,Daylight,0,1,0,0,0,0,Wet,13.28998,52.48223,car + 
202221,Pankow,3030406,Alt-Karow,December,7,Tuesday,minor,6,Other,Daylight,1,0,1,0,0,0,Dry,13.47174,52.6021,bicycle + pedestrian + 
202222,Charlottenburg-Wilmersdorf,4030415,Schloßgarten,December,7,Tuesday,minor,5,Turning,Dawn,0,1,0,0,0,0,Dry,13.2995,52.51967,car + 
202223,Reinickendorf,12214125,Waldidyll/Flughafensee,December,7,Tuesday,serious,5,Crossing,Night,0,1,0,0,1,0,Wet,13.30698,52.55502,car + truck + 
202224,Reinickendorf,12301203,Wittenau Süd,December,20,Monday,minor,2,Stationary Traffic,Night,0,1,0,0,0,0,Wet,13.32416,52.5878,car + 
202225,Treptow-Köpenick,9041402,Siedlung Kämmereiheide,December,17,Monday,minor,6,Stationary Traffic,Daylight,1,0,1,0,0,0,Dry,13.59412,52.44448,bicycle + pedestrian + 
202226,Mitte,1011201,Wilhelmstraße,December,9,Monday,minor,5,Crossing,Daylight,1,1,0,0,0,0,Wet,13.37928,52.50703,bicycle + car + 
202227,Neukölln,8020622,Parchimer Allee,December,12,Monday,minor,5,Crossing,Daylight,1,1,0,0,0,0,Dry,13.4374,52.44845,bicycle + car + 
202228,Spandau,5040936,Jägerallee,December,15,Monday,minor,2,Stationary Traffic,Dawn,0,1,0,0,0,0,Wet,13.13021,52.46405,car + 
202229,Reinickendorf,12214527,Alt-Tegel,December,21,Monday,minor,6,Overtaking,Night,0,1,1,0,0,0,Wet,13.28062,52.58695,car + pedestrian + 
202230,Steglitz-Zehlendorf,6010204,Munsterdamm,December,20,Monday,minor,0,Other,Night,1,1,0,0,0,0,Wet,13.35341,52.45203,bicycle + car + 
202231,Lichtenberg,11030720,Herzbergstraße,December,19,Monday,minor,3,Stationary Traffic,Night,0,1,0,0,0,0,Wet,13.50497,52.53453,car + 
202232,Friedrichshain-Kreuzberg,2020203,Viktoriapark,December,19,Monday,minor,6,Turning,Night,0,1,1,0,0,0,Wet,13.38251,52.485,car + pedestrian + 
202233,Tempelhof-Schöneberg,7040403,Manteuffelstraße,December,19,Monday,minor,6,Turning,Night,0,1,1,0,0,0,Wet,13.38548,52.46574,car + pedestrian + 
202234,Spandau,5030730,Zitadellenweg,December,20,Monday,minor,2,Stationary Traffic,Daylight,0,1,0,0,0,0,Wet,13.21417,52.53852,car + 
202235,Treptow-Köpenick,9020502,Oberschöneweide Ost,December,19,Monday,minor,5,Turning,Night,0,1,0,1,0,0,Wet,13.52105,52.46085,car + motorbike + 
202236,Friedrichshain-Kreuzberg,2050602,Samariterviertel,December,5,Monday,minor,0,Stationary Traffic,Night,0,1,0,1,0,0,Wet,13.45477,52.51581,car + motorbike + 
202237,Pankow,3071537,Kollwitzplatz,December,18,Wednesday,minor,5,Crossing,Night,1,1,0,0,0,0,Dry,13.42025,52.53814,bicycle + car + 
202238,Tempelhof-Schöneberg,7060601,Marienfelder Allee Nordwest,December,18,Monday,minor,6,Turning,Night,0,1,1,0,0,0,Wet,13.37312,52.42486,car + pedestrian + 
202239,Reinickendorf,12214421,Reinickes Hof,December,18,Monday,serious,6,Turning,Night,0,0,1,0,0,1,Wet,13.32977,52.56912,pedestrian + other
202240,Steglitz-Zehlendorf,6010205,Südende,December,17,Wednesday,minor,5,Turning,Night,0,1,0,0,0,0,Dry,13.34671,52.45001,car + 
202241,Neukölln,8010301,Reuterkiez,December,17,Wednesday,minor,5,Turning,Night,1,1,0,0,0,0,Dry,13.43265,52.48707,bicycle + car + 
202242,Reinickendorf,12302108,Märkisches Zentrum,December,18,Monday,serious,6,Turning,Night,0,1,1,0,0,0,Wet,13.34115,52.60009,car + pedestrian + 
202243,Neukölln,8010301,Reuterkiez,December,18,Monday,minor,6,Overtaking,Night,0,1,1,0,0,0,Wet,13.43072,52.48602,car + pedestrian + 
202244,Pankow,3071536,Teutoburger Platz,December,17,Wednesday,serious,9,Driving,Night,0,1,0,0,0,0,Dry,13.41215,52.53121,car + 
202245,Tempelhof-Schöneberg,7030303,Grazer Platz,December,17,Wednesday,minor,5,Turning,Night,1,1,0,0,0,0,Dry,13.33856,52.4667,bicycle + car + 
202246,Steglitz-Zehlendorf,6020409,Königsberger Straße,December,17,Monday,minor,5,Turning,Night,0,1,0,0,0,0,Wet,13.32264,52.42908,car + 
202247,Charlottenburg-Wilmersdorf,4030931,Breitscheidplatz,December,13,Wednesday,minor,2,Stationary Traffic,Daylight,1,1,0,0,0,1,Dry,13.33804,52.50192,bicycle + car + other
202248,Neukölln,8030830,Gropiusstadt Süd,December,17,Monday,minor,5,Turning,Night,0,1,0,0,0,1,Wet,13.44794,52.42626,car + other
202249,Charlottenburg-Wilmersdorf,4020311,Reichsstraße,December,11,Wednesday,minor,2,Stationary Traffic,Daylight,0,1,0,0,0,0,Dry,13.26041,52.51633,car + 
202250,Treptow-Köpenick,9030902,Wohngebiet II,December,10,Wednesday,minor,5,Crossing,Daylight,0,1,0,0,0,0,Dry,13.5312,52.40514,car + 
202251,Tempelhof-Schöneberg,7060603,Marienfelde Nordost,December,17,Monday,serious,2,Turning,Night,0,1,0,0,1,0,Wet,13.39223,52.41407,car + truck + 
202252,Tempelhof-Schöneberg,7010102,Nollendorfplatz,December,17,Monday,minor,5,Crossing,Night,0,1,0,0,0,1,Wet,13.34603,52.49602,car + other
202253,Treptow-Köpenick,9051901,Dammvorstadt,December,10,Wednesday,minor,6,Other,Daylight,0,1,1,0,0,0,Wet,13.57836,52.45746,car + pedestrian + 
202254,Spandau,5020419,Magistratsweg,December,9,Wednesday,minor,0,Driving,Daylight,0,0,0,1,0,0,Dry,13.15564,52.53295,motorbike + 
202255,Steglitz-Zehlendorf,6020409,Königsberger Straße,December,17,Monday,minor,2,Stationary Traffic,Night,0,1,0,0,0,0,Wet,13.327,52.43984,car + 
202256,Mitte,1011101,Stülerstraße,December,23,Tuesday,minor,2,Stationary Traffic,Night,0,1,0,0,0,0,Dry,13.35151,52.5096,car + 
202257,Neukölln,8010301,Reuterkiez,December,23,Tuesday,serious,6,Overtaking,Night,0,1,1,0,0,0,Dry,13.43381,52.48977,car + pedestrian + 
202258,Pankow,3051022,Hansastraße,December,16,Monday,serious,5,Turning,Night,0,1,0,1,0,0,Wet,13.47019,52.55361,car + motorbike + 
202259,Pankow,3020307,Buchholz,December,16,Monday,minor,5,Crossing,Night,0,1,0,0,0,1,Wet,13.42327,52.60458,car + other
202260,Treptow-Köpenick,9010401,Johannisthal West,December,20,Tuesday,minor,5,Turning,Night,1,1,0,0,0,0,Dry,13.50813,52.45294,bicycle + car + 
202261,Steglitz-Zehlendorf,6040808,Hüttenweg,December,19,Tuesday,minor,2,Turning,Night,0,1,0,0,0,0,Dry,13.27037,52.4499,car + 
202262,Spandau,5020523,Maulbeerallee,December,19,Tuesday,minor,5,Turning,Night,1,1,0,0,0,0,Dry,13.16269,52.52007,bicycle + car + 
202263,Marzahn-Hellersdorf,10020622,Kaulsdorf Nord I,December,17,Tuesday,minor,2,Stationary Traffic,Night,1,1,0,0,0,0,Dry,13.58779,52.52342,bicycle + car + 
202264,Charlottenburg-Wilmersdorf,4041137,Flinsberger Platz,December,16,Tuesday,minor,2,Stationary Traffic,Night,0,1,0,0,0,0,Dry,13.29613,52.48544,car + 
202265,Charlottenburg-Wilmersdorf,4030622,Richard-Wagner-Straße,December,15,Monday,minor,1,Paralle Traffic,Dawn,1,1,0,0,0,0,Wet,13.3031,52.51651,bicycle + car + 
202266,Neukölln,8041036,Zittauer Straße,December,16,Monday,minor,6,Turning,Night,0,1,1,0,0,0,Wet,13.48445,52.42316,car + pedestrian + 
202267,Mitte,1011305,Heine-Viertel West,December,16,Tuesday,minor,5,Crossing,Night,1,1,0,0,0,0,Dry,13.40889,52.51202,bicycle + car + 
202268,Marzahn-Hellersdorf,10020622,Kaulsdorf Nord I,December,16,Monday,minor,2,Stationary Traffic,Night,0,1,0,0,0,0,Wet,13.58789,52.52122,car + 
202269,Steglitz-Zehlendorf,6020306,Lankwitz Süd,December,16,Tuesday,minor,5,Crossing,Night,0,1,0,0,0,0,Wet,13.36726,52.42686,car + 
202270,Charlottenburg-Wilmersdorf,4030725,Amtsgerichtsplatz,December,15,Monday,minor,5,Crossing,Dawn,1,1,0,0,0,0,Wet,13.30001,52.50983,bicycle + car + 
202271,Charlottenburg-Wilmersdorf,4051447,Ludwigkirchplatz,December,15,Monday,minor,5,Crossing,Daylight,0,1,0,0,0,0,Dry,13.32083,52.49254,car + 
202272,Spandau,5010208,Germersheimer Platz,December,16,Tuesday,serious,6,Overtaking,Night,0,1,1,0,0,0,Dry,13.18956,52.55038,car + pedestrian + 
202273,Friedrichshain-Kreuzberg,2050801,Traveplatz,December,13,Monday,minor,5,Turning,Daylight,0,1,0,1,0,0,Dry,13.47182,52.5078,car + motorbike + 
202274,Mitte,1011302,Oranienburger Straße,December,13,Monday,minor,1,Paralle Traffic,Daylight,1,0,0,0,1,0,Dry,13.40789,52.52843,bicycle + truck + 
202275,Mitte,1022103,Westhafen,December,12,Monday,minor,2,Stationary Traffic,Daylight,0,1,0,0,0,1,Dry,13.32821,52.53509,car + other
202276,Marzahn-Hellersdorf,10010308,Marzahner Chaussee,December,10,Tuesday,serious,0,Other,Dawn,1,0,0,0,0,0,Dry,13.5208,52.53561,bicycle + 
202277,Reinickendorf,12103218,Teichstraße,December,5,Tuesday,minor,6,Turning,Night,0,1,1,0,0,0,Dry,13.35272,52.56777,car + pedestrian + 
202278,Neukölln,8030831,Gropiusstadt Ost,December,11,Monday,minor,0,Crossing,Daylight,0,1,0,1,0,0,Wet,13.46204,52.4225,car + motorbike + 
202279,Charlottenburg-Wilmersdorf,4051551,Brabanter Platz,December,11,Monday,minor,2,Stationary Traffic,Daylight,0,1,0,1,0,0,Dry,13.32031,52.47817,car + motorbike + 
202280,Tempelhof-Schöneberg,7020201,Bayerischer Platz,December,15,Tuesday,minor,5,Turning,Daylight,1,1,0,0,0,0,Dry,13.34475,52.48913,bicycle + car + 
202281,Marzahn-Hellersdorf,10040932,Alt-Mahlsdorf,December,11,Monday,serious,5,Crossing,Daylight,0,1,0,0,0,0,Dry,13.60247,52.51021,car + 
202282,Pankow,3040508,Rosenthal,December,9,Monday,serious,4,Stationary Traffic,Daylight,0,1,0,0,0,0,Dry,13.37012,52.59742,car + 
202283,Tempelhof-Schöneberg,7070704,Nahariyastraße,December,15,Tuesday,minor,5,Turning,Daylight,1,1,0,0,0,0,Dry,13.40887,52.39397,bicycle + car + 
202284,Tempelhof-Schöneberg,7070705,Franziusweg/Rohrbachstraße,December,13,Tuesday,minor,5,Crossing,Daylight,1,1,0,0,0,0,Wet,13.39769,52.3821,bicycle + car + 
202285,Friedrichshain-Kreuzberg,2010102,Mehringplatz,December,9,Monday,minor,5,Turning,Daylight,1,1,0,0,0,0,Dry,13.39754,52.50605,bicycle + car + 
202286,Treptow-Köpenick,9041302,Wendenschloß,December,9,Monday,minor,1,Paralle Traffic,Daylight,0,1,0,0,0,0,Dry,13.59147,52.42133,car + 
202287,Steglitz-Zehlendorf,6040703,Nikolassee,December,13,Tuesday,minor,0,Driving,Daylight,1,0,0,0,0,0,Wet,13.21857,52.42837,bicycle + 
202288,Marzahn-Hellersdorf,10020413,Gut Hellersdorf,December,13,Tuesday,minor,5,Crossing,Daylight,1,1,0,0,0,0,Dry,13.58877,52.54239,bicycle + car + 
202289,Pankow,3030715,Heinersdorf,December,7,Monday,serious,5,Crossing,Dawn,1,0,0,0,0,1,Wet,13.43937,52.56823,bicycle + other
202290,Charlottenburg-Wilmersdorf,4041344,Rüdesheimer Platz,December,7,Monday,minor,5,Crossing,Night,1,1,0,0,0,0,Dry,13.31982,52.46881,bicycle + car + 
202291,Neukölln,8010302,Bouchéstraße,December,6,Monday,minor,5,Crossing,Dawn,1,0,0,0,0,1,Dry,13.44004,52.4896,bicycle + other
202292,Charlottenburg-Wilmersdorf,4051550,Leon-Jessel-Platz,December,13,Tuesday,minor,5,Crossing,Daylight,1,0,0,0,0,0,Dry,13.31653,52.4893,bicycle + 
202293,Neukölln,8010405,Hertzbergplatz,December,6,Monday,minor,5,Crossing,Night,1,1,0,0,0,0,Dry,13.44959,52.47908,bicycle + car + 
202294,Charlottenburg-Wilmersdorf,4031032,Halensee,December,12,Tuesday,minor,5,Turning,Daylight,0,1,0,0,0,0,Dry,13.28683,52.49583,car + 
202295,Treptow-Köpenick,9051901,Dammvorstadt,December,6,Monday,minor,5,Turning,Night,1,0,0,0,0,1,Wet,13.55835,52.45577,bicycle + other
202296,Lichtenberg,11020412,Hauptstraße,December,6,Monday,minor,5,Crossing,Night,0,1,0,0,0,0,Dry,13.50849,52.55007,car + 
202297,Friedrichshain-Kreuzberg,2010101,Askanischer Platz,December,12,Tuesday,minor,0,Turning,Daylight,1,1,0,0,0,0,Dry,13.38786,52.50299,bicycle + car + 
202298,Pankow,3030711,Blankenburg,December,15,Monday,minor,5,Crossing,Dawn,0,1,0,0,0,1,Wet,13.45353,52.59133,car + other
202299,Mitte,1044203,Leopoldplatz,December,20,Sunday,minor,2,Stationary Traffic,Night,0,1,0,0,0,1,Wet,13.35729,52.55301,car + other
202300,Mitte,1044201,Reinickendorfer Straße,December,18,Sunday,minor,3,Stationary Traffic,Night,0,1,0,0,0,0,Wet,13.36164,52.54788,car + 
202301,Spandau,5030832,Rohrdamm,December,11,Tuesday,serious,6,Other,Daylight,0,1,1,0,0,0,Dry,13.27009,52.53642,car + pedestrian + 
202302,Lichtenberg,11040926,Weitlingstraße,December,11,Tuesday,minor,5,Crossing,Daylight,1,1,0,0,0,0,Dry,13.51137,52.50436,bicycle + car + 
202303,Tempelhof-Schöneberg,7010102,Nollendorfplatz,December,18,Sunday,minor,2,Stationary Traffic,Night,0,1,0,0,0,0,Wet,13.34664,52.50117,car + 
202304,Neukölln,8010211,Flughafenstraße,December,18,Sunday,minor,5,Other,Night,0,1,0,0,0,1,Dry,13.42494,52.48138,car + other
202305,Charlottenburg-Wilmersdorf,4020312,Branitzer Platz,December,9,Tuesday,minor,5,Crossing,Daylight,0,1,0,0,0,0,Wet,13.27165,52.51708,car + 
202306,Neukölln,8020727,Buckow Mitte,December,9,Tuesday,minor,5,Turning,Daylight,0,1,0,0,0,0,Wet,13.42765,52.42082,car + 
202307,Pankow,3040614,Pankow Zentrum,December,17,Sunday,minor,6,Overtaking,Night,0,1,1,0,0,0,Wet,13.3992,52.57076,car + pedestrian + 
202308,Mitte,1011104,Körnerstraße,December,16,Sunday,minor,5,Crossing,Night,0,1,0,0,0,0,Wet,13.36731,52.50456,car + 
202309,Treptow-Köpenick,9030901,Dorf Altglienicke,December,9,Tuesday,minor,5,Crossing,Daylight,1,1,0,0,0,0,Wet,13.52284,52.42345,bicycle + car + 
202310,Spandau,5010314,Carl-Schurz-Straße,December,16,Sunday,minor,3,Stationary Traffic,Night,0,1,0,0,0,0,Wet,13.20269,52.54015,car + 
202311,Steglitz-Zehlendorf,6040804,Krumme Lanke,December,16,Sunday,minor,1,Paralle Traffic,Night,0,1,0,0,0,0,Wet,13.23073,52.43594,car + 
202312,Charlottenburg-Wilmersdorf,4030929,Hindemithplatz,December,8,Tuesday,minor,0,Turning,Daylight,0,1,0,1,0,0,Wet,13.31188,52.50052,car + motorbike + 
202313,Neukölln,8010404,Rixdorf,December,7,Tuesday,minor,6,Turning,Night,0,1,1,0,0,0,Wet,13.45581,52.47378,car + pedestrian + 
202314,Pankow,3030406,Alt-Karow,December,15,Sunday,minor,5,Crossing,Dawn,0,1,0,0,0,0,Wet,13.47289,52.617,car + 
202315,Steglitz-Zehlendorf,6040703,Nikolassee,December,15,Sunday,minor,3,Stationary Traffic,Daylight,0,1,0,0,0,0,Wet,13.2241,52.42949,car + 
202316,Charlottenburg-Wilmersdorf,4030415,Schloßgarten,December,13,Sunday,minor,5,Paralle Traffic,Daylight,0,1,0,0,0,0,Wet,13.2881,52.51889,car + 
202317,Neukölln,8020727,Buckow Mitte,December,8,Tuesday,minor,6,Overtaking,Daylight,0,1,1,0,0,0,Wet,13.4326,52.41525,car + pedestrian + 
202318,Tempelhof-Schöneberg,7040406,Germaniagarten,December,14,Sunday,minor,3,Stationary Traffic,Daylight,0,1,0,0,0,0,Wet,13.41554,52.45922,car + 
202319,Reinickendorf,12302109,Treuenbrietzener Straße,December,7,Tuesday,minor,2,Turning,Daylight,0,1,0,1,0,0,Wet,13.36803,52.6027,car + motorbike + 
202320,Spandau,5020626,Adamstraße,December,3,Sunday,serious,9,Driving,Night,0,1,0,0,0,0,Wet,13.17736,52.52536,car + 
202321,Neukölln,8010118,Silbersteinstraße,December,3,Sunday,minor,9,Driving,Night,0,1,0,0,0,0,Dry,13.43165,52.4664,car + 
202322,Marzahn-Hellersdorf,10040933,Mahlsdorf Süd,December,7,Tuesday,minor,5,Turning,Daylight,0,1,0,0,0,1,Wet,13.60027,52.47557,car + other
202323,Treptow-Köpenick,9010402,Johannisthal Ost,December,7,Tuesday,minor,6,Overtaking,Night,0,1,1,0,0,0,Wet,13.50722,52.43841,car + pedestrian + 
202324,Pankow,3071638,Winsstraße,December,7,Sunday,minor,0,Other,Daylight,0,0,0,1,0,1,Wet,13.42298,52.53528,motorbike + other
202325,Marzahn-Hellersdorf,10040828,Kaulsdorf Nord,December,6,Tuesday,minor,4,Stationary Traffic,Night,1,1,0,0,0,0,Wet,13.58115,52.5133,bicycle + car + 
202326,Reinickendorf,12231101,Hermsdorf,December,0,Sunday,serious,6,Overtaking,Night,0,1,1,0,0,0,Wet,13.3043,52.61953,car + pedestrian + 
202327,Tempelhof-Schöneberg,7060604,Marienfelde Süd,December,17,Saturday,serious,5,Turning,Night,0,1,0,0,0,0,Dry,13.36141,52.41245,car + 
202328,Tempelhof-Schöneberg,7040401,Neu-Tempelhof,December,9,Tuesday,serious,6,Crossing,Daylight,0,0,1,0,0,1,Dry,13.38436,52.48214,pedestrian + other
202329,Lichtenberg,11030619,Fennpfuhl Ost,December,16,Tuesday,fatal,6,Overtaking,Night,0,1,1,0,0,0,Dry,13.47798,52.5331,car + pedestrian + 
202330,Spandau,5030730,Zitadellenweg,December,17,Saturday,serious,1,Paralle Traffic,Night,0,1,0,0,0,0,Wet,13.22618,52.53767,car + 
202331,Tempelhof-Schöneberg,7070703,John-Locke-Straße,December,17,Saturday,minor,6,Overtaking,Night,0,1,1,0,0,0,Wet,13.406,52.38666,car + pedestrian + 
202332,Reinickendorf,12224230,Heiligensee,December,11,Tuesday,fatal,9,Driving,Daylight,0,1,0,0,0,0,Dry,13.21423,52.60985,car + 
202333,Pankow,3040614,Pankow Zentrum,December,17,Monday,minor,4,Paralle Traffic,Daylight,0,1,0,0,0,1,Dry,13.39993,52.56571,car + other
202334,Marzahn-Hellersdorf,10010203,Gewerbegebiet Bitterfelder Straße,December,17,Saturday,minor,6,Overtaking,Night,0,0,1,0,0,1,Wet,13.53626,52.53975,pedestrian + other
202335,Reinickendorf,12231101,Hermsdorf,December,17,Saturday,serious,5,Turning,Night,0,1,0,1,0,0,Wet,13.31133,52.62758,car + motorbike + 
202336,Pankow,3030711,Blankenburg,December,6,Monday,minor,2,Stationary Traffic,Night,0,1,0,0,0,0,Dry,13.4543,52.58926,car + 
202337,Spandau,5030730,Zitadellenweg,December,16,Saturday,minor,2,Stationary Traffic,Night,0,1,0,0,0,0,Dry,13.21307,52.53844,car + 
202338,Mitte,1022102,Beusselkiez,December,23,Monday,minor,2,Stationary Traffic,Night,0,1,0,0,0,0,Wet,13.32855,52.53095,car + 
202339,Tempelhof-Schöneberg,7070701,Kettinger Straße/Schillerstraße,December,15,Saturday,minor,5,Crossing,Daylight,0,1,0,0,0,0,Dry,13.39962,52.3968,car + 
202340,Marzahn-Hellersdorf,10030727,Biesdorf Süd,December,21,Saturday,minor,2,Stationary Traffic,Night,0,1,0,0,0,0,Wet,13.5617,52.50436,car + 
202341,Charlottenburg-Wilmersdorf,4020311,Reichsstraße,December,21,Monday,serious,0,Driving,Night,1,0,0,0,0,0,Wet,13.24937,52.52361,bicycle + 
202342,Mitte,1044202,Sparrplatz,December,21,Monday,minor,5,Crossing,Night,0,1,0,0,0,0,Wet,13.36018,52.54431,car + 
202343,Charlottenburg-Wilmersdorf,4051655,Babelsberger Straße,December,20,Saturday,serious,6,Overtaking,Night,0,1,1,0,0,0,Wet,13.33043,52.4787,car + pedestrian + 
202344,Pankow,3020210,Herthaplatz,December,12,Saturday,minor,0,Paralle Traffic,Daylight,0,1,0,0,0,1,Wet,13.40908,52.59026,car + other
202345,Reinickendorf,12304313,Borsigwalde,December,21,Monday,minor,6,Turning,Night,0,1,1,0,0,0,Wet,13.30556,52.58191,car + pedestrian + 
202346,Friedrichshain-Kreuzberg,2020205,Chamissokiez,December,20,Monday,minor,0,Driving,Night,1,0,0,0,0,0,Wet,13.40069,52.48425,bicycle + 
202347,Charlottenburg-Wilmersdorf,4030931,Breitscheidplatz,December,11,Saturday,minor,6,Overtaking,Daylight,0,1,1,0,0,0,Wet,13.33711,52.50389,car + pedestrian + 
202348,Reinickendorf,12214527,Alt-Tegel,December,11,Saturday,minor,5,Turning,Daylight,0,1,0,0,0,0,Dry,13.28424,52.59443,car + 
202349,Charlottenburg-Wilmersdorf,4030931,Breitscheidplatz,December,19,Monday,minor,5,Other,Night,1,1,0,0,0,0,Wet,13.33761,52.50153,bicycle + car + 
202350,Mitte,1033201,Brunnenstraße,December,19,Monday,minor,6,Turning,Night,0,1,1,0,0,0,Wet,13.39376,52.54127,car + pedestrian + 
202351,Charlottenburg-Wilmersdorf,4030931,Breitscheidplatz,December,11,Saturday,minor,2,Stationary Traffic,Daylight,0,1,0,0,0,0,Wet,13.33117,52.50259,car + 
202352,Neukölln,8010404,Rixdorf,December,6,Saturday,minor,6,Turning,Night,0,1,1,0,0,0,Wet,13.44808,52.47774,car + pedestrian + 
202353,Spandau,5020524,Weinmeisterhornweg,December,4,Saturday,minor,5,Crossing,Night,0,1,0,0,0,0,Wet,13.17161,52.51103,car + 
202354,Charlottenburg-Wilmersdorf,4030623,Ernst-Reuter-Platz,December,16,Monday,minor,3,Stationary Traffic,Night,1,1,0,0,0,0,Dry,13.32743,52.50548,bicycle + car + 
202355,Steglitz-Zehlendorf,6030610,Lichterfelde West,December,7,Monday,minor,5,Turning,Dawn,0,1,0,0,0,1,Dry,13.29707,52.44262,car + other
202356,Charlottenburg-Wilmersdorf,4041343,Binger Straße,December,9,Saturday,minor,5,Turning,Daylight,1,1,0,0,0,0,Wet,13.31035,52.479,bicycle + car + 
202357,Mitte,1011201,Wilhelmstraße,December,1,Saturday,minor,8,Driving,Night,0,1,0,0,0,0,Wet,13.37683,52.5094,car + 
202358,Mitte,1044201,Reinickendorfer Straße,December,9,Monday,minor,0,Crossing,Daylight,0,1,0,1,0,0,Dry,13.37187,52.55407,car + motorbike + 
202359,Friedrichshain-Kreuzberg,2010102,Mehringplatz,December,6,Monday,minor,5,Crossing,Night,0,1,0,0,0,1,Dry,13.39596,52.49829,car + other
202360,Lichtenberg,11041023,Gensinger Straße,December,19,Saturday,serious,6,Overtaking,Night,0,1,1,0,0,0,Wet,13.5227,52.51322,car + pedestrian + 
202361,Neukölln,8010118,Silbersteinstraße,December,19,Saturday,minor,5,Crossing,Night,0,1,0,0,0,1,Wet,13.43302,52.46473,car + other
202362,Treptow-Köpenick,9020701,Adlershof West,December,5,Monday,minor,5,Crossing,Night,1,1,0,0,0,0,Wet,13.52674,52.43765,bicycle + car + 
202363,Mitte,1044201,Reinickendorfer Straße,December,19,Saturday,minor,5,Turning,Night,0,1,0,0,0,0,Wet,13.3771,52.55374,car + 
202364,Mitte,1044101,Rehberge,December,18,Monday,minor,3,Stationary Traffic,Night,1,1,0,0,0,0,Wet,13.35025,52.55154,bicycle + car + 
202365,Friedrichshain-Kreuzberg,2010102,Mehringplatz,December,18,Saturday,minor,2,Stationary Traffic,Night,0,1,0,1,0,0,Wet,13.39456,52.50584,car + motorbike + 