id,district,lor,street,month,hour,weekday,injury,collision,movement,light_conditions,bicycle,car,pedestrian,motorbike,truck,other_vehicle,road_conditions,longitude,latitude,Combo_type
202366,Neukölln,8010404,Rixdorf,December,18,Saturday,minor,1,Paralle Traffic,Night,1,1,0,0,0,0,Wet,13.44873,52.47735,bicycle + car + 
202367,Steglitz-Zehlendorf,6020305,Gemeindepark Lankwitz,December,18,Monday,minor,2,Stationary Traffic,Night,0,1,0,1,0,0,Dry,13.34583,52.42876,car + motorbike + 
202368,Reinickendorf,12214424,Scharnweberstraße,December,17,Monday,minor,5,Crossing,Night,1,1,0,0,0,0,Wet,13.31736,52.56662,bicycle + car + 
202369,Lichtenberg,11040926,Weitlingstraße,December,18,Saturday,minor,2,Stationary Traffic,Night,0,1,0,0,0,0,Wet,13.51455,52.50555,car + 
202370,Neukölln,8010211,Flughafenstraße,December,18,Saturday,minor,2,Stationary Traffic,Night,0,1,0,0,0,0,Dry,13.43188,52.48163,car + 
202371,Mitte,1044102,Schillerpark,December,17,Monday,minor,5,Other,Night,0,1,0,1,0,0,Wet,13.3573,52.55995,car + motorbike + 
202372,Lichtenberg,11010310,Mühlengrund,December,17,Monday,minor,2,Stationary Traffic,Night,0,1,0,0,0,0,Wet,13.51197,52.56595,car + 
202373,Spandau,5010339,Freiheit,December,18,Saturday,minor,5,Turning,Night,1,1,0,0,0,0,Wet,13.24509,52.52484,bicycle + car + 
202374,Friedrichshain-Kreuzberg,2020203,Viktoriapark,December,20,Friday,minor,6,Overtaking,Night,0,0,1,0,0,1,Dry,13.38221,52.48489,pedestrian + other
202375,Marzahn-Hellersdorf,10010311,Landsberger Tor,December,16,Monday,minor,2,Stationary Traffic,Night,0,1,0,0,0,0,Frozen,13.57816,52.54775,car + 
202376,Treptow-Köpenick,9030901,Dorf Altglienicke,December,20,Friday,minor,6,Overtaking,Night,0,0,1,0,0,1,Wet,13.52612,52.423,pedestrian + other
202377,Neukölln,8041037,Alt-Rudow,December,14,Monday,serious,0,Crossing,Daylight,0,0,0,1,0,1,Wet,13.48996,52.4213,motorbike + other
202378,Friedrichshain-Kreuzberg,2020204,Urbanstraße,December,13,Monday,minor,2,Stationary Traffic,Daylight,0,1,0,0,0,0,Dry,13.39521,52.4944,car + 
202379,Reinickendorf,12224230,Heiligensee,December,20,Friday,serious,4,Stationary Traffic,Night,1,0,0,0,0,0,Dry,13.24174,52.59871,bicycle + 
202380,Pankow,3071639,Bötzowstraße,December,12,Monday,minor,9,Driving,Daylight,0,1,0,0,0,1,Wet,13.43697,52.52957,car + other
202381,Tempelhof-Schöneberg,7010102,Nollendorfplatz,December,16,Friday,minor,6,Overtaking,Night,1,0,1,0,0,0,Wet,13.34819,52.50237,bicycle + pedestrian + 
202382,Charlottenburg-Wilmersdorf,4051549,Rathaus Wilmersdorf,December,9,Monday,minor,2,Stationary Traffic,Daylight,0,1,0,0,0,0,Dry,13.32054,52.48622,car + 
202383,Marzahn-Hellersdorf,10010308,Marzahner Chaussee,December,18,Sunday,minor,5,Crossing,Night,0,1,0,0,0,1,Wet,13.51747,52.53535,car + other
202384,Steglitz-Zehlendorf,6030609,Augustaplatz,December,17,Friday,minor,6,Turning,Night,0,1,1,0,0,0,Wet,13.31561,52.44309,car + pedestrian + 
202385,Reinickendorf,12302212,Rollbergesiedlung,December,17,Friday,minor,6,Overtaking,Night,0,1,1,0,0,0,Wet,13.33389,52.61051,car + pedestrian + 
202386,Charlottenburg-Wilmersdorf,4051446,Preußenpark,December,2,Sunday,minor,5,Crossing,Night,0,1,0,0,0,0,Wet,13.31805,52.49626,car + 
202387,Treptow-Köpenick,9052001,Köpenick Nord,December,17,Friday,minor,6,Overtaking,Night,0,1,1,0,0,0,Wet,13.579,52.45912,car + pedestrian + 
202388,Mitte,1011402,Arkonaplatz,December,17,Friday,minor,0,Turning,Night,0,1,1,0,0,0,Wet,13.39886,52.53272,car + pedestrian + 
202389,Reinickendorf,12103219,Schäfersee,December,17,Friday,minor,6,Turning,Night,0,1,1,0,0,0,Wet,13.36249,52.56725,car + pedestrian + 
202390,Pankow,3050924,Behaimstraße,December,17,Friday,minor,6,Overtaking,Night,0,1,1,0,0,0,Wet,13.44609,52.55004,car + pedestrian + 
202391,Charlottenburg-Wilmersdorf,4051551,Brabanter Platz,December,15,Friday,minor,5,Turning,Dawn,1,1,0,0,0,0,Wet,13.32015,52.47876,bicycle + car + 
202392,Neukölln,8041040,Waltersdorfer Chaussee Ost,December,17,Sunday,serious,1,Paralle Traffic,Night,0,1,0,0,1,0,Wet,13.49887,52.41682,car + truck + 
202393,Charlottenburg-Wilmersdorf,4041344,Rüdesheimer Platz,December,19,Sunday,minor,5,Crossing,Night,1,1,0,0,0,0,Wet,13.31154,52.46838,bicycle + car + 
202394,Marzahn-Hellersdorf,10010310,Alt-Marzahn,December,16,Friday,minor,5,Crossing,Night,1,1,0,0,0,0,Wet,13.57072,52.54463,bicycle + car + 
202395,Neukölln,8020727,Buckow Mitte,December,16,Friday,minor,2,Stationary Traffic,Night,0,1,0,0,0,0,Wet,13.43048,52.42156,car + 
202396,Steglitz-Zehlendorf,6030609,Augustaplatz,December,16,Friday,minor,8,Driving,Night,0,1,0,0,0,0,Wet,13.31138,52.43484,car + 
202397,Reinickendorf,12214125,Waldidyll/Flughafensee,December,19,Sunday,minor,2,Stationary Traffic,Night,0,1,0,0,0,0,Dry,13.2953,52.54999,car + 
202398,Mitte,1044201,Reinickendorfer Straße,December,16,Friday,minor,2,Stationary Traffic,Night,0,1,0,0,0,1,Wet,13.3737,52.554,car + other
202399,Steglitz-Zehlendorf,6040807,Zehlendorf Eiche,December,17,Sunday,minor,5,Crossing,Night,0,1,0,0,0,0,Wet,13.26305,52.43924,car + 
202400,Steglitz-Zehlendorf,6030503,Zehlendorf Mitte,December,12,Friday,serious,2,Other,Daylight,0,1,0,0,0,0,Wet,13.28221,52.4402,car + 
202401,Treptow-Köpenick,9051901,Dammvorstadt,December,22,Friday,minor,6,Turning,Night,0,1,1,0,0,0,Wet,13.59336,52.4517,car + pedestrian + 
202402,Steglitz-Zehlendorf,6040804,Krumme Lanke,December,17,Sunday,minor,6,Other,Night,1,0,1,0,0,0,Wet,13.23212,52.43752,bicycle + pedestrian + 
202403,Friedrichshain-Kreuzberg,2010103,Moritzplatz,December,21,Friday,minor,6,Turning,Night,0,1,1,0,0,0,Wet,13.4065,52.50263,car + pedestrian + 
202404,Charlottenburg-Wilmersdorf,4030519,Kaiserin-Augusta-Allee,December,20,Friday,minor,5,Other,Night,0,1,0,0,0,1,Wet,13.31072,52.52946,car + other
202405,Marzahn-Hellersdorf,10010310,Alt-Marzahn,December,19,Friday,minor,2,Stationary Traffic,Night,0,1,0,0,0,0,Wet,13.56515,52.54479,car + 
202406,Charlottenburg-Wilmersdorf,4010101,Jungfernheide,December,16,Sunday,minor,5,Crossing,Night,0,1,0,0,0,0,Dry,13.29478,52.53963,car + 
202407,Treptow-Köpenick,9020701,Adlershof West,December,19,Friday,minor,5,Crossing,Night,0,1,0,0,0,0,Wet,13.5266,52.42647,car + 
202408,Steglitz-Zehlendorf,6010207,Mittelstraße,December,19,Friday,minor,5,Crossing,Night,0,1,0,0,0,0,Wet,13.31959,52.45268,car + 
202409,Neukölln,8010301,Reuterkiez,December,14,Sunday,minor,5,Crossing,Daylight,1,1,0,0,0,0,Wet,13.4276,52.49017,bicycle + car + 
202410,Neukölln,8010214,Glasower Straße,December,19,Friday,minor,2,Stationary Traffic,Night,0,1,0,0,0,0,Wet,13.44288,52.46499,car + 
202411,Neukölln,8041038,Waßmannsdorfer Chaussee,December,14,Sunday,serious,5,Turning,Daylight,0,1,0,0,0,0,Wet,13.50345,52.41162,car + 
202412,Tempelhof-Schöneberg,7020203,Kaiser-Wilhelm-Platz,December,19,Friday,minor,0,Overtaking,Night,1,0,1,0,0,0,Wet,13.34564,52.48475,bicycle + pedestrian + 
202413,Charlottenburg-Wilmersdorf,4020310,Park Ruhwald,December,18,Friday,minor,2,Stationary Traffic,Night,0,1,0,0,0,0,Wet,13.28331,52.51867,car + 
202414,Charlottenburg-Wilmersdorf,5030833,Motardstraße,December,13,Sunday,minor,2,Stationary Traffic,Daylight,0,1,0,0,0,0,Wet,13.28205,52.53381,car + 
202415,Reinickendorf,12214125,Waldidyll/Flughafensee,December,11,Sunday,minor,5,Turning,Daylight,0,1,0,0,0,0,Wet,13.29793,52.57818,car + 
202416,Reinickendorf,12304314,Ziekowstraße/Freie Scholle,December,18,Friday,minor,6,Overtaking,Night,0,1,1,0,0,0,Wet,13.30145,52.59973,car + pedestrian + 
202417,Charlottenburg-Wilmersdorf,4031032,Halensee,December,18,Friday,minor,0,Other,Night,0,1,0,0,0,0,Wet,13.29646,52.49971,car + 
202418,Treptow-Köpenick,9010401,Johannisthal West,December,6,Sunday,minor,8,Driving,Night,0,1,0,0,0,0,Frozen,13.49744,52.45812,car + 
202419,Charlottenburg-Wilmersdorf,4030623,Ernst-Reuter-Platz,December,5,Sunday,minor,9,Driving,Night,0,1,0,0,0,0,Wet,13.32584,52.50931,car + 
202420,Charlottenburg-Wilmersdorf,4041241,Breite Straße,December,18,Friday,serious,6,Overtaking,Night,1,0,1,0,0,0,Wet,13.29312,52.47455,bicycle + pedestrian + 
202421,Spandau,5030833,Motardstraße,December,16,Friday,serious,6,Turning,Night,0,1,1,0,0,0,Wet,13.26498,52.53655,car + pedestrian + 
202422,Charlottenburg-Wilmersdorf,4030929,Hindemithplatz,December,16,Friday,serious,0,Other,Night,1,0,0,0,0,0,Wet,13.31262,52.50332,bicycle + 
202423,Treptow-Köpenick,9041301,Kietzer Feld/Nachtheide,December,5,Sunday,minor,9,Driving,Night,0,1,0,0,0,0,Wet,13.61634,52.42925,car + 
202424,Friedrichshain-Kreuzberg,2050801,Traveplatz,December,14,Friday,minor,5,Crossing,Daylight,0,1,0,0,0,0,Wet,13.45945,52.51248,car + 
202425,Mitte,1011304,Karl-Marx-Allee,December,1,Sunday,serious,5,Crossing,Night,1,1,0,0,0,0,Wet,13.41807,52.51537,bicycle + car + 
202426,Treptow-Köpenick,9030902,Wohngebiet II,December,14,Friday,minor,5,Turning,Daylight,1,1,0,0,0,0,Wet,13.52828,52.40259,bicycle + car + 
202427,Charlottenburg-Wilmersdorf,4041134,Bismarckallee,December,10,Friday,minor,5,Crossing,Daylight,1,1,0,0,0,0,Wet,13.27633,52.49059,bicycle + car + 
202428,Pankow,3030715,Heinersdorf,December,12,Sunday,minor,2,Stationary Traffic,Daylight,0,1,0,0,0,0,Dry,13.44466,52.57847,car + 
202429,Lichtenberg,11040926,Weitlingstraße,December,9,Friday,minor,5,Crossing,Daylight,0,1,0,0,0,0,Wet,13.49014,52.50482,car + 
202430,Charlottenburg-Wilmersdorf,4041136,Hagenplatz,December,9,Friday,minor,6,Overtaking,Daylight,0,1,1,0,0,0,Wet,13.2811,52.47701,car + pedestrian + 
202431,Neukölln,8010213,Körnerpark,December,8,Friday,minor,5,Other,Daylight,1,1,0,0,0,0,Dry,13.43491,52.47148,bicycle + car + 
202432,Lichtenberg,11030720,Herzbergstraße,December,0,Sunday,fatal,6,Overtaking,Night,0,1,1,0,0,0,Wet,13.51448,52.53516,car + pedestrian + 
202433,Neukölln,8010302,Bouchéstraße,December,14,Saturday,serious,5,Other,Daylight,0,1,0,1,0,0,Wet,13.44212,52.48853,car + motorbike + 
202434,Friedrichshain-Kreuzberg,2020206,Graefekiez,December,8,Friday,minor,0,Driving,Daylight,1,0,0,0,0,0,Dry,13.4217,52.4893,bicycle + 
202435,Neukölln,8041036,Zittauer Straße,December,14,Monday,minor,5,Crossing,Daylight,0,1,0,0,0,0,Dry,13.48987,52.41997,car + 
202436,Neukölln,8010211,Flughafenstraße,December,13,Monday,minor,1,Paralle Traffic,Daylight,1,1,0,0,0,0,Dry,13.42913,52.4813,bicycle + car + 
202437,Reinickendorf,12103117,Letteplatz,December,11,Monday,minor,5,Crossing,Daylight,0,1,0,0,0,0,Dry,13.37842,52.56609,car + 
202438,Neukölln,8010303,Donaustraße,December,10,Monday,minor,5,Turning,Daylight,0,1,0,1,0,0,Dry,13.43374,52.48204,car + motorbike + 
202439,Charlottenburg-Wilmersdorf,4010102,Plötzensee,December,8,Monday,minor,6,Overtaking,Daylight,0,0,1,1,0,0,Dry,13.31844,52.54649,pedestrian + motorbike + 
202440,Steglitz-Zehlendorf,6020410,Oberhofer Platz,December,21,Monday,serious,5,Crossing,Night,0,1,0,0,1,0,Dry,13.3313,52.42004,car + truck + 
202441,Treptow-Köpenick,9020501,Oberschöneweide West,December,6,Monday,serious,0,Driving,Night,1,0,0,0,0,0,Dry,13.51332,52.46738,bicycle + 
202442,Neukölln,8030831,Gropiusstadt Ost,December,16,Sunday,minor,6,Other,Night,0,1,1,0,0,0,Dry,13.46277,52.42367,car + pedestrian + 
202443,Lichtenberg,11040925,Victoriastadt,December,15,Sunday,minor,5,Crossing,Daylight,0,1,0,0,0,0,Dry,13.4713,52.5051,car + 
202444,Charlottenburg-Wilmersdorf,4041238,Kissinger Straße,December,14,Sunday,minor,2,Stationary Traffic,Daylight,0,1,0,0,0,0,Dry,13.29649,52.48533,car + 
202445,Steglitz-Zehlendorf,6020303,Lankwitz Kirche,December,4,Sunday,minor,5,Crossing,Night,0,1,0,0,0,0,Dry,13.35006,52.43427,car + 
202446,Charlottenburg-Wilmersdorf,4030827,Karl-August-Platz,December,2,Sunday,minor,1,Paralle Traffic,Night,0,1,0,0,0,0,Dry,13.30528,52.50671,car + 
202447,Lichtenberg,11010205,Falkenberg West,December,21,Saturday,serious,6,Overtaking,Night,0,1,1,0,0,0,Dry,13.5278,52.55674,car + pedestrian + 
202448,Mitte,1011302,Oranienburger Straße,December,21,Saturday,minor,1,Paralle Traffic,Night,0,1,0,0,0,1,Dry,13.40328,52.52803,car + other
202449,Neukölln,8010510,Gewerbegebiet Köllnische Heide,December,20,Saturday,minor,2,Turning,Night,0,1,0,0,0,0,Wet,13.46356,52.46348,car + 
202450,Mitte,1044201,Reinickendorfer Straße,December,17,Saturday,minor,6,Other,Night,0,1,1,0,0,0,Dry,13.37915,52.55302,car + pedestrian + 
202451,Mitte,1022205,Zillesiedlung,December,16,Saturday,minor,0,Driving,Night,1,0,0,0,0,0,Dry,13.36425,52.5277,bicycle + 
202452,Tempelhof-Schöneberg,7040405,Rathaus Tempelhof,December,17,Saturday,minor,6,Overtaking,Night,0,1,1,0,0,0,Dry,13.38725,52.45931,car + pedestrian + 
202453,Friedrichshain-Kreuzberg,2040502,Friedenstraße,December,15,Saturday,minor,6,Crossing,Daylight,1,0,1,0,0,0,Dry,13.43367,52.52332,bicycle + pedestrian + 
202454,Steglitz-Zehlendorf,6010205,Südende,December,14,Saturday,minor,6,Overtaking,Daylight,0,1,1,0,0,0,Dry,13.35467,52.44862,car + pedestrian + 
202455,Neukölln,8020623,Ortolanweg,December,13,Saturday,minor,5,Crossing,Daylight,0,1,0,0,0,1,Dry,13.45921,52.44502,car + other
202456,Mitte,1011303,Alexanderplatzviertel,December,12,Saturday,minor,5,Crossing,Daylight,0,0,0,0,0,1,Dry,13.40301,52.52143,other
202457,Charlottenburg-Wilmersdorf,4030417,Schloßstraße,December,12,Saturday,minor,5,Other,Daylight,0,1,0,1,0,0,Dry,13.30048,52.51707,car + motorbike + 
202458,Neukölln,8010301,Reuterkiez,December,12,Saturday,minor,6,Overtaking,Daylight,0,1,1,0,0,0,Dry,13.43212,52.48552,car + pedestrian + 
202459,Friedrichshain-Kreuzberg,2030302,Lausitzer Platz,December,7,Saturday,minor,5,Crossing,Night,1,1,0,0,0,0,Dry,13.43758,52.50038,bicycle + car + 
202460,Neukölln,8010301,Reuterkiez,December,23,Saturday,serious,0,Driving,Night,1,0,0,0,0,0,Dry,13.43176,52.48764,bicycle + 
202461,Mitte,1011305,Heine-Viertel West,December,0,Saturday,serious,5,Crossing,Night,0,1,0,0,0,1,Dry,13.41642,52.51093,car + other
202462,Charlottenburg-Wilmersdorf,4030620,Alt-Lietzow,December,0,Friday,serious,8,Driving,Night,0,1,0,0,0,0,Wet,13.31502,52.51465,car + 
202463,Mitte,1022103,Westhafen,December,16,Friday,minor,5,Crossing,Night,1,1,0,0,0,0,Dry,13.35232,52.53648,bicycle + car + 
202464,Friedrichshain-Kreuzberg,2020206,Graefekiez,December,13,Friday,minor,0,Other,Daylight,0,1,0,0,0,0,Dry,13.41207,52.4884,car + 
202465,Treptow-Köpenick,9052001,Köpenick Nord,December,10,Friday,minor,3,Stationary Traffic,Daylight,1,1,0,0,0,0,Wet,13.57593,52.46377,bicycle + car + 
202466,Tempelhof-Schöneberg,7030303,Grazer Platz,December,10,Friday,minor,0,Crossing,Daylight,0,0,0,1,0,1,Wet,13.34434,52.46485,motorbike + other
202467,Friedrichshain-Kreuzberg,2020204,Urbanstraße,December,9,Friday,minor,8,Driving,Daylight,0,1,0,0,0,0,Wet,13.40045,52.49021,car + 
202468,Charlottenburg-Wilmersdorf,4041134,Bismarckallee,December,7,Friday,minor,5,Crossing,Dawn,1,0,0,0,0,1,Dry,13.28422,52.48529,bicycle + other
202469,Mitte,1011103,Lützowstraße,December,21,Friday,minor,2,Stationary Traffic,Night,0,1,0,0,0,0,Wet,13.35958,52.5039,car + 
202470,Spandau,5010311,Eiswerder,December,20,Friday,minor,6,Turning,Night,0,1,1,0,0,0,Wet,13.2075,52.55409,car + pedestrian + 
202471,Charlottenburg-Wilmersdorf,4041344,Rüdesheimer Platz,December,19,Friday,minor,1,Paralle Traffic,Night,1,1,0,0,0,0,Dry,13.31435,52.47239,bicycle + car + 
202472,Neukölln,8020622,Parchimer Allee,December,17,Friday,minor,2,Stationary Traffic,Night,0,1,0,0,0,0,Wet,13.43467,52.44057,car + 
202473,Tempelhof-Schöneberg,7020204,Schöneberger Insel,December,17,Friday,minor,5,Crossing,Night,1,1,0,0,0,0,Wet,13.36344,52.47862,bicycle + car + 
202474,Lichtenberg,11030720,Herzbergstraße,December,16,Friday,minor,5,Crossing,Night,0,1,0,0,0,0,Wet,13.49982,52.53437,car + 
202475,Treptow-Köpenick,9051702,Bölschestraße,December,19,Friday,serious,6,Overtaking,Night,0,1,1,0,0,0,Wet,13.62475,52.45116,car + pedestrian + 
202476,Pankow,3040513,Schönholz,December,14,Friday,serious,0,Driving,Daylight,1,0,0,0,0,0,Wet,13.39871,52.57054,bicycle + 
202477,Steglitz-Zehlendorf,6040807,Zehlendorf Eiche,December,9,Friday,serious,5,Crossing,Daylight,1,1,0,0,0,0,Wet,13.26768,52.44543,bicycle + car + 
202478,Reinickendorf,12103116,Hausotterplatz,December,17,Thursday,minor,2,Turning,Night,1,1,0,0,0,0,Wet,13.3667,52.56807,bicycle + car + 
202479,Neukölln,8010404,Rixdorf,December,20,Thursday,minor,5,Crossing,Night,0,1,0,0,0,0,Wet,13.45453,52.47442,car + 
202480,Marzahn-Hellersdorf,10020622,Kaulsdorf Nord I,December,17,Thursday,minor,5,Turning,Night,0,1,0,0,0,0,Wet,13.58723,52.52356,car + 
202481,Lichtenberg,11020514,Große-Leege-Straße,December,17,Thursday,minor,5,Crossing,Night,0,1,0,0,0,0,Wet,13.49377,52.54121,car + 
202482,Lichtenberg,11051229,Rummelsburg,December,17,Thursday,minor,2,Stationary Traffic,Night,0,1,0,1,0,0,Wet,13.47566,52.50141,car + motorbike + 
202483,Neukölln,8010303,Donaustraße,December,16,Thursday,minor,5,Crossing,Night,0,1,0,0,0,0,Wet,13.4289,52.48533,car + 
202484,Mitte,1033201,Brunnenstraße,December,11,Thursday,minor,0,Driving,Daylight,0,1,0,1,0,0,Wet,13.39942,52.53922,car + motorbike + 
202485,Treptow-Köpenick,9051702,Bölschestraße,December,9,Thursday,minor,0,Driving,Daylight,1,0,0,0,0,0,Wet,13.62481,52.45162,bicycle + 
202486,Spandau,5020625,Borkumer Straße,December,2,Thursday,minor,8,Driving,Night,0,1,0,0,0,0,Wet,13.19583,52.52928,car + 
202487,Charlottenburg-Wilmersdorf,4030518,Tegeler Weg,December,0,Thursday,minor,0,Driving,Night,0,0,0,0,0,1,Wet,13.30095,52.52599,other
202488,Lichtenberg,11030720,Herzbergstraße,December,15,Thursday,serious,5,Driving,Daylight,0,1,0,0,0,0,Wet,13.51415,52.53514,car + 
202489,Treptow-Köpenick,9010301,Baumschulenstraße,December,14,Thursday,serious,5,Turning,Daylight,0,1,0,0,0,0,Wet,13.4913,52.4691,car + 
202490,Mitte,1033203,Humboldthain Nordwest,December,6,Thursday,serious,3,Stationary Traffic,Night,1,1,0,0,0,0,Wet,13.38102,52.55193,bicycle + car + 
202491,Charlottenburg-Wilmersdorf,4051655,Babelsberger Straße,December,12,Wednesday,minor,5,Turning,Daylight,0,1,0,0,0,0,Wet,13.32834,52.47867,car + 
202492,Mitte,1033201,Brunnenstraße,December,23,Wednesday,minor,5,Other,Night,0,1,0,1,0,0,Wet,13.39528,52.53909,car + motorbike + 
202493,Charlottenburg-Wilmersdorf,4030929,Hindemithplatz,December,19,Wednesday,minor,2,Other,Night,0,1,0,0,0,0,Wet,13.30759,52.50014,car + 
202494,Tempelhof-Schöneberg,7030303,Grazer Platz,December,16,Wednesday,minor,1,Driving,Night,0,1,0,0,0,1,Wet,13.34922,52.45897,car + other
202495,Neukölln,8020728,Buckow Ost,December,13,Wednesday,minor,5,Crossing,Daylight,0,1,0,0,0,1,Wet,13.4403,52.41935,car + other
202496,Charlottenburg-Wilmersdorf,4020208,Kranzallee,December,23,Tuesday,minor,6,Turning,Night,0,1,1,0,0,0,Wet,13.2561,52.50683,car + pedestrian + 
202497,Treptow-Köpenick,9010301,Baumschulenstraße,December,21,Tuesday,minor,5,Turning,Night,0,1,0,0,0,0,Wet,13.49129,52.46909,car + 
202498,Spandau,5010101,Hakenfelde Nord,December,20,Tuesday,minor,6,Turning,Night,0,1,1,0,0,0,Wet,13.20867,52.56159,car + pedestrian + 
202499,Marzahn-Hellersdorf,10040931,Mahlsdorf Nord,December,19,Tuesday,minor,5,Crossing,Night,0,1,0,0,0,0,Wet,13.62189,52.52474,car + 
202500,Lichtenberg,11010308,Zingster Straße Ost,December,18,Tuesday,minor,1,Paralle Traffic,Night,0,1,0,0,0,0,Wet,13.50459,52.56938,car + 
202501,Steglitz-Zehlendorf,6020304,Kaiser-Wilhelm-Straße,December,18,Tuesday,minor,8,Driving,Night,0,1,0,0,0,0,Wet,13.33311,52.42991,car + 
202502,Mitte,1022201,Stephankiez,December,14,Tuesday,minor,0,Driving,Daylight,0,1,0,1,0,0,Dry,13.35242,52.5345,car + motorbike + 
202503,Spandau,5010339,Freiheit,December,13,Tuesday,minor,0,Stationary Traffic,Daylight,0,1,0,0,0,1,Wet,13.23973,52.52631,car + other
202504,Neukölln,8010404,Rixdorf,December,13,Tuesday,minor,6,Overtaking,Daylight,0,1,1,0,0,0,Dry,13.4391,52.48047,car + pedestrian + 
202505,Pankow,3040818,Pankow Süd,December,11,Tuesday,minor,5,Turning,Daylight,1,1,0,0,0,0,Dry,13.41256,52.56613,bicycle + car + 
202506,Friedrichshain-Kreuzberg,2040502,Friedenstraße,December,10,Tuesday,minor,5,Crossing,Daylight,1,0,0,0,0,0,Dry,13.4372,52.51919,bicycle + 
202507,Marzahn-Hellersdorf,10010204,Wuhletalstraße,December,9,Tuesday,minor,2,Turning,Daylight,0,1,0,0,0,0,Dry,13.57441,52.55512,car + 
202508,Pankow,3050923,Weißenseer Spitze,December,20,Monday,minor,6,Overtaking,Night,0,1,1,0,0,0,Dry,13.44404,52.55422,car + pedestrian + 
202509,Friedrichshain-Kreuzberg,2010104,Wassertorplatz,December,17,Monday,minor,2,Turning,Dawn,0,1,0,1,0,0,Dry,13.41859,52.49886,car + motorbike + 
202510,Marzahn-Hellersdorf,10010206,Ringkolonnaden,December,7,Monday,minor,6,Other,Night,1,0,1,0,0,0,Dry,13.57045,52.5494,bicycle + pedestrian + 
202511,Marzahn-Hellersdorf,10030724,Oberfeldstraße,December,13,Monday,minor,2,Stationary Traffic,Daylight,0,1,0,0,0,1,Wet,13.56393,52.51848,car + other
202512,Charlottenburg-Wilmersdorf,4020311,Reichsstraße,December,12,Monday,minor,6,Other,Daylight,0,1,1,0,0,0,Wet,13.25318,52.52112,car + pedestrian + 
202513,Treptow-Köpenick,9052001,Köpenick Nord,December,12,Monday,minor,1,Paralle Traffic,Daylight,0,1,0,0,0,0,Dry,13.58411,52.46539,car + 
202514,Friedrichshain-Kreuzberg,2030302,Lausitzer Platz,December,19,Monday,minor,1,Paralle Traffic,Night,1,1,0,0,0,0,Dry,13.4404,52.50187,bicycle + car + 
202515,Charlottenburg-Wilmersdorf,4030931,Breitscheidplatz,December,20,Monday,minor,6,Overtaking,Night,0,1,1,0,0,0,Dry,13.33164,52.50645,car + pedestrian + 
202516,Friedrichshain-Kreuzberg,2050803,Stralauer Kiez,December,18,Monday,minor,5,Other,Night,0,1,0,0,0,0,Dry,13.46524,52.49828,car + 
202517,Lichtenberg,11020514,Große-Leege-Straße,December,12,Monday,serious,6,Overtaking,Daylight,0,1,1,0,0,0,Wet,13.49249,52.5441,car + pedestrian + 
202518,Treptow-Köpenick,9010302,Späthsfelde,December,17,Monday,minor,2,Stationary Traffic,Night,0,1,0,0,0,0,Dry,13.47897,52.44304,car + 
202519,Steglitz-Zehlendorf,6020306,Lankwitz Süd,December,16,Monday,serious,9,Driving,Night,0,1,0,0,0,0,Dry,13.34932,52.42192,car + 
202520,Reinickendorf,12214527,Alt-Tegel,December,16,Monday,minor,2,Stationary Traffic,Dawn,0,1,0,0,0,0,Dry,13.28581,52.58762,car + 
202521,Steglitz-Zehlendorf,6020301,Alt-Lankwitz,December,16,Monday,minor,5,Crossing,Night,0,1,0,0,0,0,Wet,13.35873,52.43721,car + 
202522,Neukölln,8030831,Gropiusstadt Ost,December,16,Monday,minor,0,Paralle Traffic,Dawn,1,1,0,0,0,0,Wet,13.48229,52.42445,bicycle + car + 
202523,Reinickendorf,12214125,Waldidyll/Flughafensee,December,15,Monday,serious,5,Turning,Daylight,1,1,0,0,0,0,Dry,13.29731,52.573,bicycle + car + 
202524,Charlottenburg-Wilmersdorf,4041136,Hagenplatz,December,11,Monday,serious,9,Other,Daylight,0,1,0,0,0,0,Wet,13.28071,52.47705,car + 
202525,Neukölln,8020620,Tempelhofer Weg,December,11,Monday,minor,5,Crossing,Daylight,1,1,0,0,0,0,Wet,13.43601,52.44936,bicycle + car + 
202526,Steglitz-Zehlendorf,6010210,Bismarckstraße,December,9,Monday,minor,6,Overtaking,Daylight,1,0,1,0,0,0,Wet,13.34513,52.46143,bicycle + pedestrian + 
202527,Charlottenburg-Wilmersdorf,4030931,Breitscheidplatz,December,9,Monday,serious,6,Turning,Daylight,0,1,1,0,0,0,Wet,13.33251,52.50603,car + pedestrian + 
202528,Friedrichshain-Kreuzberg,2030402,Wrangelkiez,December,8,Monday,minor,1,Paralle Traffic,Daylight,1,0,0,0,0,1,Wet,13.43881,52.49988,bicycle + other
202529,Mitte,1044101,Rehberge,December,7,Monday,minor,5,Crossing,Dawn,0,1,0,0,0,0,Wet,13.33418,52.55728,car + 