id,district,lor,street,month,hour,weekday,injury,collision,movement,light_conditions,bicycle,car,pedestrian,motorbike,truck,other_vehicle,road_conditions,longitude,latitude,Combo_type
202530,Neukölln,8010404,Rixdorf,December,7,Monday,minor,6,Turning,Night,0,1,1,0,0,0,Wet,13.44818,52.47763,car + pedestrian + 
202531,Spandau,5020625,Borkumer Straße,December,18,Monday,minor,5,Crossing,Night,0,1,0,0,0,1,Dry,13.19827,52.53293,car + other
202532,Friedrichshain-Kreuzberg,2020205,Chamissokiez,December,14,Sunday,minor,0,Driving,Daylight,1,0,0,0,0,0,Wet,13.3943,52.48903,bicycle + 
202533,Pankow,3071639,Bötzowstraße,December,14,Sunday,minor,0,Paralle Traffic,Daylight,0,1,0,0,0,0,Dry,13.4332,52.53137,car + 
202534,Reinickendorf,12103218,Teichstraße,December,12,Sunday,serious,5,Turning,Daylight,1,1,0,0,0,0,Dry,13.35132,52.56768,bicycle + car + 
202535,Neukölln,8020619,Buschkrugallee Nord,December,12,Sunday,minor,5,Turning,Daylight,0,1,0,0,0,0,Wet,13.43851,52.45259,car + 
202536,Reinickendorf,12214422,Klixstraße,December,9,Sunday,minor,2,Turning,Daylight,0,1,0,1,0,0,Wet,13.3078,52.57211,car + motorbike + 
202537,Charlottenburg-Wilmersdorf,4030931,Breitscheidplatz,December,8,Sunday,minor,5,Crossing,Daylight,0,1,0,0,0,0,Wet,13.32518,52.50241,car + 
202538,Friedrichshain-Kreuzberg,2020206,Graefekiez,December,7,Sunday,minor,5,Crossing,Night,0,1,0,0,0,0,Wet,13.40769,52.48893,car + 
202539,Lichtenberg,11041128,Sewanstraße,December,18,Sunday,minor,1,Paralle Traffic,Night,0,1,0,0,0,0,Wet,13.5227,52.49545,car + 
202540,Reinickendorf,12214424,Scharnweberstraße,December,21,Sunday,minor,2,Stationary Traffic,Night,0,1,0,0,0,0,Dry,13.32146,52.5604,car + 
202541,Charlottenburg-Wilmersdorf,4030930,George-Grosz-Platz,December,18,Sunday,minor,5,Crossing,Night,0,1,0,1,0,0,Dry,13.31943,52.50156,car + motorbike + 
202542,Mitte,1011402,Arkonaplatz,December,16,Sunday,minor,3,Stationary Traffic,Night,1,0,0,0,0,0,Wet,13.40589,52.531,bicycle + 
202543,Neukölln,8030831,Gropiusstadt Ost,December,14,Sunday,minor,1,Paralle Traffic,Daylight,0,1,0,0,0,0,Dry,13.48138,52.42551,car + 
202544,Steglitz-Zehlendorf,6040703,Nikolassee,December,13,Sunday,minor,5,Crossing,Daylight,0,1,0,0,0,0,Dry,13.20534,52.42428,car + 
202545,Tempelhof-Schöneberg,7040403,Manteuffelstraße,December,21,Saturday,minor,2,Turning,Night,0,1,0,0,0,0,Dry,13.37172,52.47002,car + 
202546,Friedrichshain-Kreuzberg,2030401,Reichenberger Straße,December,20,Saturday,serious,0,Crossing,Night,0,1,0,0,0,0,Wet,13.42973,52.49828,car + 
202547,Spandau,5020419,Magistratsweg,December,19,Saturday,minor,2,Stationary Traffic,Night,0,1,0,0,0,1,Wet,13.14436,52.53264,car + other
202548,Reinickendorf,12103117,Letteplatz,December,17,Saturday,serious,0,Overtaking,Night,0,0,1,0,0,1,Dry,13.37819,52.56527,pedestrian + other
202549,Neukölln,8010404,Rixdorf,December,16,Saturday,minor,0,Driving,Night,0,0,0,1,0,0,Wet,13.4389,52.48059,motorbike + 
202550,Steglitz-Zehlendorf,6040807,Zehlendorf Eiche,December,14,Saturday,minor,2,Turning,Daylight,0,1,0,0,0,0,Wet,13.26791,52.44548,car + 
202551,Spandau,5020625,Borkumer Straße,December,13,Saturday,minor,2,Other,Daylight,0,1,0,0,0,0,Dry,13.19749,52.52983,car + 
202552,Treptow-Köpenick,9051702,Bölschestraße,December,13,Saturday,minor,6,Overtaking,Daylight,0,1,1,0,0,0,Dry,13.62477,52.45134,car + pedestrian + 
202553,Neukölln,8041036,Zittauer Straße,December,13,Saturday,serious,5,Turning,Daylight,0,1,0,0,0,0,Dry,13.48998,52.42001,car + 
202554,Steglitz-Zehlendorf,6030607,Goerzwerke,December,12,Saturday,minor,1,Driving,Daylight,0,1,0,0,0,1,Wet,13.29019,52.41869,car + other
202555,Tempelhof-Schöneberg,7060601,Marienfelder Allee Nordwest,December,12,Saturday,minor,0,Crossing,Daylight,1,1,0,0,0,0,Wet,13.36089,52.41708,bicycle + car + 
202556,Tempelhof-Schöneberg,7060604,Marienfelde Süd,December,11,Saturday,serious,8,Driving,Daylight,0,1,0,0,0,0,Wet,13.37605,52.40912,car + 
202557,Reinickendorf,12214422,Klixstraße,December,11,Saturday,minor,5,Other,Daylight,0,1,0,0,0,0,Wet,13.30547,52.56819,car + 
202558,Reinickendorf,12304314,Ziekowstraße/Freie Scholle,December,10,Saturday,minor,2,Stationary Traffic,Daylight,0,1,0,0,0,0,Wet,13.2844,52.59637,car + 
202559,Mitte,1011301,Charitéviertel,December,10,Saturday,minor,2,Stationary Traffic,Daylight,0,1,0,0,0,0,Dry,13.38601,52.5282,car + 
202560,Friedrichshain-Kreuzberg,2050801,Traveplatz,December,9,Saturday,minor,2,Stationary Traffic,Daylight,0,1,0,0,0,1,Wet,13.47558,52.51205,car + other
202561,Neukölln,8010301,Reuterkiez,December,8,Saturday,minor,0,Crossing,Daylight,0,1,0,0,0,1,Wet,13.44016,52.4816,car + other
202562,Friedrichshain-Kreuzberg,2010104,Wassertorplatz,December,3,Saturday,minor,5,Turning,Night,0,1,0,0,0,0,Wet,13.39949,52.49829,car + 
202563,Marzahn-Hellersdorf,10010204,Wuhletalstraße,December,16,Friday,minor,2,Stationary Traffic,Dawn,0,1,0,0,0,0,Wet,13.56228,52.56153,car + 
202564,Mitte,1033102,Gesundbrunnen,December,15,Friday,minor,0,Crossing,Daylight,1,1,0,0,0,0,Wet,13.38796,52.55581,bicycle + car + 
202565,Steglitz-Zehlendorf,6010103,Markelstraße,December,17,Friday,minor,0,Other,Night,0,1,1,0,0,0,Wet,13.31992,52.46313,car + pedestrian + 
202566,Charlottenburg-Wilmersdorf,4030415,Schloßgarten,December,16,Friday,minor,5,Crossing,Night,0,1,0,0,0,0,Dry,13.29238,52.51921,car + 
202567,Neukölln,8010301,Reuterkiez,December,16,Friday,minor,1,Paralle Traffic,Night,1,1,0,0,0,0,Wet,13.44076,52.48218,bicycle + car + 
202568,Tempelhof-Schöneberg,7040403,Manteuffelstraße,December,20,Friday,minor,5,Turning,Night,0,1,0,0,0,0,Wet,13.37528,52.45535,car + 
202569,Pankow,3030406,Alt-Karow,December,19,Friday,serious,5,Turning,Night,0,1,0,1,0,0,Wet,13.4733,52.6126,car + motorbike + 
202570,Charlottenburg-Wilmersdorf,4030929,Hindemithplatz,December,19,Friday,minor,2,Stationary Traffic,Night,0,1,0,0,0,0,Dry,13.31368,52.50495,car + 
202571,Lichtenberg,11040926,Weitlingstraße,December,19,Friday,minor,6,Turning,Night,0,1,1,0,0,0,Dry,13.487,52.50243,car + pedestrian + 
202572,Reinickendorf,12231102,Frohnau,December,18,Friday,minor,5,Crossing,Night,0,1,0,0,0,0,Wet,13.28032,52.63014,car + 
202573,Mitte,1011102,Großer Tiergarten,December,18,Friday,minor,5,Crossing,Night,0,1,0,0,0,0,Dry,13.3507,52.51516,car + 
202574,Tempelhof-Schöneberg,7040401,Neu-Tempelhof,December,17,Friday,serious,6,Overtaking,Night,0,1,1,0,0,0,Wet,13.36698,52.47421,car + pedestrian + 
202575,Marzahn-Hellersdorf,10030725,Buckower Ring,December,10,Friday,serious,6,Overtaking,Daylight,0,1,1,0,0,0,Wet,13.56666,52.52902,car + pedestrian + 
202576,Mitte,1022206,Lüneburger Straße,December,16,Friday,minor,6,Turning,Night,0,1,1,0,0,0,Wet,13.35683,52.52348,car + pedestrian + 
202577,Spandau,5010206,Gütersloher Weg,December,17,Friday,minor,6,Overtaking,Night,0,1,1,0,0,0,Dry,13.15017,52.55401,car + pedestrian + 
202578,Reinickendorf,12214125,Waldidyll/Flughafensee,December,10,Friday,minor,0,Paralle Traffic,Daylight,1,1,0,0,0,0,Wet,13.28436,52.57564,bicycle + car + 
202579,Charlottenburg-Wilmersdorf,4030929,Hindemithplatz,December,9,Friday,minor,5,Crossing,Daylight,1,1,0,0,0,0,Wet,13.31342,52.50443,bicycle + car + 
202580,Charlottenburg-Wilmersdorf,4030519,Kaiserin-Augusta-Allee,December,9,Friday,minor,5,Crossing,Daylight,0,1,0,0,0,0,Dry,13.30653,52.52878,car + 
202581,Marzahn-Hellersdorf,10020412,Alte Hellersdorfer Straße,December,8,Friday,serious,6,Overtaking,Daylight,0,1,1,0,0,0,Wet,13.59217,52.54641,car + pedestrian + 
202582,Mitte,1011204,Leipziger Straße,December,7,Friday,minor,2,Turning,Dawn,1,1,0,0,0,0,Dry,13.40025,52.50949,bicycle + car + 
202583,Lichtenberg,11041023,Gensinger Straße,December,7,Friday,minor,6,Overtaking,Night,0,1,1,0,0,0,Wet,13.53262,52.51134,car + pedestrian + 
202586,Friedrichshain-Kreuzberg,2010102,Mehringplatz,December,6,Friday,minor,1,Paralle Traffic,Night,1,1,0,0,0,0,Wet,13.38765,52.50654,bicycle + car + 
202587,Lichtenberg,11030721,Rüdigerstraße,December,6,Friday,minor,6,Turning,Night,0,1,1,0,0,0,Dry,13.49366,52.51611,car + pedestrian + 
202590,Reinickendorf,12103218,Teichstraße,December,16,Friday,minor,5,Turning,Dawn,1,1,0,0,0,0,Dry,13.35147,52.56748,bicycle + car + 
202591,Friedrichshain-Kreuzberg,2030302,Lausitzer Platz,December,15,Friday,minor,0,Crossing,Dawn,1,1,0,0,0,0,Wet,13.44021,52.50197,bicycle + car + 
202593,Steglitz-Zehlendorf,6040804,Krumme Lanke,December,15,Friday,minor,6,Overtaking,Dawn,0,1,1,0,0,0,Wet,13.25016,52.45541,car + pedestrian + 
202595,Neukölln,8041036,Zittauer Straße,December,14,Friday,serious,6,Overtaking,Daylight,0,1,1,0,0,0,Wet,13.48996,52.42014,car + pedestrian + 
202596,Tempelhof-Schöneberg,7050501,Rathausstraße,December,14,Friday,minor,5,Crossing,Daylight,1,0,0,0,1,0,Dry,13.38127,52.44104,bicycle + truck + 
202599,Charlottenburg-Wilmersdorf,4030931,Breitscheidplatz,December,14,Friday,minor,0,Stationary Traffic,Daylight,0,1,0,0,0,1,Dry,13.32514,52.50257,car + other
202600,Friedrichshain-Kreuzberg,2050802,Boxhagener Platz,December,23,Friday,minor,5,Crossing,Night,0,1,0,0,0,0,Wet,13.45866,52.5066,car + 
202602,Marzahn-Hellersdorf,10010311,Landsberger Tor,December,22,Friday,serious,0,Driving,Night,1,0,0,0,0,0,Wet,13.58142,52.5486,bicycle + 
202603,Pankow,3061227,Humannplatz,December,22,Friday,minor,0,Paralle Traffic,Night,0,1,1,0,0,0,Dry,13.41874,52.55167,car + pedestrian + 
202606,Charlottenburg-Wilmersdorf,4030417,Schloßstraße,December,21,Friday,minor,5,Crossing,Night,0,1,0,0,0,1,Dry,13.296,52.51685,car + other
202607,Marzahn-Hellersdorf,10030727,Biesdorf Süd,December,14,Friday,minor,5,Turning,Daylight,1,0,0,0,0,1,Dry,13.56756,52.50527,bicycle + other
202608,Tempelhof-Schöneberg,7010101,Wittenbergplatz/Viktoria-Luise-Platz,December,14,Friday,minor,3,Stationary Traffic,Daylight,1,0,0,0,0,0,Dry,13.34182,52.49726,bicycle + 
202609,Marzahn-Hellersdorf,10020414,Helle Mitte,December,17,Friday,serious,5,Turning,Night,1,1,0,0,0,0,Wet,13.60837,52.53893,bicycle + car + 
202610,Marzahn-Hellersdorf,10010310,Alt-Marzahn,December,16,Friday,minor,5,Turning,Night,1,1,0,0,0,0,Dry,13.56862,52.53818,bicycle + car + 
202613,Steglitz-Zehlendorf,6040804,Krumme Lanke,December,14,Friday,minor,3,Stationary Traffic,Daylight,0,1,0,0,0,0,Dry,13.23298,52.43826,car + 
202615,Steglitz-Zehlendorf,6020301,Alt-Lankwitz,December,16,Friday,serious,6,Turning,Night,0,1,1,0,0,0,Dry,13.36206,52.43461,car + pedestrian + 
202618,Neukölln,8010211,Flughafenstraße,December,13,Friday,minor,5,Other,Daylight,0,1,0,0,0,0,Dry,13.4243,52.48512,car + 
202622,Steglitz-Zehlendorf,6030609,Augustaplatz,December,7,Friday,minor,5,Turning,Daylight,1,1,0,0,0,0,Dry,13.31348,52.43542,bicycle + car + 
202623,Mitte,1033201,Brunnenstraße,December,21,Friday,minor,5,Turning,Night,1,1,0,0,0,0,Wet,13.39604,52.53835,bicycle + car + 
202626,Spandau,5030833,Motardstraße,December,20,Friday,minor,6,Turning,Night,0,1,1,0,0,0,Wet,13.26497,52.53656,car + pedestrian + 
202629,Mitte,1022201,Stephankiez,December,13,Friday,minor,5,Crossing,Daylight,1,1,0,0,0,0,Wet,13.35925,52.53385,bicycle + car + 
202630,Pankow,3020307,Buchholz,December,20,Friday,minor,6,Turning,Night,0,1,1,0,0,0,Dry,13.42647,52.60319,car + pedestrian + 
202633,Spandau,5010311,Eiswerder,December,13,Friday,minor,5,Other,Daylight,0,1,0,1,0,0,Wet,13.21012,52.54985,car + motorbike + 
202634,Steglitz-Zehlendorf,6010102,Schloßstraße,December,13,Friday,minor,3,Stationary Traffic,Daylight,1,1,0,0,0,0,Dry,13.32414,52.46053,bicycle + car + 
202638,Spandau,5010102,Goltzstraße,December,12,Friday,minor,6,Overtaking,Daylight,0,1,1,0,0,0,Dry,13.20936,52.56515,car + pedestrian + 
202640,Tempelhof-Schöneberg,7040401,Neu-Tempelhof,December,12,Friday,minor,6,Other,Daylight,0,1,1,0,0,0,Dry,13.40586,52.48274,car + pedestrian + 
202643,Mitte,1011101,Stülerstraße,December,12,Friday,minor,0,Other,Daylight,1,1,0,0,0,0,Wet,13.34598,52.50571,bicycle + car + 
202647,Lichtenberg,11041128,Sewanstraße,December,10,Friday,minor,6,Overtaking,Daylight,0,1,1,0,0,0,Dry,13.5145,52.49478,car + pedestrian + 
202648,Mitte,1044203,Leopoldplatz,December,12,Thursday,minor,0,Turning,Daylight,1,1,0,0,0,0,Dry,13.35874,52.55416,bicycle + car + 
202651,Tempelhof-Schöneberg,7070701,Kettinger Straße/Schillerstraße,December,18,Thursday,minor,6,Turning,Night,0,1,1,0,0,0,Dry,13.40669,52.39851,car + pedestrian + 
202652,Neukölln,8010301,Reuterkiez,December,17,Thursday,minor,0,Other,Night,0,0,1,0,0,1,Dry,13.42916,52.48656,pedestrian + other
202655,Tempelhof-Schöneberg,7050503,Eisenacher Straße,December,17,Thursday,serious,6,Overtaking,Night,0,1,1,0,0,0,Dry,13.38645,52.4529,car + pedestrian + 
202658,Tempelhof-Schöneberg,7070703,John-Locke-Straße,December,17,Thursday,serious,6,Overtaking,Night,0,1,1,0,0,0,Wet,13.40628,52.38667,car + pedestrian + 
202659,Charlottenburg-Wilmersdorf,4051655,Babelsberger Straße,December,17,Thursday,minor,5,Turning,Night,1,1,0,0,0,0,Dry,13.33087,52.48512,bicycle + car + 
202663,Pankow,3020307,Buchholz,December,17,Thursday,serious,6,Turning,Night,0,1,1,0,0,0,Wet,13.4198,52.60622,car + pedestrian + 
202665,Spandau,5010314,Carl-Schurz-Straße,December,16,Thursday,minor,3,Stationary Traffic,Night,0,1,0,0,0,0,Dry,13.20605,52.53947,car + 
202668,Marzahn-Hellersdorf,10040931,Mahlsdorf Nord,December,16,Thursday,minor,0,Crossing,Night,0,1,0,1,0,0,Wet,13.62675,52.52997,car + motorbike + 
202669,Charlottenburg-Wilmersdorf,4030417,Schloßstraße,December,22,Thursday,minor,5,Turning,Night,0,1,0,0,0,0,Dry,13.30099,52.51529,car + 
202671,Steglitz-Zehlendorf,6030502,Zehlendorf Süd,December,21,Thursday,minor,5,Crossing,Night,0,1,0,1,0,0,Wet,13.25511,52.41182,car + motorbike + 
202674,Tempelhof-Schöneberg,7010102,Nollendorfplatz,December,22,Thursday,minor,5,Crossing,Night,1,1,0,0,0,0,Dry,13.35695,52.49871,bicycle + car + 
202675,Friedrichshain-Kreuzberg,2020203,Viktoriapark,December,20,Thursday,minor,5,Crossing,Night,0,1,0,0,0,1,Dry,13.37299,52.48505,car + other
202678,Friedrichshain-Kreuzberg,2030301,Oranienplatz,December,18,Thursday,minor,5,Crossing,Night,1,0,0,0,0,0,Wet,13.42665,52.50466,bicycle + 
202679,Tempelhof-Schöneberg,7020202,Volkspark (Rudolf-Wilde-Park),December,18,Thursday,minor,2,Stationary Traffic,Night,0,1,0,0,0,1,Wet,13.34831,52.48168,car + other
202682,Steglitz-Zehlendorf,6030504,Teltower Damm,December,17,Thursday,minor,0,Turning,Night,1,1,0,0,0,0,Wet,13.25242,52.4252,bicycle + car + 
202684,Charlottenburg-Wilmersdorf,4030931,Breitscheidplatz,December,15,Thursday,minor,6,Overtaking,Daylight,0,1,1,0,0,0,Dry,13.33945,52.50335,car + pedestrian + 
202687,Neukölln,8041037,Alt-Rudow,December,13,Thursday,minor,5,Crossing,Daylight,0,1,0,0,0,0,Dry,13.51185,52.42339,car + 
202688,Lichtenberg,11040926,Weitlingstraße,December,12,Thursday,minor,5,Crossing,Daylight,1,0,0,0,0,0,Dry,13.51267,52.50727,bicycle + 
202691,Charlottenburg-Wilmersdorf,4030417,Schloßstraße,December,12,Thursday,minor,5,Turning,Daylight,1,1,0,0,0,0,Dry,13.29666,52.51366,bicycle + car + 
202692,Lichtenberg,11020411,Malchower Weg,December,9,Thursday,minor,2,Other,Daylight,0,1,0,0,0,1,Dry,13.5118,52.55455,car + other
202695,Tempelhof-Schöneberg,7050502,Fritz-Werner-Straße,December,8,Thursday,minor,2,Stationary Traffic,Daylight,0,1,0,0,0,1,Wet,13.39116,52.43192,car + other
202696,Mitte,1011305,Heine-Viertel West,December,8,Thursday,minor,5,Other,Daylight,1,1,0,0,0,0,Dry,13.41226,52.50559,bicycle + car + 
202700,Reinickendorf,12304314,Ziekowstraße/Freie Scholle,December,8,Thursday,minor,0,Turning,Daylight,0,1,0,0,0,1,Dry,13.28938,52.59028,car + other
202701,Steglitz-Zehlendorf,6030503,Zehlendorf Mitte,December,8,Thursday,minor,2,Stationary Traffic,Daylight,0,1,0,0,0,0,Dry,13.25947,52.43044,car + 
202704,Reinickendorf,12214125,Waldidyll/Flughafensee,December,16,Thursday,minor,5,Crossing,Night,1,1,0,0,0,0,Dry,13.24924,52.55291,bicycle + car + 
202705,Lichtenberg,11020412,Hauptstraße,December,6,Thursday,minor,5,Crossing,Night,0,1,0,0,0,0,Dry,13.50165,52.54681,car + 
202708,Friedrichshain-Kreuzberg,2010103,Moritzplatz,December,14,Thursday,minor,2,Stationary Traffic,Daylight,0,1,0,0,0,0,Dry,13.4111,52.50367,car + 
202710,Neukölln,8010510,Gewerbegebiet Köllnische Heide,December,14,Thursday,minor,1,Paralle Traffic,Daylight,1,1,0,0,0,0,Dry,13.45756,52.46906,bicycle + car + 
202713,Treptow-Köpenick,9010402,Johannisthal Ost,December,15,Thursday,minor,2,Stationary Traffic,Daylight,0,1,0,0,0,0,Dry,13.49806,52.43384,car + 
202714,Mitte,1011303,Alexanderplatzviertel,December,15,Thursday,minor,6,Turning,Daylight,0,1,1,0,0,0,Dry,13.41573,52.5267,car + pedestrian + 
202717,Lichtenberg,11020515,Landsberger Allee,December,15,Thursday,minor,5,Crossing,Daylight,1,1,0,0,0,0,Wet,13.49167,52.53468,bicycle + car + 
202718,Tempelhof-Schöneberg,7070701,Kettinger Straße/Schillerstraße,December,13,Thursday,minor,2,Turning,Daylight,0,1,0,0,0,1,Dry,13.39953,52.41691,car + other
202721,Spandau,5010314,Carl-Schurz-Straße,December,12,Wednesday,minor,2,Stationary Traffic,Daylight,0,1,0,0,0,0,Dry,13.19959,52.53501,car + 
202723,Marzahn-Hellersdorf,10020415,Hellersdorfer Promenade,December,18,Wednesday,minor,1,Stationary Traffic,Night,1,1,0,0,0,0,Dry,13.60396,52.54,bicycle + car + 
202724,Marzahn-Hellersdorf,10010310,Alt-Marzahn,December,4,Wednesday,minor,0,Stationary Traffic,Night,0,1,0,1,0,0,Wet,13.5665,52.54275,car + motorbike + 
202726,Tempelhof-Schöneberg,7010102,Nollendorfplatz,December,18,Wednesday,minor,1,Other,Night,0,1,0,0,0,0,Dry,13.35506,52.49913,car + 
202728,Charlottenburg-Wilmersdorf,4010102,Plötzensee,December,6,Wednesday,minor,5,Other,Night,0,1,0,0,1,0,Dry,13.31095,52.54761,car + truck + 
202729,Reinickendorf,12214422,Klixstraße,December,9,Wednesday,minor,5,Crossing,Daylight,0,1,0,0,0,0,Dry,13.31303,52.57486,car + 
202732,Steglitz-Zehlendorf,6030608,Schweizer Viertel,December,8,Wednesday,serious,5,Turning,Daylight,1,1,0,0,0,0,Dry,13.29843,52.42197,bicycle + car + 
202738,Pankow,3050923,Weißenseer Spitze,December,8,Wednesday,minor,5,Crossing,Daylight,1,1,0,0,0,0,Dry,13.43946,52.55545,bicycle + car + 
202739,Neukölln,8041037,Alt-Rudow,December,7,Wednesday,minor,6,Overtaking,Night,0,1,1,0,0,0,Dry,13.49513,52.43173,car + pedestrian + 
202743,Pankow,3010101,Bucher Forst,December,23,Wednesday,minor,8,Driving,Night,0,1,0,0,0,0,Dry,13.46864,52.63428,car + 
202744,Friedrichshain-Kreuzberg,2050802,Boxhagener Platz,December,21,Tuesday,minor,6,Overtaking,Night,0,1,1,0,0,0,Dry,13.45992,52.50885,car + pedestrian + 
202745,Reinickendorf,12302212,Rollbergesiedlung,December,21,Wednesday,minor,1,Paralle Traffic,Night,1,1,0,0,0,0,Dry,13.32958,52.60953,bicycle + car + 
202746,Charlottenburg-Wilmersdorf,4030725,Amtsgerichtsplatz,December,15,Tuesday,minor,5,Paralle Traffic,Daylight,0,1,0,0,0,0,Dry,13.29334,52.50672,car + 
202747,Reinickendorf,12301204,Wittenau Nord,December,15,Tuesday,minor,1,Other,Dawn,0,1,0,0,0,0,Dry,13.32199,52.59489,car + 
202748,Treptow-Köpenick,9010101,Elsenstraße,December,17,Wednesday,minor,5,Crossing,Night,1,1,0,0,0,0,Dry,13.44444,52.49032,bicycle + car + 
202749,Mitte,1044101,Rehberge,December,13,Tuesday,minor,5,Crossing,Daylight,1,1,0,0,0,0,Dry,13.33392,52.5414,bicycle + car + 
202750,Steglitz-Zehlendorf,6010207,Mittelstraße,December,12,Tuesday,minor,0,Stationary Traffic,Daylight,0,1,0,0,0,1,Dry,13.32602,52.45527,car + other
202751,Charlottenburg-Wilmersdorf,4030931,Breitscheidplatz,December,12,Tuesday,minor,1,Paralle Traffic,Daylight,1,1,0,0,0,0,Dry,13.33788,52.50177,bicycle + car + 
202752,Neukölln,8020620,Tempelhofer Weg,December,21,Wednesday,minor,3,Stationary Traffic,Night,1,1,0,0,0,0,Dry,13.4298,52.44486,bicycle + car + 
202753,Mitte,1011306,Heine-Viertel Ost,December,2,Tuesday,minor,2,Other,Night,1,1,0,0,0,0,Wet,13.41678,52.51092,bicycle + car + 
202754,Neukölln,8010406,Treptower Straße Nord,December,18,Tuesday,serious,5,Turning,Night,0,1,0,0,0,0,Dry,13.44886,52.48508,car + 
202755,Mitte,1033101,Soldiner Straße,December,21,Wednesday,minor,5,Turning,Night,0,1,0,0,0,0,Dry,13.36989,52.55976,car + 
202756,Pankow,3050923,Weißenseer Spitze,December,15,Tuesday,serious,5,Turning,Daylight,0,1,0,0,0,0,Dry,13.42915,52.55635,car + 
202757,Tempelhof-Schöneberg,7010102,Nollendorfplatz,December,14,Wednesday,minor,3,Stationary Traffic,Daylight,0,1,0,0,0,0,Dry,13.34618,52.50105,car + 
202758,Lichtenberg,11010103,Dorf Falkenberg,December,11,Tuesday,serious,6,Overtaking,Daylight,0,1,1,0,0,0,Dry,13.56079,52.57141,car + pedestrian + 
202759,Friedrichshain-Kreuzberg,2020203,Viktoriapark,December,19,Monday,minor,6,Other,Night,1,0,1,0,0,0,Dry,13.37937,52.49085,bicycle + pedestrian + 
202760,Charlottenburg-Wilmersdorf,4030725,Amtsgerichtsplatz,December,8,Wednesday,minor,2,Stationary Traffic,Daylight,1,1,0,0,0,0,Dry,13.30188,52.50674,bicycle + car + 
202761,Marzahn-Hellersdorf,10040828,Kaulsdorf Nord,December,16,Wednesday,minor,5,Crossing,Night,0,1,0,0,0,0,Dry,13.59947,52.52426,car + 
202762,Steglitz-Zehlendorf,6020411,Schütte-Lanz-Straße,December,22,Monday,minor,0,Crossing,Night,0,0,0,0,0,1,Dry,13.32316,52.41044,other
202763,Charlottenburg-Wilmersdorf,4030931,Breitscheidplatz,December,19,Monday,minor,2,Turning,Night,0,1,0,0,0,0,Dry,13.33432,52.50857,car + 
202764,Steglitz-Zehlendorf,6020304,Kaiser-Wilhelm-Straße,December,18,Wednesday,minor,0,Other,Night,0,1,0,0,0,0,Dry,13.33697,52.43259,car + 
202765,Lichtenberg,11030721,Rüdigerstraße,December,15,Wednesday,minor,2,Stationary Traffic,Dawn,0,1,0,0,0,0,Dry,13.49358,52.51578,car + 
202766,Mitte,1044203,Leopoldplatz,December,18,Monday,minor,5,Turning,Night,0,1,0,0,0,0,Dry,13.36567,52.55683,car + 
202767,Mitte,1011304,Karl-Marx-Allee,December,18,Monday,minor,6,Other,Night,1,1,1,0,0,0,Dry,13.41826,52.51724,bicycle + car + pedestrian + 
202768,Mitte,1022206,Lüneburger Straße,December,17,Monday,minor,5,Crossing,Night,0,1,0,1,0,0,Dry,13.3597,52.52345,car + motorbike + 
202769,Mitte,1044202,Sparrplatz,December,15,Wednesday,minor,5,Turning,Daylight,0,1,0,0,0,0,Dry,13.34959,52.54213,car + 
202770,Pankow,3061430,Volkspark Prenzlauer Berg,December,17,Monday,minor,2,Stationary Traffic,Night,0,1,0,0,0,0,Dry,13.45708,52.52953,car + 
202771,Tempelhof-Schöneberg,7040405,Rathaus Tempelhof,December,18,Wednesday,minor,0,Other,Night,1,0,0,0,0,0,Wet,13.39323,52.45813,bicycle + 
202772,Lichtenberg,11030720,Herzbergstraße,December,16,Monday,minor,5,Crossing,Night,1,1,0,0,0,0,Dry,13.51028,52.53488,bicycle + car + 
202773,Marzahn-Hellersdorf,10030727,Biesdorf Süd,December,16,Monday,minor,2,Stationary Traffic,Dawn,0,1,0,1,0,0,Dry,13.56205,52.49408,car + motorbike + 
202774,Friedrichshain-Kreuzberg,2020204,Urbanstraße,December,18,Wednesday,minor,1,Paralle Traffic,Night,1,1,0,0,0,0,Wet,13.3958,52.49599,bicycle + car + 
202775,Mitte,1011303,Alexanderplatzviertel,December,15,Monday,minor,3,Stationary Traffic,Daylight,0,1,1,0,0,0,Dry,13.41538,52.52271,car + pedestrian + 
202776,Mitte,1011201,Wilhelmstraße,December,14,Monday,minor,1,Paralle Traffic,Daylight,1,1,0,0,0,0,Dry,13.38421,52.51232,bicycle + car + 
202777,Mitte,1011304,Karl-Marx-Allee,December,14,Monday,minor,2,Turning,Daylight,0,1,0,0,0,1,Dry,13.41808,52.51544,car + other
202778,Lichtenberg,11030721,Rüdigerstraße,December,18,Wednesday,serious,5,Turning,Night,0,1,0,1,0,0,Dry,13.49862,52.51569,car + motorbike + 
202779,Mitte,1011202,Unter den Linden Nord,December,14,Wednesday,minor,2,Turning,Daylight,1,1,0,0,0,0,Dry,13.38082,52.5164,bicycle + car + 